Unnamed: 0,Detector,Channel,Beam,Pulse,Dose,X,Z,File,ch1_area,ch2_area,ch1_peaks,ch2_peaks,ch1_osc_count,ch2_osc_count,HV
,SiC,1.0,Electron 110V,0.5,0,0.0,40.0,/Users/rkfuentes/Documents/md_anderson_analysis/yepes_code/data/2025-11-20/scope-results-2025-11-20-0085.csv,1.9562399999999975e-08,1.9562399999999975e-08,0,0,0,0,50 ohms
,SiC,1.0,Electron 110V,0.5,0,0.0,40.0,/Users/rkfuentes/Documents/md_anderson_analysis/yepes_code/data/2025-11-20/scope-results-2025-11-20-0086.csv,2.0086666666666697e-08,2.0086666666666697e-08,0,0,0,0,50 ohms time 0.1
,SiC,1.0,Electron 110V,0.5,0,0.0,40.0,/Users/rkfuentes/Documents/md_anderson_analysis/yepes_code/data/2025-11-20/scope-results-2025-11-20-0087.csv,1.9381546666666634e-08,1.9381546666666634e-08,0,0,0,0,50 ohms time 0.1
,SiC,1.0,Electron 110V,0.5,0,0.0,40.0,/Users/rkfuentes/Documents/md_anderson_analysis/yepes_code/data/2025-11-20/scope-results-2025-11-20-0088.csv,1.9546999999999993e-08,1.9546999999999993e-08,0,0,0,0,50 ohms time 0.05
,SiC,1.0,Electron 110V,0.5,0,0.0,40.0,/Users/rkfuentes/Documents/md_anderson_analysis/yepes_code/data/2025-11-20/scope-results-2025-11-20-0090.csv,1.926306666666665e-08,1.926306666666665e-08,0,0,0,0,50 ohms time 0.05
,SiC,1.0,Electron 110V,0.5,0,0.0,40.0,/Users/rkfuentes/Documents/md_anderson_analysis/yepes_code/data/2025-11-20/scope-results-2025-11-20-0091.csv,1.9150937333333323e-08,1.9150937333333323e-08,0,0,0,0,50 ohms time 0.05
,SiC,1.0,Electron 110V,0.5,0,0.0,40.0,/Users/rkfuentes/Documents/md_anderson_analysis/yepes_code/data/2025-11-20/scope-results-2025-11-20-0092.csv,1.8944600000000053e-08,1.8944600000000053e-08,0,0,0,0,50 ohms time 0.01
,SiC,1.0,Electron 110V,0.5,0,0.0,40.0,/Users/rkfuentes/Documents/md_anderson_analysis/yepes_code/data/2025-11-20/scope-results-2025-11-20-0093.csv,1.9316421333333333e-08,1.9316421333333333e-08,0,0,0,0,50 ohms time 0.01
,SiC,1.0,Electron 110V,0.5,0,0.0,40.0,/Users/rkfuentes/Documents/md_anderson_analysis/yepes_code/data/2025-11-20/scope-results-2025-11-20-0095.csv,7.00947466666676e-09,7.00947466666676e-09,0,0,0,0,50 ohms time 0.01
,SiC,1.0,Electron 110V,0.5,0,0.0,40.0,/Users/rkfuentes/Documents/md_anderson_analysis/yepes_code/data/2025-11-20/scope-results-2025-11-20-0096.csv,1.899180800000004e-08,1.899180800000004e-08,0,0,0,0,50 ohms time 0.01
,SiC,1.0,Electron 110V,0.5,0,0.0,40.0,/Users/rkfuentes/Documents/md_anderson_analysis/yepes_code/data/2025-11-20/scope-results-2025-11-20-0097.csv,1.857440000000012e-10,1.857440000000012e-10,0,0,0,0,50 ohms time 0.01
,SiC,1.0,Electron 110V,0.5,0,0.0,40.0,/Users/rkfuentes/Documents/md_anderson_analysis/yepes_code/data/2025-11-20/scope-results-2025-11-20-0099.csv,1.8901933333333324e-08,1.8901933333333324e-08,0,0,0,0,50 ohms time 0.01
,SiC,1.0,Electron 191V,0.5,0,0.0,40.0,/Users/rkfuentes/Documents/md_anderson_analysis/yepes_code/data/2025-11-20/scope-results-2025-11-20-0137.csv,9.84301333333333e-08,9.84301333333333e-08,0,0,0,0,50 ohms time 0.01
,SiC,1.0,Electron 191V,0.5,0,0.0,40.0,/Users/rkfuentes/Documents/md_anderson_analysis/yepes_code/data/2025-11-20/scope-results-2025-11-20-0138.csv,1.1706357333333341e-08,1.1706357333333341e-08,0,0,0,0,50 ohms time 0.01
,SiC,1.0,Electron 191V,0.5,0,0.0,40.0,/Users/rkfuentes/Documents/md_anderson_analysis/yepes_code/data/2025-11-20/scope-results-2025-11-20-0139.csv,9.722929333333337e-08,9.722929333333337e-08,0,0,0,0,50 ohms time 0.01
,SiC,1.0,Electron 191V,0.5,0,0.0,40.0,/Users/rkfuentes/Documents/md_anderson_analysis/yepes_code/data/2025-11-20/scope-results-2025-11-20-0140.csv,9.669301866666664e-08,9.669301866666664e-08,0,0,0,0,50 ohms time 0.01
,SiC,1.0,Electron 191V,0.5,0,0.0,40.0,/Users/rkfuentes/Documents/md_anderson_analysis/yepes_code/data/2025-11-20/scope-results-2025-11-20-0141.csv,9.112321333333333e-08,9.112321333333333e-08,0,0,0,0,50 ohms time 0.01
,SiC,1.0,Electron 191V,0.5,0,0.0,40.0,/Users/rkfuentes/Documents/md_anderson_analysis/yepes_code/data/2025-11-20/scope-results-2025-11-20-0142.csv,9.247309066666668e-08,9.247309066666668e-08,0,0,0,0,50 ohms time 0.01
,SiC,1.0,Electron 191V,0.5,0,0.0,40.0,/Users/rkfuentes/Documents/md_anderson_analysis/yepes_code/data/2025-11-20/scope-results-2025-11-20-0143.csv,9.73993226666667e-08,9.73993226666667e-08,0,0,0,0,50 ohms time 0.01
,SiC,1.0,Electron 191V,0.5,0,0.0,40.0,/Users/rkfuentes/Documents/md_anderson_analysis/yepes_code/data/2025-11-20/scope-results-2025-11-20-0144.csv,9.526784000000004e-08,9.526784000000004e-08,0,0,0,0,50 ohms time 0.01
,SiC,1.0,Electron 191V,0.5,0,0.0,40.0,/Users/rkfuentes/Documents/md_anderson_analysis/yepes_code/data/2025-11-20/scope-results-2025-11-20-0145.csv,9.24357546666667e-08,9.24357546666667e-08,0,0,0,0,50 ohms time 0.01
,SiC,1.0,Electron 191V,0.5,0,0.0,40.0,/Users/rkfuentes/Documents/md_anderson_analysis/yepes_code/data/2025-11-20/scope-results-2025-11-20-0146.csv,9.564138666666661e-08,9.564138666666661e-08,0,0,0,0,50 ohms time 0.01
,SiC,1.0,Electron 191V,0.5,0,0.0,40.0,/Users/rkfuentes/Documents/md_anderson_analysis/yepes_code/data/2025-11-20/scope-results-2025-11-20-0148.csv,7.684080000000171e-10,7.684080000000171e-10,0,0,0,0,50 ohms time 0.01
,SiC,1.0,Electron 191V,0.5,0,0.0,20.0,/Users/rkfuentes/Documents/md_anderson_analysis/yepes_code/data/2025-11-20/scope-results-2025-11-20-0192.csv,6.0779146666665735e-09,6.0779146666665735e-09,0,0,0,0,50 ohms time 0.01
,SiC,1.0,Electron 191V,0.5,0,0.0,20.0,/Users/rkfuentes/Documents/md_anderson_analysis/yepes_code/data/2025-11-20/scope-results-2025-11-20-0193.csv,6.937480266666671e-08,6.937480266666671e-08,0,0,0,0,50 ohms time 0.01
,SiC,1.0,Electron 85V,0.5,0,0.0,40.0,/Users/rkfuentes/Documents/md_anderson_analysis/yepes_code/data/2025-11-20/scope-results-2025-11-20-0241.csv,2.805293333333369e-09,2.805293333333369e-09,0,0,0,0,50 ohms time 0.01
,SiC,1.0,Electron 85V,0.5,0,0.0,40.0,/Users/rkfuentes/Documents/md_anderson_analysis/yepes_code/data/2025-11-20/scope-results-2025-11-20-0245.csv,3.199549333333277e-09,3.199549333333277e-09,0,0,0,0,50 ohms time 0.01
,SiC,1.0,Electron 110V,0.5,0,0.0,40.0,/Users/rkfuentes/Documents/md_anderson_analysis/yepes_code/data/2025-11-20/scope-results-2025-11-20-0293.csv,1.112335199999996e-08,1.112335199999996e-08,0,0,0,0,50 ohms time 0.01
,SiC,1.0,Electron 110V,0.5,0,0.0,40.0,/Users/rkfuentes/Documents/md_anderson_analysis/yepes_code/data/2025-11-20/scope-results-2025-11-20-0294.csv,1.0819500000000033e-08,1.0819500000000033e-08,0,0,0,0,50 ohms time 0.01
,SiC,1.0,Electron 110V,0.5,0,0.0,40.0,/Users/rkfuentes/Documents/md_anderson_analysis/yepes_code/data/2025-11-20/scope-results-2025-11-20-0299.csv,1.113287466666668e-08,1.113287466666668e-08,0,0,0,0,50 ohms time 0.01
,SiC,1.0,Electron 110V,0.5,0,0.0,40.0,/Users/rkfuentes/Documents/md_anderson_analysis/yepes_code/data/2025-11-20/scope-results-2025-11-20-0305.csv,1.0770242666666646e-08,1.0770242666666646e-08,0,0,0,0,50 ohms time 0.01
,SiC,1.0,Electron 110V,0.5,0,0.0,40.0,/Users/rkfuentes/Documents/md_anderson_analysis/yepes_code/data/2025-11-20/scope-results-2025-11-20-0308.csv,1.0479284000000012e-08,1.0479284000000012e-08,0,0,0,0,50 ohms time 0.01
,SiC,1.0,Electron 191V,0.5,0,0.0,40.0,/Users/rkfuentes/Documents/md_anderson_analysis/yepes_code/data/2025-11-20/scope-results-2025-11-20-0354.csv,3.7011206666666723e-08,3.7011206666666723e-08,0,0,0,0,50 ohms time 0.01
,SiC,1.0,Electron 191V,0.5,0,0.0,40.0,/Users/rkfuentes/Documents/md_anderson_analysis/yepes_code/data/2025-11-20/scope-results-2025-11-20-0355.csv,3.6402933333333326e-08,3.6402933333333326e-08,0,0,0,0,50 ohms time 0.01
,SiC,1.0,Electron 191V,0.5,0,0.0,40.0,/Users/rkfuentes/Documents/md_anderson_analysis/yepes_code/data/2025-11-20/scope-results-2025-11-20-0356.csv,3.7201397333333327e-08,3.7201397333333327e-08,0,0,0,0,50 ohms time 0.01
,SiC,1.0,Electron 191V,0.5,0,0.0,40.0,/Users/rkfuentes/Documents/md_anderson_analysis/yepes_code/data/2025-11-20/scope-results-2025-11-20-0357.csv,3.6446657333333374e-08,3.6446657333333374e-08,0,0,0,0,50 ohms time 0.01
,SiC,1.0,Electron 191V,0.5,0,0.0,40.0,/Users/rkfuentes/Documents/md_anderson_analysis/yepes_code/data/2025-11-20/scope-results-2025-11-20-0358.csv,3.5770314666666674e-08,3.5770314666666674e-08,0,0,0,0,50 ohms time 0.01
,SiC,1.0,Electron 191V,0.5,0,0.0,40.0,/Users/rkfuentes/Documents/md_anderson_analysis/yepes_code/data/2025-11-20/scope-results-2025-11-20-0360.csv,3.628545600000001e-08,3.628545600000001e-08,0,0,0,0,50 ohms time 0.01
,SiC,1.0,Electron 191V,0.5,0,0.0,40.0,/Users/rkfuentes/Documents/md_anderson_analysis/yepes_code/data/2025-11-20/scope-results-2025-11-20-0361.csv,3.5760064000000004e-08,3.5760064000000004e-08,0,0,0,0,50 ohms time 0.01
,SiC,1.0,Electron 191V,0.5,0,0.0,40.0,/Users/rkfuentes/Documents/md_anderson_analysis/yepes_code/data/2025-11-20/scope-results-2025-11-20-0362.csv,3.653737200000001e-08,3.653737200000001e-08,0,0,0,0,50 ohms time 0.01
,SiC,1.0,Electron 191V,0.5,0,0.0,40.0,/Users/rkfuentes/Documents/md_anderson_analysis/yepes_code/data/2025-11-20/scope-results-2025-11-20-0363.csv,3.5950116000000025e-08,3.5950116000000025e-08,0,0,0,0,50 ohms time 0.01
,SiC,1.0,Electron 191V,0.5,0,0.0,40.0,/Users/rkfuentes/Documents/md_anderson_analysis/yepes_code/data/2025-11-20/scope-results-2025-11-20-0364.csv,3.6571368000000015e-08,3.6571368000000015e-08,0,0,0,0,50 ohms time 0.01
,SiC,1.0,Electron 85V,0.5,0,0.0,40.0,/Users/rkfuentes/Documents/md_anderson_analysis/yepes_code/data/2025-11-20/scope-results-2025-11-20-0627.csv,2.041295999999793e-09,2.041295999999793e-09,0,0,0,0,50 ohms time 0.01
,SiC,1.0,Electron 85V,0.5,0,0.0,40.0,/Users/rkfuentes/Documents/md_anderson_analysis/yepes_code/data/2025-11-20/scope-results-2025-11-20-0630.csv,3.515890666666645e-09,3.515890666666645e-09,0,0,0,0,50 ohms time 0.01
,SiC,1.0,Electron 85V,0.5,0,0.0,40.0,/Users/rkfuentes/Documents/md_anderson_analysis/yepes_code/data/2025-11-20/scope-results-2025-11-20-0631.csv,1.043877333333341e-09,1.043877333333341e-09,0,0,0,0,50 ohms time 0.01
,SiC,1.0,Electron 85V,0.5,0,0.0,40.0,/Users/rkfuentes/Documents/md_anderson_analysis/yepes_code/data/2025-11-20/scope-results-2025-11-20-0632.csv,3.21626666666636e-10,3.21626666666636e-10,0,0,0,0,50 ohms time 0.01
,SiC,1.0,Electron 85V,0.5,0,0.0,40.0,/Users/rkfuentes/Documents/md_anderson_analysis/yepes_code/data/2025-11-20/scope-results-2025-11-20-0634.csv,2.9789866666669565e-10,2.9789866666669565e-10,0,0,0,0,50 ohms time 0.01
,SiC,1.0,Electron 85V,0.5,0,0.0,40.0,/Users/rkfuentes/Documents/md_anderson_analysis/yepes_code/data/2025-11-20/scope-results-2025-11-20-0636.csv,1.1675360000000571e-09,1.1675360000000571e-09,0,0,0,0,50 ohms time 0.01
,SiC,1.0,Electron 85V,0.5,0,0.0,40.0,/Users/rkfuentes/Documents/md_anderson_analysis/yepes_code/data/2025-11-20/scope-results-2025-11-20-0638.csv,1.126333667669589e-09,1.126333667669589e-09,0,0,0,0,50 ohms time 0.01
,SiC,1.0,Electron 85V,0.5,0,0.0,40.0,/Users/rkfuentes/Documents/md_anderson_analysis/yepes_code/data/2025-11-20/scope-results-2025-11-20-0639.csv,2.261066666666903e-10,2.261066666666903e-10,0,0,0,0,50 ohms time 0.01
,SiC,1.0,Electron 85V,0.5,0,0.0,40.0,/Users/rkfuentes/Documents/md_anderson_analysis/yepes_code/data/2025-11-20/scope-results-2025-11-20-0642.csv,4.918373333333731e-10,4.918373333333731e-10,0,0,0,0,50 ohms time 0.01
,SiC,1.0,Electron 85V,0.5,0,0.0,40.0,/Users/rkfuentes/Documents/md_anderson_analysis/yepes_code/data/2025-11-20/scope-results-2025-11-20-0645.csv,1.1677066666667119e-09,1.1677066666667119e-09,0,0,0,0,50 ohms time 0.01
,SiC,1.0,Electron 85V,0.5,0,0.0,40.0,/Users/rkfuentes/Documents/md_anderson_analysis/yepes_code/data/2025-11-20/scope-results-2025-11-20-0648.csv,1.312442666666693e-09,1.312442666666693e-09,0,0,0,0,50 ohms time 0.01
,SiC,1.0,Electron 85V,0.5,0,0.0,40.0,/Users/rkfuentes/Documents/md_anderson_analysis/yepes_code/data/2025-11-20/scope-results-2025-11-20-0649.csv,1.556888000000062e-09,1.556888000000062e-09,0,0,0,0,50 ohms time 0.01
,SiC,1.0,Electron 85V,0.5,0,0.0,40.0,/Users/rkfuentes/Documents/md_anderson_analysis/yepes_code/data/2025-11-20/scope-results-2025-11-20-0650.csv,4.114666666667258e-10,4.114666666667258e-10,0,0,0,0,50 ohms time 0.01
,SiC,1.0,Electron 110V,0.5,0,0.0,40.0,/Users/rkfuentes/Documents/md_anderson_analysis/yepes_code/data/2025-11-20/scope-results-2025-11-20-0653.csv,3.276539007092095e-09,3.276539007092095e-09,0,0,0,0,50 ohms time 0.01
,SiC,1.0,Electron 191V,0.5,0,0.0,40.0,/Users/rkfuentes/Documents/md_anderson_analysis/yepes_code/data/2025-11-20/scope-results-2025-11-20-0657.csv,4.106453333332688e-10,4.106453333332688e-10,0,0,0,0,50 ohms time 0.01
,SiC,1.0,Electron 191V,0.5,0,0.0,40.0,/Users/rkfuentes/Documents/md_anderson_analysis/yepes_code/data/2025-11-20/scope-results-2025-11-20-0658.csv,9.664000000000015e-10,9.664000000000015e-10,0,0,0,0,50 ohms time 0.01
,SiC,1.0,Electron 85V,0.5,0,0.0,40.0,/Users/rkfuentes/Documents/md_anderson_analysis/yepes_code/data/2025-11-20/scope-results-2025-11-20-0706.csv,3.2568960000001227e-10,3.2568960000001227e-10,0,0,0,0,50 ohms time 0.01
,SiC,1.0,Electron 85V,0.5,0,0.0,40.0,/Users/rkfuentes/Documents/md_anderson_analysis/yepes_code/data/2025-11-20/scope-results-2025-11-20-0707.csv,5.43737600000029e-10,5.43737600000029e-10,0,0,0,0,50 ohms time 0.01
,SiC,1.0,Electron 85V,0.5,0,0.0,40.0,/Users/rkfuentes/Documents/md_anderson_analysis/yepes_code/data/2025-11-20/scope-results-2025-11-20-0708.csv,1.5227482666666295e-09,1.5227482666666295e-09,0,0,0,0,50 ohms time 0.01
,SiC,1.0,Electron 85V,0.5,0,0.0,40.0,/Users/rkfuentes/Documents/md_anderson_analysis/yepes_code/data/2025-11-20/scope-results-2025-11-20-0709.csv,2.442480000000119e-10,2.442480000000119e-10,0,0,0,0,50 ohms time 0.01
,SiC,1.0,Electron 85V,0.5,0,0.0,40.0,/Users/rkfuentes/Documents/md_anderson_analysis/yepes_code/data/2025-11-20/scope-results-2025-11-20-0712.csv,3.8827199999999117e-10,3.8827199999999117e-10,0,0,0,0,50 ohms time 0.01
,SiC,1.0,Electron 110V,0.5,0,0.0,40.0,/Users/rkfuentes/Documents/md_anderson_analysis/yepes_code/data/2025-11-20/scope-results-2025-11-20-0715.csv,3.00593759999999e-09,3.00593759999999e-09,0,0,0,0,50 ohms time 0.01
,SiC,1.0,Electron 110V,0.5,0,0.0,40.0,/Users/rkfuentes/Documents/md_anderson_analysis/yepes_code/data/2025-11-20/scope-results-2025-11-20-0716.csv,3.417733333333317e-09,3.417733333333317e-09,0,0,0,0,50 ohms time 0.01
,SiC,1.0,Electron 110V,0.5,0,0.0,40.0,/Users/rkfuentes/Documents/md_anderson_analysis/yepes_code/data/2025-11-20/scope-results-2025-11-20-0717.csv,3.224273866666697e-09,3.224273866666697e-09,0,0,0,0,50 ohms time 0.01
,SiC,1.0,Electron 110V,0.5,0,0.0,40.0,/Users/rkfuentes/Documents/md_anderson_analysis/yepes_code/data/2025-11-20/scope-results-2025-11-20-0719.csv,3.814373333333371e-09,3.814373333333371e-09,0,0,0,0,50 ohms time 0.01
,SiC,1.0,Electron 110V,0.5,0,0.0,40.0,/Users/rkfuentes/Documents/md_anderson_analysis/yepes_code/data/2025-11-20/scope-results-2025-11-20-0720.csv,3.213350400000016e-09,3.213350400000016e-09,0,0,0,0,50 ohms time 0.01
,SiC,1.0,Electron 191V,0.5,0,0.0,40.0,/Users/rkfuentes/Documents/md_anderson_analysis/yepes_code/data/2025-11-20/scope-results-2025-11-20-0728.csv,1.8127501866666653e-08,1.8127501866666653e-08,0,0,0,0,50 ohms time 0.01
,SiC,1.0,Electron 191V,0.5,0,0.0,40.0,/Users/rkfuentes/Documents/md_anderson_analysis/yepes_code/data/2025-11-20/scope-results-2025-11-20-0729.csv,1.6810154666666677e-08,1.6810154666666677e-08,0,0,0,0,50 ohms time 0.01
,SiC,1.0,Electron 191V,0.5,0,0.0,40.0,/Users/rkfuentes/Documents/md_anderson_analysis/yepes_code/data/2025-11-20/scope-results-2025-11-20-0730.csv,1.6321913600000028e-08,1.6321913600000028e-08,0,0,0,0,50 ohms time 0.01
,SiC,1.0,Electron 191V,0.5,0,0.0,40.0,/Users/rkfuentes/Documents/md_anderson_analysis/yepes_code/data/2025-11-20/scope-results-2025-11-20-0735.csv,1.8121498400000017e-08,1.8121498400000017e-08,0,0,0,0,50 ohms time 0.01
,SiC,1.0,Electron 191V,0.5,0,0.0,40.0,/Users/rkfuentes/Documents/md_anderson_analysis/yepes_code/data/2025-11-20/scope-results-2025-11-20-0737.csv,1.6976875199999987e-08,1.6976875199999987e-08,0,0,0,0,50 ohms time 0.01
,SiC,1.0,Electron 85V,0.5,0,0.0,40.0,/Users/rkfuentes/Documents/md_anderson_analysis/yepes_code/data/2025-11-20/scope-results-2025-11-20-0848.csv,3.283815999999841e-10,3.283815999999841e-10,0,0,0,0,50 ohms time 0.01
,SiC,1.0,Electron 85V,0.5,0,0.0,40.0,/Users/rkfuentes/Documents/md_anderson_analysis/yepes_code/data/2025-11-20/scope-results-2025-11-20-0850.csv,9.902533333337867e-11,9.902533333337867e-11,0,0,0,0,50 ohms time 0.01
,SiC,1.0,Electron 85V,0.5,0,0.0,40.0,/Users/rkfuentes/Documents/md_anderson_analysis/yepes_code/data/2025-11-20/scope-results-2025-11-20-0851.csv,6.668885333333575e-10,6.668885333333575e-10,0,0,0,0,50 ohms time 0.01
,SiC,1.0,Electron 85V,0.5,0,0.0,40.0,/Users/rkfuentes/Documents/md_anderson_analysis/yepes_code/data/2025-11-20/scope-results-2025-11-20-0854.csv,2.9434773333332207e-10,2.9434773333332207e-10,0,0,0,0,50 ohms time 0.01
,SiC,1.0,Electron 85V,0.5,0,0.0,40.0,/Users/rkfuentes/Documents/md_anderson_analysis/yepes_code/data/2025-11-20/scope-results-2025-11-20-0855.csv,7.74546666666595e-10,7.74546666666595e-10,0,0,0,0,50 ohms time 0.01
,SiC,1.0,Electron 85V,0.5,0,0.0,40.0,/Users/rkfuentes/Documents/md_anderson_analysis/yepes_code/data/2025-11-20/scope-results-2025-11-20-0856.csv,3.2677866666664727e-10,3.2677866666664727e-10,0,0,0,0,50 ohms time 0.01
,SiC,1.0,Electron 85V,0.5,0,0.0,40.0,/Users/rkfuentes/Documents/md_anderson_analysis/yepes_code/data/2025-11-20/scope-results-2025-11-20-0861.csv,2.549586666666348e-10,2.549586666666348e-10,0,0,0,0,50 ohms time 0.01
,SiC,1.0,Electron 85V,0.5,0,0.0,40.0,/Users/rkfuentes/Documents/md_anderson_analysis/yepes_code/data/2025-11-20/scope-results-2025-11-20-0862.csv,6.167266666666875e-10,6.167266666666875e-10,0,0,0,0,50 ohms time 0.01
,SiC,1.0,Electron 85V,0.5,0,0.0,40.0,/Users/rkfuentes/Documents/md_anderson_analysis/yepes_code/data/2025-11-20/scope-results-2025-11-20-0865.csv,3.2698666666665536e-10,3.2698666666665536e-10,0,0,0,0,50 ohms time 0.01
,SiC,1.0,Electron 85V,0.5,0,0.0,40.0,/Users/rkfuentes/Documents/md_anderson_analysis/yepes_code/data/2025-11-20/scope-results-2025-11-20-0867.csv,2.975909333332874e-10,2.975909333332874e-10,0,0,0,0,50 ohms time 0.01
,SiC,1.0,Electron 110V,0.5,0,0.0,40.0,/Users/rkfuentes/Documents/md_anderson_analysis/yepes_code/data/2025-11-20/scope-results-2025-11-20-0933.csv,1.022441066666665e-09,1.022441066666665e-09,0,0,0,0,50 ohms time 0.01
,SiC,1.0,Electron 110V,0.5,0,0.0,40.0,/Users/rkfuentes/Documents/md_anderson_analysis/yepes_code/data/2025-11-20/scope-results-2025-11-20-0934.csv,1.597861333333326e-09,1.597861333333326e-09,0,0,0,0,50 ohms time 0.01
,SiC,1.0,Electron 110V,0.5,0,0.0,40.0,/Users/rkfuentes/Documents/md_anderson_analysis/yepes_code/data/2025-11-20/scope-results-2025-11-20-0935.csv,9.414439999999926e-10,9.414439999999926e-10,0,0,0,0,50 ohms time 0.01
,SiC,1.0,Electron 110V,0.5,0,0.0,40.0,/Users/rkfuentes/Documents/md_anderson_analysis/yepes_code/data/2025-11-20/scope-results-2025-11-20-0936.csv,8.85121066666669e-10,8.85121066666669e-10,0,0,0,0,50 ohms time 0.01
,SiC,1.0,Electron 110V,0.5,0,0.0,40.0,/Users/rkfuentes/Documents/md_anderson_analysis/yepes_code/data/2025-11-20/scope-results-2025-11-20-0938.csv,9.60025066666667e-10,9.60025066666667e-10,0,0,0,0,50 ohms time 0.01
,SiC,1.0,Electron 110V,0.5,0,0.0,40.0,/Users/rkfuentes/Documents/md_anderson_analysis/yepes_code/data/2025-11-20/scope-results-2025-11-20-0941.csv,9.88419733333336e-10,9.88419733333336e-10,0,0,0,0,50 ohms time 0.01
,SiC,1.0,Electron 191V,0.5,0,0.0,40.0,/Users/rkfuentes/Documents/md_anderson_analysis/yepes_code/data/2025-11-20/scope-results-2025-11-20-0983.csv,7.48016026666666e-09,7.48016026666666e-09,0,0,0,0,50 ohms time 0.01
,SiC,1.0,Electron 191V,0.5,0,0.0,40.0,/Users/rkfuentes/Documents/md_anderson_analysis/yepes_code/data/2025-11-20/scope-results-2025-11-20-0988.csv,7.198056533333334e-09,7.198056533333334e-09,0,0,0,0,50 ohms time 0.01
,SiC,1.0,Electron 85V,0.5,0,0.0,40.0,/Users/rkfuentes/Documents/md_anderson_analysis/yepes_code/data/2025-11-20/scope-results-2025-11-20-1050.csv,3.2862933333331587e-10,3.2862933333331587e-10,0,0,0,0,50 ohms time 0.01
,SiC,1.0,Electron 85V,0.5,0,0.0,40.0,/Users/rkfuentes/Documents/md_anderson_analysis/yepes_code/data/2025-11-20/scope-results-2025-11-20-1051.csv,2.369066666666141e-10,2.369066666666141e-10,0,0,0,0,50 ohms time 0.01
,SiC,1.0,Electron 85V,0.5,0,0.0,40.0,/Users/rkfuentes/Documents/md_anderson_analysis/yepes_code/data/2025-11-20/scope-results-2025-11-20-1052.csv,1.273994666667025e-10,1.273994666667025e-10,0,0,0,0,50 ohms time 0.01
,SiC,1.0,Electron 85V,0.5,0,0.0,40.0,/Users/rkfuentes/Documents/md_anderson_analysis/yepes_code/data/2025-11-20/scope-results-2025-11-20-1054.csv,3.993072000000109e-10,3.993072000000109e-10,0,0,0,0,50 ohms time 0.01
,SiC,1.0,Electron 85V,0.5,0,0.0,40.0,/Users/rkfuentes/Documents/md_anderson_analysis/yepes_code/data/2025-11-20/scope-results-2025-11-20-1056.csv,1.8163013333334372e-10,1.8163013333334372e-10,0,0,0,0,50 ohms time 0.01
,SiC,1.0,Electron 85V,0.5,0,0.0,40.0,/Users/rkfuentes/Documents/md_anderson_analysis/yepes_code/data/2025-11-20/scope-results-2025-11-20-1058.csv,3.67392000000014e-10,3.67392000000014e-10,0,0,0,0,50 ohms time 0.01
,SiC,1.0,Electron 110V,0.5,0,0.0,40.0,/Users/rkfuentes/Documents/md_anderson_analysis/yepes_code/data/2025-11-20/scope-results-2025-11-20-1106.csv,2.8224720000000007e-10,2.8224720000000007e-10,0,0,0,0,50 ohms time 0.01
,SiC,1.0,Electron 110V,0.5,0,0.0,40.0,/Users/rkfuentes/Documents/md_anderson_analysis/yepes_code/data/2025-11-20/scope-results-2025-11-20-1107.csv,6.02986666666663e-10,6.02986666666663e-10,0,0,0,0,50 ohms time 0.01
,SiC,1.0,Electron 110V,0.5,0,0.0,40.0,/Users/rkfuentes/Documents/md_anderson_analysis/yepes_code/data/2025-11-20/scope-results-2025-11-20-1109.csv,3.4156719999995055e-10,3.4156719999995055e-10,0,0,0,0,50 ohms time 0.01
,SiC,1.0,Electron 110V,0.5,0,0.0,40.0,/Users/rkfuentes/Documents/md_anderson_analysis/yepes_code/data/2025-11-20/scope-results-2025-11-20-1110.csv,1.046130400000003e-09,1.046130400000003e-09,0,0,0,0,50 ohms time 0.01
,SiC,1.0,Electron 110V,0.5,0,0.0,40.0,/Users/rkfuentes/Documents/md_anderson_analysis/yepes_code/data/2025-11-20/scope-results-2025-11-20-1111.csv,1.7286853333337508e-10,1.7286853333337508e-10,0,0,0,0,50 ohms time 0.01
,SiC,1.0,Electron 110V,0.5,0,0.0,40.0,/Users/rkfuentes/Documents/md_anderson_analysis/yepes_code/data/2025-11-20/scope-results-2025-11-20-1112.csv,8.06084799999978e-10,8.06084799999978e-10,0,0,0,0,50 ohms time 0.01
,SiC,1.0,Electron 110V,0.5,0,0.0,40.0,/Users/rkfuentes/Documents/md_anderson_analysis/yepes_code/data/2025-11-20/scope-results-2025-11-20-1113.csv,1.0476597333333343e-09,1.0476597333333343e-09,0,0,0,0,50 ohms time 0.01
,SiC,1.0,Electron 110V,0.5,0,0.0,40.0,/Users/rkfuentes/Documents/md_anderson_analysis/yepes_code/data/2025-11-20/scope-results-2025-11-20-1116.csv,8.28728533333318e-10,8.28728533333318e-10,0,0,0,0,50 ohms time 0.01
,SiC,1.0,Electron 191V,0.5,0,0.0,40.0,/Users/rkfuentes/Documents/md_anderson_analysis/yepes_code/data/2025-11-20/scope-results-2025-11-20-1158.csv,3.368236799999993e-09,3.368236799999993e-09,0,0,0,0,50 ohms time 0.01
,SiC,1.0,Electron 191V,0.5,0,0.0,40.0,/Users/rkfuentes/Documents/md_anderson_analysis/yepes_code/data/2025-11-20/scope-results-2025-11-20-1159.csv,3.616996799999977e-09,3.616996799999977e-09,0,0,0,0,50 ohms time 0.01
,SiC,1.0,Electron 191V,0.5,0,0.0,0.4,/Users/rkfuentes/Documents/md_anderson_analysis/yepes_code/data/2025-11-20/scope-results-2025-11-20-1170.csv,3.6338741333333414e-09,3.6338741333333414e-09,0,0,0,0,50 ohms time 0.01
,SiC,1.0,Electron 191V,0.5,0,0.0,0.4,/Users/rkfuentes/Documents/md_anderson_analysis/yepes_code/data/2025-11-20/scope-results-2025-11-20-1175.csv,3.1906645333333372e-09,3.1906645333333372e-09,0,0,0,0,50 ohms time 0.01
,SiC,1.0,Electron 191V,0.5,0,0.0,0.4,/Users/rkfuentes/Documents/md_anderson_analysis/yepes_code/data/2025-11-20/scope-results-2025-11-20-1177.csv,3.8678535999999784e-09,3.8678535999999784e-09,0,0,0,0,50 ohms time 0.01
,SiC,1.0,Electron 191V,0.5,0,0.0,0.4,/Users/rkfuentes/Documents/md_anderson_analysis/yepes_code/data/2025-11-20/scope-results-2025-11-20-1178.csv,3.534218666666643e-09,3.534218666666643e-09,0,0,0,0,50 ohms time 0.01
,SiC,1.0,Electron 85V,0.5,0,0.0,40.0,/Users/rkfuentes/Documents/md_anderson_analysis/yepes_code/data/2025-11-20/scope-results-2025-11-20-1227.csv,3.5390266666666923e-10,3.5390266666666923e-10,0,0,0,0,50 ohms time 0.01
,SiC,1.0,Electron 85V,0.5,0,0.0,40.0,/Users/rkfuentes/Documents/md_anderson_analysis/yepes_code/data/2025-11-20/scope-results-2025-11-20-1231.csv,4.5249173333333966e-10,4.5249173333333966e-10,0,0,0,0,50 ohms time 0.01
,SiC,1.0,Electron 85V,0.5,0,0.0,40.0,/Users/rkfuentes/Documents/md_anderson_analysis/yepes_code/data/2025-11-20/scope-results-2025-11-20-1233.csv,1.547706666666687e-09,1.547706666666687e-09,0,0,0,0,50 ohms time 0.01
,SiC,1.0,Electron 85V,0.5,0,0.0,40.0,/Users/rkfuentes/Documents/md_anderson_analysis/yepes_code/data/2025-11-20/scope-results-2025-11-20-1234.csv,1.791213333333285e-10,1.791213333333285e-10,0,0,0,0,50 ohms time 0.01
,SiC,1.0,Electron 85V,0.5,0,0.0,40.0,/Users/rkfuentes/Documents/md_anderson_analysis/yepes_code/data/2025-11-20/scope-results-2025-11-20-1235.csv,1.3916666666668195e-10,1.3916666666668195e-10,0,0,0,0,50 ohms time 0.01
,SiC,1.0,Electron 85V,0.5,0,0.0,40.0,/Users/rkfuentes/Documents/md_anderson_analysis/yepes_code/data/2025-11-20/scope-results-2025-11-20-1237.csv,2.7958746666663777e-10,2.7958746666663777e-10,0,0,0,0,50 ohms time 0.01
,SiC,1.0,Electron 110V,0.5,0,0.0,40.0,/Users/rkfuentes/Documents/md_anderson_analysis/yepes_code/data/2025-11-20/scope-results-2025-11-20-1275.csv,1.3699199999996043e-10,1.3699199999996043e-10,0,0,0,0,50 ohms time 0.01
,SiC,1.0,Electron 110V,0.5,0,0.0,40.0,/Users/rkfuentes/Documents/md_anderson_analysis/yepes_code/data/2025-11-20/scope-results-2025-11-20-1277.csv,4.75039466666679e-10,4.75039466666679e-10,0,0,0,0,50 ohms time 0.01
,SiC,1.0,Electron 110V,0.5,0,0.0,40.0,/Users/rkfuentes/Documents/md_anderson_analysis/yepes_code/data/2025-11-20/scope-results-2025-11-20-1278.csv,3.7913493333333775e-10,3.7913493333333775e-10,0,0,0,0,50 ohms time 0.01
,SiC,1.0,Electron 110V,0.5,0,0.0,40.0,/Users/rkfuentes/Documents/md_anderson_analysis/yepes_code/data/2025-11-20/scope-results-2025-11-20-1279.csv,3.811893333333037e-10,3.811893333333037e-10,0,0,0,0,50 ohms time 0.01
,SiC,1.0,Electron 110V,0.5,0,0.0,40.0,/Users/rkfuentes/Documents/md_anderson_analysis/yepes_code/data/2025-11-20/scope-results-2025-11-20-1280.csv,8.54693599999989e-10,8.54693599999989e-10,0,0,0,0,50 ohms time 0.01
,SiC,1.0,Electron 110V,0.5,0,0.0,40.0,/Users/rkfuentes/Documents/md_anderson_analysis/yepes_code/data/2025-11-20/scope-results-2025-11-20-1285.csv,2.738906666666554e-10,2.738906666666554e-10,0,0,0,0,50 ohms time 0.01
,SiC,1.0,Electron 110V,0.5,0,0.0,40.0,/Users/rkfuentes/Documents/md_anderson_analysis/yepes_code/data/2025-11-20/scope-results-2025-11-20-1286.csv,5.5358773333333e-10,5.5358773333333e-10,0,0,0,0,50 ohms time 0.01
,SiC,1.0,Electron 191V,0.5,0,0.0,40.0,/Users/rkfuentes/Documents/md_anderson_analysis/yepes_code/data/2025-11-20/scope-results-2025-11-20-1331.csv,1.307591999999998e-09,1.307591999999998e-09,0,0,0,0,50 ohms time 0.01
,SiC,1.0,Electron 191V,0.5,0,0.0,40.0,/Users/rkfuentes/Documents/md_anderson_analysis/yepes_code/data/2025-11-20/scope-results-2025-11-20-1336.csv,1.3032693333333351e-09,1.3032693333333351e-09,0,0,0,0,50 ohms time 0.01
,SiC,1.0,Electron 191V,0.5,0,0.0,40.0,/Users/rkfuentes/Documents/md_anderson_analysis/yepes_code/data/2025-11-20/scope-results-2025-11-20-1337.csv,1.312949333333331e-09,1.312949333333331e-09,0,0,0,0,50 ohms time 0.01
,SiC,1.0,Electron 191V,0.5,0,0.0,40.0,/Users/rkfuentes/Documents/md_anderson_analysis/yepes_code/data/2025-11-20/scope-results-2025-11-20-1339.csv,1.683191466666703e-09,1.683191466666703e-09,0,0,0,0,50 ohms time 0.01
,SiC,1.0,Electron 191V,0.5,0,0.0,40.0,/Users/rkfuentes/Documents/md_anderson_analysis/yepes_code/data/2025-11-20/scope-results-2025-11-20-1340.csv,1.7857357333333421e-09,1.7857357333333421e-09,0,0,0,0,50 ohms time 0.01
,SiC,1.0,Electron 191V,0.5,0,0.0,40.0,/Users/rkfuentes/Documents/md_anderson_analysis/yepes_code/data/2025-11-20/scope-results-2025-11-20-1341.csv,1.956748266666632e-09,1.956748266666632e-09,0,0,0,0,50 ohms time 0.01
,SiC,1.0,Electron 85V,0.5,0,0.0,40.0,/Users/rkfuentes/Documents/md_anderson_analysis/yepes_code/data/2025-11-20/scope-results-2025-11-20-1392.csv,3.7308693333334376e-10,3.7308693333334376e-10,0,0,0,0,50 ohms time 0.01
,SiC,1.0,Electron 85V,0.5,0,0.0,40.0,/Users/rkfuentes/Documents/md_anderson_analysis/yepes_code/data/2025-11-20/scope-results-2025-11-20-1393.csv,8.39268323773152e-10,8.39268323773152e-10,0,0,0,0,50 ohms time 0.01
,SiC,1.0,Electron 85V,0.5,0,0.0,40.0,/Users/rkfuentes/Documents/md_anderson_analysis/yepes_code/data/2025-11-20/scope-results-2025-11-20-1395.csv,1.1110293333331275e-10,1.1110293333331275e-10,0,0,0,0,50 ohms time 0.01
,SiC,1.0,Electron 85V,0.5,0,0.0,40.0,/Users/rkfuentes/Documents/md_anderson_analysis/yepes_code/data/2025-11-20/scope-results-2025-11-20-1396.csv,1.262381333333412e-10,1.262381333333412e-10,0,0,0,0,50 ohms time 0.01
,SiC,1.0,Electron 85V,0.5,0,0.0,40.0,/Users/rkfuentes/Documents/md_anderson_analysis/yepes_code/data/2025-11-20/scope-results-2025-11-20-1397.csv,3.7333119999997727e-10,3.7333119999997727e-10,0,0,0,0,50 ohms time 0.01
,SiC,1.0,Electron 85V,0.5,0,0.0,40.0,/Users/rkfuentes/Documents/md_anderson_analysis/yepes_code/data/2025-11-20/scope-results-2025-11-20-1398.csv,2.1272373333334246e-10,2.1272373333334246e-10,0,0,0,0,50 ohms time 0.01
,SiC,1.0,Electron 85V,0.5,0,0.0,40.0,/Users/rkfuentes/Documents/md_anderson_analysis/yepes_code/data/2025-11-20/scope-results-2025-11-20-1400.csv,3.0398613333331296e-10,3.0398613333331296e-10,0,0,0,0,50 ohms time 0.01
,SiC,1.0,Electron 85V,0.5,0,0.0,40.0,/Users/rkfuentes/Documents/md_anderson_analysis/yepes_code/data/2025-11-20/scope-results-2025-11-20-1402.csv,2.564631999999662e-10,2.564631999999662e-10,0,0,0,0,50 ohms time 0.01
,SiC,1.0,Electron 110V,0.5,0,0.0,40.0,/Users/rkfuentes/Documents/md_anderson_analysis/yepes_code/data/2025-11-20/scope-results-2025-11-20-1441.csv,3.111626666666464e-10,3.111626666666464e-10,0,0,0,0,50 ohms time 0.01
,SiC,1.0,Electron 110V,0.5,0,0.0,40.0,/Users/rkfuentes/Documents/md_anderson_analysis/yepes_code/data/2025-11-20/scope-results-2025-11-20-1442.csv,3.0802879999998175e-10,3.0802879999998175e-10,0,0,0,0,50 ohms time 0.01
,SiC,1.0,Electron 110V,0.5,0,0.0,40.0,/Users/rkfuentes/Documents/md_anderson_analysis/yepes_code/data/2025-11-20/scope-results-2025-11-20-1443.csv,2.35157333333331e-10,2.35157333333331e-10,0,0,0,0,50 ohms time 0.01
,SiC,1.0,Electron 110V,0.5,0,0.0,40.0,/Users/rkfuentes/Documents/md_anderson_analysis/yepes_code/data/2025-11-20/scope-results-2025-11-20-1444.csv,1.409065599999999e-09,1.409065599999999e-09,0,0,0,0,50 ohms time 0.01
,SiC,1.0,Electron 110V,0.5,0,0.0,40.0,/Users/rkfuentes/Documents/md_anderson_analysis/yepes_code/data/2025-11-20/scope-results-2025-11-20-1446.csv,2.550965333333279e-10,2.550965333333279e-10,0,0,0,0,50 ohms time 0.01
,SiC,1.0,Electron 110V,0.5,0,0.0,40.0,/Users/rkfuentes/Documents/md_anderson_analysis/yepes_code/data/2025-11-20/scope-results-2025-11-20-1447.csv,2.598933333333611e-10,2.598933333333611e-10,0,0,0,0,50 ohms time 0.01
,SiC,1.0,Electron 110V,0.5,0,0.0,40.0,/Users/rkfuentes/Documents/md_anderson_analysis/yepes_code/data/2025-11-20/scope-results-2025-11-20-1448.csv,6.575021333333459e-10,6.575021333333459e-10,0,0,0,0,50 ohms time 0.01
,SiC,1.0,Electron 110V,0.5,0,0.0,40.0,/Users/rkfuentes/Documents/md_anderson_analysis/yepes_code/data/2025-11-20/scope-results-2025-11-20-1450.csv,1.245227610619449e-09,1.245227610619449e-09,0,0,0,0,50 ohms time 0.01
,SiC,1.0,Electron 110V,0.5,0,0.0,40.0,/Users/rkfuentes/Documents/md_anderson_analysis/yepes_code/data/2025-11-20/scope-results-2025-11-20-1452.csv,3.538317333333234e-10,3.538317333333234e-10,0,0,0,0,50 ohms time 0.01
,SiC,1.0,Electron 191V,0.5,0,0.0,40.0,/Users/rkfuentes/Documents/md_anderson_analysis/yepes_code/data/2025-11-20/scope-results-2025-11-20-1482.csv,1.790506666666702e-09,1.790506666666702e-09,0,0,0,0,50 ohms time 0.01
,SiC,1.0,Electron 191V,0.5,0,0.0,40.0,/Users/rkfuentes/Documents/md_anderson_analysis/yepes_code/data/2025-11-20/scope-results-2025-11-20-1483.csv,9.37819999999973e-10,9.37819999999973e-10,0,0,0,0,50 ohms time 0.01
,SiC,1.0,Electron 191V,0.5,0,0.0,40.0,/Users/rkfuentes/Documents/md_anderson_analysis/yepes_code/data/2025-11-20/scope-results-2025-11-20-1486.csv,9.803018666666506e-10,9.803018666666506e-10,0,0,0,0,50 ohms time 0.01
,SiC,1.0,Electron 191V,0.5,0,0.0,40.0,/Users/rkfuentes/Documents/md_anderson_analysis/yepes_code/data/2025-11-20/scope-results-2025-11-20-1487.csv,8.73506399999975e-10,8.73506399999975e-10,0,0,0,0,50 ohms time 0.01
,SiC,1.0,Electron 191V,0.5,0,0.0,40.0,/Users/rkfuentes/Documents/md_anderson_analysis/yepes_code/data/2025-11-20/scope-results-2025-11-20-1488.csv,8.585530666666568e-10,8.585530666666568e-10,0,0,0,0,50 ohms time 0.01
,SiC,1.0,Electron 191V,0.5,0,0.0,40.0,/Users/rkfuentes/Documents/md_anderson_analysis/yepes_code/data/2025-11-20/scope-results-2025-11-20-1490.csv,1.1612992000000135e-09,1.1612992000000135e-09,0,0,0,0,50 ohms time 0.01
,SiC,1.0,Electron 191V,0.5,0,0.0,40.0,/Users/rkfuentes/Documents/md_anderson_analysis/yepes_code/data/2025-11-20/scope-results-2025-11-20-1491.csv,4.855914666666826e-10,4.855914666666826e-10,0,0,0,0,50 ohms time 0.01
,SiC,1.0,Electron 85V,0.5,0,0.0,200.0,/Users/rkfuentes/Documents/md_anderson_analysis/yepes_code/data/2025-11-20/scope-results-2025-11-20-1592.csv,2.457855999999995e-09,2.457855999999995e-09,0,0,0,0,50 ohms time 0.01 no collimator
,SiC,1.0,Electron 85V,0.5,0,0.0,200.0,/Users/rkfuentes/Documents/md_anderson_analysis/yepes_code/data/2025-11-20/scope-results-2025-11-20-1593.csv,6.1401173333332694e-09,6.1401173333332694e-09,0,0,0,0,50 ohms time 0.01 no collimator
,SiC,1.0,Electron 85V,0.5,0,0.0,200.0,/Users/rkfuentes/Documents/md_anderson_analysis/yepes_code/data/2025-11-20/scope-results-2025-11-20-1594.csv,3.5847999999999982e-09,3.5847999999999982e-09,0,0,0,0,50 ohms time 0.01 no collimator
,SiC,1.0,Electron 85V,0.5,0,0.0,200.0,/Users/rkfuentes/Documents/md_anderson_analysis/yepes_code/data/2025-11-20/scope-results-2025-11-20-1595.csv,2.9452933333333803e-09,2.9452933333333803e-09,0,0,0,0,50 ohms time 0.01 no collimator
,SiC,1.0,Electron 85V,0.5,0,0.0,200.0,/Users/rkfuentes/Documents/md_anderson_analysis/yepes_code/data/2025-11-20/scope-results-2025-11-20-1596.csv,3.831146666666668e-09,3.831146666666668e-09,0,0,0,0,50 ohms time 0.01 no collimator
,SiC,1.0,Electron 85V,0.5,0,0.0,200.0,/Users/rkfuentes/Documents/md_anderson_analysis/yepes_code/data/2025-11-20/scope-results-2025-11-20-1597.csv,2.466533333333382e-09,2.466533333333382e-09,0,0,0,0,50 ohms time 0.01 no collimator
,SiC,1.0,Electron 85V,0.5,0,0.0,200.0,/Users/rkfuentes/Documents/md_anderson_analysis/yepes_code/data/2025-11-20/scope-results-2025-11-20-1598.csv,4.160352000000001e-09,4.160352000000001e-09,0,0,0,0,50 ohms time 0.01 no collimator
,SiC,1.0,Electron 85V,0.5,0,0.0,200.0,/Users/rkfuentes/Documents/md_anderson_analysis/yepes_code/data/2025-11-20/scope-results-2025-11-20-1599.csv,3.680933333333301e-09,3.680933333333301e-09,0,0,0,0,50 ohms time 0.01 no collimator
,SiC,1.0,Electron 85V,0.5,0,0.0,200.0,/Users/rkfuentes/Documents/md_anderson_analysis/yepes_code/data/2025-11-20/scope-results-2025-11-20-1600.csv,4.258503999999983e-09,4.258503999999983e-09,0,0,0,0,50 ohms time 0.01 no collimator
,SiC,1.0,Electron 85V,0.5,0,0.0,200.0,/Users/rkfuentes/Documents/md_anderson_analysis/yepes_code/data/2025-11-20/scope-results-2025-11-20-1601.csv,5.016431429965878e-09,5.016431429965878e-09,0,0,0,0,50 ohms time 0.01 no collimator
,SiC,1.0,Electron 85V,0.5,0,0.0,200.0,/Users/rkfuentes/Documents/md_anderson_analysis/yepes_code/data/2025-11-20/scope-results-2025-11-20-1602.csv,4.329957333333303e-09,4.329957333333303e-09,0,0,0,0,50 ohms time 0.01 no collimator
,SiC,1.0,Electron 85V,0.5,0,0.0,200.0,/Users/rkfuentes/Documents/md_anderson_analysis/yepes_code/data/2025-11-20/scope-results-2025-11-20-1603.csv,3.839213333333218e-09,3.839213333333218e-09,0,0,0,0,50 ohms time 0.01 no collimator
,SiC,1.0,Electron 110V,0.5,0,0.0,200.0,/Users/rkfuentes/Documents/md_anderson_analysis/yepes_code/data/2025-11-20/scope-results-2025-11-20-1643.csv,2.163268400000001e-08,2.163268400000001e-08,0,0,0,0,50 ohms time 0.01 no collimator
,SiC,1.0,Electron 110V,0.5,0,0.0,200.0,/Users/rkfuentes/Documents/md_anderson_analysis/yepes_code/data/2025-11-20/scope-results-2025-11-20-1645.csv,2.1685054666666753e-08,2.1685054666666753e-08,0,0,0,0,50 ohms time 0.01 no collimator
,SiC,1.0,Electron 110V,0.5,0,0.0,200.0,/Users/rkfuentes/Documents/md_anderson_analysis/yepes_code/data/2025-11-20/scope-results-2025-11-20-1649.csv,2.2102862666666633e-08,2.2102862666666633e-08,0,0,0,0,50 ohms time 0.01 no collimator
,SiC,1.0,Electron 110V,0.5,0,0.0,200.0,/Users/rkfuentes/Documents/md_anderson_analysis/yepes_code/data/2025-11-20/scope-results-2025-11-20-1650.csv,2.2304832000000013e-08,2.2304832000000013e-08,0,0,0,0,50 ohms time 0.01 no collimator
,SiC,1.0,Electron 110V,0.5,0,0.0,200.0,/Users/rkfuentes/Documents/md_anderson_analysis/yepes_code/data/2025-11-20/scope-results-2025-11-20-1651.csv,2.0666146666666613e-08,2.0666146666666613e-08,0,0,0,0,50 ohms time 0.01 no collimator
,SiC,1.0,Electron 110V,0.5,0,0.0,200.0,/Users/rkfuentes/Documents/md_anderson_analysis/yepes_code/data/2025-11-20/scope-results-2025-11-20-1652.csv,2.29546333333333e-08,2.29546333333333e-08,0,0,0,0,50 ohms time 0.01 no collimator
,SiC,1.0,Electron 110V,0.5,0,0.0,200.0,/Users/rkfuentes/Documents/md_anderson_analysis/yepes_code/data/2025-11-20/scope-results-2025-11-20-1653.csv,1.3236940000000009e-08,1.3236940000000009e-08,0,0,0,0,50 ohms time 0.01 no collimator
,SiC,1.0,Electron 110V,0.5,0,0.0,200.0,/Users/rkfuentes/Documents/md_anderson_analysis/yepes_code/data/2025-11-20/scope-results-2025-11-20-1654.csv,2.1556757333333314e-08,2.1556757333333314e-08,0,0,0,0,50 ohms time 0.01 no collimator
,SiC,1.0,Electron 85V,0.5,0,0.0,100.0,/Users/rkfuentes/Documents/md_anderson_analysis/yepes_code/data/2025-11-20/scope-results-2025-11-20-1786.csv,4.025258666666659e-09,4.025258666666659e-09,0,0,0,0,50 ohms time 0.01 no collimator
,SiC,1.0,Electron 85V,0.5,0,0.0,100.0,/Users/rkfuentes/Documents/md_anderson_analysis/yepes_code/data/2025-11-20/scope-results-2025-11-20-1787.csv,2.2011978666666892e-09,2.2011978666666892e-09,0,0,0,0,50 ohms time 0.01 no collimator
,SiC,1.0,Electron 85V,0.5,0,0.0,100.0,/Users/rkfuentes/Documents/md_anderson_analysis/yepes_code/data/2025-11-20/scope-results-2025-11-20-1788.csv,3.426437350705759e-09,3.426437350705759e-09,0,0,0,0,50 ohms time 0.01 no collimator
,SiC,1.0,Electron 85V,0.5,0,0.0,100.0,/Users/rkfuentes/Documents/md_anderson_analysis/yepes_code/data/2025-11-20/scope-results-2025-11-20-1789.csv,1.3517653333333502e-09,1.3517653333333502e-09,0,0,0,0,50 ohms time 0.01 no collimator
,SiC,1.0,Electron 85V,0.5,0,0.0,100.0,/Users/rkfuentes/Documents/md_anderson_analysis/yepes_code/data/2025-11-20/scope-results-2025-11-20-1790.csv,6.1656640000000364e-09,6.1656640000000364e-09,0,0,0,0,50 ohms time 0.01 no collimator
,SiC,1.0,Electron 85V,0.5,0,0.0,100.0,/Users/rkfuentes/Documents/md_anderson_analysis/yepes_code/data/2025-11-20/scope-results-2025-11-20-1791.csv,3.903645333333306e-09,3.903645333333306e-09,0,0,0,0,50 ohms time 0.01 no collimator
,SiC,1.0,Electron 85V,0.5,0,0.0,100.0,/Users/rkfuentes/Documents/md_anderson_analysis/yepes_code/data/2025-11-20/scope-results-2025-11-20-1792.csv,3.1973119999997427e-10,3.1973119999997427e-10,0,0,0,0,50 ohms time 0.01 no collimator
,SiC,1.0,Electron 85V,0.5,0,0.0,100.0,/Users/rkfuentes/Documents/md_anderson_analysis/yepes_code/data/2025-11-20/scope-results-2025-11-20-1793.csv,6.897173333332625e-10,6.897173333332625e-10,0,0,0,0,50 ohms time 0.01 no collimator
,SiC,1.0,Electron 85V,0.5,0,0.0,100.0,/Users/rkfuentes/Documents/md_anderson_analysis/yepes_code/data/2025-11-20/scope-results-2025-11-20-1794.csv,2.6520938666666534e-09,2.6520938666666534e-09,0,0,0,0,50 ohms time 0.01 no collimator
,SiC,1.0,Electron 85V,0.5,0,0.0,100.0,/Users/rkfuentes/Documents/md_anderson_analysis/yepes_code/data/2025-11-20/scope-results-2025-11-20-1795.csv,3.3613365333333174e-09,3.3613365333333174e-09,0,0,0,0,50 ohms time 0.01 no collimator
,SiC,1.0,Electron 85V,0.5,0,0.0,100.0,/Users/rkfuentes/Documents/md_anderson_analysis/yepes_code/data/2025-11-20/scope-results-2025-11-20-1796.csv,4.206893333333383e-09,4.206893333333383e-09,0,0,0,0,50 ohms time 0.01 no collimator
,SiC,1.0,Electron 85V,0.5,0,0.0,100.0,/Users/rkfuentes/Documents/md_anderson_analysis/yepes_code/data/2025-11-20/scope-results-2025-11-20-1797.csv,4.042952533333329e-09,4.042952533333329e-09,0,0,0,0,50 ohms time 0.01 no collimator
,SiC,1.0,Electron 110V,0.5,0,0.0,100.0,/Users/rkfuentes/Documents/md_anderson_analysis/yepes_code/data/2025-11-20/scope-results-2025-11-20-1850.csv,1.9476243199999993e-08,1.9476243199999993e-08,0,0,0,0,50 ohms time 0.01
,SiC,1.0,Electron 110V,0.5,0,0.0,100.0,/Users/rkfuentes/Documents/md_anderson_analysis/yepes_code/data/2025-11-20/scope-results-2025-11-20-1851.csv,1.2317364800000006e-08,1.2317364800000006e-08,0,0,0,0,50 ohms time 0.01
,SiC,1.0,Electron 110V,0.5,0,0.0,100.0,/Users/rkfuentes/Documents/md_anderson_analysis/yepes_code/data/2025-11-20/scope-results-2025-11-20-1852.csv,1.8318290666666667e-08,1.8318290666666667e-08,0,0,0,0,50 ohms time 0.01
,SiC,1.0,Electron 110V,0.5,0,0.0,100.0,/Users/rkfuentes/Documents/md_anderson_analysis/yepes_code/data/2025-11-20/scope-results-2025-11-20-1857.csv,1.955425493333334e-08,1.955425493333334e-08,0,0,0,0,50 ohms time 0.01
,SiC,1.0,Electron 110V,0.5,0,0.0,100.0,/Users/rkfuentes/Documents/md_anderson_analysis/yepes_code/data/2025-11-20/scope-results-2025-11-20-1858.csv,1.955506559999997e-08,1.955506559999997e-08,0,0,0,0,50 ohms time 0.01
,SiC,1.0,Electron 110V,0.5,0,0.0,100.0,/Users/rkfuentes/Documents/md_anderson_analysis/yepes_code/data/2025-11-20/scope-results-2025-11-20-1859.csv,1.8525119999999977e-08,1.8525119999999977e-08,0,0,0,0,50 ohms time 0.01
,SiC,1.0,Electron 110V,0.5,0,0.0,100.0,/Users/rkfuentes/Documents/md_anderson_analysis/yepes_code/data/2025-11-20/scope-results-2025-11-20-1860.csv,1.9781955199999997e-08,1.9781955199999997e-08,0,0,0,0,50 ohms time 0.01
,SiC,1.0,Electron 110V,0.5,0,0.0,100.0,/Users/rkfuentes/Documents/md_anderson_analysis/yepes_code/data/2025-11-20/scope-results-2025-11-20-1861.csv,1.8452513066666655e-08,1.8452513066666655e-08,0,0,0,0,50 ohms time 0.01
,SiC,1.0,Electron 110V,0.5,0,0.0,100.0,/Users/rkfuentes/Documents/md_anderson_analysis/yepes_code/data/2025-11-20/scope-results-2025-11-20-1862.csv,1.2418287999999988e-08,1.2418287999999988e-08,0,0,0,0,50 ohms time 0.01
,SiC,1.0,Electron 110V,0.5,0,0.0,100.0,/Users/rkfuentes/Documents/md_anderson_analysis/yepes_code/data/2025-11-20/scope-results-2025-11-20-1863.csv,1.9517718399999973e-08,1.9517718399999973e-08,0,0,0,0,50 ohms time 0.01
,SiC,1.0,Electron 110V,0.5,0,0.0,100.0,/Users/rkfuentes/Documents/md_anderson_analysis/yepes_code/data/2025-11-20/scope-results-2025-11-20-1864.csv,1.839430399999997e-08,1.839430399999997e-08,0,0,0,0,50 ohms time 0.01
,SiC,1.0,Electron 110V,0.5,0,0.0,100.0,/Users/rkfuentes/Documents/md_anderson_analysis/yepes_code/data/2025-11-20/scope-results-2025-11-20-1865.csv,1.9568576000000025e-08,1.9568576000000025e-08,0,0,0,0,50 ohms time 0.01
,SiC,1.0,Electron 110V,0.5,0,0.0,100.0,/Users/rkfuentes/Documents/md_anderson_analysis/yepes_code/data/2025-11-20/scope-results-2025-11-20-1866.csv,1.3324216533333342e-08,1.3324216533333342e-08,0,0,0,0,50 ohms time 0.01
,SiC,1.0,Electron 110V,0.5,0,0.0,100.0,/Users/rkfuentes/Documents/md_anderson_analysis/yepes_code/data/2025-11-20/scope-results-2025-11-20-1867.csv,1.9244759466666682e-08,1.9244759466666682e-08,0,0,0,0,50 ohms time 0.01
,SiC,1.0,Electron 110V,0.5,0,0.0,100.0,/Users/rkfuentes/Documents/md_anderson_analysis/yepes_code/data/2025-11-20/scope-results-2025-11-20-1868.csv,1.883519146666668e-08,1.883519146666668e-08,0,0,0,0,50 ohms time 0.01
,SiC,1.0,Electron 110V,0.5,0,0.0,10.0,/Users/rkfuentes/Documents/md_anderson_analysis/yepes_code/data/2025-11-20/scope-results-2025-11-20-1927.csv,6.121235733333325e-09,6.121235733333325e-09,0,0,0,0,50 ohms time 0.01
,SiC,1.0,Electron 191V,0.5,0,0.0,10.0,/Users/rkfuentes/Documents/md_anderson_analysis/yepes_code/data/2025-11-20/scope-results-2025-11-20-1962.csv,4.0234406400000025e-08,4.0234406400000025e-08,0,0,0,0,50 ohms time 0.01
,SiC,1.0,Electron 191V,0.5,0,0.0,10.0,/Users/rkfuentes/Documents/md_anderson_analysis/yepes_code/data/2025-11-20/scope-results-2025-11-20-1963.csv,3.585178026666666e-08,3.585178026666666e-08,0,0,0,0,50 ohms time 0.01
,SiC,1.0,Electron 191V,0.5,0,0.0,10.0,/Users/rkfuentes/Documents/md_anderson_analysis/yepes_code/data/2025-11-20/scope-results-2025-11-20-1964.csv,3.57852016e-08,3.57852016e-08,0,0,0,0,50 ohms time 0.01
,SiC,1.0,Electron 191V,0.5,0,0.0,10.0,/Users/rkfuentes/Documents/md_anderson_analysis/yepes_code/data/2025-11-20/scope-results-2025-11-20-1965.csv,3.968783573333334e-08,3.968783573333334e-08,0,0,0,0,50 ohms time 0.01
,SiC,1.0,Electron 191V,0.5,0,0.0,10.0,/Users/rkfuentes/Documents/md_anderson_analysis/yepes_code/data/2025-11-20/scope-results-2025-11-20-1966.csv,2.1243386666666584e-09,2.1243386666666584e-09,0,0,0,0,50 ohms time 0.01
,SiC,1.0,Electron 191V,0.5,0,0.0,10.0,/Users/rkfuentes/Documents/md_anderson_analysis/yepes_code/data/2025-11-20/scope-results-2025-11-20-1967.csv,3.567676533333332e-08,3.567676533333332e-08,0,0,0,0,50 ohms time 0.01
,SiC,1.0,Electron 191V,0.5,0,0.0,10.0,/Users/rkfuentes/Documents/md_anderson_analysis/yepes_code/data/2025-11-20/scope-results-2025-11-20-2009.csv,1.9354295999999968e-08,1.9354295999999968e-08,0,0,0,0,50 ohms time 0.01
,SiC,1.0,Electron 191V,0.5,0,0.0,10.0,/Users/rkfuentes/Documents/md_anderson_analysis/yepes_code/data/2025-11-20/scope-results-2025-11-20-2011.csv,1.8506688000000018e-08,1.8506688000000018e-08,0,0,0,0,50 ohms time 0.01
,SiC,,Electron 85V,1.0,0,0.0,40.0,/Users/rkfuentes/Documents/md_anderson_analysis/yepes_code/data/2025-11-20/scope-results-2025-11-20-0050.csv,3.624223999999963e-09,3.624223999999963e-09,0,0,0,0,50 ohms
,SiC,1.0,Electron 110V,1.0,0,0.0,40.0,/Users/rkfuentes/Documents/md_anderson_analysis/yepes_code/data/2025-11-20/scope-results-2025-11-20-0103.csv,2.9235194666666713e-08,2.9235194666666713e-08,0,0,0,0,50 ohms time 0.01
,SiC,1.0,Electron 110V,1.0,0,0.0,40.0,/Users/rkfuentes/Documents/md_anderson_analysis/yepes_code/data/2025-11-20/scope-results-2025-11-20-0104.csv,2.967618666666667e-08,2.967618666666667e-08,0,0,0,0,50 ohms time 0.01
,SiC,1.0,Electron 110V,1.0,0,0.0,40.0,/Users/rkfuentes/Documents/md_anderson_analysis/yepes_code/data/2025-11-20/scope-results-2025-11-20-0105.csv,3.8527343999999995e-08,3.8527343999999995e-08,0,0,0,0,50 ohms time 0.01
,SiC,1.0,Electron 110V,1.0,0,0.0,40.0,/Users/rkfuentes/Documents/md_anderson_analysis/yepes_code/data/2025-11-20/scope-results-2025-11-20-0107.csv,3.963546000000001e-08,3.963546000000001e-08,0,0,0,0,50 ohms time 0.01
,SiC,1.0,Electron 110V,1.0,0,0.0,40.0,/Users/rkfuentes/Documents/md_anderson_analysis/yepes_code/data/2025-11-20/scope-results-2025-11-20-0108.csv,2.9099466666666636e-08,2.9099466666666636e-08,0,0,0,0,50 ohms time 0.01
,SiC,1.0,Electron 110V,1.0,0,0.0,40.0,/Users/rkfuentes/Documents/md_anderson_analysis/yepes_code/data/2025-11-20/scope-results-2025-11-20-0109.csv,2.8963754666666653e-08,2.8963754666666653e-08,0,0,0,0,50 ohms time 0.01
,SiC,1.0,Electron 110V,1.0,0,0.0,40.0,/Users/rkfuentes/Documents/md_anderson_analysis/yepes_code/data/2025-11-20/scope-results-2025-11-20-0110.csv,2.9175733333333333e-08,2.9175733333333333e-08,0,0,0,0,50 ohms time 0.01
,SiC,1.0,Electron 110V,1.0,0,0.0,40.0,/Users/rkfuentes/Documents/md_anderson_analysis/yepes_code/data/2025-11-20/scope-results-2025-11-20-0112.csv,2.9058065333333324e-08,2.9058065333333324e-08,0,0,0,0,50 ohms time 0.01
,SiC,1.0,Electron 191V,1.0,0,0.0,40.0,/Users/rkfuentes/Documents/md_anderson_analysis/yepes_code/data/2025-11-20/scope-results-2025-11-20-0149.csv,1.531892666666667e-07,1.531892666666667e-07,0,0,0,0,50 ohms time 0.01
,SiC,1.0,Electron 191V,1.0,0,0.0,40.0,/Users/rkfuentes/Documents/md_anderson_analysis/yepes_code/data/2025-11-20/scope-results-2025-11-20-0150.csv,1.5142399999999997e-07,1.5142399999999997e-07,0,0,0,0,50 ohms time 0.01
,SiC,1.0,Electron 191V,1.0,0,0.0,40.0,/Users/rkfuentes/Documents/md_anderson_analysis/yepes_code/data/2025-11-20/scope-results-2025-11-20-0151.csv,1.515995146666667e-07,1.515995146666667e-07,0,0,0,0,50 ohms time 0.01
,SiC,1.0,Electron 191V,1.0,0,0.0,40.0,/Users/rkfuentes/Documents/md_anderson_analysis/yepes_code/data/2025-11-20/scope-results-2025-11-20-0152.csv,1.523108106666666e-07,1.523108106666666e-07,0,0,0,0,50 ohms time 0.01
,SiC,1.0,Electron 191V,1.0,0,0.0,40.0,/Users/rkfuentes/Documents/md_anderson_analysis/yepes_code/data/2025-11-20/scope-results-2025-11-20-0153.csv,1.505627146666667e-07,1.505627146666667e-07,0,0,0,0,50 ohms time 0.01
,SiC,1.0,Electron 191V,1.0,0,0.0,40.0,/Users/rkfuentes/Documents/md_anderson_analysis/yepes_code/data/2025-11-20/scope-results-2025-11-20-0154.csv,1.5117076e-07,1.5117076e-07,0,0,0,0,50 ohms time 0.01
,SiC,1.0,Electron 191V,1.0,0,0.0,40.0,/Users/rkfuentes/Documents/md_anderson_analysis/yepes_code/data/2025-11-20/scope-results-2025-11-20-0155.csv,1.505699413333333e-07,1.505699413333333e-07,0,0,0,0,50 ohms time 0.01
,SiC,1.0,Electron 191V,1.0,0,0.0,40.0,/Users/rkfuentes/Documents/md_anderson_analysis/yepes_code/data/2025-11-20/scope-results-2025-11-20-0156.csv,1.5130959999999997e-07,1.5130959999999997e-07,0,0,0,0,50 ohms time 0.01
,SiC,1.0,Electron 191V,1.0,0,0.0,40.0,/Users/rkfuentes/Documents/md_anderson_analysis/yepes_code/data/2025-11-20/scope-results-2025-11-20-0157.csv,1.509450346666666e-07,1.509450346666666e-07,0,0,0,0,50 ohms time 0.01
,SiC,1.0,Electron 191V,1.0,0,0.0,40.0,/Users/rkfuentes/Documents/md_anderson_analysis/yepes_code/data/2025-11-20/scope-results-2025-11-20-0158.csv,1.4875056000000002e-07,1.4875056000000002e-07,0,0,0,0,50 ohms time 0.01
,SiC,1.0,Electron 191V,1.0,0,0.0,40.0,/Users/rkfuentes/Documents/md_anderson_analysis/yepes_code/data/2025-11-20/scope-results-2025-11-20-0159.csv,1.4903025333333332e-07,1.4903025333333332e-07,0,0,0,0,50 ohms time 0.01
,SiC,1.0,Electron 191V,1.0,0,0.0,40.0,/Users/rkfuentes/Documents/md_anderson_analysis/yepes_code/data/2025-11-20/scope-results-2025-11-20-0160.csv,1.4829668e-07,1.4829668e-07,0,0,0,0,50 ohms time 0.01
,SiC,1.0,Electron 85V,1.0,0,0.0,40.0,/Users/rkfuentes/Documents/md_anderson_analysis/yepes_code/data/2025-11-20/scope-results-2025-11-20-0253.csv,4.616853333333321e-09,4.616853333333321e-09,0,0,0,0,50 ohms time 0.01
,SiC,1.0,Electron 85V,1.0,0,0.0,40.0,/Users/rkfuentes/Documents/md_anderson_analysis/yepes_code/data/2025-11-20/scope-results-2025-11-20-0260.csv,4.516053333333238e-09,4.516053333333238e-09,0,0,0,0,50 ohms time 0.01
,SiC,1.0,Electron 85V,1.0,0,0.0,40.0,/Users/rkfuentes/Documents/md_anderson_analysis/yepes_code/data/2025-11-20/scope-results-2025-11-20-0261.csv,3.9245200000002703e-10,3.9245200000002703e-10,0,0,0,0,50 ohms time 0.01
,SiC,1.0,Electron 85V,1.0,0,0.0,40.0,/Users/rkfuentes/Documents/md_anderson_analysis/yepes_code/data/2025-11-20/scope-results-2025-11-20-0262.csv,2.4980373333333676e-09,2.4980373333333676e-09,0,0,0,0,50 ohms time 0.01
,SiC,1.0,Electron 85V,1.0,0,0.0,40.0,/Users/rkfuentes/Documents/md_anderson_analysis/yepes_code/data/2025-11-20/scope-results-2025-11-20-0263.csv,3.8385866666666813e-10,3.8385866666666813e-10,0,0,0,0,50 ohms time 0.01
,SiC,1.0,Electron 85V,1.0,0,0.0,40.0,/Users/rkfuentes/Documents/md_anderson_analysis/yepes_code/data/2025-11-20/scope-results-2025-11-20-0273.csv,4.444346666666707e-09,4.444346666666707e-09,0,0,0,0,50 ohms time 0.01
,SiC,1.0,Electron 110V,1.0,0,0.0,40.0,/Users/rkfuentes/Documents/md_anderson_analysis/yepes_code/data/2025-11-20/scope-results-2025-11-20-0309.csv,1.2133496000000013e-08,1.2133496000000013e-08,0,0,0,0,50 ohms time 0.01
,SiC,1.0,Electron 110V,1.0,0,0.0,40.0,/Users/rkfuentes/Documents/md_anderson_analysis/yepes_code/data/2025-11-20/scope-results-2025-11-20-0312.csv,1.091326666666664e-08,1.091326666666664e-08,0,0,0,0,50 ohms time 0.01
,SiC,1.0,Electron 110V,1.0,0,0.0,40.0,/Users/rkfuentes/Documents/md_anderson_analysis/yepes_code/data/2025-11-20/scope-results-2025-11-20-0320.csv,1.2975391999999981e-08,1.2975391999999981e-08,0,0,0,0,50 ohms time 0.01
,SiC,1.0,Electron 85V,1.0,0,0.0,40.0,/Users/rkfuentes/Documents/md_anderson_analysis/yepes_code/data/2025-11-20/scope-results-2025-11-20-0404.csv,2.942133333333364e-09,2.942133333333364e-09,0,0,0,0,50 ohms time 0.01
,SiC,1.0,Electron 85V,1.0,0,0.0,40.0,/Users/rkfuentes/Documents/md_anderson_analysis/yepes_code/data/2025-11-20/scope-results-2025-11-20-0423.csv,5.276629333333348e-09,5.276629333333348e-09,0,0,0,0,50 ohms time 0.01
,SiC,1.0,Electron 85V,1.0,0,0.0,40.0,/Users/rkfuentes/Documents/md_anderson_analysis/yepes_code/data/2025-11-20/scope-results-2025-11-20-0432.csv,3.2717866666667557e-10,3.2717866666667557e-10,0,0,0,0,50 ohms time 0.01
,SiC,1.0,Electron 85V,1.0,0,0.0,40.0,/Users/rkfuentes/Documents/md_anderson_analysis/yepes_code/data/2025-11-20/scope-results-2025-11-20-0434.csv,4.454490399999991e-09,4.454490399999991e-09,0,0,0,0,50 ohms time 0.01
,SiC,1.0,Electron 85V,1.0,0,0.0,40.0,/Users/rkfuentes/Documents/md_anderson_analysis/yepes_code/data/2025-11-20/scope-results-2025-11-20-0436.csv,5.432232533333394e-09,5.432232533333394e-09,0,0,0,0,50 ohms time 0.01
,SiC,1.0,Electron 110V,1.0,0,0.0,40.0,/Users/rkfuentes/Documents/md_anderson_analysis/yepes_code/data/2025-11-20/scope-results-2025-11-20-0455.csv,7.78204213333331e-09,7.78204213333331e-09,0,0,0,0,50 ohms time 0.01
,SiC,1.0,Electron 110V,1.0,0,0.0,40.0,/Users/rkfuentes/Documents/md_anderson_analysis/yepes_code/data/2025-11-20/scope-results-2025-11-20-0456.csv,7.475047466666647e-09,7.475047466666647e-09,0,0,0,0,50 ohms time 0.01
,SiC,1.0,Electron 110V,1.0,0,0.0,40.0,/Users/rkfuentes/Documents/md_anderson_analysis/yepes_code/data/2025-11-20/scope-results-2025-11-20-0458.csv,9.588920533333346e-09,9.588920533333346e-09,0,0,0,0,50 ohms time 0.01
,SiC,1.0,Electron 110V,1.0,0,0.0,40.0,/Users/rkfuentes/Documents/md_anderson_analysis/yepes_code/data/2025-11-20/scope-results-2025-11-20-0460.csv,7.263620000000076e-09,7.263620000000076e-09,0,0,0,0,50 ohms time 0.01
,SiC,1.0,Electron 191V,1.0,0,0.0,40.0,/Users/rkfuentes/Documents/md_anderson_analysis/yepes_code/data/2025-11-20/scope-results-2025-11-20-0461.csv,5.0404770666666665e-08,5.0404770666666665e-08,0,0,0,0,50 ohms time 0.01
,SiC,1.0,Electron 191V,1.0,0,0.0,40.0,/Users/rkfuentes/Documents/md_anderson_analysis/yepes_code/data/2025-11-20/scope-results-2025-11-20-0462.csv,4.9657146666666664e-08,4.9657146666666664e-08,0,0,0,0,50 ohms time 0.01
,SiC,1.0,Electron 191V,1.0,0,0.0,40.0,/Users/rkfuentes/Documents/md_anderson_analysis/yepes_code/data/2025-11-20/scope-results-2025-11-20-0463.csv,4.9981856e-08,4.9981856e-08,0,0,0,0,50 ohms time 0.01
,SiC,1.0,Electron 191V,1.0,0,0.0,40.0,/Users/rkfuentes/Documents/md_anderson_analysis/yepes_code/data/2025-11-20/scope-results-2025-11-20-0470.csv,4.770239999999938e-10,4.770239999999938e-10,0,0,0,0,50 ohms time 0.01
,SiC,1.0,Electron 191V,1.0,0,0.0,40.0,/Users/rkfuentes/Documents/md_anderson_analysis/yepes_code/data/2025-11-20/scope-results-2025-11-20-0471.csv,6.723754666666668e-08,6.723754666666668e-08,0,0,0,0,50 ohms time 0.01
,SiC,1.0,Electron 85V,1.0,0,0.0,100.0,/Users/rkfuentes/Documents/md_anderson_analysis/yepes_code/data/2025-11-20/scope-results-2025-11-20-0475.csv,2.85495893333333e-09,2.85495893333333e-09,0,0,0,0,50 ohms time 0.01
,SiC,1.0,Electron 85V,1.0,0,0.0,100.0,/Users/rkfuentes/Documents/md_anderson_analysis/yepes_code/data/2025-11-20/scope-results-2025-11-20-0477.csv,1.300258133333329e-09,1.300258133333329e-09,0,0,0,0,50 ohms time 0.01
,SiC,1.0,Electron 85V,1.0,0,0.0,100.0,/Users/rkfuentes/Documents/md_anderson_analysis/yepes_code/data/2025-11-20/scope-results-2025-11-20-0484.csv,1.010229333333323e-09,1.010229333333323e-09,0,0,0,0,50 ohms time 0.01
,SiC,1.0,Electron 85V,1.0,0,0.0,100.0,/Users/rkfuentes/Documents/md_anderson_analysis/yepes_code/data/2025-11-20/scope-results-2025-11-20-0496.csv,1.3212693333333247e-09,1.3212693333333247e-09,0,0,0,0,50 ohms time 0.01
,SiC,1.0,Electron 85V,1.0,0,0.0,100.0,/Users/rkfuentes/Documents/md_anderson_analysis/yepes_code/data/2025-11-20/scope-results-2025-11-20-0501.csv,1.4804794666666743e-09,1.4804794666666743e-09,0,0,0,0,50 ohms time 0.01
,SiC,1.0,Electron 85V,1.0,0,0.0,100.0,/Users/rkfuentes/Documents/md_anderson_analysis/yepes_code/data/2025-11-20/scope-results-2025-11-20-0502.csv,1.3824613333333484e-09,1.3824613333333484e-09,0,0,0,0,50 ohms time 0.01
,SiC,1.0,Electron 85V,1.0,0,0.0,200.0,/Users/rkfuentes/Documents/md_anderson_analysis/yepes_code/data/2025-11-20/scope-results-2025-11-20-0508.csv,2.393081599999996e-09,2.393081599999996e-09,0,0,0,0,50 ohms time 0.01
,SiC,1.0,Electron 85V,1.0,0,0.0,200.0,/Users/rkfuentes/Documents/md_anderson_analysis/yepes_code/data/2025-11-20/scope-results-2025-11-20-0510.csv,3.2565050666666562e-09,3.2565050666666562e-09,0,0,0,0,50 ohms time 0.01
,SiC,1.0,Electron 85V,1.0,0,0.0,200.0,/Users/rkfuentes/Documents/md_anderson_analysis/yepes_code/data/2025-11-20/scope-results-2025-11-20-0515.csv,1.8502906666666622e-09,1.8502906666666622e-09,0,0,0,0,50 ohms time 0.01
,SiC,1.0,Electron 85V,1.0,0,0.0,200.0,/Users/rkfuentes/Documents/md_anderson_analysis/yepes_code/data/2025-11-20/scope-results-2025-11-20-0525.csv,2.3790469333333275e-09,2.3790469333333275e-09,0,0,0,0,50 ohms time 0.01
,SiC,1.0,Electron 85V,1.0,0,0.0,200.0,/Users/rkfuentes/Documents/md_anderson_analysis/yepes_code/data/2025-11-20/scope-results-2025-11-20-0526.csv,2.847267733333338e-09,2.847267733333338e-09,0,0,0,0,50 ohms time 0.01
,SiC,1.0,Electron 85V,1.0,0,0.0,200.0,/Users/rkfuentes/Documents/md_anderson_analysis/yepes_code/data/2025-11-20/scope-results-2025-11-20-0528.csv,2.0048250666666492e-09,2.0048250666666492e-09,0,0,0,0,50 ohms time 0.01
,SiC,1.0,Electron 85V,1.0,0,0.0,200.0,/Users/rkfuentes/Documents/md_anderson_analysis/yepes_code/data/2025-11-20/scope-results-2025-11-20-0534.csv,2.608527466666663e-09,2.608527466666663e-09,0,0,0,0,50 ohms time 0.01
,SiC,1.0,Electron 85V,1.0,0,0.0,200.0,/Users/rkfuentes/Documents/md_anderson_analysis/yepes_code/data/2025-11-20/scope-results-2025-11-20-0537.csv,1.999031466666677e-09,1.999031466666677e-09,0,0,0,0,50 ohms time 0.01
,SiC,1.0,Electron 85V,1.0,0,0.0,200.0,/Users/rkfuentes/Documents/md_anderson_analysis/yepes_code/data/2025-11-20/scope-results-2025-11-20-0539.csv,2.327851200000015e-09,2.327851200000015e-09,0,0,0,0,50 ohms time 0.01
,SiC,1.0,Electron 85V,1.0,0,0.0,200.0,/Users/rkfuentes/Documents/md_anderson_analysis/yepes_code/data/2025-11-20/scope-results-2025-11-20-0540.csv,1.657435733333323e-09,1.657435733333323e-09,0,0,0,0,50 ohms time 0.01
,SiC,1.0,Electron 85V,1.0,0,0.0,200.0,/Users/rkfuentes/Documents/md_anderson_analysis/yepes_code/data/2025-11-20/scope-results-2025-11-20-0552.csv,2.905605333333343e-09,2.905605333333343e-09,0,0,0,0,50 ohms time 0.01
,SiC,1.0,Electron 85V,1.0,0,0.0,200.0,/Users/rkfuentes/Documents/md_anderson_analysis/yepes_code/data/2025-11-20/scope-results-2025-11-20-0555.csv,2.7880405333333347e-09,2.7880405333333347e-09,0,0,0,0,50 ohms time 0.01
,SiC,1.0,Electron 85V,1.0,0,0.0,200.0,/Users/rkfuentes/Documents/md_anderson_analysis/yepes_code/data/2025-11-20/scope-results-2025-11-20-0556.csv,2.086229333333338e-09,2.086229333333338e-09,0,0,0,0,50 ohms time 0.01
,SiC,1.0,Electron 85V,1.0,0,0.0,200.0,/Users/rkfuentes/Documents/md_anderson_analysis/yepes_code/data/2025-11-20/scope-results-2025-11-20-0557.csv,2.908061333333329e-09,2.908061333333329e-09,0,0,0,0,50 ohms time 0.01
,SiC,1.0,Electron 85V,1.0,0,0.0,300.0,/Users/rkfuentes/Documents/md_anderson_analysis/yepes_code/data/2025-11-20/scope-results-2025-11-20-0577.csv,3.285085333333333e-09,3.285085333333333e-09,0,0,0,0,50 ohms time 0.01
,SiC,1.0,Electron 85V,1.0,0,0.0,300.0,/Users/rkfuentes/Documents/md_anderson_analysis/yepes_code/data/2025-11-20/scope-results-2025-11-20-0583.csv,3.531964799999997e-09,3.531964799999997e-09,0,0,0,0,50 ohms time 0.01
,SiC,1.0,Electron 85V,1.0,0,0.0,300.0,/Users/rkfuentes/Documents/md_anderson_analysis/yepes_code/data/2025-11-20/scope-results-2025-11-20-0587.csv,2.8713941333333414e-09,2.8713941333333414e-09,0,0,0,0,50 ohms time 0.01
,SiC,1.0,Electron 85V,1.0,0,0.0,300.0,/Users/rkfuentes/Documents/md_anderson_analysis/yepes_code/data/2025-11-20/scope-results-2025-11-20-0589.csv,3.356420266666679e-09,3.356420266666679e-09,0,0,0,0,50 ohms time 0.01
,SiC,1.0,Electron 85V,1.0,0,0.0,300.0,/Users/rkfuentes/Documents/md_anderson_analysis/yepes_code/data/2025-11-20/scope-results-2025-11-20-0604.csv,2.840465599999998e-09,2.840465599999998e-09,0,0,0,0,50 ohms time 0.01
,SiC,1.0,Electron 85V,1.0,0,0.0,300.0,/Users/rkfuentes/Documents/md_anderson_analysis/yepes_code/data/2025-11-20/scope-results-2025-11-20-0605.csv,3.3536938666666523e-09,3.3536938666666523e-09,0,0,0,0,50 ohms time 0.01
,SiC,1.0,Electron 110V,1.0,0,0.0,300.0,/Users/rkfuentes/Documents/md_anderson_analysis/yepes_code/data/2025-11-20/scope-results-2025-11-20-0607.csv,4.010707893333335e-08,4.010707893333335e-08,0,0,0,0,50 ohms time 0.01
,SiC,1.0,Electron 110V,1.0,0,0.0,300.0,/Users/rkfuentes/Documents/md_anderson_analysis/yepes_code/data/2025-11-20/scope-results-2025-11-20-0608.csv,3.9304627199999974e-08,3.9304627199999974e-08,0,0,0,0,50 ohms time 0.01
,SiC,1.0,Electron 110V,1.0,0,0.0,300.0,/Users/rkfuentes/Documents/md_anderson_analysis/yepes_code/data/2025-11-20/scope-results-2025-11-20-0609.csv,3.9960142400000014e-08,3.9960142400000014e-08,0,0,0,0,50 ohms time 0.01
,SiC,1.0,Electron 191V,1.0,0,0.0,300.0,/Users/rkfuentes/Documents/md_anderson_analysis/yepes_code/data/2025-11-20/scope-results-2025-11-20-0612.csv,1.342325333333356e-09,1.342325333333356e-09,0,0,0,0,50 ohms time 0.01
,SiC,1.0,Electron 191V,1.0,0,0.0,300.0,/Users/rkfuentes/Documents/md_anderson_analysis/yepes_code/data/2025-11-20/scope-results-2025-11-20-0613.csv,4.349778364779871e-08,4.349778364779871e-08,0,0,0,0,50 ohms time 0.01
,SiC,1.0,Electron 191V,1.0,0,0.0,300.0,/Users/rkfuentes/Documents/md_anderson_analysis/yepes_code/data/2025-11-20/scope-results-2025-11-20-0614.csv,6.08060266666674e-10,6.08060266666674e-10,0,0,0,0,50 ohms time 0.01
,SiC,1.0,Electron 191V,1.0,0,0.0,300.0,/Users/rkfuentes/Documents/md_anderson_analysis/yepes_code/data/2025-11-20/scope-results-2025-11-20-0616.csv,3.9772962666666654e-08,3.9772962666666654e-08,0,0,0,0,50 ohms time 0.01
,SiC,1.0,Electron 191V,1.0,0,0.0,300.0,/Users/rkfuentes/Documents/md_anderson_analysis/yepes_code/data/2025-11-20/scope-results-2025-11-20-0617.csv,9.385786666666713e-09,9.385786666666713e-09,0,0,0,0,50 ohms time 0.01
,SiC,1.0,Electron 191V,1.0,0,0.0,300.0,/Users/rkfuentes/Documents/md_anderson_analysis/yepes_code/data/2025-11-20/scope-results-2025-11-20-0618.csv,2.721866666666654e-09,2.721866666666654e-09,0,0,0,0,50 ohms time 0.01
,SiC,1.0,Electron 191V,1.0,0,0.0,300.0,/Users/rkfuentes/Documents/md_anderson_analysis/yepes_code/data/2025-11-20/scope-results-2025-11-20-0619.csv,2.0873173333333303e-09,2.0873173333333303e-09,0,0,0,0,50 ohms time 0.01
,SiC,1.0,Electron 191V,1.0,0,0.0,300.0,/Users/rkfuentes/Documents/md_anderson_analysis/yepes_code/data/2025-11-20/scope-results-2025-11-20-0620.csv,4.787493333333329e-08,4.787493333333329e-08,0,0,0,0,50 ohms time 0.01
,SiC,1.0,Electron 85V,1.0,0,0.0,40.0,/Users/rkfuentes/Documents/md_anderson_analysis/yepes_code/data/2025-11-20/scope-results-2025-11-20-0741.csv,4.878194666666834e-10,4.878194666666834e-10,0,0,0,0,50 ohms time 0.01
,SiC,1.0,Electron 85V,1.0,0,0.0,40.0,/Users/rkfuentes/Documents/md_anderson_analysis/yepes_code/data/2025-11-20/scope-results-2025-11-20-0742.csv,4.0414533333333415e-10,4.0414533333333415e-10,0,0,0,0,50 ohms time 0.01
,SiC,1.0,Electron 85V,1.0,0,0.0,40.0,/Users/rkfuentes/Documents/md_anderson_analysis/yepes_code/data/2025-11-20/scope-results-2025-11-20-0743.csv,2.8887306666663515e-10,2.8887306666663515e-10,0,0,0,0,50 ohms time 0.01
,SiC,1.0,Electron 85V,1.0,0,0.0,40.0,/Users/rkfuentes/Documents/md_anderson_analysis/yepes_code/data/2025-11-20/scope-results-2025-11-20-0745.csv,3.5089013333330003e-10,3.5089013333330003e-10,0,0,0,0,50 ohms time 0.01
,SiC,1.0,Electron 85V,1.0,0,0.0,40.0,/Users/rkfuentes/Documents/md_anderson_analysis/yepes_code/data/2025-11-20/scope-results-2025-11-20-0746.csv,6.53000533333341e-10,6.53000533333341e-10,0,0,0,0,50 ohms time 0.01
,SiC,1.0,Electron 85V,1.0,0,0.0,40.0,/Users/rkfuentes/Documents/md_anderson_analysis/yepes_code/data/2025-11-20/scope-results-2025-11-20-0747.csv,3.7344213333333736e-10,3.7344213333333736e-10,0,0,0,0,50 ohms time 0.01
,SiC,1.0,Electron 85V,1.0,0,0.0,40.0,/Users/rkfuentes/Documents/md_anderson_analysis/yepes_code/data/2025-11-20/scope-results-2025-11-20-0749.csv,2.7943199999998935e-10,2.7943199999998935e-10,0,0,0,0,50 ohms time 0.01
,SiC,1.0,Electron 110V,1.0,0,0.0,40.0,/Users/rkfuentes/Documents/md_anderson_analysis/yepes_code/data/2025-11-20/scope-results-2025-11-20-0751.csv,4.071857066666663e-09,4.071857066666663e-09,0,0,0,0,50 ohms time 0.01
,SiC,1.0,Electron 110V,1.0,0,0.0,40.0,/Users/rkfuentes/Documents/md_anderson_analysis/yepes_code/data/2025-11-20/scope-results-2025-11-20-0752.csv,6.134072000000075e-09,6.134072000000075e-09,0,0,0,0,50 ohms time 0.01
,SiC,1.0,Electron 110V,1.0,0,0.0,40.0,/Users/rkfuentes/Documents/md_anderson_analysis/yepes_code/data/2025-11-20/scope-results-2025-11-20-0753.csv,4.585584000000005e-09,4.585584000000005e-09,0,0,0,0,50 ohms time 0.01
,SiC,1.0,Electron 110V,1.0,0,0.0,40.0,/Users/rkfuentes/Documents/md_anderson_analysis/yepes_code/data/2025-11-20/scope-results-2025-11-20-0754.csv,4.076296000000046e-09,4.076296000000046e-09,0,0,0,0,50 ohms time 0.01
,SiC,1.0,Electron 110V,1.0,0,0.0,40.0,/Users/rkfuentes/Documents/md_anderson_analysis/yepes_code/data/2025-11-20/scope-results-2025-11-20-0758.csv,4.1302336000000046e-09,4.1302336000000046e-09,0,0,0,0,50 ohms time 0.01
,SiC,1.0,Electron 85V,1.0,0,0.0,40.0,/Users/rkfuentes/Documents/md_anderson_analysis/yepes_code/data/2025-11-20/scope-results-2025-11-20-0885.csv,3.5307760000000656e-10,3.5307760000000656e-10,0,0,0,0,50 ohms time 0.01
,SiC,1.0,Electron 85V,1.0,0,0.0,40.0,/Users/rkfuentes/Documents/md_anderson_analysis/yepes_code/data/2025-11-20/scope-results-2025-11-20-0887.csv,3.2565333333333216e-10,3.2565333333333216e-10,0,0,0,0,50 ohms time 0.01
,SiC,1.0,Electron 85V,1.0,0,0.0,40.0,/Users/rkfuentes/Documents/md_anderson_analysis/yepes_code/data/2025-11-20/scope-results-2025-11-20-0888.csv,1.95271999999986e-10,1.95271999999986e-10,0,0,0,0,50 ohms time 0.01
,SiC,1.0,Electron 85V,1.0,0,0.0,40.0,/Users/rkfuentes/Documents/md_anderson_analysis/yepes_code/data/2025-11-20/scope-results-2025-11-20-0890.csv,2.8526426666668196e-10,2.8526426666668196e-10,0,0,0,0,50 ohms time 0.01
,SiC,1.0,Electron 85V,1.0,0,0.0,40.0,/Users/rkfuentes/Documents/md_anderson_analysis/yepes_code/data/2025-11-20/scope-results-2025-11-20-0893.csv,3.2447466666663784e-10,3.2447466666663784e-10,0,0,0,0,50 ohms time 0.01
,SiC,1.0,Electron 85V,1.0,0,0.0,40.0,/Users/rkfuentes/Documents/md_anderson_analysis/yepes_code/data/2025-11-20/scope-results-2025-11-20-0894.csv,4.038282666666727e-10,4.038282666666727e-10,0,0,0,0,50 ohms time 0.01
,SiC,1.0,Electron 85V,1.0,0,0.0,40.0,/Users/rkfuentes/Documents/md_anderson_analysis/yepes_code/data/2025-11-20/scope-results-2025-11-20-0897.csv,1.3562415999999402e-09,1.3562415999999402e-09,0,0,0,0,50 ohms time 0.01
,SiC,1.0,Electron 110V,1.0,0,0.0,40.0,/Users/rkfuentes/Documents/md_anderson_analysis/yepes_code/data/2025-11-20/scope-results-2025-11-20-0943.csv,2.105187466666668e-09,2.105187466666668e-09,0,0,0,0,50 ohms time 0.01
,SiC,1.0,Electron 110V,1.0,0,0.0,40.0,/Users/rkfuentes/Documents/md_anderson_analysis/yepes_code/data/2025-11-20/scope-results-2025-11-20-0945.csv,2.107912000000003e-09,2.107912000000003e-09,0,0,0,0,50 ohms time 0.01
,SiC,1.0,Electron 110V,1.0,0,0.0,40.0,/Users/rkfuentes/Documents/md_anderson_analysis/yepes_code/data/2025-11-20/scope-results-2025-11-20-0946.csv,2.260838399999984e-09,2.260838399999984e-09,0,0,0,0,50 ohms time 0.01
,SiC,1.0,Electron 110V,1.0,0,0.0,40.0,/Users/rkfuentes/Documents/md_anderson_analysis/yepes_code/data/2025-11-20/scope-results-2025-11-20-0947.csv,1.061558133333307e-09,1.061558133333307e-09,0,0,0,0,50 ohms time 0.01
,SiC,1.0,Electron 110V,1.0,0,0.0,40.0,/Users/rkfuentes/Documents/md_anderson_analysis/yepes_code/data/2025-11-20/scope-results-2025-11-20-0953.csv,8.15502933333339e-10,8.15502933333339e-10,0,0,0,0,50 ohms time 0.01
,SiC,1.0,Electron 85V,1.0,0,0.0,40.0,/Users/rkfuentes/Documents/md_anderson_analysis/yepes_code/data/2025-11-20/scope-results-2025-11-20-1067.csv,3.245999999999735e-10,3.245999999999735e-10,0,0,0,0,50 ohms time 0.01
,SiC,1.0,Electron 85V,1.0,0,0.0,40.0,/Users/rkfuentes/Documents/md_anderson_analysis/yepes_code/data/2025-11-20/scope-results-2025-11-20-1068.csv,2.193119999999744e-10,2.193119999999744e-10,0,0,0,0,50 ohms time 0.01
,SiC,1.0,Electron 85V,1.0,0,0.0,40.0,/Users/rkfuentes/Documents/md_anderson_analysis/yepes_code/data/2025-11-20/scope-results-2025-11-20-1069.csv,4.4862959999998693e-10,4.4862959999998693e-10,0,0,0,0,50 ohms time 0.01
,SiC,1.0,Electron 85V,1.0,0,0.0,40.0,/Users/rkfuentes/Documents/md_anderson_analysis/yepes_code/data/2025-11-20/scope-results-2025-11-20-1070.csv,1.0640378830083538e-09,1.0640378830083538e-09,0,0,0,0,50 ohms time 0.01
,SiC,1.0,Electron 85V,1.0,0,0.0,40.0,/Users/rkfuentes/Documents/md_anderson_analysis/yepes_code/data/2025-11-20/scope-results-2025-11-20-1071.csv,2.9197866666667625e-10,2.9197866666667625e-10,0,0,0,0,50 ohms time 0.01
,SiC,1.0,Electron 85V,1.0,0,0.0,40.0,/Users/rkfuentes/Documents/md_anderson_analysis/yepes_code/data/2025-11-20/scope-results-2025-11-20-1072.csv,2.5125893333334256e-10,2.5125893333334256e-10,0,0,0,0,50 ohms time 0.01
,SiC,1.0,Electron 85V,1.0,0,0.0,40.0,/Users/rkfuentes/Documents/md_anderson_analysis/yepes_code/data/2025-11-20/scope-results-2025-11-20-1075.csv,1.6276853333332233e-10,1.6276853333332233e-10,0,0,0,0,50 ohms time 0.01
,SiC,1.0,Electron 110V,1.0,0,0.0,40.0,/Users/rkfuentes/Documents/md_anderson_analysis/yepes_code/data/2025-11-20/scope-results-2025-11-20-1121.csv,5.54169333333334e-10,5.54169333333334e-10,0,0,0,0,50 ohms time 0.01
,SiC,1.0,Electron 110V,1.0,0,0.0,40.0,/Users/rkfuentes/Documents/md_anderson_analysis/yepes_code/data/2025-11-20/scope-results-2025-11-20-1122.csv,4.5357333333336e-10,4.5357333333336e-10,0,0,0,0,50 ohms time 0.01
,SiC,1.0,Electron 110V,1.0,0,0.0,40.0,/Users/rkfuentes/Documents/md_anderson_analysis/yepes_code/data/2025-11-20/scope-results-2025-11-20-1123.csv,1.0195002666666859e-09,1.0195002666666859e-09,0,0,0,0,50 ohms time 0.01
,SiC,1.0,Electron 110V,1.0,0,0.0,40.0,/Users/rkfuentes/Documents/md_anderson_analysis/yepes_code/data/2025-11-20/scope-results-2025-11-20-1124.csv,1.4118890666666755e-09,1.4118890666666755e-09,0,0,0,0,50 ohms time 0.01
,SiC,1.0,Electron 110V,1.0,0,0.0,40.0,/Users/rkfuentes/Documents/md_anderson_analysis/yepes_code/data/2025-11-20/scope-results-2025-11-20-1125.csv,1.333435199999959e-09,1.333435199999959e-09,0,0,0,0,50 ohms time 0.01
,SiC,1.0,Electron 110V,1.0,0,0.0,40.0,/Users/rkfuentes/Documents/md_anderson_analysis/yepes_code/data/2025-11-20/scope-results-2025-11-20-1126.csv,1.10754293333329e-09,1.10754293333329e-09,0,0,0,0,50 ohms time 0.01
,SiC,1.0,Electron 110V,1.0,0,0.0,40.0,/Users/rkfuentes/Documents/md_anderson_analysis/yepes_code/data/2025-11-20/scope-results-2025-11-20-1128.csv,4.670629333333299e-10,4.670629333333299e-10,0,0,0,0,50 ohms time 0.01
,SiC,1.0,Electron 110V,1.0,0,0.0,40.0,/Users/rkfuentes/Documents/md_anderson_analysis/yepes_code/data/2025-11-20/scope-results-2025-11-20-1130.csv,9.864949333333156e-10,9.864949333333156e-10,0,0,0,0,50 ohms time 0.01
,SiC,1.0,Electron 110V,1.0,0,0.0,40.0,/Users/rkfuentes/Documents/md_anderson_analysis/yepes_code/data/2025-11-20/scope-results-2025-11-20-1131.csv,1.4400767999999724e-09,1.4400767999999724e-09,0,0,0,0,50 ohms time 0.01
,SiC,1.0,Electron 110V,1.0,0,0.0,40.0,/Users/rkfuentes/Documents/md_anderson_analysis/yepes_code/data/2025-11-20/scope-results-2025-11-20-1134.csv,5.898432000000084e-10,5.898432000000084e-10,0,0,0,0,50 ohms time 0.01
,SiC,1.0,Electron 191V,1.0,0,0.0,40.0,/Users/rkfuentes/Documents/md_anderson_analysis/yepes_code/data/2025-11-20/scope-results-2025-11-20-1180.csv,7.96426133333334e-09,7.96426133333334e-09,0,0,0,0,50 ohms time 0.01
,SiC,1.0,Electron 191V,1.0,0,0.0,40.0,/Users/rkfuentes/Documents/md_anderson_analysis/yepes_code/data/2025-11-20/scope-results-2025-11-20-1182.csv,8.429538933333318e-09,8.429538933333318e-09,0,0,0,0,50 ohms time 0.01
,SiC,1.0,Electron 191V,1.0,0,0.0,40.0,/Users/rkfuentes/Documents/md_anderson_analysis/yepes_code/data/2025-11-20/scope-results-2025-11-20-1188.csv,8.446778666666653e-09,8.446778666666653e-09,0,0,0,0,50 ohms time 0.01
,SiC,1.0,Electron 85V,1.0,0,0.0,40.0,/Users/rkfuentes/Documents/md_anderson_analysis/yepes_code/data/2025-11-20/scope-results-2025-11-20-1238.csv,1.6500719999997078e-10,1.6500719999997078e-10,0,0,0,0,50 ohms time 0.01
,SiC,1.0,Electron 85V,1.0,0,0.0,40.0,/Users/rkfuentes/Documents/md_anderson_analysis/yepes_code/data/2025-11-20/scope-results-2025-11-20-1241.csv,7.860666666669512e-11,7.860666666669512e-11,0,0,0,0,50 ohms time 0.01
,SiC,1.0,Electron 85V,1.0,0,0.0,40.0,/Users/rkfuentes/Documents/md_anderson_analysis/yepes_code/data/2025-11-20/scope-results-2025-11-20-1243.csv,2.2697333333332848e-10,2.2697333333332848e-10,0,0,0,0,50 ohms time 0.01
,SiC,1.0,Electron 85V,1.0,0,0.0,40.0,/Users/rkfuentes/Documents/md_anderson_analysis/yepes_code/data/2025-11-20/scope-results-2025-11-20-1245.csv,3.7413066666666734e-10,3.7413066666666734e-10,0,0,0,0,50 ohms time 0.01
,SiC,1.0,Electron 85V,1.0,0,0.0,40.0,/Users/rkfuentes/Documents/md_anderson_analysis/yepes_code/data/2025-11-20/scope-results-2025-11-20-1246.csv,2.4864586666666207e-10,2.4864586666666207e-10,0,0,0,0,50 ohms time 0.01
,SiC,1.0,Electron 85V,1.0,0,0.0,40.0,/Users/rkfuentes/Documents/md_anderson_analysis/yepes_code/data/2025-11-20/scope-results-2025-11-20-1248.csv,3.561586666666508e-10,3.561586666666508e-10,0,0,0,0,50 ohms time 0.01
,SiC,1.0,Electron 110V,1.0,0,0.0,40.0,/Users/rkfuentes/Documents/md_anderson_analysis/yepes_code/data/2025-11-20/scope-results-2025-11-20-1288.csv,2.955514666666777e-10,2.955514666666777e-10,0,0,0,0,50 ohms time 0.01
,SiC,1.0,Electron 110V,1.0,0,0.0,40.0,/Users/rkfuentes/Documents/md_anderson_analysis/yepes_code/data/2025-11-20/scope-results-2025-11-20-1290.csv,4.6438213333334165e-10,4.6438213333334165e-10,0,0,0,0,50 ohms time 0.01
,SiC,1.0,Electron 110V,1.0,0,0.0,40.0,/Users/rkfuentes/Documents/md_anderson_analysis/yepes_code/data/2025-11-20/scope-results-2025-11-20-1291.csv,3.6905546666667167e-10,3.6905546666667167e-10,0,0,0,0,50 ohms time 0.01
,SiC,1.0,Electron 110V,1.0,0,0.0,40.0,/Users/rkfuentes/Documents/md_anderson_analysis/yepes_code/data/2025-11-20/scope-results-2025-11-20-1292.csv,2.5584533333331317e-10,2.5584533333331317e-10,0,0,0,0,50 ohms time 0.01
,SiC,1.0,Electron 110V,1.0,0,0.0,40.0,/Users/rkfuentes/Documents/md_anderson_analysis/yepes_code/data/2025-11-20/scope-results-2025-11-20-1293.csv,1.9526970666666446e-09,1.9526970666666446e-09,0,0,0,0,50 ohms time 0.01
,SiC,1.0,Electron 110V,1.0,0,0.0,40.0,/Users/rkfuentes/Documents/md_anderson_analysis/yepes_code/data/2025-11-20/scope-results-2025-11-20-1294.csv,3.043706666666924e-10,3.043706666666924e-10,0,0,0,0,50 ohms time 0.01
,SiC,1.0,Electron 110V,1.0,0,0.0,40.0,/Users/rkfuentes/Documents/md_anderson_analysis/yepes_code/data/2025-11-20/scope-results-2025-11-20-1296.csv,1.5291506666666711e-09,1.5291506666666711e-09,0,0,0,0,50 ohms time 0.01
,SiC,1.0,Electron 110V,1.0,0,0.0,40.0,/Users/rkfuentes/Documents/md_anderson_analysis/yepes_code/data/2025-11-20/scope-results-2025-11-20-1298.csv,2.4212800000000357e-10,2.4212800000000357e-10,0,0,0,0,50 ohms time 0.01
,SiC,1.0,Electron 110V,1.0,0,0.0,40.0,/Users/rkfuentes/Documents/md_anderson_analysis/yepes_code/data/2025-11-20/scope-results-2025-11-20-1299.csv,2.2229706666666518e-10,2.2229706666666518e-10,0,0,0,0,50 ohms time 0.01
,SiC,1.0,Electron 191V,1.0,0,0.0,40.0,/Users/rkfuentes/Documents/md_anderson_analysis/yepes_code/data/2025-11-20/scope-results-2025-11-20-1344.csv,4.573181866666641e-09,4.573181866666641e-09,0,0,0,0,50 ohms time 0.01
,SiC,1.0,Electron 191V,1.0,0,0.0,40.0,/Users/rkfuentes/Documents/md_anderson_analysis/yepes_code/data/2025-11-20/scope-results-2025-11-20-1346.csv,4.131782399999964e-09,4.131782399999964e-09,0,0,0,0,50 ohms time 0.01
,SiC,1.0,Electron 191V,1.0,0,0.0,40.0,/Users/rkfuentes/Documents/md_anderson_analysis/yepes_code/data/2025-11-20/scope-results-2025-11-20-1349.csv,4.661365333333315e-09,4.661365333333315e-09,0,0,0,0,50 ohms time 0.01
,SiC,1.0,Electron 191V,1.0,0,0.0,40.0,/Users/rkfuentes/Documents/md_anderson_analysis/yepes_code/data/2025-11-20/scope-results-2025-11-20-1350.csv,3.241431466666667e-09,3.241431466666667e-09,0,0,0,0,50 ohms time 0.01
,SiC,1.0,Electron 191V,1.0,0,0.0,40.0,/Users/rkfuentes/Documents/md_anderson_analysis/yepes_code/data/2025-11-20/scope-results-2025-11-20-1353.csv,4.440004533333334e-09,4.440004533333334e-09,0,0,0,0,50 ohms time 0.01
,SiC,1.0,Electron 191V,1.0,0,0.0,40.0,/Users/rkfuentes/Documents/md_anderson_analysis/yepes_code/data/2025-11-20/scope-results-2025-11-20-1355.csv,4.009019733333367e-09,4.009019733333367e-09,0,0,0,0,50 ohms time 0.01
,SiC,1.0,Electron 85V,1.0,0,0.0,40.0,/Users/rkfuentes/Documents/md_anderson_analysis/yepes_code/data/2025-11-20/scope-results-2025-11-20-1403.csv,1.202691803278641e-09,1.202691803278641e-09,0,0,0,0,50 ohms time 0.01
,SiC,1.0,Electron 85V,1.0,0,0.0,40.0,/Users/rkfuentes/Documents/md_anderson_analysis/yepes_code/data/2025-11-20/scope-results-2025-11-20-1406.csv,3.8717066666663357e-10,3.8717066666663357e-10,0,0,0,0,50 ohms time 0.01
,SiC,1.0,Electron 85V,1.0,0,0.0,40.0,/Users/rkfuentes/Documents/md_anderson_analysis/yepes_code/data/2025-11-20/scope-results-2025-11-20-1407.csv,3.085066666666461e-10,3.085066666666461e-10,0,0,0,0,50 ohms time 0.01
,SiC,1.0,Electron 85V,1.0,0,0.0,40.0,/Users/rkfuentes/Documents/md_anderson_analysis/yepes_code/data/2025-11-20/scope-results-2025-11-20-1409.csv,3.0965146666658744e-10,3.0965146666658744e-10,0,0,0,0,50 ohms time 0.01
,SiC,1.0,Electron 85V,1.0,0,0.0,40.0,/Users/rkfuentes/Documents/md_anderson_analysis/yepes_code/data/2025-11-20/scope-results-2025-11-20-1411.csv,1.7947733333333566e-10,1.7947733333333566e-10,0,0,0,0,50 ohms time 0.01
,SiC,1.0,Electron 85V,1.0,0,0.0,40.0,/Users/rkfuentes/Documents/md_anderson_analysis/yepes_code/data/2025-11-20/scope-results-2025-11-20-1412.csv,1.7885866666666814e-10,1.7885866666666814e-10,0,0,0,0,50 ohms time 0.01
,SiC,1.0,Electron 110V,1.0,0,0.0,40.0,/Users/rkfuentes/Documents/md_anderson_analysis/yepes_code/data/2025-11-20/scope-results-2025-11-20-1453.csv,3.008839999999912e-10,3.008839999999912e-10,0,0,0,0,50 ohms time 0.01
,SiC,1.0,Electron 110V,1.0,0,0.0,40.0,/Users/rkfuentes/Documents/md_anderson_analysis/yepes_code/data/2025-11-20/scope-results-2025-11-20-1454.csv,2.2387733333331303e-10,2.2387733333331303e-10,0,0,0,0,50 ohms time 0.01
,SiC,1.0,Electron 110V,1.0,0,0.0,40.0,/Users/rkfuentes/Documents/md_anderson_analysis/yepes_code/data/2025-11-20/scope-results-2025-11-20-1456.csv,1.8974933333330996e-10,1.8974933333330996e-10,0,0,0,0,50 ohms time 0.01
,SiC,1.0,Electron 110V,1.0,0,0.0,40.0,/Users/rkfuentes/Documents/md_anderson_analysis/yepes_code/data/2025-11-20/scope-results-2025-11-20-1459.csv,2.1721413333330428e-10,2.1721413333330428e-10,0,0,0,0,50 ohms time 0.01
,SiC,1.0,Electron 110V,1.0,0,0.0,40.0,/Users/rkfuentes/Documents/md_anderson_analysis/yepes_code/data/2025-11-20/scope-results-2025-11-20-1461.csv,2.0913919999998303e-10,2.0913919999998303e-10,0,0,0,0,50 ohms time 0.01
,SiC,1.0,Electron 191V,1.0,0,0.0,40.0,/Users/rkfuentes/Documents/md_anderson_analysis/yepes_code/data/2025-11-20/scope-results-2025-11-20-1494.csv,2.533852533333341e-09,2.533852533333341e-09,0,0,0,0,50 ohms time 0.01
,SiC,1.0,Electron 191V,1.0,0,0.0,40.0,/Users/rkfuentes/Documents/md_anderson_analysis/yepes_code/data/2025-11-20/scope-results-2025-11-20-1495.csv,1.1904093333333358e-09,1.1904093333333358e-09,0,0,0,0,50 ohms time 0.01
,SiC,1.0,Electron 191V,1.0,0,0.0,40.0,/Users/rkfuentes/Documents/md_anderson_analysis/yepes_code/data/2025-11-20/scope-results-2025-11-20-1496.csv,2.521662133333341e-09,2.521662133333341e-09,0,0,0,0,50 ohms time 0.01
,SiC,1.0,Electron 191V,1.0,0,0.0,40.0,/Users/rkfuentes/Documents/md_anderson_analysis/yepes_code/data/2025-11-20/scope-results-2025-11-20-1497.csv,2.7289853333333143e-09,2.7289853333333143e-09,0,0,0,0,50 ohms time 0.01
,SiC,1.0,Electron 191V,1.0,0,0.0,40.0,/Users/rkfuentes/Documents/md_anderson_analysis/yepes_code/data/2025-11-20/scope-results-2025-11-20-1498.csv,2.243241599999977e-09,2.243241599999977e-09,0,0,0,0,50 ohms time 0.01
,SiC,1.0,Electron 191V,1.0,0,0.0,40.0,/Users/rkfuentes/Documents/md_anderson_analysis/yepes_code/data/2025-11-20/scope-results-2025-11-20-1499.csv,1.2548906666666663e-09,1.2548906666666663e-09,0,0,0,0,50 ohms time 0.01
,SiC,1.0,Electron 191V,1.0,0,0.0,40.0,/Users/rkfuentes/Documents/md_anderson_analysis/yepes_code/data/2025-11-20/scope-results-2025-11-20-1500.csv,9.829061333333263e-10,9.829061333333263e-10,0,0,0,0,50 ohms time 0.01
,SiC,1.0,Electron 191V,1.0,0,0.0,40.0,/Users/rkfuentes/Documents/md_anderson_analysis/yepes_code/data/2025-11-20/scope-results-2025-11-20-1502.csv,6.89109333333327e-10,6.89109333333327e-10,0,0,0,0,50 ohms time 0.01
,SiC,1.0,Electron 191V,1.0,0,0.0,40.0,/Users/rkfuentes/Documents/md_anderson_analysis/yepes_code/data/2025-11-20/scope-results-2025-11-20-1503.csv,2.454762666666666e-09,2.454762666666666e-09,0,0,0,0,50 ohms time 0.01
,SiC,1.0,Electron 191V,1.0,0,0.0,40.0,/Users/rkfuentes/Documents/md_anderson_analysis/yepes_code/data/2025-11-20/scope-results-2025-11-20-1504.csv,1.037975999999988e-09,1.037975999999988e-09,0,0,0,0,50 ohms time 0.01
,SiC,1.0,Electron 191V,1.0,0,0.0,40.0,/Users/rkfuentes/Documents/md_anderson_analysis/yepes_code/data/2025-11-20/scope-results-2025-11-20-1574.csv,7.507120000000016e-09,7.507120000000016e-09,0,0,0,0,50 ohms time 0.01 no collimator
,SiC,1.0,Electron 191V,1.0,0,0.0,40.0,/Users/rkfuentes/Documents/md_anderson_analysis/yepes_code/data/2025-11-20/scope-results-2025-11-20-1575.csv,5.049999999999982e-09,5.049999999999982e-09,0,0,0,0,50 ohms time 0.01 no collimator
,SiC,1.0,Electron 191V,1.0,0,0.0,40.0,/Users/rkfuentes/Documents/md_anderson_analysis/yepes_code/data/2025-11-20/scope-results-2025-11-20-1576.csv,7.94700000000001e-09,7.94700000000001e-09,0,0,0,0,50 ohms time 0.01 no collimator
,SiC,1.0,Electron 110V,1.0,0,0.0,40.0,/Users/rkfuentes/Documents/md_anderson_analysis/yepes_code/data/2025-11-20/scope-results-2025-11-20-1577.csv,2.3303705333333332e-08,2.3303705333333332e-08,0,0,0,0,50 ohms time 0.01 no collimator
,SiC,1.0,Electron 85V,1.0,0,0.0,200.0,/Users/rkfuentes/Documents/md_anderson_analysis/yepes_code/data/2025-11-20/scope-results-2025-11-20-1607.csv,3.6475506666666492e-09,3.6475506666666492e-09,0,0,0,0,50 ohms time 0.01 no collimator
,SiC,1.0,Electron 85V,1.0,0,0.0,200.0,/Users/rkfuentes/Documents/md_anderson_analysis/yepes_code/data/2025-11-20/scope-results-2025-11-20-1608.csv,2.640307999999999e-09,2.640307999999999e-09,0,0,0,0,50 ohms time 0.01 no collimator
,SiC,1.0,Electron 85V,1.0,0,0.0,200.0,/Users/rkfuentes/Documents/md_anderson_analysis/yepes_code/data/2025-11-20/scope-results-2025-11-20-1609.csv,2.542695999999937e-09,2.542695999999937e-09,0,0,0,0,50 ohms time 0.01 no collimator
,SiC,1.0,Electron 85V,1.0,0,0.0,200.0,/Users/rkfuentes/Documents/md_anderson_analysis/yepes_code/data/2025-11-20/scope-results-2025-11-20-1610.csv,4.2502533333333774e-09,4.2502533333333774e-09,0,0,0,0,50 ohms time 0.01 no collimator
,SiC,1.0,Electron 85V,1.0,0,0.0,200.0,/Users/rkfuentes/Documents/md_anderson_analysis/yepes_code/data/2025-11-20/scope-results-2025-11-20-1611.csv,4.789981333333354e-09,4.789981333333354e-09,0,0,0,0,50 ohms time 0.01 no collimator
,SiC,1.0,Electron 85V,1.0,0,0.0,200.0,/Users/rkfuentes/Documents/md_anderson_analysis/yepes_code/data/2025-11-20/scope-results-2025-11-20-1612.csv,3.8970853333333215e-09,3.8970853333333215e-09,0,0,0,0,50 ohms time 0.01 no collimator
,SiC,1.0,Electron 85V,1.0,0,0.0,200.0,/Users/rkfuentes/Documents/md_anderson_analysis/yepes_code/data/2025-11-20/scope-results-2025-11-20-1613.csv,7.689173333333345e-09,7.689173333333345e-09,0,0,0,0,50 ohms time 0.01 no collimator
,SiC,1.0,Electron 85V,1.0,0,0.0,200.0,/Users/rkfuentes/Documents/md_anderson_analysis/yepes_code/data/2025-11-20/scope-results-2025-11-20-1614.csv,4.881693333333298e-09,4.881693333333298e-09,0,0,0,0,50 ohms time 0.01 no collimator
,SiC,1.0,Electron 85V,1.0,0,0.0,200.0,/Users/rkfuentes/Documents/md_anderson_analysis/yepes_code/data/2025-11-20/scope-results-2025-11-20-1615.csv,1.6081533333332883e-09,1.6081533333332883e-09,0,0,0,0,50 ohms time 0.01 no collimator
,SiC,1.0,Electron 85V,1.0,0,0.0,200.0,/Users/rkfuentes/Documents/md_anderson_analysis/yepes_code/data/2025-11-20/scope-results-2025-11-20-1616.csv,3.616053333333348e-09,3.616053333333348e-09,0,0,0,0,50 ohms time 0.01 no collimator
,SiC,1.0,Electron 110V,1.0,0,0.0,200.0,/Users/rkfuentes/Documents/md_anderson_analysis/yepes_code/data/2025-11-20/scope-results-2025-11-20-1655.csv,2.243136266666672e-08,2.243136266666672e-08,0,0,0,0,50 ohms time 0.01 no collimator
,SiC,1.0,Electron 110V,1.0,0,0.0,200.0,/Users/rkfuentes/Documents/md_anderson_analysis/yepes_code/data/2025-11-20/scope-results-2025-11-20-1656.csv,1.280396800000002e-08,1.280396800000002e-08,0,0,0,0,50 ohms time 0.01 no collimator
,SiC,1.0,Electron 110V,1.0,0,0.0,200.0,/Users/rkfuentes/Documents/md_anderson_analysis/yepes_code/data/2025-11-20/scope-results-2025-11-20-1658.csv,2.170604800000003e-08,2.170604800000003e-08,0,0,0,0,50 ohms time 0.01 no collimator
,SiC,1.0,Electron 110V,1.0,0,0.0,200.0,/Users/rkfuentes/Documents/md_anderson_analysis/yepes_code/data/2025-11-20/scope-results-2025-11-20-1659.csv,1.3196413333333699e-09,1.3196413333333699e-09,0,0,0,0,50 ohms time 0.01 no collimator
,SiC,1.0,Electron 110V,1.0,0,0.0,200.0,/Users/rkfuentes/Documents/md_anderson_analysis/yepes_code/data/2025-11-20/scope-results-2025-11-20-1661.csv,3.205965333333283e-09,3.205965333333283e-09,0,0,0,0,50 ohms time 0.01 no collimator
,SiC,1.0,Electron 110V,1.0,0,0.0,200.0,/Users/rkfuentes/Documents/md_anderson_analysis/yepes_code/data/2025-11-20/scope-results-2025-11-20-1663.csv,2.1317426666666676e-08,2.1317426666666676e-08,0,0,0,0,50 ohms time 0.01 no collimator
,SiC,1.0,Electron 110V,1.0,0,0.0,200.0,/Users/rkfuentes/Documents/md_anderson_analysis/yepes_code/data/2025-11-20/scope-results-2025-11-20-1664.csv,1.2486109333333334e-08,1.2486109333333334e-08,0,0,0,0,50 ohms time 0.01 no collimator
,SiC,1.0,Electron 110V,1.0,0,0.0,200.0,/Users/rkfuentes/Documents/md_anderson_analysis/yepes_code/data/2025-11-20/scope-results-2025-11-20-1665.csv,2.0484646666666652e-08,2.0484646666666652e-08,0,0,0,0,50 ohms time 0.01 no collimator
,SiC,1.0,Electron 110V,1.0,0,0.0,200.0,/Users/rkfuentes/Documents/md_anderson_analysis/yepes_code/data/2025-11-20/scope-results-2025-11-20-1666.csv,1.1933113333333362e-08,1.1933113333333362e-08,0,0,0,0,50 ohms time 0.01 no collimator
,SiC,1.0,Electron 110V,1.0,0,0.0,200.0,/Users/rkfuentes/Documents/md_anderson_analysis/yepes_code/data/2025-11-20/scope-results-2025-11-20-1667.csv,2.0627515999999996e-08,2.0627515999999996e-08,0,0,0,0,50 ohms time 0.01 no collimator
,SiC,1.0,Electron 110V,1.0,0,0.0,200.0,/Users/rkfuentes/Documents/md_anderson_analysis/yepes_code/data/2025-11-20/scope-results-2025-11-20-1668.csv,1.9597800000000007e-08,1.9597800000000007e-08,0,0,0,0,50 ohms time 0.01 no collimator
,SiC,1.0,Electron 85V,1.0,0,0.0,100.0,/Users/rkfuentes/Documents/md_anderson_analysis/yepes_code/data/2025-11-20/scope-results-2025-11-20-1798.csv,2.411825066666688e-09,2.411825066666688e-09,0,0,0,0,50 ohms time 0.01 no collimator
,SiC,1.0,Electron 85V,1.0,0,0.0,100.0,/Users/rkfuentes/Documents/md_anderson_analysis/yepes_code/data/2025-11-20/scope-results-2025-11-20-1799.csv,3.3768832000000126e-09,3.3768832000000126e-09,0,0,0,0,50 ohms time 0.01 no collimator
,SiC,1.0,Electron 85V,1.0,0,0.0,100.0,/Users/rkfuentes/Documents/md_anderson_analysis/yepes_code/data/2025-11-20/scope-results-2025-11-20-1801.csv,2.6043706666667062e-09,2.6043706666667062e-09,0,0,0,0,50 ohms time 0.01 no collimator
,SiC,1.0,Electron 85V,1.0,0,0.0,100.0,/Users/rkfuentes/Documents/md_anderson_analysis/yepes_code/data/2025-11-20/scope-results-2025-11-20-1802.csv,3.1783429333333902e-09,3.1783429333333902e-09,0,0,0,0,50 ohms time 0.01 no collimator
,SiC,1.0,Electron 85V,1.0,0,0.0,100.0,/Users/rkfuentes/Documents/md_anderson_analysis/yepes_code/data/2025-11-20/scope-results-2025-11-20-1803.csv,1.999931733333347e-09,1.999931733333347e-09,0,0,0,0,50 ohms time 0.01 no collimator
,SiC,1.0,Electron 85V,1.0,0,0.0,100.0,/Users/rkfuentes/Documents/md_anderson_analysis/yepes_code/data/2025-11-20/scope-results-2025-11-20-1804.csv,3.123821333333347e-09,3.123821333333347e-09,0,0,0,0,50 ohms time 0.01 no collimator
,SiC,1.0,Electron 85V,1.0,0,0.0,100.0,/Users/rkfuentes/Documents/md_anderson_analysis/yepes_code/data/2025-11-20/scope-results-2025-11-20-1805.csv,2.647935466666649e-09,2.647935466666649e-09,0,0,0,0,50 ohms time 0.01 no collimator
,SiC,1.0,Electron 85V,1.0,0,0.0,100.0,/Users/rkfuentes/Documents/md_anderson_analysis/yepes_code/data/2025-11-20/scope-results-2025-11-20-1806.csv,2.374921600000006e-09,2.374921600000006e-09,0,0,0,0,50 ohms time 0.01 no collimator
,SiC,1.0,Electron 85V,1.0,0,0.0,100.0,/Users/rkfuentes/Documents/md_anderson_analysis/yepes_code/data/2025-11-20/scope-results-2025-11-20-1807.csv,2.5718634666666815e-09,2.5718634666666815e-09,0,0,0,0,50 ohms time 0.01 no collimator
,SiC,1.0,Electron 85V,1.0,0,0.0,100.0,/Users/rkfuentes/Documents/md_anderson_analysis/yepes_code/data/2025-11-20/scope-results-2025-11-20-1808.csv,2.188052266666675e-09,2.188052266666675e-09,0,0,0,0,50 ohms time 0.01 no collimator
,SiC,1.0,Electron 110V,1.0,0,0.0,100.0,/Users/rkfuentes/Documents/md_anderson_analysis/yepes_code/data/2025-11-20/scope-results-2025-11-20-1869.csv,1.2876543999999994e-08,1.2876543999999994e-08,0,0,0,0,50 ohms time 0.01
,SiC,1.0,Electron 110V,1.0,0,0.0,100.0,/Users/rkfuentes/Documents/md_anderson_analysis/yepes_code/data/2025-11-20/scope-results-2025-11-20-1870.csv,1.3568860266666682e-08,1.3568860266666682e-08,0,0,0,0,50 ohms time 0.01
,SiC,1.0,Electron 110V,1.0,0,0.0,100.0,/Users/rkfuentes/Documents/md_anderson_analysis/yepes_code/data/2025-11-20/scope-results-2025-11-20-1871.csv,2.0804627200000027e-08,2.0804627200000027e-08,0,0,0,0,50 ohms time 0.01
,SiC,1.0,Electron 110V,1.0,0,0.0,100.0,/Users/rkfuentes/Documents/md_anderson_analysis/yepes_code/data/2025-11-20/scope-results-2025-11-20-1872.csv,2.741007332660613e-09,2.741007332660613e-09,0,0,0,0,50 ohms time 0.01
,SiC,1.0,Electron 110V,1.0,0,0.0,100.0,/Users/rkfuentes/Documents/md_anderson_analysis/yepes_code/data/2025-11-20/scope-results-2025-11-20-1873.csv,1.9837054933333337e-08,1.9837054933333337e-08,0,0,0,0,50 ohms time 0.01
,SiC,1.0,Electron 110V,1.0,0,0.0,100.0,/Users/rkfuentes/Documents/md_anderson_analysis/yepes_code/data/2025-11-20/scope-results-2025-11-20-1874.csv,2.0351815999999977e-08,2.0351815999999977e-08,0,0,0,0,50 ohms time 0.01
,SiC,1.0,Electron 110V,1.0,0,0.0,100.0,/Users/rkfuentes/Documents/md_anderson_analysis/yepes_code/data/2025-11-20/scope-results-2025-11-20-1875.csv,1.2657685333333344e-08,1.2657685333333344e-08,0,0,0,0,50 ohms time 0.01
,SiC,1.0,Electron 110V,1.0,0,0.0,100.0,/Users/rkfuentes/Documents/md_anderson_analysis/yepes_code/data/2025-11-20/scope-results-2025-11-20-1876.csv,1.8951546666666672e-08,1.8951546666666672e-08,0,0,0,0,50 ohms time 0.01
,SiC,1.0,Electron 110V,1.0,0,0.0,100.0,/Users/rkfuentes/Documents/md_anderson_analysis/yepes_code/data/2025-11-20/scope-results-2025-11-20-1877.csv,1.9647692266666674e-08,1.9647692266666674e-08,0,0,0,0,50 ohms time 0.01
,SiC,1.0,Electron 110V,1.0,0,0.0,100.0,/Users/rkfuentes/Documents/md_anderson_analysis/yepes_code/data/2025-11-20/scope-results-2025-11-20-1878.csv,1.3833807466666673e-08,1.3833807466666673e-08,0,0,0,0,50 ohms time 0.01
,SiC,1.0,Electron 110V,1.0,0,0.0,100.0,/Users/rkfuentes/Documents/md_anderson_analysis/yepes_code/data/2025-11-20/scope-results-2025-11-20-1879.csv,1.9679568533333332e-08,1.9679568533333332e-08,0,0,0,0,50 ohms time 0.01
,SiC,1.0,Electron 110V,1.0,0,0.0,100.0,/Users/rkfuentes/Documents/md_anderson_analysis/yepes_code/data/2025-11-20/scope-results-2025-11-20-1880.csv,1.9347728533333308e-08,1.9347728533333308e-08,0,0,0,0,50 ohms time 0.01
,SiC,1.0,Electron 110V,1.0,0,0.0,100.0,/Users/rkfuentes/Documents/md_anderson_analysis/yepes_code/data/2025-11-20/scope-results-2025-11-20-1881.csv,1.9326335466666676e-08,1.9326335466666676e-08,0,0,0,0,50 ohms time 0.01
,SiC,1.0,Electron 110V,1.0,0,0.0,10.0,/Users/rkfuentes/Documents/md_anderson_analysis/yepes_code/data/2025-11-20/scope-results-2025-11-20-1937.csv,9.815940266666683e-09,9.815940266666683e-09,0,0,0,0,50 ohms time 0.01
,SiC,1.0,Electron 110V,1.0,0,0.0,10.0,/Users/rkfuentes/Documents/md_anderson_analysis/yepes_code/data/2025-11-20/scope-results-2025-11-20-1938.csv,8.643949333333339e-09,8.643949333333339e-09,0,0,0,0,50 ohms time 0.01
,SiC,1.0,Electron 191V,1.0,0,0.0,10.0,/Users/rkfuentes/Documents/md_anderson_analysis/yepes_code/data/2025-11-20/scope-results-2025-11-20-1968.csv,6.3616112e-08,6.3616112e-08,0,0,0,0,50 ohms time 0.01
,SiC,1.0,Electron 191V,1.0,0,0.0,10.0,/Users/rkfuentes/Documents/md_anderson_analysis/yepes_code/data/2025-11-20/scope-results-2025-11-20-1971.csv,6.350478186666669e-08,6.350478186666669e-08,0,0,0,0,50 ohms time 0.01
,SiC,1.0,Electron 110V,1.0,0,0.0,10.0,/Users/rkfuentes/Documents/md_anderson_analysis/yepes_code/data/2025-11-20/scope-results-2025-11-20-1999.csv,3.978830400000001e-09,3.978830400000001e-09,0,0,0,0,50 ohms time 0.01
,SiC,1.0,Electron 110V,1.0,0,0.0,10.0,/Users/rkfuentes/Documents/md_anderson_analysis/yepes_code/data/2025-11-20/scope-results-2025-11-20-2000.csv,3.89959466666667e-09,3.89959466666667e-09,0,0,0,0,50 ohms time 0.01
,SiC,1.0,Electron 85V,2.0,0,0.0,40.0,/Users/rkfuentes/Documents/md_anderson_analysis/yepes_code/data/2025-11-20/scope-results-2025-11-20-0050.csv,3.624223999999963e-09,3.624223999999963e-09,0,0,0,0,50 ohms
,SiC,1.0,Electron 85V,2.0,0,0.0,40.0,/Users/rkfuentes/Documents/md_anderson_analysis/yepes_code/data/2025-11-20/scope-results-2025-11-20-0052.csv,3.4212253333333342e-09,3.4212253333333342e-09,0,0,0,0,50 ohms
,SiC,1.0,Electron 85V,2.0,0,0.0,40.0,/Users/rkfuentes/Documents/md_anderson_analysis/yepes_code/data/2025-11-20/scope-results-2025-11-20-0055.csv,3.40082133333334e-09,3.40082133333334e-09,0,0,0,0,50 ohms
,SiC,1.0,Electron 85V,2.0,0,0.0,40.0,/Users/rkfuentes/Documents/md_anderson_analysis/yepes_code/data/2025-11-20/scope-results-2025-11-20-0064.csv,3.397658666666665e-09,3.397658666666665e-09,0,0,0,0,50 ohms
,SiC,1.0,Electron 110V,2.0,0,0.0,40.0,/Users/rkfuentes/Documents/md_anderson_analysis/yepes_code/data/2025-11-20/scope-results-2025-11-20-0114.csv,4.385542266666669e-08,4.385542266666669e-08,0,0,0,0,50 ohms time 0.01
,SiC,1.0,Electron 110V,2.0,0,0.0,40.0,/Users/rkfuentes/Documents/md_anderson_analysis/yepes_code/data/2025-11-20/scope-results-2025-11-20-0115.csv,4.3360380000000014e-08,4.3360380000000014e-08,0,0,0,0,50 ohms time 0.01
,SiC,1.0,Electron 110V,2.0,0,0.0,40.0,/Users/rkfuentes/Documents/md_anderson_analysis/yepes_code/data/2025-11-20/scope-results-2025-11-20-0117.csv,4.317593333333332e-08,4.317593333333332e-08,0,0,0,0,50 ohms time 0.01
,SiC,1.0,Electron 110V,2.0,0,0.0,40.0,/Users/rkfuentes/Documents/md_anderson_analysis/yepes_code/data/2025-11-20/scope-results-2025-11-20-0118.csv,4.4013373333333393e-08,4.4013373333333393e-08,0,0,0,0,50 ohms time 0.01
,SiC,1.0,Electron 110V,2.0,0,0.0,40.0,/Users/rkfuentes/Documents/md_anderson_analysis/yepes_code/data/2025-11-20/scope-results-2025-11-20-0119.csv,4.271996666666668e-08,4.271996666666668e-08,0,0,0,0,50 ohms time 0.01
,SiC,1.0,Electron 110V,2.0,0,0.0,40.0,/Users/rkfuentes/Documents/md_anderson_analysis/yepes_code/data/2025-11-20/scope-results-2025-11-20-0120.csv,4.307767466666674e-08,4.307767466666674e-08,0,0,0,0,50 ohms time 0.01
,SiC,1.0,Electron 110V,2.0,0,0.0,40.0,/Users/rkfuentes/Documents/md_anderson_analysis/yepes_code/data/2025-11-20/scope-results-2025-11-20-0121.csv,4.2570536000000015e-08,4.2570536000000015e-08,0,0,0,0,50 ohms time 0.01
,SiC,1.0,Electron 110V,2.0,0,0.0,40.0,/Users/rkfuentes/Documents/md_anderson_analysis/yepes_code/data/2025-11-20/scope-results-2025-11-20-0123.csv,4.3396366666666676e-08,4.3396366666666676e-08,0,0,0,0,50 ohms time 0.01
,SiC,1.0,Electron 110V,2.0,0,0.0,40.0,/Users/rkfuentes/Documents/md_anderson_analysis/yepes_code/data/2025-11-20/scope-results-2025-11-20-0124.csv,4.256290933333336e-08,4.256290933333336e-08,0,0,0,0,50 ohms time 0.01
,SiC,1.0,Electron 191V,2.0,0,0.0,40.0,/Users/rkfuentes/Documents/md_anderson_analysis/yepes_code/data/2025-11-20/scope-results-2025-11-20-0161.csv,1.6042012000000001e-07,1.6042012000000001e-07,0,0,0,0,50 ohms time 0.01
,SiC,1.0,Electron 191V,2.0,0,0.0,40.0,/Users/rkfuentes/Documents/md_anderson_analysis/yepes_code/data/2025-11-20/scope-results-2025-11-20-0162.csv,1.606644400000001e-07,1.606644400000001e-07,0,0,0,0,50 ohms time 0.01
,SiC,1.0,Electron 191V,2.0,0,0.0,40.0,/Users/rkfuentes/Documents/md_anderson_analysis/yepes_code/data/2025-11-20/scope-results-2025-11-20-0163.csv,1.5924007333333334e-07,1.5924007333333334e-07,0,0,0,0,50 ohms time 0.01
,SiC,1.0,Electron 191V,2.0,0,0.0,40.0,/Users/rkfuentes/Documents/md_anderson_analysis/yepes_code/data/2025-11-20/scope-results-2025-11-20-0164.csv,1.5959241466666666e-07,1.5959241466666666e-07,0,0,0,0,50 ohms time 0.01
,SiC,1.0,Electron 191V,2.0,0,0.0,40.0,/Users/rkfuentes/Documents/md_anderson_analysis/yepes_code/data/2025-11-20/scope-results-2025-11-20-0165.csv,1.5807855999999996e-07,1.5807855999999996e-07,0,0,0,0,50 ohms time 0.01
,SiC,1.0,Electron 191V,2.0,0,0.0,40.0,/Users/rkfuentes/Documents/md_anderson_analysis/yepes_code/data/2025-11-20/scope-results-2025-11-20-0166.csv,1.5754272799999996e-07,1.5754272799999996e-07,0,0,0,0,50 ohms time 0.01
,SiC,1.0,Electron 191V,2.0,0,0.0,40.0,/Users/rkfuentes/Documents/md_anderson_analysis/yepes_code/data/2025-11-20/scope-results-2025-11-20-0167.csv,1.565665386666667e-07,1.565665386666667e-07,0,0,0,0,50 ohms time 0.01
,SiC,1.0,Electron 191V,2.0,0,0.0,40.0,/Users/rkfuentes/Documents/md_anderson_analysis/yepes_code/data/2025-11-20/scope-results-2025-11-20-0168.csv,1.5522894133333337e-07,1.5522894133333337e-07,0,0,0,0,50 ohms time 0.01
,SiC,1.0,Electron 191V,2.0,0,0.0,40.0,/Users/rkfuentes/Documents/md_anderson_analysis/yepes_code/data/2025-11-20/scope-results-2025-11-20-0169.csv,1.564205906666667e-07,1.564205906666667e-07,0,0,0,0,50 ohms time 0.01
,SiC,1.0,Electron 191V,2.0,0,0.0,40.0,/Users/rkfuentes/Documents/md_anderson_analysis/yepes_code/data/2025-11-20/scope-results-2025-11-20-0170.csv,1.5599425733333337e-07,1.5599425733333337e-07,0,0,0,0,50 ohms time 0.01
,SiC,1.0,Electron 191V,2.0,0,0.0,40.0,/Users/rkfuentes/Documents/md_anderson_analysis/yepes_code/data/2025-11-20/scope-results-2025-11-20-0171.csv,1.5535775333333336e-07,1.5535775333333336e-07,0,0,0,0,50 ohms time 0.01
,SiC,1.0,Electron 191V,2.0,0,0.0,40.0,/Users/rkfuentes/Documents/md_anderson_analysis/yepes_code/data/2025-11-20/scope-results-2025-11-20-0172.csv,1.5435073733333333e-07,1.5435073733333333e-07,0,0,0,0,50 ohms time 0.01
,SiC,1.0,Electron 110V,2.0,0,0.0,40.0,/Users/rkfuentes/Documents/md_anderson_analysis/yepes_code/data/2025-11-20/scope-results-2025-11-20-0329.csv,1.533709866666667e-08,1.533709866666667e-08,0,0,0,0,50 ohms time 0.01
,SiC,1.0,Electron 191V,2.0,0,0.0,40.0,/Users/rkfuentes/Documents/md_anderson_analysis/yepes_code/data/2025-11-20/scope-results-2025-11-20-0386.csv,9.201624000000004e-08,9.201624000000004e-08,0,0,0,0,50 ohms time 0.01
,SiC,1.0,Electron 191V,2.0,0,0.0,40.0,/Users/rkfuentes/Documents/md_anderson_analysis/yepes_code/data/2025-11-20/scope-results-2025-11-20-0673.csv,3.621093333333328e-09,3.621093333333328e-09,0,0,0,0,50 ohms time 0.01
,SiC,1.0,Electron 191V,2.0,0,0.0,40.0,/Users/rkfuentes/Documents/md_anderson_analysis/yepes_code/data/2025-11-20/scope-results-2025-11-20-0677.csv,9.042346666666683e-10,9.042346666666683e-10,0,0,0,0,50 ohms time 0.01
,SiC,1.0,Electron 85V,2.0,0,0.0,40.0,/Users/rkfuentes/Documents/md_anderson_analysis/yepes_code/data/2025-11-20/scope-results-2025-11-20-0679.csv,2.4233306666665797e-10,2.4233306666665797e-10,0,0,0,0,50 ohms time 0.01
,SiC,1.0,Electron 85V,2.0,0,0.0,40.0,/Users/rkfuentes/Documents/md_anderson_analysis/yepes_code/data/2025-11-20/scope-results-2025-11-20-0681.csv,3.3224666666667934e-10,3.3224666666667934e-10,0,0,0,0,50 ohms time 0.01
,SiC,1.0,Electron 85V,2.0,0,0.0,40.0,/Users/rkfuentes/Documents/md_anderson_analysis/yepes_code/data/2025-11-20/scope-results-2025-11-20-0682.csv,2.2731093333333838e-10,2.2731093333333838e-10,0,0,0,0,50 ohms time 0.01
,SiC,1.0,Electron 85V,2.0,0,0.0,40.0,/Users/rkfuentes/Documents/md_anderson_analysis/yepes_code/data/2025-11-20/scope-results-2025-11-20-0683.csv,1.4671306666665464e-10,1.4671306666665464e-10,0,0,0,0,50 ohms time 0.01
,SiC,1.0,Electron 85V,2.0,0,0.0,40.0,/Users/rkfuentes/Documents/md_anderson_analysis/yepes_code/data/2025-11-20/scope-results-2025-11-20-0686.csv,3.44368000000018e-10,3.44368000000018e-10,0,0,0,0,50 ohms time 0.01
,SiC,1.0,Electron 110V,2.0,0,0.0,40.0,/Users/rkfuentes/Documents/md_anderson_analysis/yepes_code/data/2025-11-20/scope-results-2025-11-20-0687.csv,3.518223733333328e-09,3.518223733333328e-09,0,0,0,0,50 ohms time 0.01
,SiC,1.0,Electron 191V,2.0,0,0.0,40.0,/Users/rkfuentes/Documents/md_anderson_analysis/yepes_code/data/2025-11-20/scope-results-2025-11-20-0693.csv,3.4732586666668726e-10,3.4732586666668726e-10,0,0,0,0,50 ohms time 0.01
,SiC,1.0,Electron 191V,2.0,0,0.0,40.0,/Users/rkfuentes/Documents/md_anderson_analysis/yepes_code/data/2025-11-20/scope-results-2025-11-20-0694.csv,1.1044293333335172e-10,1.1044293333335172e-10,0,0,0,0,50 ohms time 0.01
,SiC,1.0,Electron 85V,2.0,0,0.0,40.0,/Users/rkfuentes/Documents/md_anderson_analysis/yepes_code/data/2025-11-20/scope-results-2025-11-20-0774.csv,4.1682399999998335e-10,4.1682399999998335e-10,0,0,0,0,50 ohms time 0.01
,SiC,1.0,Electron 85V,2.0,0,0.0,40.0,/Users/rkfuentes/Documents/md_anderson_analysis/yepes_code/data/2025-11-20/scope-results-2025-11-20-0776.csv,4.507594666666244e-10,4.507594666666244e-10,0,0,0,0,50 ohms time 0.01
,SiC,1.0,Electron 85V,2.0,0,0.0,40.0,/Users/rkfuentes/Documents/md_anderson_analysis/yepes_code/data/2025-11-20/scope-results-2025-11-20-0777.csv,4.09472266666697e-10,4.09472266666697e-10,0,0,0,0,50 ohms time 0.01
,SiC,1.0,Electron 85V,2.0,0,0.0,40.0,/Users/rkfuentes/Documents/md_anderson_analysis/yepes_code/data/2025-11-20/scope-results-2025-11-20-0779.csv,3.4103039999997134e-10,3.4103039999997134e-10,0,0,0,0,50 ohms time 0.01
,SiC,1.0,Electron 85V,2.0,0,0.0,40.0,/Users/rkfuentes/Documents/md_anderson_analysis/yepes_code/data/2025-11-20/scope-results-2025-11-20-0780.csv,3.447658666666375e-10,3.447658666666375e-10,0,0,0,0,50 ohms time 0.01
,SiC,1.0,Electron 85V,2.0,0,0.0,40.0,/Users/rkfuentes/Documents/md_anderson_analysis/yepes_code/data/2025-11-20/scope-results-2025-11-20-0781.csv,3.5438079999999573e-10,3.5438079999999573e-10,0,0,0,0,50 ohms time 0.01
,SiC,1.0,Electron 85V,2.0,0,0.0,40.0,/Users/rkfuentes/Documents/md_anderson_analysis/yepes_code/data/2025-11-20/scope-results-2025-11-20-0782.csv,3.415226666666745e-10,3.415226666666745e-10,0,0,0,0,50 ohms time 0.01
,SiC,1.0,Electron 85V,2.0,0,0.0,40.0,/Users/rkfuentes/Documents/md_anderson_analysis/yepes_code/data/2025-11-20/scope-results-2025-11-20-0783.csv,4.744645333333179e-10,4.744645333333179e-10,0,0,0,0,50 ohms time 0.01
,SiC,1.0,Electron 110V,2.0,0,0.0,40.0,/Users/rkfuentes/Documents/md_anderson_analysis/yepes_code/data/2025-11-20/scope-results-2025-11-20-0785.csv,5.317827733333322e-09,5.317827733333322e-09,0,0,0,0,50 ohms time 0.01
,SiC,1.0,Electron 110V,2.0,0,0.0,40.0,/Users/rkfuentes/Documents/md_anderson_analysis/yepes_code/data/2025-11-20/scope-results-2025-11-20-0786.csv,7.448942133333325e-09,7.448942133333325e-09,0,0,0,0,50 ohms time 0.01
,SiC,1.0,Electron 110V,2.0,0,0.0,40.0,/Users/rkfuentes/Documents/md_anderson_analysis/yepes_code/data/2025-11-20/scope-results-2025-11-20-0787.csv,5.2518093333333406e-09,5.2518093333333406e-09,0,0,0,0,50 ohms time 0.01
,SiC,1.0,Electron 110V,2.0,0,0.0,40.0,/Users/rkfuentes/Documents/md_anderson_analysis/yepes_code/data/2025-11-20/scope-results-2025-11-20-0789.csv,5.3772095999999964e-09,5.3772095999999964e-09,0,0,0,0,50 ohms time 0.01
,SiC,1.0,Electron 110V,2.0,0,0.0,40.0,/Users/rkfuentes/Documents/md_anderson_analysis/yepes_code/data/2025-11-20/scope-results-2025-11-20-0792.csv,6.853310933333321e-09,6.853310933333321e-09,0,0,0,0,50 ohms time 0.01
,SiC,1.0,Electron 85V,2.0,0,0.0,40.0,/Users/rkfuentes/Documents/md_anderson_analysis/yepes_code/data/2025-11-20/scope-results-2025-11-20-0898.csv,1.7102693333332963e-10,1.7102693333332963e-10,0,0,0,0,50 ohms time 0.01
,SiC,1.0,Electron 85V,2.0,0,0.0,40.0,/Users/rkfuentes/Documents/md_anderson_analysis/yepes_code/data/2025-11-20/scope-results-2025-11-20-0902.csv,3.1537786666664657e-10,3.1537786666664657e-10,0,0,0,0,50 ohms time 0.01
,SiC,1.0,Electron 85V,2.0,0,0.0,40.0,/Users/rkfuentes/Documents/md_anderson_analysis/yepes_code/data/2025-11-20/scope-results-2025-11-20-0904.csv,2.807445333333033e-10,2.807445333333033e-10,0,0,0,0,50 ohms time 0.01
,SiC,1.0,Electron 85V,2.0,0,0.0,40.0,/Users/rkfuentes/Documents/md_anderson_analysis/yepes_code/data/2025-11-20/scope-results-2025-11-20-0908.csv,4.996309333333016e-10,4.996309333333016e-10,0,0,0,0,50 ohms time 0.01
,SiC,1.0,Electron 110V,2.0,0,0.0,40.0,/Users/rkfuentes/Documents/md_anderson_analysis/yepes_code/data/2025-11-20/scope-results-2025-11-20-0958.csv,2.593145600000007e-09,2.593145600000007e-09,0,0,0,0,50 ohms time 0.01
,SiC,1.0,Electron 110V,2.0,0,0.0,40.0,/Users/rkfuentes/Documents/md_anderson_analysis/yepes_code/data/2025-11-20/scope-results-2025-11-20-0961.csv,2.7078394666666623e-09,2.7078394666666623e-09,0,0,0,0,50 ohms time 0.01
,SiC,1.0,Electron 110V,2.0,0,0.0,40.0,/Users/rkfuentes/Documents/md_anderson_analysis/yepes_code/data/2025-11-20/scope-results-2025-11-20-0962.csv,3.766774666666662e-09,3.766774666666662e-09,0,0,0,0,50 ohms time 0.01
,SiC,1.0,Electron 110V,2.0,0,0.0,40.0,/Users/rkfuentes/Documents/md_anderson_analysis/yepes_code/data/2025-11-20/scope-results-2025-11-20-0963.csv,4.167511466666676e-09,4.167511466666676e-09,0,0,0,0,50 ohms time 0.01
,SiC,1.0,Electron 110V,2.0,0,0.0,40.0,/Users/rkfuentes/Documents/md_anderson_analysis/yepes_code/data/2025-11-20/scope-results-2025-11-20-0964.csv,3.802745066666673e-09,3.802745066666673e-09,0,0,0,0,50 ohms time 0.01
,SiC,1.0,Electron 110V,2.0,0,0.0,40.0,/Users/rkfuentes/Documents/md_anderson_analysis/yepes_code/data/2025-11-20/scope-results-2025-11-20-0965.csv,3.8613653333333385e-09,3.8613653333333385e-09,0,0,0,0,50 ohms time 0.01
,SiC,1.0,Electron 110V,2.0,0,0.0,40.0,/Users/rkfuentes/Documents/md_anderson_analysis/yepes_code/data/2025-11-20/scope-results-2025-11-20-0966.csv,3.404090666666666e-09,3.404090666666666e-09,0,0,0,0,50 ohms time 0.01
,SiC,1.0,Electron 110V,2.0,0,0.0,40.0,/Users/rkfuentes/Documents/md_anderson_analysis/yepes_code/data/2025-11-20/scope-results-2025-11-20-0968.csv,3.275422933333321e-09,3.275422933333321e-09,0,0,0,0,50 ohms time 0.01
,SiC,1.0,Electron 85V,2.0,0,0.0,40.0,/Users/rkfuentes/Documents/md_anderson_analysis/yepes_code/data/2025-11-20/scope-results-2025-11-20-1077.csv,4.978776000000058e-10,4.978776000000058e-10,0,0,0,0,50 ohms time 0.01
,SiC,1.0,Electron 85V,2.0,0,0.0,40.0,/Users/rkfuentes/Documents/md_anderson_analysis/yepes_code/data/2025-11-20/scope-results-2025-11-20-1079.csv,1.2500053333333673e-10,1.2500053333333673e-10,0,0,0,0,50 ohms time 0.01
,SiC,1.0,Electron 85V,2.0,0,0.0,40.0,/Users/rkfuentes/Documents/md_anderson_analysis/yepes_code/data/2025-11-20/scope-results-2025-11-20-1080.csv,3.123319999999615e-10,3.123319999999615e-10,0,0,0,0,50 ohms time 0.01
,SiC,1.0,Electron 85V,2.0,0,0.0,40.0,/Users/rkfuentes/Documents/md_anderson_analysis/yepes_code/data/2025-11-20/scope-results-2025-11-20-1081.csv,3.1509466666664604e-10,3.1509466666664604e-10,0,0,0,0,50 ohms time 0.01
,SiC,1.0,Electron 85V,2.0,0,0.0,40.0,/Users/rkfuentes/Documents/md_anderson_analysis/yepes_code/data/2025-11-20/scope-results-2025-11-20-1082.csv,1.510771159874595e-09,1.510771159874595e-09,0,0,0,0,50 ohms time 0.01
,SiC,1.0,Electron 85V,2.0,0,0.0,40.0,/Users/rkfuentes/Documents/md_anderson_analysis/yepes_code/data/2025-11-20/scope-results-2025-11-20-1085.csv,3.154922666666224e-10,3.154922666666224e-10,0,0,0,0,50 ohms time 0.01
,SiC,1.0,Electron 110V,2.0,0,0.0,40.0,/Users/rkfuentes/Documents/md_anderson_analysis/yepes_code/data/2025-11-20/scope-results-2025-11-20-1137.csv,1.626284799999999e-09,1.626284799999999e-09,0,0,0,0,50 ohms time 0.01
,SiC,1.0,Electron 110V,2.0,0,0.0,40.0,/Users/rkfuentes/Documents/md_anderson_analysis/yepes_code/data/2025-11-20/scope-results-2025-11-20-1139.csv,3.042300266666629e-09,3.042300266666629e-09,0,0,0,0,50 ohms time 0.01
,SiC,1.0,Electron 110V,2.0,0,0.0,40.0,/Users/rkfuentes/Documents/md_anderson_analysis/yepes_code/data/2025-11-20/scope-results-2025-11-20-1140.csv,1.4429096000000168e-09,1.4429096000000168e-09,0,0,0,0,50 ohms time 0.01
,SiC,1.0,Electron 110V,2.0,0,0.0,40.0,/Users/rkfuentes/Documents/md_anderson_analysis/yepes_code/data/2025-11-20/scope-results-2025-11-20-1143.csv,1.4218522666666739e-09,1.4218522666666739e-09,0,0,0,0,50 ohms time 0.01
,SiC,1.0,Electron 110V,2.0,0,0.0,40.0,/Users/rkfuentes/Documents/md_anderson_analysis/yepes_code/data/2025-11-20/scope-results-2025-11-20-1144.csv,2.483944533333318e-09,2.483944533333318e-09,0,0,0,0,50 ohms time 0.01
,SiC,1.0,Electron 110V,2.0,0,0.0,40.0,/Users/rkfuentes/Documents/md_anderson_analysis/yepes_code/data/2025-11-20/scope-results-2025-11-20-1146.csv,1.320862666666652e-09,1.320862666666652e-09,0,0,0,0,50 ohms time 0.01
,SiC,1.0,Electron 85V,2.0,0,0.0,40.0,/Users/rkfuentes/Documents/md_anderson_analysis/yepes_code/data/2025-11-20/scope-results-2025-11-20-1252.csv,3.5707919999998203e-10,3.5707919999998203e-10,0,0,0,0,50 ohms time 0.01
,SiC,1.0,Electron 85V,2.0,0,0.0,40.0,/Users/rkfuentes/Documents/md_anderson_analysis/yepes_code/data/2025-11-20/scope-results-2025-11-20-1256.csv,2.8403173333332255e-10,2.8403173333332255e-10,0,0,0,0,50 ohms time 0.01
,SiC,1.0,Electron 85V,2.0,0,0.0,40.0,/Users/rkfuentes/Documents/md_anderson_analysis/yepes_code/data/2025-11-20/scope-results-2025-11-20-1258.csv,1.9021733333328582e-10,1.9021733333328582e-10,0,0,0,0,50 ohms time 0.01
,SiC,1.0,Electron 85V,2.0,0,0.0,40.0,/Users/rkfuentes/Documents/md_anderson_analysis/yepes_code/data/2025-11-20/scope-results-2025-11-20-1261.csv,1.90230399999975e-10,1.90230399999975e-10,0,0,0,0,50 ohms time 0.01
,SiC,1.0,Electron 85V,2.0,0,0.0,40.0,/Users/rkfuentes/Documents/md_anderson_analysis/yepes_code/data/2025-11-20/scope-results-2025-11-20-1262.csv,2.4880880000001884e-10,2.4880880000001884e-10,0,0,0,0,50 ohms time 0.01
,SiC,1.0,Electron 110V,2.0,0,0.0,40.0,/Users/rkfuentes/Documents/md_anderson_analysis/yepes_code/data/2025-11-20/scope-results-2025-11-20-1300.csv,1.0542671999999955e-09,1.0542671999999955e-09,0,0,0,0,50 ohms time 0.01
,SiC,1.0,Electron 110V,2.0,0,0.0,40.0,/Users/rkfuentes/Documents/md_anderson_analysis/yepes_code/data/2025-11-20/scope-results-2025-11-20-1303.csv,1.943947199999968e-09,1.943947199999968e-09,0,0,0,0,50 ohms time 0.01
,SiC,1.0,Electron 110V,2.0,0,0.0,40.0,/Users/rkfuentes/Documents/md_anderson_analysis/yepes_code/data/2025-11-20/scope-results-2025-11-20-1306.csv,1.6327578666666483e-09,1.6327578666666483e-09,0,0,0,0,50 ohms time 0.01
,SiC,1.0,Electron 110V,2.0,0,0.0,40.0,/Users/rkfuentes/Documents/md_anderson_analysis/yepes_code/data/2025-11-20/scope-results-2025-11-20-1308.csv,1.671959466666708e-09,1.671959466666708e-09,0,0,0,0,50 ohms time 0.01
,SiC,1.0,Electron 110V,2.0,0,0.0,40.0,/Users/rkfuentes/Documents/md_anderson_analysis/yepes_code/data/2025-11-20/scope-results-2025-11-20-1309.csv,2.1362709333333587e-09,2.1362709333333587e-09,0,0,0,0,50 ohms time 0.01
,SiC,1.0,Electron 110V,2.0,0,0.0,40.0,/Users/rkfuentes/Documents/md_anderson_analysis/yepes_code/data/2025-11-20/scope-results-2025-11-20-1310.csv,1.287068266666711e-09,1.287068266666711e-09,0,0,0,0,50 ohms time 0.01
,SiC,1.0,Electron 110V,2.0,0,0.0,40.0,/Users/rkfuentes/Documents/md_anderson_analysis/yepes_code/data/2025-11-20/scope-results-2025-11-20-1311.csv,2.2898133333332983e-10,2.2898133333332983e-10,0,0,0,0,50 ohms time 0.01
,SiC,1.0,Electron 85V,2.0,0,0.0,40.0,/Users/rkfuentes/Documents/md_anderson_analysis/yepes_code/data/2025-11-20/scope-results-2025-11-20-1414.csv,6.354661333333059e-10,6.354661333333059e-10,0,0,0,0,50 ohms time 0.01
,SiC,1.0,Electron 85V,2.0,0,0.0,40.0,/Users/rkfuentes/Documents/md_anderson_analysis/yepes_code/data/2025-11-20/scope-results-2025-11-20-1416.csv,3.2829279999999775e-10,3.2829279999999775e-10,0,0,0,0,50 ohms time 0.01
,SiC,1.0,Electron 85V,2.0,0,0.0,40.0,/Users/rkfuentes/Documents/md_anderson_analysis/yepes_code/data/2025-11-20/scope-results-2025-11-20-1419.csv,4.4146933333332584e-10,4.4146933333332584e-10,0,0,0,0,50 ohms time 0.01
,SiC,1.0,Electron 85V,2.0,0,0.0,40.0,/Users/rkfuentes/Documents/md_anderson_analysis/yepes_code/data/2025-11-20/scope-results-2025-11-20-1420.csv,2.1078186666670222e-10,2.1078186666670222e-10,0,0,0,0,50 ohms time 0.01
,SiC,1.0,Electron 85V,2.0,0,0.0,40.0,/Users/rkfuentes/Documents/md_anderson_analysis/yepes_code/data/2025-11-20/scope-results-2025-11-20-1421.csv,3.813114666666425e-10,3.813114666666425e-10,0,0,0,0,50 ohms time 0.01
,SiC,1.0,Electron 85V,2.0,0,0.0,40.0,/Users/rkfuentes/Documents/md_anderson_analysis/yepes_code/data/2025-11-20/scope-results-2025-11-20-1422.csv,7.728213333333261e-10,7.728213333333261e-10,0,0,0,0,50 ohms time 0.01
,SiC,1.0,Electron 85V,2.0,0,0.0,40.0,/Users/rkfuentes/Documents/md_anderson_analysis/yepes_code/data/2025-11-20/scope-results-2025-11-20-1423.csv,3.1334933333328255e-10,3.1334933333328255e-10,0,0,0,0,50 ohms time 0.01
,SiC,1.0,Electron 110V,2.0,0,0.0,40.0,/Users/rkfuentes/Documents/md_anderson_analysis/yepes_code/data/2025-11-20/scope-results-2025-11-20-1462.csv,2.3728213333333113e-10,2.3728213333333113e-10,0,0,0,0,50 ohms time 0.01
,SiC,1.0,Electron 110V,2.0,0,0.0,40.0,/Users/rkfuentes/Documents/md_anderson_analysis/yepes_code/data/2025-11-20/scope-results-2025-11-20-1464.csv,2.4347909333333363e-09,2.4347909333333363e-09,0,0,0,0,50 ohms time 0.01
,SiC,1.0,Electron 110V,2.0,0,0.0,40.0,/Users/rkfuentes/Documents/md_anderson_analysis/yepes_code/data/2025-11-20/scope-results-2025-11-20-1466.csv,1.9713599999996355e-10,1.9713599999996355e-10,0,0,0,0,50 ohms time 0.01
,SiC,1.0,Electron 110V,2.0,0,0.0,40.0,/Users/rkfuentes/Documents/md_anderson_analysis/yepes_code/data/2025-11-20/scope-results-2025-11-20-1468.csv,6.61594666666677e-10,6.61594666666677e-10,0,0,0,0,50 ohms time 0.01
,SiC,1.0,Electron 110V,2.0,0,0.0,40.0,/Users/rkfuentes/Documents/md_anderson_analysis/yepes_code/data/2025-11-20/scope-results-2025-11-20-1469.csv,2.9238026666666933e-10,2.9238026666666933e-10,0,0,0,0,50 ohms time 0.01
,SiC,1.0,Electron 110V,2.0,0,0.0,40.0,/Users/rkfuentes/Documents/md_anderson_analysis/yepes_code/data/2025-11-20/scope-results-2025-11-20-1470.csv,1.2395658666666312e-09,1.2395658666666312e-09,0,0,0,0,50 ohms time 0.01
,SiC,1.0,Electron 191V,2.0,0,0.0,40.0,/Users/rkfuentes/Documents/md_anderson_analysis/yepes_code/data/2025-11-20/scope-results-2025-11-20-1510.csv,3.094417333333338e-09,3.094417333333338e-09,0,0,0,0,50 ohms time 0.01
,SiC,1.0,Electron 191V,2.0,0,0.0,40.0,/Users/rkfuentes/Documents/md_anderson_analysis/yepes_code/data/2025-11-20/scope-results-2025-11-20-1512.csv,3.8353743999999805e-09,3.8353743999999805e-09,0,0,0,0,50 ohms time 0.01
,SiC,1.0,Electron 85V,2.0,0,0.0,40.0,/Users/rkfuentes/Documents/md_anderson_analysis/yepes_code/data/2025-11-20/scope-results-2025-11-20-1537.csv,4.001743999999987e-09,4.001743999999987e-09,0,0,0,0,50 ohms time 0.01 no collimator
,SiC,1.0,Electron 85V,2.0,0,0.0,40.0,/Users/rkfuentes/Documents/md_anderson_analysis/yepes_code/data/2025-11-20/scope-results-2025-11-20-1546.csv,6.323349333333474e-10,6.323349333333474e-10,0,0,0,0,50 ohms time 0.01 no collimator
,SiC,1.0,Electron 110V,2.0,0,0.0,40.0,/Users/rkfuentes/Documents/md_anderson_analysis/yepes_code/data/2025-11-20/scope-results-2025-11-20-1547.csv,1.0219982133333353e-08,1.0219982133333353e-08,0,0,0,0,50 ohms time 0.01 no collimator
,SiC,1.0,Electron 191V,2.0,0,0.0,40.0,/Users/rkfuentes/Documents/md_anderson_analysis/yepes_code/data/2025-11-20/scope-results-2025-11-20-1549.csv,2.5591539200000024e-08,2.5591539200000024e-08,0,0,0,0,50 ohms time 0.01 no collimator
,SiC,1.0,Electron 191V,2.0,0,0.0,40.0,/Users/rkfuentes/Documents/md_anderson_analysis/yepes_code/data/2025-11-20/scope-results-2025-11-20-1550.csv,2.3169976533333333e-08,2.3169976533333333e-08,0,0,0,0,50 ohms time 0.01 no collimator
,SiC,1.0,Electron 110V,2.0,0,0.0,40.0,/Users/rkfuentes/Documents/md_anderson_analysis/yepes_code/data/2025-11-20/scope-results-2025-11-20-1551.csv,1.9751493333333323e-08,1.9751493333333323e-08,0,0,0,0,50 ohms time 0.01 no collimator
,SiC,1.0,Electron 110V,2.0,0,0.0,40.0,/Users/rkfuentes/Documents/md_anderson_analysis/yepes_code/data/2025-11-20/scope-results-2025-11-20-1552.csv,1.7204105333333366e-08,1.7204105333333366e-08,0,0,0,0,50 ohms time 0.01 no collimator
,SiC,1.0,Electron 110V,2.0,0,0.0,40.0,/Users/rkfuentes/Documents/md_anderson_analysis/yepes_code/data/2025-11-20/scope-results-2025-11-20-1553.csv,1.686730960000001e-08,1.686730960000001e-08,0,0,0,0,50 ohms time 0.01 no collimator
,SiC,1.0,Electron 110V,2.0,0,0.0,40.0,/Users/rkfuentes/Documents/md_anderson_analysis/yepes_code/data/2025-11-20/scope-results-2025-11-20-1560.csv,1.9201851733333337e-08,1.9201851733333337e-08,0,0,0,0,50 ohms time 0.01 no collimator
,SiC,1.0,Electron 110V,2.0,0,0.0,40.0,/Users/rkfuentes/Documents/md_anderson_analysis/yepes_code/data/2025-11-20/scope-results-2025-11-20-1561.csv,1.658185599999997e-08,1.658185599999997e-08,0,0,0,0,50 ohms time 0.01 no collimator
,SiC,1.0,Electron 110V,2.0,0,0.0,40.0,/Users/rkfuentes/Documents/md_anderson_analysis/yepes_code/data/2025-11-20/scope-results-2025-11-20-1562.csv,1.6326564533333357e-08,1.6326564533333357e-08,0,0,0,0,50 ohms time 0.01 no collimator
,SiC,1.0,Electron 110V,2.0,0,0.0,40.0,/Users/rkfuentes/Documents/md_anderson_analysis/yepes_code/data/2025-11-20/scope-results-2025-11-20-1563.csv,1.6941856000000014e-08,1.6941856000000014e-08,0,0,0,0,50 ohms time 0.01 no collimator
,SiC,1.0,Electron 191V,2.0,0,0.0,40.0,/Users/rkfuentes/Documents/md_anderson_analysis/yepes_code/data/2025-11-20/scope-results-2025-11-20-1572.csv,2.7405883733333336e-08,2.7405883733333336e-08,0,0,0,0,50 ohms time 0.01 no collimator
,SiC,1.0,Electron 191V,2.0,0,0.0,40.0,/Users/rkfuentes/Documents/md_anderson_analysis/yepes_code/data/2025-11-20/scope-results-2025-11-20-1573.csv,6.000824e-08,6.000824e-08,0,0,0,0,50 ohms time 0.01 no collimator
,SiC,1.0,Electron 110V,2.0,0,0.0,40.0,/Users/rkfuentes/Documents/md_anderson_analysis/yepes_code/data/2025-11-20/scope-results-2025-11-20-1581.csv,1.672105333333335e-08,1.672105333333335e-08,0,0,0,0,50 ohms time 0.01 no collimator
,SiC,1.0,Electron 85V,2.0,0,0.0,200.0,/Users/rkfuentes/Documents/md_anderson_analysis/yepes_code/data/2025-11-20/scope-results-2025-11-20-1617.csv,3.6397226666666764e-09,3.6397226666666764e-09,0,0,0,0,50 ohms time 0.01 no collimator
,SiC,1.0,Electron 85V,2.0,0,0.0,200.0,/Users/rkfuentes/Documents/md_anderson_analysis/yepes_code/data/2025-11-20/scope-results-2025-11-20-1618.csv,2.588499282639882e-09,2.588499282639882e-09,0,0,0,0,50 ohms time 0.01 no collimator
,SiC,1.0,Electron 85V,2.0,0,0.0,200.0,/Users/rkfuentes/Documents/md_anderson_analysis/yepes_code/data/2025-11-20/scope-results-2025-11-20-1619.csv,1.100970666666695e-09,1.100970666666695e-09,0,0,0,0,50 ohms time 0.01 no collimator
,SiC,1.0,Electron 85V,2.0,0,0.0,200.0,/Users/rkfuentes/Documents/md_anderson_analysis/yepes_code/data/2025-11-20/scope-results-2025-11-20-1620.csv,1.8533333333333247e-09,1.8533333333333247e-09,0,0,0,0,50 ohms time 0.01 no collimator
,SiC,1.0,Electron 85V,2.0,0,0.0,200.0,/Users/rkfuentes/Documents/md_anderson_analysis/yepes_code/data/2025-11-20/scope-results-2025-11-20-1621.csv,1.3607199999999798e-09,1.3607199999999798e-09,0,0,0,0,50 ohms time 0.01 no collimator
,SiC,1.0,Electron 85V,2.0,0,0.0,200.0,/Users/rkfuentes/Documents/md_anderson_analysis/yepes_code/data/2025-11-20/scope-results-2025-11-20-1622.csv,7.59023999999998e-10,7.59023999999998e-10,0,0,0,0,50 ohms time 0.01 no collimator
,SiC,1.0,Electron 85V,2.0,0,0.0,200.0,/Users/rkfuentes/Documents/md_anderson_analysis/yepes_code/data/2025-11-20/scope-results-2025-11-20-1623.csv,1.8998666666666216e-09,1.8998666666666216e-09,0,0,0,0,50 ohms time 0.01 no collimator
,SiC,1.0,Electron 85V,2.0,0,0.0,200.0,/Users/rkfuentes/Documents/md_anderson_analysis/yepes_code/data/2025-11-20/scope-results-2025-11-20-1624.csv,2.245560853199476e-09,2.245560853199476e-09,0,0,0,0,50 ohms time 0.01 no collimator
,SiC,1.0,Electron 85V,2.0,0,0.0,200.0,/Users/rkfuentes/Documents/md_anderson_analysis/yepes_code/data/2025-11-20/scope-results-2025-11-20-1625.csv,2.240229333333349e-09,2.240229333333349e-09,0,0,0,0,50 ohms time 0.01 no collimator
,SiC,1.0,Electron 85V,2.0,0,0.0,200.0,/Users/rkfuentes/Documents/md_anderson_analysis/yepes_code/data/2025-11-20/scope-results-2025-11-20-1626.csv,2.8747733333333486e-09,2.8747733333333486e-09,0,0,0,0,50 ohms time 0.01 no collimator
,SiC,1.0,Electron 85V,2.0,0,0.0,200.0,/Users/rkfuentes/Documents/md_anderson_analysis/yepes_code/data/2025-11-20/scope-results-2025-11-20-1627.csv,1.52829599999996e-09,1.52829599999996e-09,0,0,0,0,50 ohms time 0.01 no collimator
,SiC,1.0,Electron 85V,2.0,0,0.0,200.0,/Users/rkfuentes/Documents/md_anderson_analysis/yepes_code/data/2025-11-20/scope-results-2025-11-20-1628.csv,3.5271999999995636e-10,3.5271999999995636e-10,0,0,0,0,50 ohms time 0.01 no collimator
,SiC,1.0,Electron 85V,2.0,0,0.0,200.0,/Users/rkfuentes/Documents/md_anderson_analysis/yepes_code/data/2025-11-20/scope-results-2025-11-20-1629.csv,6.708999999999743e-10,6.708999999999743e-10,0,0,0,0,50 ohms time 0.01 no collimator
,SiC,1.0,Electron 110V,2.0,0,0.0,200.0,/Users/rkfuentes/Documents/md_anderson_analysis/yepes_code/data/2025-11-20/scope-results-2025-11-20-1670.csv,1.4459239999999978e-08,1.4459239999999978e-08,0,0,0,0,50 ohms time 0.01 no collimator
,SiC,1.0,Electron 110V,2.0,0,0.0,200.0,/Users/rkfuentes/Documents/md_anderson_analysis/yepes_code/data/2025-11-20/scope-results-2025-11-20-1671.csv,1.5321685333333344e-08,1.5321685333333344e-08,0,0,0,0,50 ohms time 0.01 no collimator
,SiC,1.0,Electron 110V,2.0,0,0.0,200.0,/Users/rkfuentes/Documents/md_anderson_analysis/yepes_code/data/2025-11-20/scope-results-2025-11-20-1672.csv,1.8044906666666815e-09,1.8044906666666815e-09,0,0,0,0,50 ohms time 0.01 no collimator
,SiC,1.0,Electron 110V,2.0,0,0.0,200.0,/Users/rkfuentes/Documents/md_anderson_analysis/yepes_code/data/2025-11-20/scope-results-2025-11-20-1674.csv,8.992853333333321e-10,8.992853333333321e-10,0,0,0,0,50 ohms time 0.01 no collimator
,SiC,1.0,Electron 110V,2.0,0,0.0,200.0,/Users/rkfuentes/Documents/md_anderson_analysis/yepes_code/data/2025-11-20/scope-results-2025-11-20-1675.csv,1.3761926666666629e-08,1.3761926666666629e-08,0,0,0,0,50 ohms time 0.01 no collimator
,SiC,1.0,Electron 110V,2.0,0,0.0,200.0,/Users/rkfuentes/Documents/md_anderson_analysis/yepes_code/data/2025-11-20/scope-results-2025-11-20-1676.csv,1.2975542666666682e-08,1.2975542666666682e-08,0,0,0,0,50 ohms time 0.01 no collimator
,SiC,1.0,Electron 110V,2.0,0,0.0,200.0,/Users/rkfuentes/Documents/md_anderson_analysis/yepes_code/data/2025-11-20/scope-results-2025-11-20-1677.csv,1.291900666666668e-08,1.291900666666668e-08,0,0,0,0,50 ohms time 0.01 no collimator
,SiC,1.0,Electron 110V,2.0,0,0.0,200.0,/Users/rkfuentes/Documents/md_anderson_analysis/yepes_code/data/2025-11-20/scope-results-2025-11-20-1681.csv,1.6165914666666678e-08,1.6165914666666678e-08,0,0,0,0,50 ohms time 0.01 no collimator
,SiC,1.0,Electron 110V,2.0,0,0.0,200.0,/Users/rkfuentes/Documents/md_anderson_analysis/yepes_code/data/2025-11-20/scope-results-2025-11-20-1682.csv,1.9793866666666703e-08,1.9793866666666703e-08,0,0,0,0,50 ohms time 0.01 no collimator
,SiC,1.0,Electron 110V,2.0,0,0.0,200.0,/Users/rkfuentes/Documents/md_anderson_analysis/yepes_code/data/2025-11-20/scope-results-2025-11-20-1683.csv,1.675900000000014e-09,1.675900000000014e-09,0,0,0,0,50 ohms time 0.01 no collimator
,SiC,1.0,Electron 110V,2.0,0,0.0,200.0,/Users/rkfuentes/Documents/md_anderson_analysis/yepes_code/data/2025-11-20/scope-results-2025-11-20-1686.csv,3.7691333333334725e-10,3.7691333333334725e-10,0,0,0,0,50 ohms time 0.01 no collimator
,SiC,1.0,Electron 110V,2.0,0,0.0,200.0,/Users/rkfuentes/Documents/md_anderson_analysis/yepes_code/data/2025-11-20/scope-results-2025-11-20-1688.csv,2.256868000000056e-09,2.256868000000056e-09,0,0,0,0,50 ohms time 0.01 no collimator
,SiC,1.0,Electron 110V,2.0,0,0.0,200.0,/Users/rkfuentes/Documents/md_anderson_analysis/yepes_code/data/2025-11-20/scope-results-2025-11-20-1689.csv,5.068826666667005e-10,5.068826666667005e-10,0,0,0,0,50 ohms time 0.01 no collimator
,SiC,1.0,Electron 110V,2.0,0,0.0,200.0,/Users/rkfuentes/Documents/md_anderson_analysis/yepes_code/data/2025-11-20/scope-results-2025-11-20-1690.csv,4.0549999999998847e-10,4.0549999999998847e-10,0,0,0,0,50 ohms time 0.01 no collimator
,SiC,1.0,Electron 110V,2.0,0,0.0,200.0,/Users/rkfuentes/Documents/md_anderson_analysis/yepes_code/data/2025-11-20/scope-results-2025-11-20-1693.csv,8.212373333333535e-10,8.212373333333535e-10,0,0,0,0,50 ohms time 0.01 no collimator
,SiC,1.0,Electron 110V,2.0,0,0.0,200.0,/Users/rkfuentes/Documents/md_anderson_analysis/yepes_code/data/2025-11-20/scope-results-2025-11-20-1694.csv,7.74666666666662e-10,7.74666666666662e-10,0,0,0,0,50 ohms time 0.01 no collimator
,SiC,1.0,Electron 110V,2.0,0,0.0,200.0,/Users/rkfuentes/Documents/md_anderson_analysis/yepes_code/data/2025-11-20/scope-results-2025-11-20-1695.csv,1.530388000000003e-09,1.530388000000003e-09,0,0,0,0,50 ohms time 0.01 no collimator
,SiC,1.0,Electron 110V,2.0,0,0.0,200.0,/Users/rkfuentes/Documents/md_anderson_analysis/yepes_code/data/2025-11-20/scope-results-2025-11-20-1696.csv,2.545973333333337e-09,2.545973333333337e-09,0,0,0,0,50 ohms time 0.01 no collimator
,SiC,1.0,Electron 110V,2.0,0,0.0,200.0,/Users/rkfuentes/Documents/md_anderson_analysis/yepes_code/data/2025-11-20/scope-results-2025-11-20-1697.csv,6.79997333333316e-10,6.79997333333316e-10,0,0,0,0,50 ohms time 0.01 no collimator
,SiC,1.0,Electron 110V,2.0,0,0.0,200.0,/Users/rkfuentes/Documents/md_anderson_analysis/yepes_code/data/2025-11-20/scope-results-2025-11-20-1698.csv,5.2283333333333e-10,5.2283333333333e-10,0,0,0,0,50 ohms time 0.01 no collimator
,SiC,1.0,Electron 110V,2.0,0,0.0,200.0,/Users/rkfuentes/Documents/md_anderson_analysis/yepes_code/data/2025-11-20/scope-results-2025-11-20-1699.csv,9.70314666666603e-10,9.70314666666603e-10,0,0,0,0,50 ohms time 0.01 no collimator
,SiC,1.0,Electron 110V,2.0,0,0.0,200.0,/Users/rkfuentes/Documents/md_anderson_analysis/yepes_code/data/2025-11-20/scope-results-2025-11-20-1701.csv,1.6870933333333387e-09,1.6870933333333387e-09,0,0,0,0,50 ohms time 0.01 no collimator
,SiC,1.0,Electron 110V,2.0,0,0.0,200.0,/Users/rkfuentes/Documents/md_anderson_analysis/yepes_code/data/2025-11-20/scope-results-2025-11-20-1702.csv,1.0807999999999539e-10,1.0807999999999539e-10,0,0,0,0,50 ohms time 0.01 no collimator
,SiC,1.0,Electron 85V,2.0,0,0.0,100.0,/Users/rkfuentes/Documents/md_anderson_analysis/yepes_code/data/2025-11-20/scope-results-2025-11-20-1809.csv,1.998284799999989e-09,1.998284799999989e-09,0,0,0,0,50 ohms time 0.01 no collimator
,SiC,1.0,Electron 85V,2.0,0,0.0,100.0,/Users/rkfuentes/Documents/md_anderson_analysis/yepes_code/data/2025-11-20/scope-results-2025-11-20-1810.csv,1.9313141333333352e-09,1.9313141333333352e-09,0,0,0,0,50 ohms time 0.01 no collimator
,SiC,1.0,Electron 85V,2.0,0,0.0,100.0,/Users/rkfuentes/Documents/md_anderson_analysis/yepes_code/data/2025-11-20/scope-results-2025-11-20-1811.csv,3.5406746666666704e-09,3.5406746666666704e-09,0,0,0,0,50 ohms time 0.01 no collimator
,SiC,1.0,Electron 85V,2.0,0,0.0,100.0,/Users/rkfuentes/Documents/md_anderson_analysis/yepes_code/data/2025-11-20/scope-results-2025-11-20-1812.csv,2.271666133333322e-09,2.271666133333322e-09,0,0,0,0,50 ohms time 0.01 no collimator
,SiC,1.0,Electron 85V,2.0,0,0.0,100.0,/Users/rkfuentes/Documents/md_anderson_analysis/yepes_code/data/2025-11-20/scope-results-2025-11-20-1813.csv,1.527133866666673e-09,1.527133866666673e-09,0,0,0,0,50 ohms time 0.01 no collimator
,SiC,1.0,Electron 85V,2.0,0,0.0,100.0,/Users/rkfuentes/Documents/md_anderson_analysis/yepes_code/data/2025-11-20/scope-results-2025-11-20-1814.csv,2.407097600000007e-09,2.407097600000007e-09,0,0,0,0,50 ohms time 0.01 no collimator
,SiC,1.0,Electron 85V,2.0,0,0.0,100.0,/Users/rkfuentes/Documents/md_anderson_analysis/yepes_code/data/2025-11-20/scope-results-2025-11-20-1815.csv,1.4984207999999811e-09,1.4984207999999811e-09,0,0,0,0,50 ohms time 0.01 no collimator
,SiC,1.0,Electron 85V,2.0,0,0.0,100.0,/Users/rkfuentes/Documents/md_anderson_analysis/yepes_code/data/2025-11-20/scope-results-2025-11-20-1816.csv,1.729721599999993e-09,1.729721599999993e-09,0,0,0,0,50 ohms time 0.01 no collimator
,SiC,1.0,Electron 85V,2.0,0,0.0,100.0,/Users/rkfuentes/Documents/md_anderson_analysis/yepes_code/data/2025-11-20/scope-results-2025-11-20-1817.csv,2.290981333333307e-09,2.290981333333307e-09,0,0,0,0,50 ohms time 0.01 no collimator
,SiC,1.0,Electron 85V,2.0,0,0.0,100.0,/Users/rkfuentes/Documents/md_anderson_analysis/yepes_code/data/2025-11-20/scope-results-2025-11-20-1818.csv,1.884207999999974e-09,1.884207999999974e-09,0,0,0,0,50 ohms time 0.01 no collimator
,SiC,1.0,Electron 85V,2.0,0,0.0,100.0,/Users/rkfuentes/Documents/md_anderson_analysis/yepes_code/data/2025-11-20/scope-results-2025-11-20-1819.csv,9.40514133333343e-10,9.40514133333343e-10,0,0,0,0,50 ohms time 0.01 no collimator
,SiC,1.0,Electron 85V,2.0,0,0.0,100.0,/Users/rkfuentes/Documents/md_anderson_analysis/yepes_code/data/2025-11-20/scope-results-2025-11-20-1820.csv,2.116378666666656e-09,2.116378666666656e-09,0,0,0,0,50 ohms time 0.01 no collimator
,SiC,1.0,Electron 85V,2.0,0,0.0,100.0,/Users/rkfuentes/Documents/md_anderson_analysis/yepes_code/data/2025-11-20/scope-results-2025-11-20-1822.csv,3.3869893333333214e-09,3.3869893333333214e-09,0,0,0,0,50 ohms time 0.01 no collimator
,SiC,1.0,Electron 85V,2.0,0,0.0,100.0,/Users/rkfuentes/Documents/md_anderson_analysis/yepes_code/data/2025-11-20/scope-results-2025-11-20-1823.csv,1.6762517333333347e-09,1.6762517333333347e-09,0,0,0,0,50 ohms time 0.01 no collimator
,SiC,1.0,Electron 85V,2.0,0,0.0,100.0,/Users/rkfuentes/Documents/md_anderson_analysis/yepes_code/data/2025-11-20/scope-results-2025-11-20-1824.csv,1.1230154666666772e-09,1.1230154666666772e-09,0,0,0,0,50 ohms time 0.01 no collimator
,SiC,1.0,Electron 85V,2.0,0,0.0,100.0,/Users/rkfuentes/Documents/md_anderson_analysis/yepes_code/data/2025-11-20/scope-results-2025-11-20-1825.csv,1.60160746666665e-09,1.60160746666665e-09,0,0,0,0,50 ohms time 0.01 no collimator
,SiC,1.0,Electron 110V,2.0,0,0.0,100.0,/Users/rkfuentes/Documents/md_anderson_analysis/yepes_code/data/2025-11-20/scope-results-2025-11-20-1882.csv,1.3221077333333352e-08,1.3221077333333352e-08,0,0,0,0,50 ohms time 0.01
,SiC,1.0,Electron 110V,2.0,0,0.0,100.0,/Users/rkfuentes/Documents/md_anderson_analysis/yepes_code/data/2025-11-20/scope-results-2025-11-20-1883.csv,1.0989824000000013e-08,1.0989824000000013e-08,0,0,0,0,50 ohms time 0.01
,SiC,1.0,Electron 110V,2.0,0,0.0,100.0,/Users/rkfuentes/Documents/md_anderson_analysis/yepes_code/data/2025-11-20/scope-results-2025-11-20-1884.csv,1.2413130666666671e-08,1.2413130666666671e-08,0,0,0,0,50 ohms time 0.01
,SiC,1.0,Electron 110V,2.0,0,0.0,100.0,/Users/rkfuentes/Documents/md_anderson_analysis/yepes_code/data/2025-11-20/scope-results-2025-11-20-1885.csv,1.2136053866666697e-08,1.2136053866666697e-08,0,0,0,0,50 ohms time 0.01
,SiC,1.0,Electron 110V,2.0,0,0.0,100.0,/Users/rkfuentes/Documents/md_anderson_analysis/yepes_code/data/2025-11-20/scope-results-2025-11-20-1886.csv,1.1040582399999969e-08,1.1040582399999969e-08,0,0,0,0,50 ohms time 0.01
,SiC,1.0,Electron 110V,2.0,0,0.0,100.0,/Users/rkfuentes/Documents/md_anderson_analysis/yepes_code/data/2025-11-20/scope-results-2025-11-20-1887.csv,1.3262792533333332e-08,1.3262792533333332e-08,0,0,0,0,50 ohms time 0.01
,SiC,1.0,Electron 110V,2.0,0,0.0,40.0,/Users/rkfuentes/Documents/md_anderson_analysis/yepes_code/data/2025-11-20/scope-results-2025-11-20-1890.csv,1.3978533333333348e-08,1.3978533333333348e-08,0,0,0,0,50 ohms time 0.01
,SiC,1.0,Electron 110V,2.0,0,0.0,40.0,/Users/rkfuentes/Documents/md_anderson_analysis/yepes_code/data/2025-11-20/scope-results-2025-11-20-1891.csv,1.6721123733333323e-08,1.6721123733333323e-08,0,0,0,0,50 ohms time 0.01
,SiC,1.0,Electron 110V,2.0,0,0.0,20.0,/Users/rkfuentes/Documents/md_anderson_analysis/yepes_code/data/2025-11-20/scope-results-2025-11-20-1893.csv,1.535687466666668e-08,1.535687466666668e-08,0,0,0,0,50 ohms time 0.01
,SiC,1.0,Electron 110V,2.0,0,0.0,0.0,/Users/rkfuentes/Documents/md_anderson_analysis/yepes_code/data/2025-11-20/scope-results-2025-11-20-1898.csv,1.3682739199999974e-08,1.3682739199999974e-08,0,0,0,0,50 ohms time 0.01
,SiC,1.0,Electron 110V,2.0,0,0.0,0.0,/Users/rkfuentes/Documents/md_anderson_analysis/yepes_code/data/2025-11-20/scope-results-2025-11-20-1901.csv,9.813722352941164e-09,9.813722352941164e-09,0,0,0,0,50 ohms time 0.01
,SiC,1.0,Electron 191V,2.0,0,0.0,10.0,/Users/rkfuentes/Documents/md_anderson_analysis/yepes_code/data/2025-11-20/scope-results-2025-11-20-1975.csv,8.17478778666667e-08,8.17478778666667e-08,0,0,0,0,50 ohms time 0.01
,SiC,1.0,Electron 191V,2.0,0,0.0,10.0,/Users/rkfuentes/Documents/md_anderson_analysis/yepes_code/data/2025-11-20/scope-results-2025-11-20-1976.csv,6.456033493333333e-08,6.456033493333333e-08,0,0,0,0,50 ohms time 0.01
,SiC,1.0,Electron 191V,2.0,0,0.0,10.0,/Users/rkfuentes/Documents/md_anderson_analysis/yepes_code/data/2025-11-20/scope-results-2025-11-20-1977.csv,6.629575253333334e-08,6.629575253333334e-08,0,0,0,0,50 ohms time 0.01
,SiC,1.0,Electron 191V,2.0,0,0.0,10.0,/Users/rkfuentes/Documents/md_anderson_analysis/yepes_code/data/2025-11-20/scope-results-2025-11-20-1978.csv,8.351123200000003e-08,8.351123200000003e-08,0,0,0,0,50 ohms time 0.01
,SiC,1.0,Electron 191V,2.0,0,0.0,10.0,/Users/rkfuentes/Documents/md_anderson_analysis/yepes_code/data/2025-11-20/scope-results-2025-11-20-1979.csv,6.491494666666666e-08,6.491494666666666e-08,0,0,0,0,50 ohms time 0.01
,SiC,1.0,Electron 191V,2.0,0,0.0,10.0,/Users/rkfuentes/Documents/md_anderson_analysis/yepes_code/data/2025-11-20/scope-results-2025-11-20-1980.csv,6.496135573333337e-08,6.496135573333337e-08,0,0,0,0,50 ohms time 0.01
,SiC,1.0,Electron 110V,2.0,0,0.0,10.0,/Users/rkfuentes/Documents/md_anderson_analysis/yepes_code/data/2025-11-20/scope-results-2025-11-20-2003.csv,4.428893333333333e-09,4.428893333333333e-09,0,0,0,0,50 ohms time 0.01
,SiC,1.0,Electron 85V,3.0,0,0.0,40.0,/Users/rkfuentes/Documents/md_anderson_analysis/yepes_code/data/2025-11-20/scope-results-2025-11-20-0071.csv,2.669053333333325e-09,2.669053333333325e-09,0,0,0,0,50 ohms
,SiC,1.0,Electron 110V,3.0,0,0.0,40.0,/Users/rkfuentes/Documents/md_anderson_analysis/yepes_code/data/2025-11-20/scope-results-2025-11-20-0125.csv,5.4259562666666655e-08,5.4259562666666655e-08,0,0,0,0,50 ohms time 0.01
,SiC,1.0,Electron 110V,3.0,0,0.0,40.0,/Users/rkfuentes/Documents/md_anderson_analysis/yepes_code/data/2025-11-20/scope-results-2025-11-20-0127.csv,5.4182320000000064e-08,5.4182320000000064e-08,0,0,0,0,50 ohms time 0.01
,SiC,1.0,Electron 110V,3.0,0,0.0,40.0,/Users/rkfuentes/Documents/md_anderson_analysis/yepes_code/data/2025-11-20/scope-results-2025-11-20-0128.csv,5.4203399999999994e-08,5.4203399999999994e-08,0,0,0,0,50 ohms time 0.01
,SiC,1.0,Electron 110V,3.0,0,0.0,40.0,/Users/rkfuentes/Documents/md_anderson_analysis/yepes_code/data/2025-11-20/scope-results-2025-11-20-0130.csv,5.4135205333333376e-08,5.4135205333333376e-08,0,0,0,0,50 ohms time 0.01
,SiC,1.0,Electron 110V,3.0,0,0.0,40.0,/Users/rkfuentes/Documents/md_anderson_analysis/yepes_code/data/2025-11-20/scope-results-2025-11-20-0132.csv,5.3375573333333326e-08,5.3375573333333326e-08,0,0,0,0,50 ohms time 0.01
,SiC,1.0,Electron 110V,3.0,0,0.0,40.0,/Users/rkfuentes/Documents/md_anderson_analysis/yepes_code/data/2025-11-20/scope-results-2025-11-20-0133.csv,5.342673466666665e-08,5.342673466666665e-08,0,0,0,0,50 ohms time 0.01
,SiC,1.0,Electron 110V,3.0,0,0.0,40.0,/Users/rkfuentes/Documents/md_anderson_analysis/yepes_code/data/2025-11-20/scope-results-2025-11-20-0134.csv,5.2417450666666714e-08,5.2417450666666714e-08,0,0,0,0,50 ohms time 0.01
,SiC,1.0,Electron 110V,3.0,0,0.0,40.0,/Users/rkfuentes/Documents/md_anderson_analysis/yepes_code/data/2025-11-20/scope-results-2025-11-20-0135.csv,5.2199146666666655e-08,5.2199146666666655e-08,0,0,0,0,50 ohms time 0.01
,SiC,1.0,Electron 110V,3.0,0,0.0,40.0,/Users/rkfuentes/Documents/md_anderson_analysis/yepes_code/data/2025-11-20/scope-results-2025-11-20-0136.csv,5.1649919999999984e-08,5.1649919999999984e-08,0,0,0,0,50 ohms time 0.01
,SiC,1.0,Electron 191V,3.0,0,0.0,40.0,/Users/rkfuentes/Documents/md_anderson_analysis/yepes_code/data/2025-11-20/scope-results-2025-11-20-0173.csv,1.4141652799999998e-07,1.4141652799999998e-07,0,0,0,0,50 ohms time 0.01
,SiC,1.0,Electron 191V,3.0,0,0.0,40.0,/Users/rkfuentes/Documents/md_anderson_analysis/yepes_code/data/2025-11-20/scope-results-2025-11-20-0174.csv,1.397491266666667e-07,1.397491266666667e-07,0,0,0,0,50 ohms time 0.01
,SiC,1.0,Electron 191V,3.0,0,0.0,40.0,/Users/rkfuentes/Documents/md_anderson_analysis/yepes_code/data/2025-11-20/scope-results-2025-11-20-0175.csv,1.3847075600000006e-07,1.3847075600000006e-07,0,0,0,0,50 ohms time 0.01
,SiC,1.0,Electron 191V,3.0,0,0.0,40.0,/Users/rkfuentes/Documents/md_anderson_analysis/yepes_code/data/2025-11-20/scope-results-2025-11-20-0176.csv,1.382777906666667e-07,1.382777906666667e-07,0,0,0,0,50 ohms time 0.01
,SiC,1.0,Electron 191V,3.0,0,0.0,40.0,/Users/rkfuentes/Documents/md_anderson_analysis/yepes_code/data/2025-11-20/scope-results-2025-11-20-0177.csv,1.3517278000000006e-07,1.3517278000000006e-07,0,0,0,0,50 ohms time 0.01
,SiC,1.0,Electron 191V,3.0,0,0.0,40.0,/Users/rkfuentes/Documents/md_anderson_analysis/yepes_code/data/2025-11-20/scope-results-2025-11-20-0178.csv,1.3566115733333333e-07,1.3566115733333333e-07,0,0,0,0,50 ohms time 0.01
,SiC,1.0,Electron 191V,3.0,0,0.0,40.0,/Users/rkfuentes/Documents/md_anderson_analysis/yepes_code/data/2025-11-20/scope-results-2025-11-20-0179.csv,1.3436022400000004e-07,1.3436022400000004e-07,0,0,0,0,50 ohms time 0.01
,SiC,1.0,Electron 191V,3.0,0,0.0,40.0,/Users/rkfuentes/Documents/md_anderson_analysis/yepes_code/data/2025-11-20/scope-results-2025-11-20-0180.csv,1.3451575733333338e-07,1.3451575733333338e-07,0,0,0,0,50 ohms time 0.01
,SiC,1.0,Electron 191V,3.0,0,0.0,40.0,/Users/rkfuentes/Documents/md_anderson_analysis/yepes_code/data/2025-11-20/scope-results-2025-11-20-0181.csv,1.3356920266666672e-07,1.3356920266666672e-07,0,0,0,0,50 ohms time 0.01
,SiC,1.0,Electron 191V,3.0,0,0.0,40.0,/Users/rkfuentes/Documents/md_anderson_analysis/yepes_code/data/2025-11-20/scope-results-2025-11-20-0182.csv,1.325911466666667e-07,1.325911466666667e-07,0,0,0,0,50 ohms time 0.01
,SiC,1.0,Electron 191V,3.0,0,0.0,40.0,/Users/rkfuentes/Documents/md_anderson_analysis/yepes_code/data/2025-11-20/scope-results-2025-11-20-0183.csv,1.319261320000001e-07,1.319261320000001e-07,0,0,0,0,50 ohms time 0.01
,SiC,1.0,Electron 191V,3.0,0,0.0,20.0,/Users/rkfuentes/Documents/md_anderson_analysis/yepes_code/data/2025-11-20/scope-results-2025-11-20-0194.csv,1.1453371733333337e-07,1.1453371733333337e-07,0,0,0,0,50 ohms time 0.01
,SiC,1.0,Electron 191V,3.0,0,0.0,20.0,/Users/rkfuentes/Documents/md_anderson_analysis/yepes_code/data/2025-11-20/scope-results-2025-11-20-0195.csv,1.13652192e-07,1.13652192e-07,0,0,0,0,50 ohms time 0.01
,SiC,1.0,Electron 191V,3.0,0,0.0,40.0,/Users/rkfuentes/Documents/md_anderson_analysis/yepes_code/data/2025-11-20/scope-results-2025-11-20-0196.csv,1.30094408e-07,1.30094408e-07,0,0,0,0,50 ohms time 0.01
,SiC,1.0,Electron 191V,3.0,0,0.0,40.0,/Users/rkfuentes/Documents/md_anderson_analysis/yepes_code/data/2025-11-20/scope-results-2025-11-20-0197.csv,1.298076106666667e-07,1.298076106666667e-07,0,0,0,0,50 ohms time 0.01
,SiC,1.0,Electron 191V,3.0,0,0.0,10.0,/Users/rkfuentes/Documents/md_anderson_analysis/yepes_code/data/2025-11-20/scope-results-2025-11-20-0198.csv,9.834172000000002e-08,9.834172000000002e-08,0,0,0,0,50 ohms time 0.01
,SiC,1.0,Electron 191V,3.0,0,0.0,10.0,/Users/rkfuentes/Documents/md_anderson_analysis/yepes_code/data/2025-11-20/scope-results-2025-11-20-0199.csv,9.726980799999996e-08,9.726980799999996e-08,0,0,0,0,50 ohms time 0.01
,SiC,1.0,Electron 191V,3.0,0,0.0,1.0,/Users/rkfuentes/Documents/md_anderson_analysis/yepes_code/data/2025-11-20/scope-results-2025-11-20-0200.csv,9.827968000000005e-08,9.827968000000005e-08,0,0,0,0,50 ohms time 0.01
,SiC,1.0,Electron 191V,3.0,0,0.0,1.0,/Users/rkfuentes/Documents/md_anderson_analysis/yepes_code/data/2025-11-20/scope-results-2025-11-20-0201.csv,9.890207466666669e-08,9.890207466666669e-08,0,0,0,0,50 ohms time 0.01
,SiC,1.0,Electron 85V,3.0,0,0.0,40.0,/Users/rkfuentes/Documents/md_anderson_analysis/yepes_code/data/2025-11-20/scope-results-2025-11-20-0286.csv,2.6149933333334304e-09,2.6149933333334304e-09,0,0,0,0,50 ohms time 0.01
,SiC,1.0,Electron 110V,3.0,0,0.0,40.0,/Users/rkfuentes/Documents/md_anderson_analysis/yepes_code/data/2025-11-20/scope-results-2025-11-20-0332.csv,1.780930666666669e-08,1.780930666666669e-08,0,0,0,0,50 ohms time 0.01
,SiC,1.0,Electron 110V,3.0,0,0.0,40.0,/Users/rkfuentes/Documents/md_anderson_analysis/yepes_code/data/2025-11-20/scope-results-2025-11-20-0347.csv,1.9188218666666714e-08,1.9188218666666714e-08,0,0,0,0,50 ohms time 0.01
,SiC,1.0,Electron 110V,3.0,0,0.0,40.0,/Users/rkfuentes/Documents/md_anderson_analysis/yepes_code/data/2025-11-20/scope-results-2025-11-20-0348.csv,1.8398216000000023e-08,1.8398216000000023e-08,0,0,0,0,50 ohms time 0.01
,SiC,1.0,Electron 110V,3.0,0,0.0,40.0,/Users/rkfuentes/Documents/md_anderson_analysis/yepes_code/data/2025-11-20/scope-results-2025-11-20-0353.csv,1.9190363999999995e-08,1.9190363999999995e-08,0,0,0,0,50 ohms time 0.01
,SiC,1.0,Electron 85V,3.0,0,0.0,40.0,/Users/rkfuentes/Documents/md_anderson_analysis/yepes_code/data/2025-11-20/scope-results-2025-11-20-0810.csv,1.254629066666646e-09,1.254629066666646e-09,0,0,0,0,50 ohms time 0.01
,SiC,1.0,Electron 85V,3.0,0,0.0,40.0,/Users/rkfuentes/Documents/md_anderson_analysis/yepes_code/data/2025-11-20/scope-results-2025-11-20-0812.csv,4.1323173333332335e-10,4.1323173333332335e-10,0,0,0,0,50 ohms time 0.01
,SiC,1.0,Electron 85V,3.0,0,0.0,40.0,/Users/rkfuentes/Documents/md_anderson_analysis/yepes_code/data/2025-11-20/scope-results-2025-11-20-0813.csv,4.78973066666657e-10,4.78973066666657e-10,0,0,0,0,50 ohms time 0.01
,SiC,1.0,Electron 85V,3.0,0,0.0,40.0,/Users/rkfuentes/Documents/md_anderson_analysis/yepes_code/data/2025-11-20/scope-results-2025-11-20-0814.csv,2.942617599999994e-09,2.942617599999994e-09,0,0,0,0,50 ohms time 0.01
,SiC,1.0,Electron 85V,3.0,0,0.0,40.0,/Users/rkfuentes/Documents/md_anderson_analysis/yepes_code/data/2025-11-20/scope-results-2025-11-20-0818.csv,4.4940320000000704e-10,4.4940320000000704e-10,0,0,0,0,50 ohms time 0.01
,SiC,1.0,Electron 110V,3.0,0,0.0,40.0,/Users/rkfuentes/Documents/md_anderson_analysis/yepes_code/data/2025-11-20/scope-results-2025-11-20-0822.csv,7.653257066666666e-09,7.653257066666666e-09,0,0,0,0,50 ohms time 0.01
,SiC,1.0,Electron 110V,3.0,0,0.0,40.0,/Users/rkfuentes/Documents/md_anderson_analysis/yepes_code/data/2025-11-20/scope-results-2025-11-20-0825.csv,5.259340000000018e-09,5.259340000000018e-09,0,0,0,0,50 ohms time 0.01
,SiC,1.0,Electron 110V,3.0,0,0.0,40.0,/Users/rkfuentes/Documents/md_anderson_analysis/yepes_code/data/2025-11-20/scope-results-2025-11-20-0826.csv,3.279275199999986e-09,3.279275199999986e-09,0,0,0,0,50 ohms time 0.01
,SiC,1.0,Electron 191V,3.0,0,0.0,40.0,/Users/rkfuentes/Documents/md_anderson_analysis/yepes_code/data/2025-11-20/scope-results-2025-11-20-0835.csv,1.6364550400000017e-08,1.6364550400000017e-08,0,0,0,0,50 ohms time 0.01
,SiC,1.0,Electron 191V,3.0,0,0.0,40.0,/Users/rkfuentes/Documents/md_anderson_analysis/yepes_code/data/2025-11-20/scope-results-2025-11-20-0837.csv,1.7210336533333386e-08,1.7210336533333386e-08,0,0,0,0,50 ohms time 0.01
,SiC,1.0,Electron 191V,3.0,0,0.0,40.0,/Users/rkfuentes/Documents/md_anderson_analysis/yepes_code/data/2025-11-20/scope-results-2025-11-20-0846.csv,2.3806506666666437e-10,2.3806506666666437e-10,0,0,0,0,50 ohms time 0.01
,SiC,1.0,Electron 191V,3.0,0,0.0,40.0,/Users/rkfuentes/Documents/md_anderson_analysis/yepes_code/data/2025-11-20/scope-results-2025-11-20-0847.csv,4.939989333333574e-10,4.939989333333574e-10,0,0,0,0,50 ohms time 0.01
,SiC,1.0,Electron 85V,3.0,0,0.0,40.0,/Users/rkfuentes/Documents/md_anderson_analysis/yepes_code/data/2025-11-20/scope-results-2025-11-20-0917.csv,1.386269333333313e-09,1.386269333333313e-09,0,0,0,0,50 ohms time 0.01
,SiC,1.0,Electron 85V,3.0,0,0.0,40.0,/Users/rkfuentes/Documents/md_anderson_analysis/yepes_code/data/2025-11-20/scope-results-2025-11-20-0925.csv,9.011733986129067e-10,9.011733986129067e-10,0,0,0,0,50 ohms time 0.01
,SiC,1.0,Electron 85V,3.0,0,0.0,40.0,/Users/rkfuentes/Documents/md_anderson_analysis/yepes_code/data/2025-11-20/scope-results-2025-11-20-0926.csv,1.1529866666667074e-10,1.1529866666667074e-10,0,0,0,0,50 ohms time 0.01
,SiC,1.0,Electron 85V,3.0,0,0.0,40.0,/Users/rkfuentes/Documents/md_anderson_analysis/yepes_code/data/2025-11-20/scope-results-2025-11-20-0927.csv,3.4094906666665635e-10,3.4094906666665635e-10,0,0,0,0,50 ohms time 0.01
,SiC,1.0,Electron 110V,3.0,0,0.0,40.0,/Users/rkfuentes/Documents/md_anderson_analysis/yepes_code/data/2025-11-20/scope-results-2025-11-20-0969.csv,2.773929066666664e-09,2.773929066666664e-09,0,0,0,0,50 ohms time 0.01
,SiC,1.0,Electron 110V,3.0,0,0.0,40.0,/Users/rkfuentes/Documents/md_anderson_analysis/yepes_code/data/2025-11-20/scope-results-2025-11-20-0970.csv,4.759294933333336e-09,4.759294933333336e-09,0,0,0,0,50 ohms time 0.01
,SiC,1.0,Electron 110V,3.0,0,0.0,40.0,/Users/rkfuentes/Documents/md_anderson_analysis/yepes_code/data/2025-11-20/scope-results-2025-11-20-0978.csv,4.694271733333359e-09,4.694271733333359e-09,0,0,0,0,50 ohms time 0.01
,SiC,1.0,Electron 110V,3.0,0,0.0,40.0,/Users/rkfuentes/Documents/md_anderson_analysis/yepes_code/data/2025-11-20/scope-results-2025-11-20-0981.csv,2.850139733333324e-09,2.850139733333324e-09,0,0,0,0,50 ohms time 0.01
,SiC,1.0,Electron 191V,3.0,0,0.0,40.0,/Users/rkfuentes/Documents/md_anderson_analysis/yepes_code/data/2025-11-20/scope-results-2025-11-20-1047.csv,7.095786666667879e-11,7.095786666667879e-11,0,0,0,0,50 ohms time 0.01
,SiC,1.0,Electron 85V,3.0,0,0.0,40.0,/Users/rkfuentes/Documents/md_anderson_analysis/yepes_code/data/2025-11-20/scope-results-2025-11-20-1090.csv,3.970501333332979e-10,3.970501333332979e-10,0,0,0,0,50 ohms time 0.01
,SiC,1.0,Electron 85V,3.0,0,0.0,40.0,/Users/rkfuentes/Documents/md_anderson_analysis/yepes_code/data/2025-11-20/scope-results-2025-11-20-1091.csv,1.789135999999795e-10,1.789135999999795e-10,0,0,0,0,50 ohms time 0.01
,SiC,1.0,Electron 85V,3.0,0,0.0,40.0,/Users/rkfuentes/Documents/md_anderson_analysis/yepes_code/data/2025-11-20/scope-results-2025-11-20-1095.csv,4.268181333333627e-10,4.268181333333627e-10,0,0,0,0,50 ohms time 0.01
,SiC,1.0,Electron 85V,3.0,0,0.0,40.0,/Users/rkfuentes/Documents/md_anderson_analysis/yepes_code/data/2025-11-20/scope-results-2025-11-20-1097.csv,4.5282133333334366e-10,4.5282133333334366e-10,0,0,0,0,50 ohms time 0.01
,SiC,1.0,Electron 85V,3.0,0,0.0,40.0,/Users/rkfuentes/Documents/md_anderson_analysis/yepes_code/data/2025-11-20/scope-results-2025-11-20-1099.csv,1.8446853333336147e-10,1.8446853333336147e-10,0,0,0,0,50 ohms time 0.01
,SiC,1.0,Electron 110V,3.0,0,0.0,40.0,/Users/rkfuentes/Documents/md_anderson_analysis/yepes_code/data/2025-11-20/scope-results-2025-11-20-1147.csv,3.4919679999999806e-09,3.4919679999999806e-09,0,0,0,0,50 ohms time 0.01
,SiC,1.0,Electron 110V,3.0,0,0.0,40.0,/Users/rkfuentes/Documents/md_anderson_analysis/yepes_code/data/2025-11-20/scope-results-2025-11-20-1151.csv,1.0046466666666535e-09,1.0046466666666535e-09,0,0,0,0,50 ohms time 0.01
,SiC,1.0,Electron 110V,3.0,0,0.0,40.0,/Users/rkfuentes/Documents/md_anderson_analysis/yepes_code/data/2025-11-20/scope-results-2025-11-20-1154.csv,3.3758261333333355e-09,3.3758261333333355e-09,0,0,0,0,50 ohms time 0.01
,SiC,1.0,Electron 110V,3.0,0,0.0,40.0,/Users/rkfuentes/Documents/md_anderson_analysis/yepes_code/data/2025-11-20/scope-results-2025-11-20-1155.csv,3.4294821333333412e-09,3.4294821333333412e-09,0,0,0,0,50 ohms time 0.01
,SiC,1.0,Electron 110V,3.0,0,0.0,40.0,/Users/rkfuentes/Documents/md_anderson_analysis/yepes_code/data/2025-11-20/scope-results-2025-11-20-1156.csv,2.6504640000002897e-10,2.6504640000002897e-10,0,0,0,0,50 ohms time 0.01
,SiC,1.0,Electron 110V,3.0,0,0.0,40.0,/Users/rkfuentes/Documents/md_anderson_analysis/yepes_code/data/2025-11-20/scope-results-2025-11-20-1157.csv,2.4675151999999982e-09,2.4675151999999982e-09,0,0,0,0,50 ohms time 0.01
,SiC,1.0,Electron 85V,3.0,0,0.0,40.0,/Users/rkfuentes/Documents/md_anderson_analysis/yepes_code/data/2025-11-20/scope-results-2025-11-20-1263.csv,1.2423037933818207e-09,1.2423037933818207e-09,0,0,0,0,50 ohms time 0.01
,SiC,1.0,Electron 85V,3.0,0,0.0,40.0,/Users/rkfuentes/Documents/md_anderson_analysis/yepes_code/data/2025-11-20/scope-results-2025-11-20-1265.csv,3.6394240000002045e-10,3.6394240000002045e-10,0,0,0,0,50 ohms time 0.01
,SiC,1.0,Electron 85V,3.0,0,0.0,40.0,/Users/rkfuentes/Documents/md_anderson_analysis/yepes_code/data/2025-11-20/scope-results-2025-11-20-1266.csv,2.5195333333333137e-10,2.5195333333333137e-10,0,0,0,0,50 ohms time 0.01
,SiC,1.0,Electron 85V,3.0,0,0.0,40.0,/Users/rkfuentes/Documents/md_anderson_analysis/yepes_code/data/2025-11-20/scope-results-2025-11-20-1268.csv,2.6494114666666367e-09,2.6494114666666367e-09,0,0,0,0,50 ohms time 0.01
,SiC,1.0,Electron 85V,3.0,0,0.0,40.0,/Users/rkfuentes/Documents/md_anderson_analysis/yepes_code/data/2025-11-20/scope-results-2025-11-20-1271.csv,1.70471253333333e-09,1.70471253333333e-09,0,0,0,0,50 ohms time 0.01
,SiC,1.0,Electron 85V,3.0,0,0.0,40.0,/Users/rkfuentes/Documents/md_anderson_analysis/yepes_code/data/2025-11-20/scope-results-2025-11-20-1272.csv,1.6366293333332684e-10,1.6366293333332684e-10,0,0,0,0,50 ohms time 0.01
,SiC,1.0,Electron 85V,3.0,0,0.0,40.0,/Users/rkfuentes/Documents/md_anderson_analysis/yepes_code/data/2025-11-20/scope-results-2025-11-20-1273.csv,2.0939733333332683e-10,2.0939733333332683e-10,0,0,0,0,50 ohms time 0.01
,SiC,1.0,Electron 85V,3.0,0,0.0,40.0,/Users/rkfuentes/Documents/md_anderson_analysis/yepes_code/data/2025-11-20/scope-results-2025-11-20-1274.csv,1.377301333333301e-09,1.377301333333301e-09,0,0,0,0,50 ohms time 0.01
,SiC,1.0,Electron 110V,3.0,0,0.0,40.0,/Users/rkfuentes/Documents/md_anderson_analysis/yepes_code/data/2025-11-20/scope-results-2025-11-20-1315.csv,2.307433600000008e-09,2.307433600000008e-09,0,0,0,0,50 ohms time 0.01
,SiC,1.0,Electron 110V,3.0,0,0.0,40.0,/Users/rkfuentes/Documents/md_anderson_analysis/yepes_code/data/2025-11-20/scope-results-2025-11-20-1317.csv,1.8566682666666854e-09,1.8566682666666854e-09,0,0,0,0,50 ohms time 0.01
,SiC,1.0,Electron 110V,3.0,0,0.0,40.0,/Users/rkfuentes/Documents/md_anderson_analysis/yepes_code/data/2025-11-20/scope-results-2025-11-20-1318.csv,3.020884000000009e-09,3.020884000000009e-09,0,0,0,0,50 ohms time 0.01
,SiC,1.0,Electron 110V,3.0,0,0.0,40.0,/Users/rkfuentes/Documents/md_anderson_analysis/yepes_code/data/2025-11-20/scope-results-2025-11-20-1327.csv,2.133456533333299e-09,2.133456533333299e-09,0,0,0,0,50 ohms time 0.01
,SiC,1.0,Electron 110V,3.0,0,0.0,40.0,/Users/rkfuentes/Documents/md_anderson_analysis/yepes_code/data/2025-11-20/scope-results-2025-11-20-1328.csv,2.9031173333332705e-10,2.9031173333332705e-10,0,0,0,0,50 ohms time 0.01
,SiC,1.0,Electron 85V,3.0,0,0.0,40.0,/Users/rkfuentes/Documents/md_anderson_analysis/yepes_code/data/2025-11-20/scope-results-2025-11-20-1426.csv,2.5442879999997244e-10,2.5442879999997244e-10,0,0,0,0,50 ohms time 0.01
,SiC,1.0,Electron 85V,3.0,0,0.0,40.0,/Users/rkfuentes/Documents/md_anderson_analysis/yepes_code/data/2025-11-20/scope-results-2025-11-20-1427.csv,1.403699721448447e-09,1.403699721448447e-09,0,0,0,0,50 ohms time 0.01
,SiC,1.0,Electron 85V,3.0,0,0.0,40.0,/Users/rkfuentes/Documents/md_anderson_analysis/yepes_code/data/2025-11-20/scope-results-2025-11-20-1429.csv,1.2778666666661695e-10,1.2778666666661695e-10,0,0,0,0,50 ohms time 0.01
,SiC,1.0,Electron 85V,3.0,0,0.0,40.0,/Users/rkfuentes/Documents/md_anderson_analysis/yepes_code/data/2025-11-20/scope-results-2025-11-20-1432.csv,2.3220160000002412e-10,2.3220160000002412e-10,0,0,0,0,50 ohms time 0.01
,SiC,1.0,Electron 85V,3.0,0,0.0,40.0,/Users/rkfuentes/Documents/md_anderson_analysis/yepes_code/data/2025-11-20/scope-results-2025-11-20-1433.csv,2.7654133333332615e-10,2.7654133333332615e-10,0,0,0,0,50 ohms time 0.01
,SiC,1.0,Electron 85V,3.0,0,0.0,40.0,/Users/rkfuentes/Documents/md_anderson_analysis/yepes_code/data/2025-11-20/scope-results-2025-11-20-1434.csv,1.8654231257940952e-10,1.8654231257940952e-10,0,0,0,0,50 ohms time 0.01
,SiC,1.0,Electron 85V,3.0,0,0.0,40.0,/Users/rkfuentes/Documents/md_anderson_analysis/yepes_code/data/2025-11-20/scope-results-2025-11-20-1435.csv,1.9333813333332008e-10,1.9333813333332008e-10,0,0,0,0,50 ohms time 0.01
,SiC,1.0,Electron 110V,3.0,0,0.0,40.0,/Users/rkfuentes/Documents/md_anderson_analysis/yepes_code/data/2025-11-20/scope-results-2025-11-20-1473.csv,1.897748799999989e-09,1.897748799999989e-09,0,0,0,0,50 ohms time 0.01
,SiC,1.0,Electron 110V,3.0,0,0.0,40.0,/Users/rkfuentes/Documents/md_anderson_analysis/yepes_code/data/2025-11-20/scope-results-2025-11-20-1474.csv,2.180019199999955e-09,2.180019199999955e-09,0,0,0,0,50 ohms time 0.01
,SiC,1.0,Electron 110V,3.0,0,0.0,40.0,/Users/rkfuentes/Documents/md_anderson_analysis/yepes_code/data/2025-11-20/scope-results-2025-11-20-1476.csv,2.8384640000002704e-10,2.8384640000002704e-10,0,0,0,0,50 ohms time 0.01
,SiC,1.0,Electron 110V,3.0,0,0.0,40.0,/Users/rkfuentes/Documents/md_anderson_analysis/yepes_code/data/2025-11-20/scope-results-2025-11-20-1477.csv,1.6576053333333814e-10,1.6576053333333814e-10,0,0,0,0,50 ohms time 0.01
,SiC,1.0,Electron 110V,3.0,0,0.0,40.0,/Users/rkfuentes/Documents/md_anderson_analysis/yepes_code/data/2025-11-20/scope-results-2025-11-20-1478.csv,2.230586666666636e-09,2.230586666666636e-09,0,0,0,0,50 ohms time 0.01
,SiC,1.0,Electron 110V,3.0,0,0.0,40.0,/Users/rkfuentes/Documents/md_anderson_analysis/yepes_code/data/2025-11-20/scope-results-2025-11-20-1479.csv,5.14375999999971e-10,5.14375999999971e-10,0,0,0,0,50 ohms time 0.01
,SiC,1.0,Electron 110V,3.0,0,0.0,40.0,/Users/rkfuentes/Documents/md_anderson_analysis/yepes_code/data/2025-11-20/scope-results-2025-11-20-1481.csv,2.5550293333331103e-10,2.5550293333331103e-10,0,0,0,0,50 ohms time 0.01
,SiC,1.0,Electron 191V,3.0,0,0.0,40.0,/Users/rkfuentes/Documents/md_anderson_analysis/yepes_code/data/2025-11-20/scope-results-2025-11-20-1516.csv,8.87168533333325e-10,8.87168533333325e-10,0,0,0,0,50 ohms time 0.01
,SiC,1.0,Electron 191V,3.0,0,0.0,40.0,/Users/rkfuentes/Documents/md_anderson_analysis/yepes_code/data/2025-11-20/scope-results-2025-11-20-1521.csv,1.246314666666672e-09,1.246314666666672e-09,0,0,0,0,50 ohms time 0.01
,SiC,1.0,Electron 191V,3.0,0,0.0,40.0,/Users/rkfuentes/Documents/md_anderson_analysis/yepes_code/data/2025-11-20/scope-results-2025-11-20-1529.csv,2.6123345845946875e-08,2.6123345845946875e-08,0,0,0,0,50 ohms time 0.01
,SiC,1.0,Electron 191V,3.0,0,0.0,40.0,/Users/rkfuentes/Documents/md_anderson_analysis/yepes_code/data/2025-11-20/scope-results-2025-11-20-1530.csv,3.5346044444444446e-08,3.5346044444444446e-08,0,0,0,0,50 ohms time 0.01
,SiC,1.0,Electron 191V,3.0,0,0.0,40.0,/Users/rkfuentes/Documents/md_anderson_analysis/yepes_code/data/2025-11-20/scope-results-2025-11-20-1531.csv,3.234681226666668e-08,3.234681226666668e-08,0,0,0,0,50 ohms time 0.01
,SiC,1.0,Electron 110V,3.0,0,0.0,40.0,/Users/rkfuentes/Documents/md_anderson_analysis/yepes_code/data/2025-11-20/scope-results-2025-11-20-1584.csv,1.7348166666666682e-08,1.7348166666666682e-08,0,0,0,0,50 ohms time 0.01 no collimator
,SiC,1.0,Electron 110V,3.0,0,0.0,40.0,/Users/rkfuentes/Documents/md_anderson_analysis/yepes_code/data/2025-11-20/scope-results-2025-11-20-1585.csv,1.4864806666666663e-08,1.4864806666666663e-08,0,0,0,0,50 ohms time 0.01 no collimator
,SiC,1.0,Electron 110V,3.0,0,0.0,40.0,/Users/rkfuentes/Documents/md_anderson_analysis/yepes_code/data/2025-11-20/scope-results-2025-11-20-1586.csv,1.4348565333333334e-08,1.4348565333333334e-08,0,0,0,0,50 ohms time 0.01 no collimator
,SiC,1.0,Electron 191V,3.0,0,0.0,40.0,/Users/rkfuentes/Documents/md_anderson_analysis/yepes_code/data/2025-11-20/scope-results-2025-11-20-1587.csv,6.871609866666668e-08,6.871609866666668e-08,0,0,0,0,50 ohms time 0.01 no collimator
,SiC,1.0,Electron 191V,3.0,0,0.0,40.0,/Users/rkfuentes/Documents/md_anderson_analysis/yepes_code/data/2025-11-20/scope-results-2025-11-20-1588.csv,6.007925333333336e-08,6.007925333333336e-08,0,0,0,0,50 ohms time 0.01 no collimator
,SiC,1.0,Electron 191V,3.0,0,0.0,40.0,/Users/rkfuentes/Documents/md_anderson_analysis/yepes_code/data/2025-11-20/scope-results-2025-11-20-1589.csv,5.8711760000000006e-08,5.8711760000000006e-08,0,0,0,0,50 ohms time 0.01 no collimator
,SiC,1.0,Electron 191V,3.0,0,0.0,40.0,/Users/rkfuentes/Documents/md_anderson_analysis/yepes_code/data/2025-11-20/scope-results-2025-11-20-1590.csv,2.2050133333332734e-10,2.2050133333332734e-10,0,0,0,0,50 ohms time 0.01 no collimator
,SiC,1.0,Electron 85V,3.0,0,0.0,200.0,/Users/rkfuentes/Documents/md_anderson_analysis/yepes_code/data/2025-11-20/scope-results-2025-11-20-1630.csv,1.3460480000000195e-09,1.3460480000000195e-09,0,0,0,0,50 ohms time 0.01 no collimator
,SiC,1.0,Electron 85V,3.0,0,0.0,200.0,/Users/rkfuentes/Documents/md_anderson_analysis/yepes_code/data/2025-11-20/scope-results-2025-11-20-1631.csv,1.005813333333341e-09,1.005813333333341e-09,0,0,0,0,50 ohms time 0.01 no collimator
,SiC,1.0,Electron 85V,3.0,0,0.0,200.0,/Users/rkfuentes/Documents/md_anderson_analysis/yepes_code/data/2025-11-20/scope-results-2025-11-20-1632.csv,2.9396159999999894e-09,2.9396159999999894e-09,0,0,0,0,50 ohms time 0.01 no collimator
,SiC,1.0,Electron 85V,3.0,0,0.0,200.0,/Users/rkfuentes/Documents/md_anderson_analysis/yepes_code/data/2025-11-20/scope-results-2025-11-20-1634.csv,1.7604533333333307e-09,1.7604533333333307e-09,0,0,0,0,50 ohms time 0.01 no collimator
,SiC,1.0,Electron 85V,3.0,0,0.0,200.0,/Users/rkfuentes/Documents/md_anderson_analysis/yepes_code/data/2025-11-20/scope-results-2025-11-20-1635.csv,1.529799999999963e-09,1.529799999999963e-09,0,0,0,0,50 ohms time 0.01 no collimator
,SiC,1.0,Electron 85V,3.0,0,0.0,200.0,/Users/rkfuentes/Documents/md_anderson_analysis/yepes_code/data/2025-11-20/scope-results-2025-11-20-1636.csv,2.0453333333333407e-09,2.0453333333333407e-09,0,0,0,0,50 ohms time 0.01 no collimator
,SiC,1.0,Electron 85V,3.0,0,0.0,200.0,/Users/rkfuentes/Documents/md_anderson_analysis/yepes_code/data/2025-11-20/scope-results-2025-11-20-1637.csv,1.6118493333333175e-09,1.6118493333333175e-09,0,0,0,0,50 ohms time 0.01 no collimator
,SiC,1.0,Electron 85V,3.0,0,0.0,200.0,/Users/rkfuentes/Documents/md_anderson_analysis/yepes_code/data/2025-11-20/scope-results-2025-11-20-1638.csv,2.039920000000041e-09,2.039920000000041e-09,0,0,0,0,50 ohms time 0.01 no collimator
,SiC,1.0,Electron 85V,3.0,0,0.0,200.0,/Users/rkfuentes/Documents/md_anderson_analysis/yepes_code/data/2025-11-20/scope-results-2025-11-20-1639.csv,3.224106666666869e-10,3.224106666666869e-10,0,0,0,0,50 ohms time 0.01 no collimator
,SiC,1.0,Electron 85V,3.0,0,0.0,200.0,/Users/rkfuentes/Documents/md_anderson_analysis/yepes_code/data/2025-11-20/scope-results-2025-11-20-1640.csv,1.310322666666684e-09,1.310322666666684e-09,0,0,0,0,50 ohms time 0.01 no collimator
,SiC,1.0,Electron 85V,3.0,0,0.0,200.0,/Users/rkfuentes/Documents/md_anderson_analysis/yepes_code/data/2025-11-20/scope-results-2025-11-20-1641.csv,1.1639653333333083e-09,1.1639653333333083e-09,0,0,0,0,50 ohms time 0.01 no collimator
,SiC,1.0,Electron 85V,3.0,0,0.0,200.0,/Users/rkfuentes/Documents/md_anderson_analysis/yepes_code/data/2025-11-20/scope-results-2025-11-20-1642.csv,9.15799999999996e-10,9.15799999999996e-10,0,0,0,0,50 ohms time 0.01 no collimator
,SiC,1.0,Electron 110V,3.0,0,0.0,200.0,/Users/rkfuentes/Documents/md_anderson_analysis/yepes_code/data/2025-11-20/scope-results-2025-11-20-1703.csv,2.787698666666716e-09,2.787698666666716e-09,0,0,0,0,50 ohms time 0.01 no collimator
,SiC,1.0,Electron 110V,3.0,0,0.0,200.0,/Users/rkfuentes/Documents/md_anderson_analysis/yepes_code/data/2025-11-20/scope-results-2025-11-20-1704.csv,1.9876266666666334e-10,1.9876266666666334e-10,0,0,0,0,50 ohms time 0.01 no collimator
,SiC,1.0,Electron 110V,3.0,0,0.0,200.0,/Users/rkfuentes/Documents/md_anderson_analysis/yepes_code/data/2025-11-20/scope-results-2025-11-20-1705.csv,5.48484266666664e-10,5.48484266666664e-10,0,0,0,0,50 ohms time 0.01 no collimator
,SiC,1.0,Electron 110V,3.0,0,0.0,200.0,/Users/rkfuentes/Documents/md_anderson_analysis/yepes_code/data/2025-11-20/scope-results-2025-11-20-1706.csv,1.1525706666666571e-09,1.1525706666666571e-09,0,0,0,0,50 ohms time 0.01 no collimator
,SiC,1.0,Electron 110V,3.0,0,0.0,200.0,/Users/rkfuentes/Documents/md_anderson_analysis/yepes_code/data/2025-11-20/scope-results-2025-11-20-1707.csv,1.5615067302596795e-09,1.5615067302596795e-09,0,0,0,0,50 ohms time 0.01 no collimator
,SiC,1.0,Electron 110V,3.0,0,0.0,200.0,/Users/rkfuentes/Documents/md_anderson_analysis/yepes_code/data/2025-11-20/scope-results-2025-11-20-1709.csv,6.76510399999994e-10,6.76510399999994e-10,0,0,0,0,50 ohms time 0.01 no collimator
,SiC,1.0,Electron 110V,3.0,0,0.0,200.0,/Users/rkfuentes/Documents/md_anderson_analysis/yepes_code/data/2025-11-20/scope-results-2025-11-20-1710.csv,1.991281066666663e-09,1.991281066666663e-09,0,0,0,0,50 ohms time 0.01 no collimator
,SiC,1.0,Electron 110V,3.0,0,0.0,200.0,/Users/rkfuentes/Documents/md_anderson_analysis/yepes_code/data/2025-11-20/scope-results-2025-11-20-1711.csv,3.545359349593498e-09,3.545359349593498e-09,0,0,0,0,50 ohms time 0.01 no collimator
,SiC,1.0,Electron 110V,3.0,0,0.0,200.0,/Users/rkfuentes/Documents/md_anderson_analysis/yepes_code/data/2025-11-20/scope-results-2025-11-20-1712.csv,1.3612800000000112e-10,1.3612800000000112e-10,0,0,0,0,50 ohms time 0.01 no collimator
,SiC,1.0,Electron 110V,3.0,0,0.0,200.0,/Users/rkfuentes/Documents/md_anderson_analysis/yepes_code/data/2025-11-20/scope-results-2025-11-20-1713.csv,1.535199999999987e-09,1.535199999999987e-09,0,0,0,0,50 ohms time 0.01 no collimator
,SiC,1.0,Electron 110V,3.0,0,0.0,200.0,/Users/rkfuentes/Documents/md_anderson_analysis/yepes_code/data/2025-11-20/scope-results-2025-11-20-1714.csv,7.534308943089567e-10,7.534308943089567e-10,0,0,0,0,50 ohms time 0.01 no collimator
,SiC,1.0,Electron 110V,3.0,0,0.0,200.0,/Users/rkfuentes/Documents/md_anderson_analysis/yepes_code/data/2025-11-20/scope-results-2025-11-20-1715.csv,2.480666666666674e-09,2.480666666666674e-09,0,0,0,0,50 ohms time 0.01 no collimator
,SiC,1.0,Electron 110V,3.0,0,0.0,200.0,/Users/rkfuentes/Documents/md_anderson_analysis/yepes_code/data/2025-11-20/scope-results-2025-11-20-1716.csv,3.2368160000000016e-10,3.2368160000000016e-10,0,0,0,0,50 ohms time 0.01 no collimator
,SiC,1.0,Electron 110V,3.0,0,0.0,200.0,/Users/rkfuentes/Documents/md_anderson_analysis/yepes_code/data/2025-11-20/scope-results-2025-11-20-1717.csv,2.407976533333384e-09,2.407976533333384e-09,0,0,0,0,50 ohms time 0.01 no collimator
,SiC,1.0,Electron 110V,3.0,0,0.0,200.0,/Users/rkfuentes/Documents/md_anderson_analysis/yepes_code/data/2025-11-20/scope-results-2025-11-20-1718.csv,2.471031778228527e-09,2.471031778228527e-09,0,0,0,0,50 ohms time 0.01 no collimator
,SiC,1.0,Electron 110V,3.0,0,0.0,200.0,/Users/rkfuentes/Documents/md_anderson_analysis/yepes_code/data/2025-11-20/scope-results-2025-11-20-1719.csv,3.158743378995431e-09,3.158743378995431e-09,0,0,0,0,50 ohms time 0.01 no collimator
,SiC,1.0,Electron 110V,3.0,0,0.0,200.0,/Users/rkfuentes/Documents/md_anderson_analysis/yepes_code/data/2025-11-20/scope-results-2025-11-20-1720.csv,4.823381333333262e-10,4.823381333333262e-10,0,0,0,0,50 ohms time 0.01 no collimator
,SiC,1.0,Electron 110V,3.0,0,0.0,200.0,/Users/rkfuentes/Documents/md_anderson_analysis/yepes_code/data/2025-11-20/scope-results-2025-11-20-1722.csv,9.658282666666715e-10,9.658282666666715e-10,0,0,0,0,50 ohms time 0.01 no collimator
,SiC,1.0,Electron 110V,3.0,0,0.0,200.0,/Users/rkfuentes/Documents/md_anderson_analysis/yepes_code/data/2025-11-20/scope-results-2025-11-20-1726.csv,1.2945348799999996e-08,1.2945348799999996e-08,0,0,0,0,50 ohms time 0.01 no collimator
,SiC,1.0,Electron 110V,3.0,0,0.0,200.0,/Users/rkfuentes/Documents/md_anderson_analysis/yepes_code/data/2025-11-20/scope-results-2025-11-20-1727.csv,1.6488095999999973e-08,1.6488095999999973e-08,0,0,0,0,50 ohms time 0.01 no collimator
,SiC,1.0,Electron 110V,3.0,0,0.0,200.0,/Users/rkfuentes/Documents/md_anderson_analysis/yepes_code/data/2025-11-20/scope-results-2025-11-20-1728.csv,3.4692693333333163e-09,3.4692693333333163e-09,0,0,0,0,50 ohms time 0.01 no collimator
,SiC,1.0,Electron 110V,3.0,0,0.0,200.0,/Users/rkfuentes/Documents/md_anderson_analysis/yepes_code/data/2025-11-20/scope-results-2025-11-20-1731.csv,3.717446933333317e-09,3.717446933333317e-09,0,0,0,0,50 ohms time 0.01 no collimator
,SiC,1.0,Electron 85V,3.0,0,0.0,200.0,/Users/rkfuentes/Documents/md_anderson_analysis/yepes_code/data/2025-11-20/scope-results-2025-11-20-1734.csv,6.688960000000057e-10,6.688960000000057e-10,0,0,0,0,50 ohms time 0.01 no collimator
,SiC,1.0,Electron 85V,3.0,0,0.0,200.0,/Users/rkfuentes/Documents/md_anderson_analysis/yepes_code/data/2025-11-20/scope-results-2025-11-20-1735.csv,1.524696533333324e-09,1.524696533333324e-09,0,0,0,0,50 ohms time 0.01 no collimator
,SiC,1.0,Electron 85V,3.0,0,0.0,200.0,/Users/rkfuentes/Documents/md_anderson_analysis/yepes_code/data/2025-11-20/scope-results-2025-11-20-1736.csv,4.5140533333332774e-10,4.5140533333332774e-10,0,0,0,0,50 ohms time 0.01 no collimator
,SiC,1.0,Electron 85V,3.0,0,0.0,200.0,/Users/rkfuentes/Documents/md_anderson_analysis/yepes_code/data/2025-11-20/scope-results-2025-11-20-1737.csv,2.3767679999998766e-10,2.3767679999998766e-10,0,0,0,0,50 ohms time 0.01 no collimator
,SiC,1.0,Electron 85V,3.0,0,0.0,200.0,/Users/rkfuentes/Documents/md_anderson_analysis/yepes_code/data/2025-11-20/scope-results-2025-11-20-1738.csv,1.13756533333329e-09,1.13756533333329e-09,0,0,0,0,50 ohms time 0.01 no collimator
,SiC,1.0,Electron 85V,3.0,0,0.0,200.0,/Users/rkfuentes/Documents/md_anderson_analysis/yepes_code/data/2025-11-20/scope-results-2025-11-20-1739.csv,1.686169599999993e-09,1.686169599999993e-09,0,0,0,0,50 ohms time 0.01 no collimator
,SiC,1.0,Electron 85V,3.0,0,0.0,200.0,/Users/rkfuentes/Documents/md_anderson_analysis/yepes_code/data/2025-11-20/scope-results-2025-11-20-1740.csv,5.34133333333346e-10,5.34133333333346e-10,0,0,0,0,50 ohms time 0.01 no collimator
,SiC,1.0,Electron 85V,3.0,0,0.0,200.0,/Users/rkfuentes/Documents/md_anderson_analysis/yepes_code/data/2025-11-20/scope-results-2025-11-20-1741.csv,1.451224000000011e-09,1.451224000000011e-09,0,0,0,0,50 ohms time 0.01 no collimator
,SiC,1.0,Electron 85V,3.0,0,0.0,200.0,/Users/rkfuentes/Documents/md_anderson_analysis/yepes_code/data/2025-11-20/scope-results-2025-11-20-1742.csv,1.1692522666666634e-09,1.1692522666666634e-09,0,0,0,0,50 ohms time 0.01 no collimator
,SiC,1.0,Electron 85V,3.0,0,0.0,200.0,/Users/rkfuentes/Documents/md_anderson_analysis/yepes_code/data/2025-11-20/scope-results-2025-11-20-1743.csv,2.386121599999983e-09,2.386121599999983e-09,0,0,0,0,50 ohms time 0.01 no collimator
,SiC,1.0,Electron 85V,3.0,0,0.0,200.0,/Users/rkfuentes/Documents/md_anderson_analysis/yepes_code/data/2025-11-20/scope-results-2025-11-20-1744.csv,6.04046933333321e-10,6.04046933333321e-10,0,0,0,0,50 ohms time 0.01 no collimator
,SiC,1.0,Electron 85V,3.0,0,0.0,200.0,/Users/rkfuentes/Documents/md_anderson_analysis/yepes_code/data/2025-11-20/scope-results-2025-11-20-1745.csv,2.5855466666668456e-10,2.5855466666668456e-10,0,0,0,0,50 ohms time 0.01 no collimator
,SiC,1.0,Electron 85V,3.0,0,0.0,200.0,/Users/rkfuentes/Documents/md_anderson_analysis/yepes_code/data/2025-11-20/scope-results-2025-11-20-1746.csv,1.511008000000035e-09,1.511008000000035e-09,0,0,0,0,50 ohms time 0.01 no collimator
,SiC,1.0,Electron 85V,3.0,0,0.0,200.0,/Users/rkfuentes/Documents/md_anderson_analysis/yepes_code/data/2025-11-20/scope-results-2025-11-20-1747.csv,3.1993877333333287e-09,3.1993877333333287e-09,0,0,0,0,50 ohms time 0.01 no collimator
,SiC,1.0,Electron 85V,3.0,0,0.0,200.0,/Users/rkfuentes/Documents/md_anderson_analysis/yepes_code/data/2025-11-20/scope-results-2025-11-20-1748.csv,1.226581333333328e-09,1.226581333333328e-09,0,0,0,0,50 ohms time 0.01 no collimator
,SiC,1.0,Electron 85V,3.0,0,0.0,200.0,/Users/rkfuentes/Documents/md_anderson_analysis/yepes_code/data/2025-11-20/scope-results-2025-11-20-1749.csv,7.37274666666668e-10,7.37274666666668e-10,0,0,0,0,50 ohms time 0.01 no collimator
,SiC,1.0,Electron 85V,3.0,0,0.0,200.0,/Users/rkfuentes/Documents/md_anderson_analysis/yepes_code/data/2025-11-20/scope-results-2025-11-20-1750.csv,6.803376000000024e-10,6.803376000000024e-10,0,0,0,0,50 ohms time 0.01 no collimator
,SiC,1.0,Electron 85V,3.0,0,0.0,200.0,/Users/rkfuentes/Documents/md_anderson_analysis/yepes_code/data/2025-11-20/scope-results-2025-11-20-1751.csv,1.2177439999999909e-10,1.2177439999999909e-10,0,0,0,0,50 ohms time 0.01 no collimator
,SiC,1.0,Electron 85V,3.0,0,0.0,200.0,/Users/rkfuentes/Documents/md_anderson_analysis/yepes_code/data/2025-11-20/scope-results-2025-11-20-1753.csv,2.684682133333325e-09,2.684682133333325e-09,0,0,0,0,50 ohms time 0.01 no collimator
,SiC,1.0,Electron 85V,3.0,0,0.0,200.0,/Users/rkfuentes/Documents/md_anderson_analysis/yepes_code/data/2025-11-20/scope-results-2025-11-20-1754.csv,5.194021333333288e-10,5.194021333333288e-10,0,0,0,0,50 ohms time 0.01 no collimator
,SiC,1.0,Electron 85V,3.0,0,0.0,200.0,/Users/rkfuentes/Documents/md_anderson_analysis/yepes_code/data/2025-11-20/scope-results-2025-11-20-1755.csv,2.1230106666666648e-09,2.1230106666666648e-09,0,0,0,0,50 ohms time 0.01 no collimator
,SiC,1.0,Electron 85V,3.0,0,0.0,200.0,/Users/rkfuentes/Documents/md_anderson_analysis/yepes_code/data/2025-11-20/scope-results-2025-11-20-1757.csv,2.0975402666666726e-09,2.0975402666666726e-09,0,0,0,0,50 ohms time 0.01 no collimator
,SiC,1.0,Electron 85V,3.0,0,0.0,200.0,/Users/rkfuentes/Documents/md_anderson_analysis/yepes_code/data/2025-11-20/scope-results-2025-11-20-1758.csv,1.621589866666721e-09,1.621589866666721e-09,0,0,0,0,50 ohms time 0.01 no collimator
,SiC,1.0,Electron 85V,3.0,0,0.0,200.0,/Users/rkfuentes/Documents/md_anderson_analysis/yepes_code/data/2025-11-20/scope-results-2025-11-20-1759.csv,1.2373119999999764e-09,1.2373119999999764e-09,0,0,0,0,50 ohms time 0.01 no collimator
,SiC,1.0,Electron 85V,3.0,0,0.0,200.0,/Users/rkfuentes/Documents/md_anderson_analysis/yepes_code/data/2025-11-20/scope-results-2025-11-20-1760.csv,1.3354239999999574e-09,1.3354239999999574e-09,0,0,0,0,50 ohms time 0.01 no collimator
,SiC,1.0,Electron 85V,3.0,0,0.0,200.0,/Users/rkfuentes/Documents/md_anderson_analysis/yepes_code/data/2025-11-20/scope-results-2025-11-20-1761.csv,1.4190092457420667e-09,1.4190092457420667e-09,0,0,0,0,50 ohms time 0.01 no collimator
,SiC,1.0,Electron 85V,3.0,0,0.0,200.0,/Users/rkfuentes/Documents/md_anderson_analysis/yepes_code/data/2025-11-20/scope-results-2025-11-20-1762.csv,5.25088533333346e-10,5.25088533333346e-10,0,0,0,0,50 ohms time 0.01 no collimator
,SiC,1.0,Electron 85V,3.0,0,0.0,200.0,/Users/rkfuentes/Documents/md_anderson_analysis/yepes_code/data/2025-11-20/scope-results-2025-11-20-1763.csv,1.2827786666666307e-09,1.2827786666666307e-09,0,0,0,0,50 ohms time 0.01 no collimator
,SiC,1.0,Electron 85V,3.0,0,0.0,200.0,/Users/rkfuentes/Documents/md_anderson_analysis/yepes_code/data/2025-11-20/scope-results-2025-11-20-1764.csv,3.154474666666349e-10,3.154474666666349e-10,0,0,0,0,50 ohms time 0.01 no collimator
,SiC,1.0,Electron 85V,3.0,0,0.0,200.0,/Users/rkfuentes/Documents/md_anderson_analysis/yepes_code/data/2025-11-20/scope-results-2025-11-20-1765.csv,2.28034011516319e-09,2.28034011516319e-09,0,0,0,0,50 ohms time 0.01 no collimator
,SiC,1.0,Electron 85V,3.0,0,0.0,200.0,/Users/rkfuentes/Documents/md_anderson_analysis/yepes_code/data/2025-11-20/scope-results-2025-11-20-1766.csv,1.7857226666666543e-09,1.7857226666666543e-09,0,0,0,0,50 ohms time 0.01 no collimator
,SiC,1.0,Electron 85V,3.0,0,0.0,200.0,/Users/rkfuentes/Documents/md_anderson_analysis/yepes_code/data/2025-11-20/scope-results-2025-11-20-1767.csv,4.688426666666681e-10,4.688426666666681e-10,0,0,0,0,50 ohms time 0.01 no collimator
,SiC,1.0,Electron 85V,3.0,0,0.0,200.0,/Users/rkfuentes/Documents/md_anderson_analysis/yepes_code/data/2025-11-20/scope-results-2025-11-20-1768.csv,1.0211701333333535e-09,1.0211701333333535e-09,0,0,0,0,50 ohms time 0.01 no collimator
,SiC,1.0,Electron 85V,3.0,0,0.0,200.0,/Users/rkfuentes/Documents/md_anderson_analysis/yepes_code/data/2025-11-20/scope-results-2025-11-20-1769.csv,2.3639898666666795e-09,2.3639898666666795e-09,0,0,0,0,50 ohms time 0.01 no collimator
,SiC,1.0,Electron 85V,3.0,0,0.0,200.0,/Users/rkfuentes/Documents/md_anderson_analysis/yepes_code/data/2025-11-20/scope-results-2025-11-20-1770.csv,2.068410133333371e-09,2.068410133333371e-09,0,0,0,0,50 ohms time 0.01 no collimator
,SiC,1.0,Electron 85V,3.0,0,0.0,200.0,/Users/rkfuentes/Documents/md_anderson_analysis/yepes_code/data/2025-11-20/scope-results-2025-11-20-1771.csv,9.96791466666655e-10,9.96791466666655e-10,0,0,0,0,50 ohms time 0.01 no collimator
,SiC,1.0,Electron 85V,3.0,0,0.0,200.0,/Users/rkfuentes/Documents/md_anderson_analysis/yepes_code/data/2025-11-20/scope-results-2025-11-20-1772.csv,3.5612586666663656e-10,3.5612586666663656e-10,0,0,0,0,50 ohms time 0.01 no collimator
,SiC,1.0,Electron 85V,3.0,0,0.0,200.0,/Users/rkfuentes/Documents/md_anderson_analysis/yepes_code/data/2025-11-20/scope-results-2025-11-20-1773.csv,7.02173333333359e-10,7.02173333333359e-10,0,0,0,0,50 ohms time 0.01 no collimator
,SiC,1.0,Electron 85V,3.0,0,0.0,200.0,/Users/rkfuentes/Documents/md_anderson_analysis/yepes_code/data/2025-11-20/scope-results-2025-11-20-1774.csv,3.2533514666667006e-09,3.2533514666667006e-09,0,0,0,0,50 ohms time 0.01 no collimator
,SiC,1.0,Electron 85V,3.0,0,0.0,200.0,/Users/rkfuentes/Documents/md_anderson_analysis/yepes_code/data/2025-11-20/scope-results-2025-11-20-1775.csv,1.9652746666666686e-09,1.9652746666666686e-09,0,0,0,0,50 ohms time 0.01 no collimator
,SiC,1.0,Electron 85V,3.0,0,0.0,200.0,/Users/rkfuentes/Documents/md_anderson_analysis/yepes_code/data/2025-11-20/scope-results-2025-11-20-1776.csv,3.712040533333318e-09,3.712040533333318e-09,0,0,0,0,50 ohms time 0.01 no collimator
,SiC,1.0,Electron 110V,3.0,0,0.0,200.0,/Users/rkfuentes/Documents/md_anderson_analysis/yepes_code/data/2025-11-20/scope-results-2025-11-20-1778.csv,1.9727851733333338e-08,1.9727851733333338e-08,0,0,0,0,50 ohms time 0.01 no collimator
,SiC,1.0,Electron 110V,3.0,0,0.0,200.0,/Users/rkfuentes/Documents/md_anderson_analysis/yepes_code/data/2025-11-20/scope-results-2025-11-20-1779.csv,1.7319990399999976e-08,1.7319990399999976e-08,0,0,0,0,50 ohms time 0.01 no collimator
,SiC,1.0,Electron 110V,3.0,0,0.0,200.0,/Users/rkfuentes/Documents/md_anderson_analysis/yepes_code/data/2025-11-20/scope-results-2025-11-20-1780.csv,1.6291660799999973e-08,1.6291660799999973e-08,0,0,0,0,50 ohms time 0.01 no collimator
,SiC,1.0,Electron 110V,3.0,0,0.0,200.0,/Users/rkfuentes/Documents/md_anderson_analysis/yepes_code/data/2025-11-20/scope-results-2025-11-20-1781.csv,1.7940159999999908e-10,1.7940159999999908e-10,0,0,0,0,50 ohms time 0.01 no collimator
,SiC,1.0,Electron 110V,3.0,0,0.0,200.0,/Users/rkfuentes/Documents/md_anderson_analysis/yepes_code/data/2025-11-20/scope-results-2025-11-20-1782.csv,2.513770666666661e-09,2.513770666666661e-09,0,0,0,0,50 ohms time 0.01 no collimator
,SiC,1.0,Electron 110V,3.0,0,0.0,200.0,/Users/rkfuentes/Documents/md_anderson_analysis/yepes_code/data/2025-11-20/scope-results-2025-11-20-1784.csv,2.088931200000006e-09,2.088931200000006e-09,0,0,0,0,50 ohms time 0.01 no collimator
,SiC,1.0,Electron 110V,3.0,0,0.0,200.0,/Users/rkfuentes/Documents/md_anderson_analysis/yepes_code/data/2025-11-20/scope-results-2025-11-20-1785.csv,2.4623786666666623e-09,2.4623786666666623e-09,0,0,0,0,50 ohms time 0.01 no collimator
,SiC,1.0,Electron 85V,3.0,0,0.0,100.0,/Users/rkfuentes/Documents/md_anderson_analysis/yepes_code/data/2025-11-20/scope-results-2025-11-20-1827.csv,1.036194133333354e-09,1.036194133333354e-09,0,0,0,0,50 ohms time 0.01 no collimator
,SiC,1.0,Electron 85V,3.0,0,0.0,100.0,/Users/rkfuentes/Documents/md_anderson_analysis/yepes_code/data/2025-11-20/scope-results-2025-11-20-1828.csv,1.96852106666666e-09,1.96852106666666e-09,0,0,0,0,50 ohms time 0.01 no collimator
,SiC,1.0,Electron 85V,3.0,0,0.0,100.0,/Users/rkfuentes/Documents/md_anderson_analysis/yepes_code/data/2025-11-20/scope-results-2025-11-20-1829.csv,1.2400170666666975e-09,1.2400170666666975e-09,0,0,0,0,50 ohms time 0.01 no collimator
,SiC,1.0,Electron 85V,3.0,0,0.0,100.0,/Users/rkfuentes/Documents/md_anderson_analysis/yepes_code/data/2025-11-20/scope-results-2025-11-20-1830.csv,8.773274666666786e-10,8.773274666666786e-10,0,0,0,0,50 ohms time 0.01 no collimator
,SiC,1.0,Electron 85V,3.0,0,0.0,100.0,/Users/rkfuentes/Documents/md_anderson_analysis/yepes_code/data/2025-11-20/scope-results-2025-11-20-1831.csv,1.8775360000000055e-09,1.8775360000000055e-09,0,0,0,0,50 ohms time 0.01 no collimator
,SiC,1.0,Electron 85V,3.0,0,0.0,100.0,/Users/rkfuentes/Documents/md_anderson_analysis/yepes_code/data/2025-11-20/scope-results-2025-11-20-1832.csv,5.752149333333482e-10,5.752149333333482e-10,0,0,0,0,50 ohms time 0.01 no collimator
,SiC,1.0,Electron 85V,3.0,0,0.0,100.0,/Users/rkfuentes/Documents/md_anderson_analysis/yepes_code/data/2025-11-20/scope-results-2025-11-20-1833.csv,9.616373333333432e-10,9.616373333333432e-10,0,0,0,0,50 ohms time 0.01 no collimator
,SiC,1.0,Electron 85V,3.0,0,0.0,100.0,/Users/rkfuentes/Documents/md_anderson_analysis/yepes_code/data/2025-11-20/scope-results-2025-11-20-1834.csv,1.593738666666666e-09,1.593738666666666e-09,0,0,0,0,50 ohms time 0.01 no collimator
,SiC,1.0,Electron 85V,3.0,0,0.0,100.0,/Users/rkfuentes/Documents/md_anderson_analysis/yepes_code/data/2025-11-20/scope-results-2025-11-20-1835.csv,1.9855146666666342e-09,1.9855146666666342e-09,0,0,0,0,50 ohms time 0.01 no collimator
,SiC,1.0,Electron 85V,3.0,0,0.0,100.0,/Users/rkfuentes/Documents/md_anderson_analysis/yepes_code/data/2025-11-20/scope-results-2025-11-20-1836.csv,1.903582933333344e-09,1.903582933333344e-09,0,0,0,0,50 ohms time 0.01 no collimator
,SiC,1.0,Electron 85V,3.0,0,0.0,100.0,/Users/rkfuentes/Documents/md_anderson_analysis/yepes_code/data/2025-11-20/scope-results-2025-11-20-1837.csv,2.143699199999989e-09,2.143699199999989e-09,0,0,0,0,50 ohms time 0.01 no collimator
,SiC,1.0,Electron 85V,3.0,0,0.0,100.0,/Users/rkfuentes/Documents/md_anderson_analysis/yepes_code/data/2025-11-20/scope-results-2025-11-20-1838.csv,6.15246933333351e-10,6.15246933333351e-10,0,0,0,0,50 ohms time 0.01 no collimator
,SiC,1.0,Electron 85V,3.0,0,0.0,100.0,/Users/rkfuentes/Documents/md_anderson_analysis/yepes_code/data/2025-11-20/scope-results-2025-11-20-1839.csv,1.967613866666677e-09,1.967613866666677e-09,0,0,0,0,50 ohms time 0.01 no collimator
,SiC,1.0,Electron 85V,3.0,0,0.0,100.0,/Users/rkfuentes/Documents/md_anderson_analysis/yepes_code/data/2025-11-20/scope-results-2025-11-20-1840.csv,1.488025600000005e-09,1.488025600000005e-09,0,0,0,0,50 ohms time 0.01 no collimator
,SiC,1.0,Electron 85V,3.0,0,0.0,100.0,/Users/rkfuentes/Documents/md_anderson_analysis/yepes_code/data/2025-11-20/scope-results-2025-11-20-1841.csv,3.0787245866666594e-08,3.0787245866666594e-08,0,0,0,0,1M ohms time 0.01
,SiC,1.0,Electron 85V,3.0,0,0.0,100.0,/Users/rkfuentes/Documents/md_anderson_analysis/yepes_code/data/2025-11-20/scope-results-2025-11-20-1842.csv,4.4011280000000026e-08,4.4011280000000026e-08,0,0,0,0,1M ohms time 0.01
,SiC,1.0,Electron 85V,3.0,0,0.0,100.0,/Users/rkfuentes/Documents/md_anderson_analysis/yepes_code/data/2025-11-20/scope-results-2025-11-20-1843.csv,3.7874727466666644e-08,3.7874727466666644e-08,0,0,0,0,1M ohms time 0.01
,SiC,1.0,Electron 85V,3.0,0,0.0,100.0,/Users/rkfuentes/Documents/md_anderson_analysis/yepes_code/data/2025-11-20/scope-results-2025-11-20-1845.csv,3.5991792000000055e-08,3.5991792000000055e-08,0,0,0,0,1M ohms time 0.01
,SiC,1.0,Electron 85V,3.0,0,0.0,100.0,/Users/rkfuentes/Documents/md_anderson_analysis/yepes_code/data/2025-11-20/scope-results-2025-11-20-1846.csv,3.3379105066666636e-08,3.3379105066666636e-08,0,0,0,0,1M ohms time 0.01
,SiC,1.0,Electron 85V,3.0,0,0.0,100.0,/Users/rkfuentes/Documents/md_anderson_analysis/yepes_code/data/2025-11-20/scope-results-2025-11-20-1847.csv,2.5028470933333364e-08,2.5028470933333364e-08,0,0,0,0,1M ohms time 0.01
,SiC,1.0,Electron 85V,3.0,0,0.0,100.0,/Users/rkfuentes/Documents/md_anderson_analysis/yepes_code/data/2025-11-20/scope-results-2025-11-20-1848.csv,3.1232416000000045e-08,3.1232416000000045e-08,0,0,0,0,1M ohms time 0.01
,SiC,1.0,Electron 85V,3.0,0,0.0,100.0,/Users/rkfuentes/Documents/md_anderson_analysis/yepes_code/data/2025-11-20/scope-results-2025-11-20-1849.csv,2.29440677333334e-08,2.29440677333334e-08,0,0,0,0,1M ohms time 0.01
,SiC,1.0,Electron 110V,3.0,0,0.0,10.0,/Users/rkfuentes/Documents/md_anderson_analysis/yepes_code/data/2025-11-20/scope-results-2025-11-20-1947.csv,1.5734173866666687e-08,1.5734173866666687e-08,0,0,0,0,50 ohms time 0.01
,SiC,1.0,Electron 110V,3.0,0,0.0,10.0,/Users/rkfuentes/Documents/md_anderson_analysis/yepes_code/data/2025-11-20/scope-results-2025-11-20-1950.csv,1.5647466133333297e-08,1.5647466133333297e-08,0,0,0,0,50 ohms time 0.01
,SiC,1.0,Electron 110V,3.0,0,0.0,10.0,/Users/rkfuentes/Documents/md_anderson_analysis/yepes_code/data/2025-11-20/scope-results-2025-11-20-1952.csv,4.0222038400000027e-08,4.0222038400000027e-08,0,0,0,0,50 ohms time 0.01
,SiC,1.0,Electron 110V,3.0,0,0.0,10.0,/Users/rkfuentes/Documents/md_anderson_analysis/yepes_code/data/2025-11-20/scope-results-2025-11-20-1953.csv,3.5326107733333325e-08,3.5326107733333325e-08,0,0,0,0,50 ohms time 0.01
,SiC,1.0,Electron 110V,3.0,0,0.0,10.0,/Users/rkfuentes/Documents/md_anderson_analysis/yepes_code/data/2025-11-20/scope-results-2025-11-20-1954.csv,3.61126592e-08,3.61126592e-08,0,0,0,0,50 ohms time 0.01
,SiC,1.0,Electron 191V,3.0,0,0.0,10.0,/Users/rkfuentes/Documents/md_anderson_analysis/yepes_code/data/2025-11-20/scope-results-2025-11-20-1955.csv,4.664502666666665e-08,4.664502666666665e-08,0,0,0,0,50 ohms time 0.01
,SiC,1.0,Electron 191V,3.0,0,0.0,10.0,/Users/rkfuentes/Documents/md_anderson_analysis/yepes_code/data/2025-11-20/scope-results-2025-11-20-1956.csv,3.60559114666667e-08,3.60559114666667e-08,0,0,0,0,50 ohms time 0.01
,SiC,1.0,Electron 191V,3.0,0,0.0,10.0,/Users/rkfuentes/Documents/md_anderson_analysis/yepes_code/data/2025-11-20/scope-results-2025-11-20-1957.csv,3.615682346666669e-08,3.615682346666669e-08,0,0,0,0,50 ohms time 0.01
,SiC,1.0,Electron 191V,3.0,0,0.0,10.0,/Users/rkfuentes/Documents/md_anderson_analysis/yepes_code/data/2025-11-20/scope-results-2025-11-20-1958.csv,3.62813376e-08,3.62813376e-08,0,0,0,0,50 ohms time 0.01
,SiC,1.0,Electron 191V,3.0,0,0.0,10.0,/Users/rkfuentes/Documents/md_anderson_analysis/yepes_code/data/2025-11-20/scope-results-2025-11-20-1959.csv,3.040827199999991e-09,3.040827199999991e-09,0,0,0,0,50 ohms time 0.01
,SiC,1.0,Electron 191V,3.0,0,0.0,10.0,/Users/rkfuentes/Documents/md_anderson_analysis/yepes_code/data/2025-11-20/scope-results-2025-11-20-1960.csv,3.642180533333335e-08,3.642180533333335e-08,0,0,0,0,50 ohms time 0.01
,SiC,1.0,Electron 191V,3.0,0,0.0,10.0,/Users/rkfuentes/Documents/md_anderson_analysis/yepes_code/data/2025-11-20/scope-results-2025-11-20-1961.csv,3.5976549333333356e-08,3.5976549333333356e-08,0,0,0,0,50 ohms time 0.01
,SiC,1.0,Electron 191V,3.0,0,0.0,10.0,/Users/rkfuentes/Documents/md_anderson_analysis/yepes_code/data/2025-11-20/scope-results-2025-11-20-1981.csv,6.662371093333333e-08,6.662371093333333e-08,0,0,0,0,50 ohms time 0.01
,SiC,1.0,Electron 191V,3.0,0,0.0,10.0,/Users/rkfuentes/Documents/md_anderson_analysis/yepes_code/data/2025-11-20/scope-results-2025-11-20-1982.csv,5.2889933333333313e-08,5.2889933333333313e-08,0,0,0,0,50 ohms time 0.01
,SiC,1.0,Electron 191V,3.0,0,0.0,10.0,/Users/rkfuentes/Documents/md_anderson_analysis/yepes_code/data/2025-11-20/scope-results-2025-11-20-1983.csv,6.662424320000004e-08,6.662424320000004e-08,0,0,0,0,50 ohms time 0.01
,SiC,1.0,Electron 191V,3.0,0,0.0,10.0,/Users/rkfuentes/Documents/md_anderson_analysis/yepes_code/data/2025-11-20/scope-results-2025-11-20-1984.csv,5.2445042133333346e-08,5.2445042133333346e-08,0,0,0,0,50 ohms time 0.01
,SiC,1.0,Electron 191V,3.0,0,0.0,10.0,/Users/rkfuentes/Documents/md_anderson_analysis/yepes_code/data/2025-11-20/scope-results-2025-11-20-1985.csv,5.2702384000000034e-08,5.2702384000000034e-08,0,0,0,0,50 ohms time 0.01
,SiC,1.0,Electron 110V,3.0,0,0.0,10.0,/Users/rkfuentes/Documents/md_anderson_analysis/yepes_code/data/2025-11-20/scope-results-2025-11-20-2005.csv,8.975069866666661e-09,8.975069866666661e-09,0,0,0,0,50 ohms time 0.01
,SiC,1.0,Electron 85V,0.5,0,0.0,40.0,/Users/rkfuentes/Documents/md_anderson_analysis/yepes_code/data/2025-11-20/scope-results-2025-11-20-0010.csv,5.5849999999999976e-09,0.0,0,0,0,0,50 ohms
,SiC,1.0,Electron 85V,0.5,0,0.0,40.0,/Users/rkfuentes/Documents/md_anderson_analysis/yepes_code/data/2025-11-20/scope-results-2025-11-20-0014.csv,1.6682639999999882e-09,0.0,0,0,0,0,50 ohms
,SiC,1.0,Electron 85V,0.5,0,0.0,40.0,/Users/rkfuentes/Documents/md_anderson_analysis/yepes_code/data/2025-11-20/scope-results-2025-11-20-0016.csv,1.2620720000000107e-09,0.0,0,0,0,0,50 ohms
,SiC,1.0,Electron 85V,0.5,0,0.0,40.0,/Users/rkfuentes/Documents/md_anderson_analysis/yepes_code/data/2025-11-20/scope-results-2025-11-20-0018.csv,5.182999999999923e-10,0.0,0,0,0,0,50 ohms
,SiC,1.0,Electron 110V,0.5,0,0.0,40.0,/Users/rkfuentes/Documents/md_anderson_analysis/yepes_code/data/2025-11-20/scope-results-2025-11-20-0085.csv,1.925761333333333e-08,0.0,0,0,0,0,50 ohms
,SiC,1.0,Electron 110V,0.5,0,0.0,40.0,/Users/rkfuentes/Documents/md_anderson_analysis/yepes_code/data/2025-11-20/scope-results-2025-11-20-0086.csv,1.2619291079812145e-08,0.0,0,0,0,0,50 ohms time 0.1
,SiC,1.0,Electron 110V,0.5,0,0.0,40.0,/Users/rkfuentes/Documents/md_anderson_analysis/yepes_code/data/2025-11-20/scope-results-2025-11-20-0087.csv,1.93694453333333e-08,0.0,0,0,0,0,50 ohms time 0.1
,SiC,1.0,Electron 110V,0.5,0,0.0,40.0,/Users/rkfuentes/Documents/md_anderson_analysis/yepes_code/data/2025-11-20/scope-results-2025-11-20-0088.csv,5.828813333333294e-09,0.0,0,0,0,0,50 ohms time 0.05
,SiC,1.0,Electron 110V,0.5,0,0.0,40.0,/Users/rkfuentes/Documents/md_anderson_analysis/yepes_code/data/2025-11-20/scope-results-2025-11-20-0090.csv,7.065122666666767e-09,0.0,0,0,0,0,50 ohms time 0.05
,SiC,1.0,Electron 110V,0.5,0,0.0,40.0,/Users/rkfuentes/Documents/md_anderson_analysis/yepes_code/data/2025-11-20/scope-results-2025-11-20-0091.csv,7.239493333333294e-09,0.0,0,0,0,0,50 ohms time 0.05
,SiC,1.0,Electron 110V,0.5,0,0.0,40.0,/Users/rkfuentes/Documents/md_anderson_analysis/yepes_code/data/2025-11-20/scope-results-2025-11-20-0092.csv,2.582894666666687e-09,0.0,0,0,0,0,50 ohms time 0.01
,SiC,1.0,Electron 110V,0.5,0,0.0,40.0,/Users/rkfuentes/Documents/md_anderson_analysis/yepes_code/data/2025-11-20/scope-results-2025-11-20-0093.csv,5.549754666666697e-09,0.0,0,0,0,0,50 ohms time 0.01
,SiC,1.0,Electron 110V,0.5,0,0.0,40.0,/Users/rkfuentes/Documents/md_anderson_analysis/yepes_code/data/2025-11-20/scope-results-2025-11-20-0095.csv,5.944210666666705e-09,0.0,0,0,0,0,50 ohms time 0.01
,SiC,1.0,Electron 110V,0.5,0,0.0,40.0,/Users/rkfuentes/Documents/md_anderson_analysis/yepes_code/data/2025-11-20/scope-results-2025-11-20-0096.csv,6.022466666666698e-09,0.0,0,0,0,0,50 ohms time 0.01
,SiC,1.0,Electron 110V,0.5,0,0.0,40.0,/Users/rkfuentes/Documents/md_anderson_analysis/yepes_code/data/2025-11-20/scope-results-2025-11-20-0097.csv,8.820266666666677e-11,0.0,0,0,0,0,50 ohms time 0.01
,SiC,1.0,Electron 110V,0.5,0,0.0,40.0,/Users/rkfuentes/Documents/md_anderson_analysis/yepes_code/data/2025-11-20/scope-results-2025-11-20-0098.csv,3.1455466666668385e-10,0.0,0,0,0,0,50 ohms time 0.01
,SiC,1.0,Electron 110V,0.5,0,0.0,40.0,/Users/rkfuentes/Documents/md_anderson_analysis/yepes_code/data/2025-11-20/scope-results-2025-11-20-0099.csv,4.2914093333333165e-09,0.0,0,0,0,0,50 ohms time 0.01
,SiC,1.0,Electron 191V,0.5,0,0.0,40.0,/Users/rkfuentes/Documents/md_anderson_analysis/yepes_code/data/2025-11-20/scope-results-2025-11-20-0137.csv,9.418324533333332e-08,0.0,0,0,0,0,50 ohms time 0.01
,SiC,1.0,Electron 191V,0.5,0,0.0,40.0,/Users/rkfuentes/Documents/md_anderson_analysis/yepes_code/data/2025-11-20/scope-results-2025-11-20-0138.csv,1.1705352000000004e-08,0.0,0,0,0,0,50 ohms time 0.01
,SiC,1.0,Electron 191V,0.5,0,0.0,40.0,/Users/rkfuentes/Documents/md_anderson_analysis/yepes_code/data/2025-11-20/scope-results-2025-11-20-0139.csv,1.1139541333333281e-08,0.0,0,0,0,0,50 ohms time 0.01
,SiC,1.0,Electron 191V,0.5,0,0.0,40.0,/Users/rkfuentes/Documents/md_anderson_analysis/yepes_code/data/2025-11-20/scope-results-2025-11-20-0140.csv,9.603205333333327e-09,0.0,0,0,0,0,50 ohms time 0.01
,SiC,1.0,Electron 191V,0.5,0,0.0,40.0,/Users/rkfuentes/Documents/md_anderson_analysis/yepes_code/data/2025-11-20/scope-results-2025-11-20-0141.csv,9.103364399999997e-08,0.0,0,0,0,0,50 ohms time 0.01
,SiC,1.0,Electron 191V,0.5,0,0.0,40.0,/Users/rkfuentes/Documents/md_anderson_analysis/yepes_code/data/2025-11-20/scope-results-2025-11-20-0142.csv,9.239493600000001e-08,0.0,0,0,0,0,50 ohms time 0.01
,SiC,1.0,Electron 191V,0.5,0,0.0,40.0,/Users/rkfuentes/Documents/md_anderson_analysis/yepes_code/data/2025-11-20/scope-results-2025-11-20-0143.csv,9.355453333333335e-08,0.0,0,0,0,0,50 ohms time 0.01
,SiC,1.0,Electron 191V,0.5,0,0.0,40.0,/Users/rkfuentes/Documents/md_anderson_analysis/yepes_code/data/2025-11-20/scope-results-2025-11-20-0144.csv,9.132946399999999e-08,0.0,0,0,0,0,50 ohms time 0.01
,SiC,1.0,Electron 191V,0.5,0,0.0,40.0,/Users/rkfuentes/Documents/md_anderson_analysis/yepes_code/data/2025-11-20/scope-results-2025-11-20-0145.csv,9.238470933333336e-08,0.0,0,0,0,0,50 ohms time 0.01
,SiC,1.0,Electron 191V,0.5,0,0.0,40.0,/Users/rkfuentes/Documents/md_anderson_analysis/yepes_code/data/2025-11-20/scope-results-2025-11-20-0146.csv,9.088164266666668e-08,0.0,0,0,0,0,50 ohms time 0.01
,SiC,1.0,Electron 191V,0.5,0,0.0,40.0,/Users/rkfuentes/Documents/md_anderson_analysis/yepes_code/data/2025-11-20/scope-results-2025-11-20-0147.csv,1.067999999999923e-10,0.0,0,0,0,0,50 ohms time 0.01
,SiC,1.0,Electron 191V,0.5,0,0.0,40.0,/Users/rkfuentes/Documents/md_anderson_analysis/yepes_code/data/2025-11-20/scope-results-2025-11-20-0148.csv,5.917080000000048e-10,0.0,0,0,0,0,50 ohms time 0.01
,SiC,1.0,Electron 191V,0.5,0,0.0,20.0,/Users/rkfuentes/Documents/md_anderson_analysis/yepes_code/data/2025-11-20/scope-results-2025-11-20-0192.csv,6.078913333333243e-09,0.0,0,0,0,0,50 ohms time 0.01
,SiC,1.0,Electron 191V,0.5,0,0.0,20.0,/Users/rkfuentes/Documents/md_anderson_analysis/yepes_code/data/2025-11-20/scope-results-2025-11-20-0193.csv,5.477674666666655e-09,0.0,0,0,0,0,50 ohms time 0.01
,SiC,1.0,Electron 85V,0.5,0,0.0,40.0,/Users/rkfuentes/Documents/md_anderson_analysis/yepes_code/data/2025-11-20/scope-results-2025-11-20-0204.csv,2.89093333333334e-10,0.0,0,0,0,0,50 ohms time 0.01
,SiC,1.0,Electron 85V,0.5,0,0.0,40.0,/Users/rkfuentes/Documents/md_anderson_analysis/yepes_code/data/2025-11-20/scope-results-2025-11-20-0207.csv,2.2965333333331362e-11,0.0,0,0,0,0,50 ohms time 0.01
,SiC,1.0,Electron 85V,0.5,0,0.0,40.0,/Users/rkfuentes/Documents/md_anderson_analysis/yepes_code/data/2025-11-20/scope-results-2025-11-20-0209.csv,3.612000000000858e-11,0.0,0,0,0,0,50 ohms time 0.01
,SiC,1.0,Electron 85V,0.5,0,0.0,40.0,/Users/rkfuentes/Documents/md_anderson_analysis/yepes_code/data/2025-11-20/scope-results-2025-11-20-0214.csv,3.616800000000952e-11,0.0,0,0,0,0,50 ohms time 0.01
,SiC,1.0,Electron 85V,0.5,0,0.0,40.0,/Users/rkfuentes/Documents/md_anderson_analysis/yepes_code/data/2025-11-20/scope-results-2025-11-20-0219.csv,5.0477333333336314e-11,0.0,0,0,0,0,50 ohms time 0.01
,SiC,1.0,Electron 85V,0.5,0,0.0,40.0,/Users/rkfuentes/Documents/md_anderson_analysis/yepes_code/data/2025-11-20/scope-results-2025-11-20-0224.csv,5.4161920000000425e-09,0.0,0,0,0,0,50 ohms time 0.01
,SiC,1.0,Electron 85V,0.5,0,0.0,40.0,/Users/rkfuentes/Documents/md_anderson_analysis/yepes_code/data/2025-11-20/scope-results-2025-11-20-0231.csv,6.970133333331909e-11,0.0,0,0,0,0,50 ohms time 0.01
,SiC,1.0,Electron 85V,0.5,0,0.0,40.0,/Users/rkfuentes/Documents/md_anderson_analysis/yepes_code/data/2025-11-20/scope-results-2025-11-20-0238.csv,2.2990666666667977e-10,0.0,0,0,0,0,50 ohms time 0.01
,SiC,1.0,Electron 85V,0.5,0,0.0,40.0,/Users/rkfuentes/Documents/md_anderson_analysis/yepes_code/data/2025-11-20/scope-results-2025-11-20-0241.csv,9.386400000000374e-11,0.0,0,0,0,0,50 ohms time 0.01
,SiC,1.0,Electron 85V,0.5,0,0.0,40.0,/Users/rkfuentes/Documents/md_anderson_analysis/yepes_code/data/2025-11-20/scope-results-2025-11-20-0245.csv,7.471733333333035e-11,0.0,0,0,0,0,50 ohms time 0.01
,SiC,1.0,Electron 110V,0.5,0,0.0,40.0,/Users/rkfuentes/Documents/md_anderson_analysis/yepes_code/data/2025-11-20/scope-results-2025-11-20-0293.csv,1.1106218666666624e-08,0.0,0,0,0,0,50 ohms time 0.01
,SiC,1.0,Electron 110V,0.5,0,0.0,40.0,/Users/rkfuentes/Documents/md_anderson_analysis/yepes_code/data/2025-11-20/scope-results-2025-11-20-0294.csv,1.0805402666666707e-08,0.0,0,0,0,0,50 ohms time 0.01
,SiC,1.0,Electron 110V,0.5,0,0.0,40.0,/Users/rkfuentes/Documents/md_anderson_analysis/yepes_code/data/2025-11-20/scope-results-2025-11-20-0299.csv,1.1114065333333351e-08,0.0,0,0,0,0,50 ohms time 0.01
,SiC,1.0,Electron 110V,0.5,0,0.0,40.0,/Users/rkfuentes/Documents/md_anderson_analysis/yepes_code/data/2025-11-20/scope-results-2025-11-20-0305.csv,1.0747579999999982e-08,0.0,0,0,0,0,50 ohms time 0.01
,SiC,1.0,Electron 110V,0.5,0,0.0,40.0,/Users/rkfuentes/Documents/md_anderson_analysis/yepes_code/data/2025-11-20/scope-results-2025-11-20-0308.csv,1.045785333333335e-08,0.0,0,0,0,0,50 ohms time 0.01
,SiC,1.0,Electron 191V,0.5,0,0.0,40.0,/Users/rkfuentes/Documents/md_anderson_analysis/yepes_code/data/2025-11-20/scope-results-2025-11-20-0354.csv,4.962920634920561e-09,0.0,0,0,0,0,50 ohms time 0.01
,SiC,1.0,Electron 191V,0.5,0,0.0,40.0,/Users/rkfuentes/Documents/md_anderson_analysis/yepes_code/data/2025-11-20/scope-results-2025-11-20-0355.csv,1.7342853333332555e-09,0.0,0,0,0,0,50 ohms time 0.01
,SiC,1.0,Electron 191V,0.5,0,0.0,40.0,/Users/rkfuentes/Documents/md_anderson_analysis/yepes_code/data/2025-11-20/scope-results-2025-11-20-0356.csv,3.9009578666666686e-08,0.0,0,0,0,0,50 ohms time 0.01
,SiC,1.0,Electron 191V,0.5,0,0.0,40.0,/Users/rkfuentes/Documents/md_anderson_analysis/yepes_code/data/2025-11-20/scope-results-2025-11-20-0357.csv,3.809769733333335e-08,0.0,0,0,0,0,50 ohms time 0.01
,SiC,1.0,Electron 191V,0.5,0,0.0,40.0,/Users/rkfuentes/Documents/md_anderson_analysis/yepes_code/data/2025-11-20/scope-results-2025-11-20-0358.csv,3.201696000000067e-09,0.0,0,0,0,0,50 ohms time 0.01
,SiC,1.0,Electron 191V,0.5,0,0.0,40.0,/Users/rkfuentes/Documents/md_anderson_analysis/yepes_code/data/2025-11-20/scope-results-2025-11-20-0360.csv,3.5738181333333326e-08,0.0,0,0,0,0,50 ohms time 0.01
,SiC,1.0,Electron 191V,0.5,0,0.0,40.0,/Users/rkfuentes/Documents/md_anderson_analysis/yepes_code/data/2025-11-20/scope-results-2025-11-20-0361.csv,2.3446266666666605e-09,0.0,0,0,0,0,50 ohms time 0.01
,SiC,1.0,Electron 191V,0.5,0,0.0,40.0,/Users/rkfuentes/Documents/md_anderson_analysis/yepes_code/data/2025-11-20/scope-results-2025-11-20-0362.csv,3.606624000000001e-08,0.0,0,0,0,0,50 ohms time 0.01
,SiC,1.0,Electron 191V,0.5,0,0.0,40.0,/Users/rkfuentes/Documents/md_anderson_analysis/yepes_code/data/2025-11-20/scope-results-2025-11-20-0363.csv,3.566533333333332e-08,0.0,0,0,0,0,50 ohms time 0.01
,SiC,1.0,Electron 191V,0.5,0,0.0,40.0,/Users/rkfuentes/Documents/md_anderson_analysis/yepes_code/data/2025-11-20/scope-results-2025-11-20-0364.csv,3.934616000000026e-09,0.0,0,0,0,0,50 ohms time 0.01
,SiC,1.0,Electron 85V,0.5,0,0.0,40.0,/Users/rkfuentes/Documents/md_anderson_analysis/yepes_code/data/2025-11-20/scope-results-2025-11-20-0627.csv,5.284906666669e-10,0.0,0,0,0,0,50 ohms time 0.01
,SiC,1.0,Electron 85V,0.5,0,0.0,40.0,/Users/rkfuentes/Documents/md_anderson_analysis/yepes_code/data/2025-11-20/scope-results-2025-11-20-0628.csv,4.3466666666671945e-10,0.0,0,0,0,0,50 ohms time 0.01
,SiC,1.0,Electron 85V,0.5,0,0.0,40.0,/Users/rkfuentes/Documents/md_anderson_analysis/yepes_code/data/2025-11-20/scope-results-2025-11-20-0630.csv,1.9996586666666583e-09,0.0,0,0,0,0,50 ohms time 0.01
,SiC,1.0,Electron 85V,0.5,0,0.0,40.0,/Users/rkfuentes/Documents/md_anderson_analysis/yepes_code/data/2025-11-20/scope-results-2025-11-20-0631.csv,1.1563733333327767e-10,0.0,0,0,0,0,50 ohms time 0.01
,SiC,1.0,Electron 85V,0.5,0,0.0,40.0,/Users/rkfuentes/Documents/md_anderson_analysis/yepes_code/data/2025-11-20/scope-results-2025-11-20-0632.csv,1.31626666666921e-11,0.0,0,0,0,0,50 ohms time 0.01
,SiC,1.0,Electron 85V,0.5,0,0.0,40.0,/Users/rkfuentes/Documents/md_anderson_analysis/yepes_code/data/2025-11-20/scope-results-2025-11-20-0634.csv,2.595199999999707e-10,0.0,0,0,0,0,50 ohms time 0.01
,SiC,1.0,Electron 85V,0.5,0,0.0,40.0,/Users/rkfuentes/Documents/md_anderson_analysis/yepes_code/data/2025-11-20/scope-results-2025-11-20-0636.csv,1.1343546666667126e-09,0.0,0,0,0,0,50 ohms time 0.01
,SiC,1.0,Electron 85V,0.5,0,0.0,40.0,/Users/rkfuentes/Documents/md_anderson_analysis/yepes_code/data/2025-11-20/scope-results-2025-11-20-0638.csv,3.292880000000819e-10,0.0,0,0,0,0,50 ohms time 0.01
,SiC,1.0,Electron 85V,0.5,0,0.0,40.0,/Users/rkfuentes/Documents/md_anderson_analysis/yepes_code/data/2025-11-20/scope-results-2025-11-20-0639.csv,6.40719999999697e-11,0.0,0,0,0,0,50 ohms time 0.01
,SiC,1.0,Electron 85V,0.5,0,0.0,40.0,/Users/rkfuentes/Documents/md_anderson_analysis/yepes_code/data/2025-11-20/scope-results-2025-11-20-0641.csv,2.4071466515189485e-09,0.0,0,0,0,0,50 ohms time 0.01
,SiC,1.0,Electron 85V,0.5,0,0.0,40.0,/Users/rkfuentes/Documents/md_anderson_analysis/yepes_code/data/2025-11-20/scope-results-2025-11-20-0642.csv,9.18666666663135e-12,0.0,0,0,0,0,50 ohms time 0.01
,SiC,1.0,Electron 85V,0.5,0,0.0,40.0,/Users/rkfuentes/Documents/md_anderson_analysis/yepes_code/data/2025-11-20/scope-results-2025-11-20-0643.csv,3.6397919999998984e-09,0.0,0,0,0,0,50 ohms time 0.01
,SiC,1.0,Electron 85V,0.5,0,0.0,40.0,/Users/rkfuentes/Documents/md_anderson_analysis/yepes_code/data/2025-11-20/scope-results-2025-11-20-0645.csv,1.1571253333333768e-09,0.0,0,0,0,0,50 ohms time 0.01
,SiC,1.0,Electron 85V,0.5,0,0.0,40.0,/Users/rkfuentes/Documents/md_anderson_analysis/yepes_code/data/2025-11-20/scope-results-2025-11-20-0646.csv,2.1712879999999124e-09,0.0,0,0,0,0,50 ohms time 0.01
,SiC,1.0,Electron 85V,0.5,0,0.0,40.0,/Users/rkfuentes/Documents/md_anderson_analysis/yepes_code/data/2025-11-20/scope-results-2025-11-20-0648.csv,8.125866666667475e-11,0.0,0,0,0,0,50 ohms time 0.01
,SiC,1.0,Electron 85V,0.5,0,0.0,40.0,/Users/rkfuentes/Documents/md_anderson_analysis/yepes_code/data/2025-11-20/scope-results-2025-11-20-0649.csv,1.125600000000569e-10,0.0,0,0,0,0,50 ohms time 0.01
,SiC,1.0,Electron 85V,0.5,0,0.0,40.0,/Users/rkfuentes/Documents/md_anderson_analysis/yepes_code/data/2025-11-20/scope-results-2025-11-20-0650.csv,3.0649600000005986e-10,0.0,0,0,0,0,50 ohms time 0.01
,SiC,1.0,Electron 85V,0.5,0,0.0,40.0,/Users/rkfuentes/Documents/md_anderson_analysis/yepes_code/data/2025-11-20/scope-results-2025-11-20-0651.csv,7.818666666668691e-11,0.0,0,0,0,0,50 ohms time 0.01
,SiC,1.0,Electron 110V,0.5,0,0.0,40.0,/Users/rkfuentes/Documents/md_anderson_analysis/yepes_code/data/2025-11-20/scope-results-2025-11-20-0653.csv,1.3010399999999759e-09,0.0,0,0,0,0,50 ohms time 0.01
,SiC,1.0,Electron 191V,0.5,0,0.0,40.0,/Users/rkfuentes/Documents/md_anderson_analysis/yepes_code/data/2025-11-20/scope-results-2025-11-20-0657.csv,7.378666666666822e-11,0.0,0,0,0,0,50 ohms time 0.01
,SiC,1.0,Electron 191V,0.5,0,0.0,40.0,/Users/rkfuentes/Documents/md_anderson_analysis/yepes_code/data/2025-11-20/scope-results-2025-11-20-0658.csv,8.826666666666319e-11,0.0,0,0,0,0,50 ohms time 0.01
,SiC,1.0,Electron 85V,0.5,0,0.0,40.0,/Users/rkfuentes/Documents/md_anderson_analysis/yepes_code/data/2025-11-20/scope-results-2025-11-20-0696.csv,3.5169200000000395e-10,0.0,0,0,0,0,50 ohms time 0.01
,SiC,1.0,Electron 85V,0.5,0,0.0,40.0,/Users/rkfuentes/Documents/md_anderson_analysis/yepes_code/data/2025-11-20/scope-results-2025-11-20-0697.csv,5.370967999999809e-10,0.0,0,0,0,0,50 ohms time 0.01
,SiC,1.0,Electron 85V,0.5,0,0.0,40.0,/Users/rkfuentes/Documents/md_anderson_analysis/yepes_code/data/2025-11-20/scope-results-2025-11-20-0699.csv,2.531186666666326e-10,0.0,0,0,0,0,50 ohms time 0.01
,SiC,1.0,Electron 85V,0.5,0,0.0,40.0,/Users/rkfuentes/Documents/md_anderson_analysis/yepes_code/data/2025-11-20/scope-results-2025-11-20-0704.csv,3.769578666666626e-10,0.0,0,0,0,0,50 ohms time 0.01
,SiC,1.0,Electron 85V,0.5,0,0.0,40.0,/Users/rkfuentes/Documents/md_anderson_analysis/yepes_code/data/2025-11-20/scope-results-2025-11-20-0705.csv,1.9140799999999005e-10,0.0,0,0,0,0,50 ohms time 0.01
,SiC,1.0,Electron 85V,0.5,0,0.0,40.0,/Users/rkfuentes/Documents/md_anderson_analysis/yepes_code/data/2025-11-20/scope-results-2025-11-20-0706.csv,3.358533333333506e-10,0.0,0,0,0,0,50 ohms time 0.01
,SiC,1.0,Electron 85V,0.5,0,0.0,40.0,/Users/rkfuentes/Documents/md_anderson_analysis/yepes_code/data/2025-11-20/scope-results-2025-11-20-0707.csv,5.379936000000318e-10,0.0,0,0,0,0,50 ohms time 0.01
,SiC,1.0,Electron 85V,0.5,0,0.0,40.0,/Users/rkfuentes/Documents/md_anderson_analysis/yepes_code/data/2025-11-20/scope-results-2025-11-20-0708.csv,2.2910720000000283e-10,0.0,0,0,0,0,50 ohms time 0.01
,SiC,1.0,Electron 85V,0.5,0,0.0,40.0,/Users/rkfuentes/Documents/md_anderson_analysis/yepes_code/data/2025-11-20/scope-results-2025-11-20-0709.csv,1.7673333333345386e-11,0.0,0,0,0,0,50 ohms time 0.01
,SiC,1.0,Electron 85V,0.5,0,0.0,40.0,/Users/rkfuentes/Documents/md_anderson_analysis/yepes_code/data/2025-11-20/scope-results-2025-11-20-0710.csv,1.5246373333334038e-10,0.0,0,0,0,0,50 ohms time 0.01
,SiC,1.0,Electron 85V,0.5,0,0.0,40.0,/Users/rkfuentes/Documents/md_anderson_analysis/yepes_code/data/2025-11-20/scope-results-2025-11-20-0711.csv,2.8900293333331273e-10,0.0,0,0,0,0,50 ohms time 0.01
,SiC,1.0,Electron 85V,0.5,0,0.0,40.0,/Users/rkfuentes/Documents/md_anderson_analysis/yepes_code/data/2025-11-20/scope-results-2025-11-20-0712.csv,1.6611413333332043e-10,0.0,0,0,0,0,50 ohms time 0.01
,SiC,1.0,Electron 110V,0.5,0,0.0,40.0,/Users/rkfuentes/Documents/md_anderson_analysis/yepes_code/data/2025-11-20/scope-results-2025-11-20-0715.csv,2.9968197333333222e-09,0.0,0,0,0,0,50 ohms time 0.01
,SiC,1.0,Electron 110V,0.5,0,0.0,40.0,/Users/rkfuentes/Documents/md_anderson_analysis/yepes_code/data/2025-11-20/scope-results-2025-11-20-0716.csv,3.407799466666652e-09,0.0,0,0,0,0,50 ohms time 0.01
,SiC,1.0,Electron 110V,0.5,0,0.0,40.0,/Users/rkfuentes/Documents/md_anderson_analysis/yepes_code/data/2025-11-20/scope-results-2025-11-20-0717.csv,3.229085333333374e-09,0.0,0,0,0,0,50 ohms time 0.01
,SiC,1.0,Electron 110V,0.5,0,0.0,40.0,/Users/rkfuentes/Documents/md_anderson_analysis/yepes_code/data/2025-11-20/scope-results-2025-11-20-0719.csv,3.806254666666706e-09,0.0,0,0,0,0,50 ohms time 0.01
,SiC,1.0,Electron 110V,0.5,0,0.0,40.0,/Users/rkfuentes/Documents/md_anderson_analysis/yepes_code/data/2025-11-20/scope-results-2025-11-20-0720.csv,3.2073738666666846e-09,0.0,0,0,0,0,50 ohms time 0.01
,SiC,1.0,Electron 110V,0.5,0,0.0,40.0,/Users/rkfuentes/Documents/md_anderson_analysis/yepes_code/data/2025-11-20/scope-results-2025-11-20-0721.csv,2.6263082666666604e-09,0.0,0,0,0,0,50 ohms time 0.01
,SiC,1.0,Electron 110V,0.5,0,0.0,40.0,/Users/rkfuentes/Documents/md_anderson_analysis/yepes_code/data/2025-11-20/scope-results-2025-11-20-0726.csv,2.492115733333336e-09,0.0,0,0,0,0,50 ohms time 0.01
,SiC,1.0,Electron 110V,0.5,0,0.0,40.0,/Users/rkfuentes/Documents/md_anderson_analysis/yepes_code/data/2025-11-20/scope-results-2025-11-20-0727.csv,2.6133245333333265e-09,0.0,0,0,0,0,50 ohms time 0.01
,SiC,1.0,Electron 191V,0.5,0,0.0,40.0,/Users/rkfuentes/Documents/md_anderson_analysis/yepes_code/data/2025-11-20/scope-results-2025-11-20-0728.csv,1.810678613333331e-08,0.0,0,0,0,0,50 ohms time 0.01
,SiC,1.0,Electron 191V,0.5,0,0.0,40.0,/Users/rkfuentes/Documents/md_anderson_analysis/yepes_code/data/2025-11-20/scope-results-2025-11-20-0729.csv,1.680278000000001e-08,0.0,0,0,0,0,50 ohms time 0.01
,SiC,1.0,Electron 191V,0.5,0,0.0,40.0,/Users/rkfuentes/Documents/md_anderson_analysis/yepes_code/data/2025-11-20/scope-results-2025-11-20-0730.csv,1.642090800000003e-08,0.0,0,0,0,0,50 ohms time 0.01
,SiC,1.0,Electron 191V,0.5,0,0.0,40.0,/Users/rkfuentes/Documents/md_anderson_analysis/yepes_code/data/2025-11-20/scope-results-2025-11-20-0731.csv,1.454182826666667e-08,0.0,0,0,0,0,50 ohms time 0.01
,SiC,1.0,Electron 191V,0.5,0,0.0,40.0,/Users/rkfuentes/Documents/md_anderson_analysis/yepes_code/data/2025-11-20/scope-results-2025-11-20-0735.csv,1.811021546666668e-08,0.0,0,0,0,0,50 ohms time 0.01
,SiC,1.0,Electron 191V,0.5,0,0.0,40.0,/Users/rkfuentes/Documents/md_anderson_analysis/yepes_code/data/2025-11-20/scope-results-2025-11-20-0737.csv,1.696010213333332e-08,0.0,0,0,0,0,50 ohms time 0.01
,SiC,1.0,Electron 85V,0.5,0,0.0,40.0,/Users/rkfuentes/Documents/md_anderson_analysis/yepes_code/data/2025-11-20/scope-results-2025-11-20-0848.csv,1.3479466666664993e-10,0.0,0,0,0,0,50 ohms time 0.01
,SiC,1.0,Electron 85V,0.5,0,0.0,40.0,/Users/rkfuentes/Documents/md_anderson_analysis/yepes_code/data/2025-11-20/scope-results-2025-11-20-0849.csv,8.829200000001081e-11,0.0,0,0,0,0,50 ohms time 0.01
,SiC,1.0,Electron 85V,0.5,0,0.0,40.0,/Users/rkfuentes/Documents/md_anderson_analysis/yepes_code/data/2025-11-20/scope-results-2025-11-20-0850.csv,1.8606160000004365e-10,0.0,0,0,0,0,50 ohms time 0.01
,SiC,1.0,Electron 85V,0.5,0,0.0,40.0,/Users/rkfuentes/Documents/md_anderson_analysis/yepes_code/data/2025-11-20/scope-results-2025-11-20-0851.csv,2.2154986666666085e-10,0.0,0,0,0,0,50 ohms time 0.01
,SiC,1.0,Electron 85V,0.5,0,0.0,40.0,/Users/rkfuentes/Documents/md_anderson_analysis/yepes_code/data/2025-11-20/scope-results-2025-11-20-0854.csv,2.265962666666529e-10,0.0,0,0,0,0,50 ohms time 0.01
,SiC,1.0,Electron 85V,0.5,0,0.0,40.0,/Users/rkfuentes/Documents/md_anderson_analysis/yepes_code/data/2025-11-20/scope-results-2025-11-20-0855.csv,2.1802293333334763e-10,0.0,0,0,0,0,50 ohms time 0.01
,SiC,1.0,Electron 85V,0.5,0,0.0,40.0,/Users/rkfuentes/Documents/md_anderson_analysis/yepes_code/data/2025-11-20/scope-results-2025-11-20-0856.csv,2.738485333333164e-10,0.0,0,0,0,0,50 ohms time 0.01
,SiC,1.0,Electron 85V,0.5,0,0.0,40.0,/Users/rkfuentes/Documents/md_anderson_analysis/yepes_code/data/2025-11-20/scope-results-2025-11-20-0859.csv,1.4890495098039634e-09,0.0,0,0,0,0,50 ohms time 0.01
,SiC,1.0,Electron 85V,0.5,0,0.0,40.0,/Users/rkfuentes/Documents/md_anderson_analysis/yepes_code/data/2025-11-20/scope-results-2025-11-20-0861.csv,1.5113461333332935e-09,0.0,0,0,0,0,50 ohms time 0.01
,SiC,1.0,Electron 85V,0.5,0,0.0,40.0,/Users/rkfuentes/Documents/md_anderson_analysis/yepes_code/data/2025-11-20/scope-results-2025-11-20-0862.csv,2.6742373333330146e-10,0.0,0,0,0,0,50 ohms time 0.01
,SiC,1.0,Electron 85V,0.5,0,0.0,40.0,/Users/rkfuentes/Documents/md_anderson_analysis/yepes_code/data/2025-11-20/scope-results-2025-11-20-0864.csv,3.708549333333044e-10,0.0,0,0,0,0,50 ohms time 0.01
,SiC,1.0,Electron 85V,0.5,0,0.0,40.0,/Users/rkfuentes/Documents/md_anderson_analysis/yepes_code/data/2025-11-20/scope-results-2025-11-20-0865.csv,3.059946666666584e-10,0.0,0,0,0,0,50 ohms time 0.01
,SiC,1.0,Electron 85V,0.5,0,0.0,40.0,/Users/rkfuentes/Documents/md_anderson_analysis/yepes_code/data/2025-11-20/scope-results-2025-11-20-0867.csv,8.977013333328539e-11,0.0,0,0,0,0,50 ohms time 0.01
,SiC,1.0,Electron 110V,0.5,0,0.0,40.0,/Users/rkfuentes/Documents/md_anderson_analysis/yepes_code/data/2025-11-20/scope-results-2025-11-20-0929.csv,4.787698666667105e-10,0.0,0,0,0,0,50 ohms time 0.01
,SiC,1.0,Electron 110V,0.5,0,0.0,40.0,/Users/rkfuentes/Documents/md_anderson_analysis/yepes_code/data/2025-11-20/scope-results-2025-11-20-0930.csv,2.755186666666696e-10,0.0,0,0,0,0,50 ohms time 0.01
,SiC,1.0,Electron 110V,0.5,0,0.0,40.0,/Users/rkfuentes/Documents/md_anderson_analysis/yepes_code/data/2025-11-20/scope-results-2025-11-20-0933.csv,4.91187199999995e-10,0.0,0,0,0,0,50 ohms time 0.01
,SiC,1.0,Electron 110V,0.5,0,0.0,40.0,/Users/rkfuentes/Documents/md_anderson_analysis/yepes_code/data/2025-11-20/scope-results-2025-11-20-0934.csv,1.5930695999999924e-09,0.0,0,0,0,0,50 ohms time 0.01
,SiC,1.0,Electron 110V,0.5,0,0.0,40.0,/Users/rkfuentes/Documents/md_anderson_analysis/yepes_code/data/2025-11-20/scope-results-2025-11-20-0935.csv,3.260146666666613e-10,0.0,0,0,0,0,50 ohms time 0.01
,SiC,1.0,Electron 110V,0.5,0,0.0,40.0,/Users/rkfuentes/Documents/md_anderson_analysis/yepes_code/data/2025-11-20/scope-results-2025-11-20-0936.csv,2.0138826666666977e-10,0.0,0,0,0,0,50 ohms time 0.01
,SiC,1.0,Electron 110V,0.5,0,0.0,40.0,/Users/rkfuentes/Documents/md_anderson_analysis/yepes_code/data/2025-11-20/scope-results-2025-11-20-0938.csv,9.661866666666642e-10,0.0,0,0,0,0,50 ohms time 0.01
,SiC,1.0,Electron 110V,0.5,0,0.0,40.0,/Users/rkfuentes/Documents/md_anderson_analysis/yepes_code/data/2025-11-20/scope-results-2025-11-20-0941.csv,2.9758133333334033e-10,0.0,0,0,0,0,50 ohms time 0.01
,SiC,1.0,Electron 191V,0.5,0,0.0,40.0,/Users/rkfuentes/Documents/md_anderson_analysis/yepes_code/data/2025-11-20/scope-results-2025-11-20-0983.csv,7.473725866666661e-09,0.0,0,0,0,0,50 ohms time 0.01
,SiC,1.0,Electron 191V,0.5,0,0.0,40.0,/Users/rkfuentes/Documents/md_anderson_analysis/yepes_code/data/2025-11-20/scope-results-2025-11-20-0984.csv,2.6518639999999926e-09,0.0,0,0,0,0,50 ohms time 0.01
,SiC,1.0,Electron 191V,0.5,0,0.0,40.0,/Users/rkfuentes/Documents/md_anderson_analysis/yepes_code/data/2025-11-20/scope-results-2025-11-20-0988.csv,7.191898666666666e-09,0.0,0,0,0,0,50 ohms time 0.01
,SiC,1.0,Electron 191V,0.5,0,0.0,40.0,/Users/rkfuentes/Documents/md_anderson_analysis/yepes_code/data/2025-11-20/scope-results-2025-11-20-0990.csv,6.181623466666679e-09,0.0,0,0,0,0,50 ohms time 0.01
,SiC,1.0,Electron 85V,0.5,0,0.0,40.0,/Users/rkfuentes/Documents/md_anderson_analysis/yepes_code/data/2025-11-20/scope-results-2025-11-20-1048.csv,8.633146666669617e-11,0.0,0,0,0,0,50 ohms time 0.01
,SiC,1.0,Electron 85V,0.5,0,0.0,40.0,/Users/rkfuentes/Documents/md_anderson_analysis/yepes_code/data/2025-11-20/scope-results-2025-11-20-1050.csv,2.7860266666664897e-10,0.0,0,0,0,0,50 ohms time 0.01
,SiC,1.0,Electron 85V,0.5,0,0.0,40.0,/Users/rkfuentes/Documents/md_anderson_analysis/yepes_code/data/2025-11-20/scope-results-2025-11-20-1051.csv,1.2228026666661276e-10,0.0,0,0,0,0,50 ohms time 0.01
,SiC,1.0,Electron 85V,0.5,0,0.0,40.0,/Users/rkfuentes/Documents/md_anderson_analysis/yepes_code/data/2025-11-20/scope-results-2025-11-20-1052.csv,5.4356266666700604e-11,0.0,0,0,0,0,50 ohms time 0.01
,SiC,1.0,Electron 85V,0.5,0,0.0,40.0,/Users/rkfuentes/Documents/md_anderson_analysis/yepes_code/data/2025-11-20/scope-results-2025-11-20-1054.csv,3.060784000000112e-10,0.0,0,0,0,0,50 ohms time 0.01
,SiC,1.0,Electron 85V,0.5,0,0.0,40.0,/Users/rkfuentes/Documents/md_anderson_analysis/yepes_code/data/2025-11-20/scope-results-2025-11-20-1056.csv,3.4898133333320446e-11,0.0,0,0,0,0,50 ohms time 0.01
,SiC,1.0,Electron 85V,0.5,0,0.0,40.0,/Users/rkfuentes/Documents/md_anderson_analysis/yepes_code/data/2025-11-20/scope-results-2025-11-20-1057.csv,2.349226666661841e-11,0.0,0,0,0,0,50 ohms time 0.01
,SiC,1.0,Electron 85V,0.5,0,0.0,40.0,/Users/rkfuentes/Documents/md_anderson_analysis/yepes_code/data/2025-11-20/scope-results-2025-11-20-1058.csv,2.779434666666783e-10,0.0,0,0,0,0,50 ohms time 0.01
,SiC,1.0,Electron 85V,0.5,0,0.0,40.0,/Users/rkfuentes/Documents/md_anderson_analysis/yepes_code/data/2025-11-20/scope-results-2025-11-20-1059.csv,2.5038404463039536e-09,0.0,0,0,0,0,50 ohms time 0.01
,SiC,1.0,Electron 110V,0.5,0,0.0,40.0,/Users/rkfuentes/Documents/md_anderson_analysis/yepes_code/data/2025-11-20/scope-results-2025-11-20-1106.csv,4.722959999999824e-11,0.0,0,0,0,0,50 ohms time 0.01
,SiC,1.0,Electron 110V,0.5,0,0.0,40.0,/Users/rkfuentes/Documents/md_anderson_analysis/yepes_code/data/2025-11-20/scope-results-2025-11-20-1107.csv,1.5635306666666775e-10,0.0,0,0,0,0,50 ohms time 0.01
,SiC,1.0,Electron 110V,0.5,0,0.0,40.0,/Users/rkfuentes/Documents/md_anderson_analysis/yepes_code/data/2025-11-20/scope-results-2025-11-20-1109.csv,1.6619999999951626e-11,0.0,0,0,0,0,50 ohms time 0.01
,SiC,1.0,Electron 110V,0.5,0,0.0,40.0,/Users/rkfuentes/Documents/md_anderson_analysis/yepes_code/data/2025-11-20/scope-results-2025-11-20-1110.csv,1.0420181333333369e-09,0.0,0,0,0,0,50 ohms time 0.01
,SiC,1.0,Electron 110V,0.5,0,0.0,40.0,/Users/rkfuentes/Documents/md_anderson_analysis/yepes_code/data/2025-11-20/scope-results-2025-11-20-1111.csv,1.1637333333337925e-10,0.0,0,0,0,0,50 ohms time 0.01
,SiC,1.0,Electron 110V,0.5,0,0.0,40.0,/Users/rkfuentes/Documents/md_anderson_analysis/yepes_code/data/2025-11-20/scope-results-2025-11-20-1112.csv,2.618362666666684e-10,0.0,0,0,0,0,50 ohms time 0.01
,SiC,1.0,Electron 110V,0.5,0,0.0,40.0,/Users/rkfuentes/Documents/md_anderson_analysis/yepes_code/data/2025-11-20/scope-results-2025-11-20-1113.csv,4.802840000000045e-10,0.0,0,0,0,0,50 ohms time 0.01
,SiC,1.0,Electron 110V,0.5,0,0.0,40.0,/Users/rkfuentes/Documents/md_anderson_analysis/yepes_code/data/2025-11-20/scope-results-2025-11-20-1115.csv,1.910282666666799e-10,0.0,0,0,0,0,50 ohms time 0.01
,SiC,1.0,Electron 110V,0.5,0,0.0,40.0,/Users/rkfuentes/Documents/md_anderson_analysis/yepes_code/data/2025-11-20/scope-results-2025-11-20-1116.csv,2.194373333331415e-11,0.0,0,0,0,0,50 ohms time 0.01
,SiC,1.0,Electron 191V,0.5,0,0.0,40.0,/Users/rkfuentes/Documents/md_anderson_analysis/yepes_code/data/2025-11-20/scope-results-2025-11-20-1158.csv,3.3668479999999938e-09,0.0,0,0,0,0,50 ohms time 0.01
,SiC,1.0,Electron 191V,0.5,0,0.0,40.0,/Users/rkfuentes/Documents/md_anderson_analysis/yepes_code/data/2025-11-20/scope-results-2025-11-20-1159.csv,3.6099775999999756e-09,0.0,0,0,0,0,50 ohms time 0.01
,SiC,1.0,Electron 191V,0.5,0,0.0,0.4,/Users/rkfuentes/Documents/md_anderson_analysis/yepes_code/data/2025-11-20/scope-results-2025-11-20-1168.csv,1.7112978666666556e-09,0.0,0,0,0,0,50 ohms time 0.01
,SiC,1.0,Electron 191V,0.5,0,0.0,0.4,/Users/rkfuentes/Documents/md_anderson_analysis/yepes_code/data/2025-11-20/scope-results-2025-11-20-1170.csv,3.6356112000000087e-09,0.0,0,0,0,0,50 ohms time 0.01
,SiC,1.0,Electron 191V,0.5,0,0.0,0.4,/Users/rkfuentes/Documents/md_anderson_analysis/yepes_code/data/2025-11-20/scope-results-2025-11-20-1175.csv,3.1846720000000047e-09,0.0,0,0,0,0,50 ohms time 0.01
,SiC,1.0,Electron 191V,0.5,0,0.0,0.4,/Users/rkfuentes/Documents/md_anderson_analysis/yepes_code/data/2025-11-20/scope-results-2025-11-20-1177.csv,3.864137599999978e-09,0.0,0,0,0,0,50 ohms time 0.01
,SiC,1.0,Electron 191V,0.5,0,0.0,0.4,/Users/rkfuentes/Documents/md_anderson_analysis/yepes_code/data/2025-11-20/scope-results-2025-11-20-1178.csv,3.529543466666643e-09,0.0,0,0,0,0,50 ohms time 0.01
,SiC,1.0,Electron 85V,0.5,0,0.0,40.0,/Users/rkfuentes/Documents/md_anderson_analysis/yepes_code/data/2025-11-20/scope-results-2025-11-20-1227.csv,2.8117973333333587e-10,0.0,0,0,0,0,50 ohms time 0.01
,SiC,1.0,Electron 85V,0.5,0,0.0,40.0,/Users/rkfuentes/Documents/md_anderson_analysis/yepes_code/data/2025-11-20/scope-results-2025-11-20-1228.csv,6.570666666870754e-13,0.0,0,0,0,0,50 ohms time 0.01
,SiC,1.0,Electron 85V,0.5,0,0.0,40.0,/Users/rkfuentes/Documents/md_anderson_analysis/yepes_code/data/2025-11-20/scope-results-2025-11-20-1231.csv,6.380490666666736e-10,0.0,0,0,0,0,50 ohms time 0.01
,SiC,1.0,Electron 85V,0.5,0,0.0,40.0,/Users/rkfuentes/Documents/md_anderson_analysis/yepes_code/data/2025-11-20/scope-results-2025-11-20-1233.csv,1.2483199999998942e-10,0.0,0,0,0,0,50 ohms time 0.01
,SiC,1.0,Electron 85V,0.5,0,0.0,40.0,/Users/rkfuentes/Documents/md_anderson_analysis/yepes_code/data/2025-11-20/scope-results-2025-11-20-1234.csv,1.1620533333333534e-10,0.0,0,0,0,0,50 ohms time 0.01
,SiC,1.0,Electron 85V,0.5,0,0.0,40.0,/Users/rkfuentes/Documents/md_anderson_analysis/yepes_code/data/2025-11-20/scope-results-2025-11-20-1235.csv,7.102400000001477e-11,0.0,0,0,0,0,50 ohms time 0.01
,SiC,1.0,Electron 85V,0.5,0,0.0,40.0,/Users/rkfuentes/Documents/md_anderson_analysis/yepes_code/data/2025-11-20/scope-results-2025-11-20-1237.csv,2.345999999999594e-10,0.0,0,0,0,0,50 ohms time 0.01
,SiC,1.0,Electron 110V,0.5,0,0.0,40.0,/Users/rkfuentes/Documents/md_anderson_analysis/yepes_code/data/2025-11-20/scope-results-2025-11-20-1275.csv,2.616672000000394e-10,0.0,0,0,0,0,50 ohms time 0.01
,SiC,1.0,Electron 110V,0.5,0,0.0,40.0,/Users/rkfuentes/Documents/md_anderson_analysis/yepes_code/data/2025-11-20/scope-results-2025-11-20-1277.csv,3.0466346666667783e-10,0.0,0,0,0,0,50 ohms time 0.01
,SiC,1.0,Electron 110V,0.5,0,0.0,40.0,/Users/rkfuentes/Documents/md_anderson_analysis/yepes_code/data/2025-11-20/scope-results-2025-11-20-1278.csv,1.2543200000000092e-10,0.0,0,0,0,0,50 ohms time 0.01
,SiC,1.0,Electron 110V,0.5,0,0.0,40.0,/Users/rkfuentes/Documents/md_anderson_analysis/yepes_code/data/2025-11-20/scope-results-2025-11-20-1279.csv,2.01693866666635e-10,0.0,0,0,0,0,50 ohms time 0.01
,SiC,1.0,Electron 110V,0.5,0,0.0,40.0,/Users/rkfuentes/Documents/md_anderson_analysis/yepes_code/data/2025-11-20/scope-results-2025-11-20-1280.csv,5.33707466666658e-10,0.0,0,0,0,0,50 ohms time 0.01
,SiC,1.0,Electron 110V,0.5,0,0.0,40.0,/Users/rkfuentes/Documents/md_anderson_analysis/yepes_code/data/2025-11-20/scope-results-2025-11-20-1284.csv,1.1823786666670878e-10,0.0,0,0,0,0,50 ohms time 0.01
,SiC,1.0,Electron 110V,0.5,0,0.0,40.0,/Users/rkfuentes/Documents/md_anderson_analysis/yepes_code/data/2025-11-20/scope-results-2025-11-20-1285.csv,2.801759999999915e-10,0.0,0,0,0,0,50 ohms time 0.01
,SiC,1.0,Electron 110V,0.5,0,0.0,40.0,/Users/rkfuentes/Documents/md_anderson_analysis/yepes_code/data/2025-11-20/scope-results-2025-11-20-1286.csv,5.251840000000003e-10,0.0,0,0,0,0,50 ohms time 0.01
,SiC,1.0,Electron 191V,0.5,0,0.0,40.0,/Users/rkfuentes/Documents/md_anderson_analysis/yepes_code/data/2025-11-20/scope-results-2025-11-20-1331.csv,4.942736000000005e-10,0.0,0,0,0,0,50 ohms time 0.01
,SiC,1.0,Electron 191V,0.5,0,0.0,40.0,/Users/rkfuentes/Documents/md_anderson_analysis/yepes_code/data/2025-11-20/scope-results-2025-11-20-1335.csv,1.4636658666666608e-09,0.0,0,0,0,0,50 ohms time 0.01
,SiC,1.0,Electron 191V,0.5,0,0.0,40.0,/Users/rkfuentes/Documents/md_anderson_analysis/yepes_code/data/2025-11-20/scope-results-2025-11-20-1336.csv,1.418220000000002e-09,0.0,0,0,0,0,50 ohms time 0.01
,SiC,1.0,Electron 191V,0.5,0,0.0,40.0,/Users/rkfuentes/Documents/md_anderson_analysis/yepes_code/data/2025-11-20/scope-results-2025-11-20-1337.csv,1.3089173333333306e-09,0.0,0,0,0,0,50 ohms time 0.01
,SiC,1.0,Electron 191V,0.5,0,0.0,40.0,/Users/rkfuentes/Documents/md_anderson_analysis/yepes_code/data/2025-11-20/scope-results-2025-11-20-1339.csv,1.678725600000036e-09,0.0,0,0,0,0,50 ohms time 0.01
,SiC,1.0,Electron 191V,0.5,0,0.0,40.0,/Users/rkfuentes/Documents/md_anderson_analysis/yepes_code/data/2025-11-20/scope-results-2025-11-20-1340.csv,1.7822346666666762e-09,0.0,0,0,0,0,50 ohms time 0.01
,SiC,1.0,Electron 191V,0.5,0,0.0,40.0,/Users/rkfuentes/Documents/md_anderson_analysis/yepes_code/data/2025-11-20/scope-results-2025-11-20-1341.csv,1.9546978666666322e-09,0.0,0,0,0,0,50 ohms time 0.01
,SiC,1.0,Electron 85V,0.5,0,0.0,40.0,/Users/rkfuentes/Documents/md_anderson_analysis/yepes_code/data/2025-11-20/scope-results-2025-11-20-1392.csv,3.12253333333344e-10,0.0,0,0,0,0,50 ohms time 0.01
,SiC,1.0,Electron 85V,0.5,0,0.0,40.0,/Users/rkfuentes/Documents/md_anderson_analysis/yepes_code/data/2025-11-20/scope-results-2025-11-20-1393.csv,1.2058719999997677e-10,0.0,0,0,0,0,50 ohms time 0.01
,SiC,1.0,Electron 85V,0.5,0,0.0,40.0,/Users/rkfuentes/Documents/md_anderson_analysis/yepes_code/data/2025-11-20/scope-results-2025-11-20-1395.csv,1.19750399999979e-10,0.0,0,0,0,0,50 ohms time 0.01
,SiC,1.0,Electron 85V,0.5,0,0.0,40.0,/Users/rkfuentes/Documents/md_anderson_analysis/yepes_code/data/2025-11-20/scope-results-2025-11-20-1396.csv,3.0797599999990834e-11,0.0,0,0,0,0,50 ohms time 0.01
,SiC,1.0,Electron 85V,0.5,0,0.0,40.0,/Users/rkfuentes/Documents/md_anderson_analysis/yepes_code/data/2025-11-20/scope-results-2025-11-20-1397.csv,3.0767093333330754e-10,0.0,0,0,0,0,50 ohms time 0.01
,SiC,1.0,Electron 85V,0.5,0,0.0,40.0,/Users/rkfuentes/Documents/md_anderson_analysis/yepes_code/data/2025-11-20/scope-results-2025-11-20-1398.csv,1.0126000000000895e-10,0.0,0,0,0,0,50 ohms time 0.01
,SiC,1.0,Electron 85V,0.5,0,0.0,40.0,/Users/rkfuentes/Documents/md_anderson_analysis/yepes_code/data/2025-11-20/scope-results-2025-11-20-1400.csv,2.1057493333331656e-10,0.0,0,0,0,0,50 ohms time 0.01
,SiC,1.0,Electron 85V,0.5,0,0.0,40.0,/Users/rkfuentes/Documents/md_anderson_analysis/yepes_code/data/2025-11-20/scope-results-2025-11-20-1402.csv,1.9559333333329547e-10,0.0,0,0,0,0,50 ohms time 0.01
,SiC,1.0,Electron 110V,0.5,0,0.0,40.0,/Users/rkfuentes/Documents/md_anderson_analysis/yepes_code/data/2025-11-20/scope-results-2025-11-20-1441.csv,4.2854506666664876e-10,0.0,0,0,0,0,50 ohms time 0.01
,SiC,1.0,Electron 110V,0.5,0,0.0,40.0,/Users/rkfuentes/Documents/md_anderson_analysis/yepes_code/data/2025-11-20/scope-results-2025-11-20-1442.csv,2.773034666666521e-10,0.0,0,0,0,0,50 ohms time 0.01
,SiC,1.0,Electron 110V,0.5,0,0.0,40.0,/Users/rkfuentes/Documents/md_anderson_analysis/yepes_code/data/2025-11-20/scope-results-2025-11-20-1443.csv,1.939274666666646e-10,0.0,0,0,0,0,50 ohms time 0.01
,SiC,1.0,Electron 110V,0.5,0,0.0,40.0,/Users/rkfuentes/Documents/md_anderson_analysis/yepes_code/data/2025-11-20/scope-results-2025-11-20-1444.csv,4.27200000000019e-11,0.0,0,0,0,0,50 ohms time 0.01
,SiC,1.0,Electron 110V,0.5,0,0.0,40.0,/Users/rkfuentes/Documents/md_anderson_analysis/yepes_code/data/2025-11-20/scope-results-2025-11-20-1446.csv,1.6842453333332227e-10,0.0,0,0,0,0,50 ohms time 0.01
,SiC,1.0,Electron 110V,0.5,0,0.0,40.0,/Users/rkfuentes/Documents/md_anderson_analysis/yepes_code/data/2025-11-20/scope-results-2025-11-20-1447.csv,7.258666666663342e-11,0.0,0,0,0,0,50 ohms time 0.01
,SiC,1.0,Electron 110V,0.5,0,0.0,40.0,/Users/rkfuentes/Documents/md_anderson_analysis/yepes_code/data/2025-11-20/scope-results-2025-11-20-1448.csv,6.373173333333469e-10,0.0,0,0,0,0,50 ohms time 0.01
,SiC,1.0,Electron 110V,0.5,0,0.0,40.0,/Users/rkfuentes/Documents/md_anderson_analysis/yepes_code/data/2025-11-20/scope-results-2025-11-20-1449.csv,7.336960000001045e-11,0.0,0,0,0,0,50 ohms time 0.01
,SiC,1.0,Electron 110V,0.5,0,0.0,40.0,/Users/rkfuentes/Documents/md_anderson_analysis/yepes_code/data/2025-11-20/scope-results-2025-11-20-1450.csv,2.2292053333332402e-10,0.0,0,0,0,0,50 ohms time 0.01
,SiC,1.0,Electron 110V,0.5,0,0.0,40.0,/Users/rkfuentes/Documents/md_anderson_analysis/yepes_code/data/2025-11-20/scope-results-2025-11-20-1452.csv,2.371733333333203e-10,0.0,0,0,0,0,50 ohms time 0.01
,SiC,1.0,Electron 191V,0.5,0,0.0,40.0,/Users/rkfuentes/Documents/md_anderson_analysis/yepes_code/data/2025-11-20/scope-results-2025-11-20-1482.csv,1.8146069333333596e-09,0.0,0,0,0,0,50 ohms time 0.01
,SiC,1.0,Electron 191V,0.5,0,0.0,40.0,/Users/rkfuentes/Documents/md_anderson_analysis/yepes_code/data/2025-11-20/scope-results-2025-11-20-1483.csv,6.698906666666638e-10,0.0,0,0,0,0,50 ohms time 0.01
,SiC,1.0,Electron 191V,0.5,0,0.0,40.0,/Users/rkfuentes/Documents/md_anderson_analysis/yepes_code/data/2025-11-20/scope-results-2025-11-20-1484.csv,4.1754559999999743e-10,0.0,0,0,0,0,50 ohms time 0.01
,SiC,1.0,Electron 191V,0.5,0,0.0,40.0,/Users/rkfuentes/Documents/md_anderson_analysis/yepes_code/data/2025-11-20/scope-results-2025-11-20-1485.csv,6.431079999999988e-10,0.0,0,0,0,0,50 ohms time 0.01
,SiC,1.0,Electron 191V,0.5,0,0.0,40.0,/Users/rkfuentes/Documents/md_anderson_analysis/yepes_code/data/2025-11-20/scope-results-2025-11-20-1486.csv,7.167215999999945e-10,0.0,0,0,0,0,50 ohms time 0.01
,SiC,1.0,Electron 191V,0.5,0,0.0,40.0,/Users/rkfuentes/Documents/md_anderson_analysis/yepes_code/data/2025-11-20/scope-results-2025-11-20-1487.csv,1.8611306666666723e-09,0.0,0,0,0,0,50 ohms time 0.01
,SiC,1.0,Electron 191V,0.5,0,0.0,40.0,/Users/rkfuentes/Documents/md_anderson_analysis/yepes_code/data/2025-11-20/scope-results-2025-11-20-1488.csv,4.5199760000000336e-10,0.0,0,0,0,0,50 ohms time 0.01
,SiC,1.0,Electron 191V,0.5,0,0.0,40.0,/Users/rkfuentes/Documents/md_anderson_analysis/yepes_code/data/2025-11-20/scope-results-2025-11-20-1489.csv,8.163130666666659e-10,0.0,0,0,0,0,50 ohms time 0.01
,SiC,1.0,Electron 191V,0.5,0,0.0,40.0,/Users/rkfuentes/Documents/md_anderson_analysis/yepes_code/data/2025-11-20/scope-results-2025-11-20-1490.csv,1.1602488000000135e-09,0.0,0,0,0,0,50 ohms time 0.01
,SiC,1.0,Electron 191V,0.5,0,0.0,40.0,/Users/rkfuentes/Documents/md_anderson_analysis/yepes_code/data/2025-11-20/scope-results-2025-11-20-1491.csv,7.569333333333341e-10,0.0,0,0,0,0,50 ohms time 0.01
,SiC,1.0,Electron 85V,0.5,0,0.0,200.0,/Users/rkfuentes/Documents/md_anderson_analysis/yepes_code/data/2025-11-20/scope-results-2025-11-20-1592.csv,1.1335160000000006e-09,0.0,0,0,0,0,50 ohms time 0.01 no collimator
,SiC,1.0,Electron 85V,0.5,0,0.0,200.0,/Users/rkfuentes/Documents/md_anderson_analysis/yepes_code/data/2025-11-20/scope-results-2025-11-20-1593.csv,1.302000000000006e-09,0.0,0,0,0,0,50 ohms time 0.01 no collimator
,SiC,1.0,Electron 85V,0.5,0,0.0,200.0,/Users/rkfuentes/Documents/md_anderson_analysis/yepes_code/data/2025-11-20/scope-results-2025-11-20-1594.csv,1.1933973333333285e-09,0.0,0,0,0,0,50 ohms time 0.01 no collimator
,SiC,1.0,Electron 85V,0.5,0,0.0,200.0,/Users/rkfuentes/Documents/md_anderson_analysis/yepes_code/data/2025-11-20/scope-results-2025-11-20-1595.csv,1.3483626666666526e-09,0.0,0,0,0,0,50 ohms time 0.01 no collimator
,SiC,1.0,Electron 85V,0.5,0,0.0,200.0,/Users/rkfuentes/Documents/md_anderson_analysis/yepes_code/data/2025-11-20/scope-results-2025-11-20-1596.csv,3.823638666666666e-09,0.0,0,0,0,0,50 ohms time 0.01 no collimator
,SiC,1.0,Electron 85V,0.5,0,0.0,200.0,/Users/rkfuentes/Documents/md_anderson_analysis/yepes_code/data/2025-11-20/scope-results-2025-11-20-1597.csv,2.4570053333333804e-09,0.0,0,0,0,0,50 ohms time 0.01 no collimator
,SiC,1.0,Electron 85V,0.5,0,0.0,200.0,/Users/rkfuentes/Documents/md_anderson_analysis/yepes_code/data/2025-11-20/scope-results-2025-11-20-1598.csv,3.2202453333333365e-09,0.0,0,0,0,0,50 ohms time 0.01 no collimator
,SiC,1.0,Electron 85V,0.5,0,0.0,200.0,/Users/rkfuentes/Documents/md_anderson_analysis/yepes_code/data/2025-11-20/scope-results-2025-11-20-1599.csv,1.779689333333356e-09,0.0,0,0,0,0,50 ohms time 0.01 no collimator
,SiC,1.0,Electron 85V,0.5,0,0.0,200.0,/Users/rkfuentes/Documents/md_anderson_analysis/yepes_code/data/2025-11-20/scope-results-2025-11-20-1600.csv,1.5903039999999843e-09,0.0,0,0,0,0,50 ohms time 0.01 no collimator
,SiC,1.0,Electron 85V,0.5,0,0.0,200.0,/Users/rkfuentes/Documents/md_anderson_analysis/yepes_code/data/2025-11-20/scope-results-2025-11-20-1601.csv,1.033645333333273e-09,0.0,0,0,0,0,50 ohms time 0.01 no collimator
,SiC,1.0,Electron 85V,0.5,0,0.0,200.0,/Users/rkfuentes/Documents/md_anderson_analysis/yepes_code/data/2025-11-20/scope-results-2025-11-20-1602.csv,2.296633333333354e-09,0.0,0,0,0,0,50 ohms time 0.01 no collimator
,SiC,1.0,Electron 85V,0.5,0,0.0,200.0,/Users/rkfuentes/Documents/md_anderson_analysis/yepes_code/data/2025-11-20/scope-results-2025-11-20-1603.csv,3.152853333333452e-09,0.0,0,0,0,0,50 ohms time 0.01 no collimator
,SiC,1.0,Electron 85V,0.5,0,0.0,200.0,/Users/rkfuentes/Documents/md_anderson_analysis/yepes_code/data/2025-11-20/scope-results-2025-11-20-1604.csv,6.239365333333361e-09,0.0,0,0,0,0,50 ohms time 0.01 no collimator
,SiC,1.0,Electron 85V,0.5,0,0.0,200.0,/Users/rkfuentes/Documents/md_anderson_analysis/yepes_code/data/2025-11-20/scope-results-2025-11-20-1605.csv,4.245205333333283e-09,0.0,0,0,0,0,50 ohms time 0.01 no collimator
,SiC,1.0,Electron 85V,0.5,0,0.0,200.0,/Users/rkfuentes/Documents/md_anderson_analysis/yepes_code/data/2025-11-20/scope-results-2025-11-20-1606.csv,8.688778666666676e-09,0.0,0,0,0,0,50 ohms time 0.01 no collimator
,SiC,1.0,Electron 110V,0.5,0,0.0,200.0,/Users/rkfuentes/Documents/md_anderson_analysis/yepes_code/data/2025-11-20/scope-results-2025-11-20-1643.csv,2.161996266666667e-08,0.0,0,0,0,0,50 ohms time 0.01 no collimator
,SiC,1.0,Electron 110V,0.5,0,0.0,200.0,/Users/rkfuentes/Documents/md_anderson_analysis/yepes_code/data/2025-11-20/scope-results-2025-11-20-1644.csv,1.0382133333332476e-10,0.0,0,0,0,0,50 ohms time 0.01 no collimator
,SiC,1.0,Electron 110V,0.5,0,0.0,200.0,/Users/rkfuentes/Documents/md_anderson_analysis/yepes_code/data/2025-11-20/scope-results-2025-11-20-1645.csv,2.1654234666666742e-08,0.0,0,0,0,0,50 ohms time 0.01 no collimator
,SiC,1.0,Electron 110V,0.5,0,0.0,200.0,/Users/rkfuentes/Documents/md_anderson_analysis/yepes_code/data/2025-11-20/scope-results-2025-11-20-1646.csv,1.2898520000000174e-09,0.0,0,0,0,0,50 ohms time 0.01 no collimator
,SiC,1.0,Electron 110V,0.5,0,0.0,200.0,/Users/rkfuentes/Documents/md_anderson_analysis/yepes_code/data/2025-11-20/scope-results-2025-11-20-1647.csv,6.734933333333378e-10,0.0,0,0,0,0,50 ohms time 0.01 no collimator
,SiC,1.0,Electron 110V,0.5,0,0.0,200.0,/Users/rkfuentes/Documents/md_anderson_analysis/yepes_code/data/2025-11-20/scope-results-2025-11-20-1648.csv,1.3101946666667e-09,0.0,0,0,0,0,50 ohms time 0.01 no collimator
,SiC,1.0,Electron 110V,0.5,0,0.0,200.0,/Users/rkfuentes/Documents/md_anderson_analysis/yepes_code/data/2025-11-20/scope-results-2025-11-20-1649.csv,2.208212266666663e-08,0.0,0,0,0,0,50 ohms time 0.01 no collimator
,SiC,1.0,Electron 110V,0.5,0,0.0,200.0,/Users/rkfuentes/Documents/md_anderson_analysis/yepes_code/data/2025-11-20/scope-results-2025-11-20-1650.csv,2.2272310666666673e-08,0.0,0,0,0,0,50 ohms time 0.01 no collimator
,SiC,1.0,Electron 110V,0.5,0,0.0,200.0,/Users/rkfuentes/Documents/md_anderson_analysis/yepes_code/data/2025-11-20/scope-results-2025-11-20-1651.csv,2.0642755999999937e-08,0.0,0,0,0,0,50 ohms time 0.01 no collimator
,SiC,1.0,Electron 110V,0.5,0,0.0,200.0,/Users/rkfuentes/Documents/md_anderson_analysis/yepes_code/data/2025-11-20/scope-results-2025-11-20-1652.csv,2.2928882666666647e-08,0.0,0,0,0,0,50 ohms time 0.01 no collimator
,SiC,1.0,Electron 110V,0.5,0,0.0,200.0,/Users/rkfuentes/Documents/md_anderson_analysis/yepes_code/data/2025-11-20/scope-results-2025-11-20-1653.csv,1.3226202666666677e-08,0.0,0,0,0,0,50 ohms time 0.01 no collimator
,SiC,1.0,Electron 110V,0.5,0,0.0,200.0,/Users/rkfuentes/Documents/md_anderson_analysis/yepes_code/data/2025-11-20/scope-results-2025-11-20-1654.csv,2.152950399999999e-08,0.0,0,0,0,0,50 ohms time 0.01 no collimator
,SiC,1.0,Electron 85V,0.5,0,0.0,100.0,/Users/rkfuentes/Documents/md_anderson_analysis/yepes_code/data/2025-11-20/scope-results-2025-11-20-1786.csv,1.6974912000000129e-09,0.0,0,0,0,0,50 ohms time 0.01 no collimator
,SiC,1.0,Electron 85V,0.5,0,0.0,100.0,/Users/rkfuentes/Documents/md_anderson_analysis/yepes_code/data/2025-11-20/scope-results-2025-11-20-1787.csv,1.8805333333333245e-09,0.0,0,0,0,0,50 ohms time 0.01 no collimator
,SiC,1.0,Electron 85V,0.5,0,0.0,100.0,/Users/rkfuentes/Documents/md_anderson_analysis/yepes_code/data/2025-11-20/scope-results-2025-11-20-1788.csv,1.2823946666666804e-09,0.0,0,0,0,0,50 ohms time 0.01 no collimator
,SiC,1.0,Electron 85V,0.5,0,0.0,100.0,/Users/rkfuentes/Documents/md_anderson_analysis/yepes_code/data/2025-11-20/scope-results-2025-11-20-1789.csv,1.344645333333349e-09,0.0,0,0,0,0,50 ohms time 0.01 no collimator
,SiC,1.0,Electron 85V,0.5,0,0.0,100.0,/Users/rkfuentes/Documents/md_anderson_analysis/yepes_code/data/2025-11-20/scope-results-2025-11-20-1790.csv,5.481568000000072e-10,0.0,0,0,0,0,50 ohms time 0.01 no collimator
,SiC,1.0,Electron 85V,0.5,0,0.0,100.0,/Users/rkfuentes/Documents/md_anderson_analysis/yepes_code/data/2025-11-20/scope-results-2025-11-20-1791.csv,1.0770261333333225e-09,0.0,0,0,0,0,50 ohms time 0.01 no collimator
,SiC,1.0,Electron 85V,0.5,0,0.0,100.0,/Users/rkfuentes/Documents/md_anderson_analysis/yepes_code/data/2025-11-20/scope-results-2025-11-20-1792.csv,1.0605781333333054e-09,0.0,0,0,0,0,50 ohms time 0.01 no collimator
,SiC,1.0,Electron 85V,0.5,0,0.0,100.0,/Users/rkfuentes/Documents/md_anderson_analysis/yepes_code/data/2025-11-20/scope-results-2025-11-20-1793.csv,1.1482666666673475e-10,0.0,0,0,0,0,50 ohms time 0.01 no collimator
,SiC,1.0,Electron 85V,0.5,0,0.0,100.0,/Users/rkfuentes/Documents/md_anderson_analysis/yepes_code/data/2025-11-20/scope-results-2025-11-20-1794.csv,2.55162666666675e-10,0.0,0,0,0,0,50 ohms time 0.01 no collimator
,SiC,1.0,Electron 85V,0.5,0,0.0,100.0,/Users/rkfuentes/Documents/md_anderson_analysis/yepes_code/data/2025-11-20/scope-results-2025-11-20-1795.csv,6.308746666666506e-10,0.0,0,0,0,0,50 ohms time 0.01 no collimator
,SiC,1.0,Electron 85V,0.5,0,0.0,100.0,/Users/rkfuentes/Documents/md_anderson_analysis/yepes_code/data/2025-11-20/scope-results-2025-11-20-1796.csv,4.3393706666672903e-10,0.0,0,0,0,0,50 ohms time 0.01 no collimator
,SiC,1.0,Electron 85V,0.5,0,0.0,100.0,/Users/rkfuentes/Documents/md_anderson_analysis/yepes_code/data/2025-11-20/scope-results-2025-11-20-1797.csv,3.495786666666842e-10,0.0,0,0,0,0,50 ohms time 0.01 no collimator
,SiC,1.0,Electron 110V,0.5,0,0.0,100.0,/Users/rkfuentes/Documents/md_anderson_analysis/yepes_code/data/2025-11-20/scope-results-2025-11-20-1850.csv,1.9455177599999985e-08,0.0,0,0,0,0,50 ohms time 0.01
,SiC,1.0,Electron 110V,0.5,0,0.0,100.0,/Users/rkfuentes/Documents/md_anderson_analysis/yepes_code/data/2025-11-20/scope-results-2025-11-20-1851.csv,1.2307539200000007e-08,0.0,0,0,0,0,50 ohms time 0.01
,SiC,1.0,Electron 110V,0.5,0,0.0,100.0,/Users/rkfuentes/Documents/md_anderson_analysis/yepes_code/data/2025-11-20/scope-results-2025-11-20-1852.csv,1.8296332799999997e-08,0.0,0,0,0,0,50 ohms time 0.01
,SiC,1.0,Electron 110V,0.5,0,0.0,100.0,/Users/rkfuentes/Documents/md_anderson_analysis/yepes_code/data/2025-11-20/scope-results-2025-11-20-1857.csv,1.953352106666666e-08,0.0,0,0,0,0,50 ohms time 0.01
,SiC,1.0,Electron 110V,0.5,0,0.0,100.0,/Users/rkfuentes/Documents/md_anderson_analysis/yepes_code/data/2025-11-20/scope-results-2025-11-20-1858.csv,1.953763146666663e-08,0.0,0,0,0,0,50 ohms time 0.01
,SiC,1.0,Electron 110V,0.5,0,0.0,100.0,/Users/rkfuentes/Documents/md_anderson_analysis/yepes_code/data/2025-11-20/scope-results-2025-11-20-1859.csv,1.8504909333333306e-08,0.0,0,0,0,0,50 ohms time 0.01
,SiC,1.0,Electron 110V,0.5,0,0.0,100.0,/Users/rkfuentes/Documents/md_anderson_analysis/yepes_code/data/2025-11-20/scope-results-2025-11-20-1860.csv,1.9759371733333327e-08,0.0,0,0,0,0,50 ohms time 0.01
,SiC,1.0,Electron 110V,0.5,0,0.0,100.0,/Users/rkfuentes/Documents/md_anderson_analysis/yepes_code/data/2025-11-20/scope-results-2025-11-20-1861.csv,1.843521226666666e-08,0.0,0,0,0,0,50 ohms time 0.01
,SiC,1.0,Electron 110V,0.5,0,0.0,100.0,/Users/rkfuentes/Documents/md_anderson_analysis/yepes_code/data/2025-11-20/scope-results-2025-11-20-1862.csv,1.2411917333333318e-08,0.0,0,0,0,0,50 ohms time 0.01
,SiC,1.0,Electron 110V,0.5,0,0.0,100.0,/Users/rkfuentes/Documents/md_anderson_analysis/yepes_code/data/2025-11-20/scope-results-2025-11-20-1863.csv,1.950179306666664e-08,0.0,0,0,0,0,50 ohms time 0.01
,SiC,1.0,Electron 110V,0.5,0,0.0,100.0,/Users/rkfuentes/Documents/md_anderson_analysis/yepes_code/data/2025-11-20/scope-results-2025-11-20-1864.csv,1.836798399999997e-08,0.0,0,0,0,0,50 ohms time 0.01
,SiC,1.0,Electron 110V,0.5,0,0.0,100.0,/Users/rkfuentes/Documents/md_anderson_analysis/yepes_code/data/2025-11-20/scope-results-2025-11-20-1865.csv,1.954744160000002e-08,0.0,0,0,0,0,50 ohms time 0.01
,SiC,1.0,Electron 110V,0.5,0,0.0,100.0,/Users/rkfuentes/Documents/md_anderson_analysis/yepes_code/data/2025-11-20/scope-results-2025-11-20-1866.csv,3.8206378666666615e-09,0.0,0,0,0,0,50 ohms time 0.01
,SiC,1.0,Electron 110V,0.5,0,0.0,100.0,/Users/rkfuentes/Documents/md_anderson_analysis/yepes_code/data/2025-11-20/scope-results-2025-11-20-1867.csv,1.9230776000000013e-08,0.0,0,0,0,0,50 ohms time 0.01
,SiC,1.0,Electron 110V,0.5,0,0.0,100.0,/Users/rkfuentes/Documents/md_anderson_analysis/yepes_code/data/2025-11-20/scope-results-2025-11-20-1868.csv,1.8806205333333338e-08,0.0,0,0,0,0,50 ohms time 0.01
,SiC,1.0,Electron 110V,0.5,0,0.0,10.0,/Users/rkfuentes/Documents/md_anderson_analysis/yepes_code/data/2025-11-20/scope-results-2025-11-20-1916.csv,6.0426784000000066e-09,0.0,0,0,0,0,50 ohms time 0.01
,SiC,1.0,Electron 110V,0.5,0,0.0,10.0,/Users/rkfuentes/Documents/md_anderson_analysis/yepes_code/data/2025-11-20/scope-results-2025-11-20-1925.csv,6.045687466666683e-09,0.0,0,0,0,0,50 ohms time 0.01
,SiC,1.0,Electron 110V,0.5,0,0.0,10.0,/Users/rkfuentes/Documents/md_anderson_analysis/yepes_code/data/2025-11-20/scope-results-2025-11-20-1927.csv,6.104072533333325e-09,0.0,0,0,0,0,50 ohms time 0.01
,SiC,1.0,Electron 191V,0.5,0,0.0,10.0,/Users/rkfuentes/Documents/md_anderson_analysis/yepes_code/data/2025-11-20/scope-results-2025-11-20-1962.csv,4.008722666666667e-08,0.0,0,0,0,0,50 ohms time 0.01
,SiC,1.0,Electron 191V,0.5,0,0.0,10.0,/Users/rkfuentes/Documents/md_anderson_analysis/yepes_code/data/2025-11-20/scope-results-2025-11-20-1963.csv,3.538206933333333e-08,0.0,0,0,0,0,50 ohms time 0.01
,SiC,1.0,Electron 191V,0.5,0,0.0,10.0,/Users/rkfuentes/Documents/md_anderson_analysis/yepes_code/data/2025-11-20/scope-results-2025-11-20-1964.csv,3.576904746666667e-08,0.0,0,0,0,0,50 ohms time 0.01
,SiC,1.0,Electron 191V,0.5,0,0.0,10.0,/Users/rkfuentes/Documents/md_anderson_analysis/yepes_code/data/2025-11-20/scope-results-2025-11-20-1965.csv,1.184543999999992e-09,0.0,0,0,0,0,50 ohms time 0.01
,SiC,1.0,Electron 191V,0.5,0,0.0,10.0,/Users/rkfuentes/Documents/md_anderson_analysis/yepes_code/data/2025-11-20/scope-results-2025-11-20-1966.csv,2.1184170666666534e-09,0.0,0,0,0,0,50 ohms time 0.01
,SiC,1.0,Electron 191V,0.5,0,0.0,10.0,/Users/rkfuentes/Documents/md_anderson_analysis/yepes_code/data/2025-11-20/scope-results-2025-11-20-1967.csv,2.326880000000007e-09,0.0,0,0,0,0,50 ohms time 0.01
,SiC,1.0,Electron 85V,0.5,0,0.0,10.0,/Users/rkfuentes/Documents/md_anderson_analysis/yepes_code/data/2025-11-20/scope-results-2025-11-20-1989.csv,7.842992000000272e-10,0.0,0,0,0,0,50 ohms time 0.01
,SiC,1.0,Electron 85V,0.5,0,0.0,10.0,/Users/rkfuentes/Documents/md_anderson_analysis/yepes_code/data/2025-11-20/scope-results-2025-11-20-1991.csv,7.218618666666886e-10,0.0,0,0,0,0,50 ohms time 0.01
,SiC,1.0,Electron 110V,0.5,0,0.0,10.0,/Users/rkfuentes/Documents/md_anderson_analysis/yepes_code/data/2025-11-20/scope-results-2025-11-20-1992.csv,2.339993600000003e-09,0.0,0,0,0,0,50 ohms time 0.01
,SiC,1.0,Electron 191V,0.5,0,0.0,10.0,/Users/rkfuentes/Documents/md_anderson_analysis/yepes_code/data/2025-11-20/scope-results-2025-11-20-2008.csv,2.0438421866666667e-08,0.0,0,0,0,0,50 ohms time 0.01
,SiC,1.0,Electron 191V,0.5,0,0.0,10.0,/Users/rkfuentes/Documents/md_anderson_analysis/yepes_code/data/2025-11-20/scope-results-2025-11-20-2009.csv,1.9342510933333302e-08,0.0,0,0,0,0,50 ohms time 0.01
,SiC,1.0,Electron 191V,0.5,0,0.0,10.0,/Users/rkfuentes/Documents/md_anderson_analysis/yepes_code/data/2025-11-20/scope-results-2025-11-20-2011.csv,1.8491116800000017e-08,0.0,0,0,0,0,50 ohms time 0.01
,SiC,,Electron 85V,1.0,0,,40.0,/Users/rkfuentes/Documents/md_anderson_analysis/yepes_code/data/2025-11-20/scope-results-2025-11-20-0001.csv,6.179613333333403e-10,0.0,0,0,0,0,RF noise
,SiC,,Electron 85V,1.0,0,,40.0,/Users/rkfuentes/Documents/md_anderson_analysis/yepes_code/data/2025-11-20/scope-results-2025-11-20-0002.csv,1.5550000000000005e-09,0.0,0,0,0,0,RF noise
,SiC,,Electron 85V,1.0,0,,40.0,/Users/rkfuentes/Documents/md_anderson_analysis/yepes_code/data/2025-11-20/scope-results-2025-11-20-0003.csv,5.2631293333333765e-09,0.0,0,0,0,0,RF noise
,SiC,,Electron 85V,1.0,0,,40.0,/Users/rkfuentes/Documents/md_anderson_analysis/yepes_code/data/2025-11-20/scope-results-2025-11-20-0004.csv,3.924959999999881e-10,0.0,0,0,0,0,RF noise
,SiC,,Electron 85V,1.0,0,,40.0,/Users/rkfuentes/Documents/md_anderson_analysis/yepes_code/data/2025-11-20/scope-results-2025-11-20-0005.csv,6.02664000000022e-10,0.0,0,0,0,0,RF noise
,SiC,,Electron 85V,1.0,0,,40.0,/Users/rkfuentes/Documents/md_anderson_analysis/yepes_code/data/2025-11-20/scope-results-2025-11-20-0006.csv,4.676853333333262e-10,0.0,0,0,0,0,RF noise 50 ohm
,SiC,,Electron 85V,1.0,0,,40.0,/Users/rkfuentes/Documents/md_anderson_analysis/yepes_code/data/2025-11-20/scope-results-2025-11-20-0007.csv,1.352133333333338e-09,0.0,0,0,0,0,RF noise 50 ohm
,SiC,,Electron 85V,1.0,0,,40.0,/Users/rkfuentes/Documents/md_anderson_analysis/yepes_code/data/2025-11-20/scope-results-2025-11-20-0008.csv,1.9891666666666564e-09,0.0,0,0,0,0,RF noise 50 ohm
,SiC,,Electron 85V,1.0,0,,40.0,/Users/rkfuentes/Documents/md_anderson_analysis/yepes_code/data/2025-11-20/scope-results-2025-11-20-0009.csv,1.592687999999984e-09,0.0,0,0,0,0,RF noise 1M ohm
,SiC,,Electron 85V,1.0,0,,40.0,/Users/rkfuentes/Documents/md_anderson_analysis/yepes_code/data/2025-11-20/scope-results-2025-11-20-0010.csv,4.146759999999996e-09,0.0,0,0,0,0,RF noise 1M ohm
,SiC,,Electron 85V,1.0,0,,40.0,/Users/rkfuentes/Documents/md_anderson_analysis/yepes_code/data/2025-11-20/scope-results-2025-11-20-0011.csv,1.5567519999999955e-09,0.0,0,0,0,0,RF noise 1M ohm
,SiC,,Electron 85V,1.0,0,,40.0,/Users/rkfuentes/Documents/md_anderson_analysis/yepes_code/data/2025-11-20/scope-results-2025-11-20-0012.csv,1.8213133333333248e-09,0.0,0,0,0,0,RF noise 1M ohm
,SiC,,Electron 85V,1.0,0,,40.0,/Users/rkfuentes/Documents/md_anderson_analysis/yepes_code/data/2025-11-20/scope-results-2025-11-20-0013.csv,3.187546666666747e-10,0.0,0,0,0,0,RF noise 1M ohm
,SiC,,Electron 85V,1.0,0,,40.0,/Users/rkfuentes/Documents/md_anderson_analysis/yepes_code/data/2025-11-20/scope-results-2025-11-20-0014.csv,5.982250666666662e-09,0.0,0,0,0,0,RF noise 1M ohm
,SiC,,Electron 85V,1.0,0,,40.0,/Users/rkfuentes/Documents/md_anderson_analysis/yepes_code/data/2025-11-20/scope-results-2025-11-20-0015.csv,1.6675946666666784e-09,0.0,0,0,0,0,RF noise 1M ohm
,SiC,,Electron 85V,1.0,0,,40.0,/Users/rkfuentes/Documents/md_anderson_analysis/yepes_code/data/2025-11-20/scope-results-2025-11-20-0016.csv,6.7394293333333425e-09,0.0,0,0,0,0,RF noise 1M ohm
,SiC,,Electron 85V,1.0,0,,40.0,/Users/rkfuentes/Documents/md_anderson_analysis/yepes_code/data/2025-11-20/scope-results-2025-11-20-0017.csv,1.785440000000012e-09,0.0,0,0,0,0,RF noise 1M ohm
,SiC,,Electron 85V,1.0,0,0.0,40.0,/Users/rkfuentes/Documents/md_anderson_analysis/yepes_code/data/2025-11-20/scope-results-2025-11-20-0018.csv,1.1214866666666816e-09,0.0,0,0,0,0,50 ohms
,SiC,,Electron 85V,1.0,0,0.0,40.0,/Users/rkfuentes/Documents/md_anderson_analysis/yepes_code/data/2025-11-20/scope-results-2025-11-20-0019.csv,1.697133333333329e-09,0.0,0,0,0,0,50 ohms
,SiC,,Electron 85V,1.0,0,0.0,40.0,/Users/rkfuentes/Documents/md_anderson_analysis/yepes_code/data/2025-11-20/scope-results-2025-11-20-0020.csv,1.6454560000000035e-09,0.0,0,0,0,0,50 ohms
,SiC,,Electron 85V,1.0,0,0.0,40.0,/Users/rkfuentes/Documents/md_anderson_analysis/yepes_code/data/2025-11-20/scope-results-2025-11-20-0021.csv,1.7144533333333285e-09,0.0,0,0,0,0,50 ohms
,SiC,,Electron 85V,1.0,0,0.0,40.0,/Users/rkfuentes/Documents/md_anderson_analysis/yepes_code/data/2025-11-20/scope-results-2025-11-20-0022.csv,2.5695600000000215e-09,0.0,0,0,0,0,50 ohms
,SiC,,Electron 85V,1.0,0,0.0,40.0,/Users/rkfuentes/Documents/md_anderson_analysis/yepes_code/data/2025-11-20/scope-results-2025-11-20-0023.csv,2.5310133333333212e-09,0.0,0,0,0,0,50 ohms
,SiC,,Electron 85V,1.0,0,0.0,40.0,/Users/rkfuentes/Documents/md_anderson_analysis/yepes_code/data/2025-11-20/scope-results-2025-11-20-0024.csv,2.778287999999984e-09,0.0,0,0,0,0,50 ohms
,SiC,,Electron 85V,1.0,0,0.0,40.0,/Users/rkfuentes/Documents/md_anderson_analysis/yepes_code/data/2025-11-20/scope-results-2025-11-20-0025.csv,3.486634666666645e-09,0.0,0,0,0,0,50 ohms
,SiC,,Electron 85V,1.0,0,0.0,40.0,/Users/rkfuentes/Documents/md_anderson_analysis/yepes_code/data/2025-11-20/scope-results-2025-11-20-0026.csv,4.501922666666694e-09,0.0,0,0,0,0,50 ohms
,SiC,,Electron 85V,1.0,0,0.0,40.0,/Users/rkfuentes/Documents/md_anderson_analysis/yepes_code/data/2025-11-20/scope-results-2025-11-20-0027.csv,6.876799999999965e-10,0.0,0,0,0,0,50 ohms
,SiC,,Electron 85V,1.0,0,0.0,40.0,/Users/rkfuentes/Documents/md_anderson_analysis/yepes_code/data/2025-11-20/scope-results-2025-11-20-0028.csv,2.4818000000000185e-09,0.0,0,0,0,0,50 ohms
,SiC,,Electron 85V,1.0,0,0.0,40.0,/Users/rkfuentes/Documents/md_anderson_analysis/yepes_code/data/2025-11-20/scope-results-2025-11-20-0029.csv,5.834346666666597e-09,0.0,0,0,0,0,1M ohms
,SiC,,Electron 85V,1.0,0,0.0,40.0,/Users/rkfuentes/Documents/md_anderson_analysis/yepes_code/data/2025-11-20/scope-results-2025-11-20-0030.csv,6.522159999999873e-10,0.0,0,0,0,0,1M ohms
,SiC,,Electron 85V,1.0,0,0.0,40.0,/Users/rkfuentes/Documents/md_anderson_analysis/yepes_code/data/2025-11-20/scope-results-2025-11-20-0031.csv,1.809943999999941e-09,0.0,0,0,0,0,1M ohms
,SiC,,Electron 85V,1.0,0,0.0,40.0,/Users/rkfuentes/Documents/md_anderson_analysis/yepes_code/data/2025-11-20/scope-results-2025-11-20-0032.csv,6.466720000000076e-10,0.0,0,0,0,0,1M ohms
,SiC,,Electron 85V,1.0,0,0.0,40.0,/Users/rkfuentes/Documents/md_anderson_analysis/yepes_code/data/2025-11-20/scope-results-2025-11-20-0033.csv,2.5901653333333266e-09,0.0,0,0,0,0,1M ohms
,SiC,,Electron 85V,1.0,0,0.0,40.0,/Users/rkfuentes/Documents/md_anderson_analysis/yepes_code/data/2025-11-20/scope-results-2025-11-20-0034.csv,2.6153986666666883e-09,0.0,0,0,0,0,1M ohms
,SiC,,Electron 85V,1.0,0,0.0,40.0,/Users/rkfuentes/Documents/md_anderson_analysis/yepes_code/data/2025-11-20/scope-results-2025-11-20-0035.csv,4.795399999999979e-10,0.0,0,0,0,0,1M ohms
,SiC,,Electron 85V,1.0,0,0.0,40.0,/Users/rkfuentes/Documents/md_anderson_analysis/yepes_code/data/2025-11-20/scope-results-2025-11-20-0036.csv,7.587279999999873e-09,0.0,0,0,0,0,1M ohms
,SiC,,Electron 85V,1.0,0,0.0,40.0,/Users/rkfuentes/Documents/md_anderson_analysis/yepes_code/data/2025-11-20/scope-results-2025-11-20-0037.csv,7.705390666666649e-09,0.0,0,0,0,0,1M ohms
,SiC,,Electron 85V,1.0,0,0.0,40.0,/Users/rkfuentes/Documents/md_anderson_analysis/yepes_code/data/2025-11-20/scope-results-2025-11-20-0038.csv,2.1959653333333343e-09,0.0,0,0,0,0,50 ohms
,SiC,,Electron 85V,1.0,0,0.0,40.0,/Users/rkfuentes/Documents/md_anderson_analysis/yepes_code/data/2025-11-20/scope-results-2025-11-20-0039.csv,2.457100000000008e-09,0.0,0,0,0,0,50 ohms
,SiC,,Electron 85V,1.0,0,0.0,40.0,/Users/rkfuentes/Documents/md_anderson_analysis/yepes_code/data/2025-11-20/scope-results-2025-11-20-0040.csv,8.757373188405863e-09,0.0,0,0,0,0,50 ohms
,SiC,,Electron 85V,1.0,0,0.0,40.0,/Users/rkfuentes/Documents/md_anderson_analysis/yepes_code/data/2025-11-20/scope-results-2025-11-20-0041.csv,2.1626640000000046e-09,0.0,0,0,0,0,50 ohms
,SiC,,Electron 85V,1.0,0,0.0,40.0,/Users/rkfuentes/Documents/md_anderson_analysis/yepes_code/data/2025-11-20/scope-results-2025-11-20-0042.csv,5.292610666666664e-09,0.0,0,0,0,0,50 ohms
,SiC,,Electron 85V,1.0,0,0.0,40.0,/Users/rkfuentes/Documents/md_anderson_analysis/yepes_code/data/2025-11-20/scope-results-2025-11-20-0043.csv,2.337399999999978e-09,0.0,0,0,0,0,50 ohms
,SiC,,Electron 85V,1.0,0,0.0,40.0,/Users/rkfuentes/Documents/md_anderson_analysis/yepes_code/data/2025-11-20/scope-results-2025-11-20-0044.csv,6.419093333333296e-10,0.0,0,0,0,0,50 ohms
,SiC,,Electron 85V,1.0,0,0.0,40.0,/Users/rkfuentes/Documents/md_anderson_analysis/yepes_code/data/2025-11-20/scope-results-2025-11-20-0045.csv,1.6093680000000389e-09,0.0,0,0,0,0,50 ohms
,SiC,,Electron 85V,1.0,0,0.0,40.0,/Users/rkfuentes/Documents/md_anderson_analysis/yepes_code/data/2025-11-20/scope-results-2025-11-20-0046.csv,6.73192000000005e-09,0.0,0,0,0,0,50 ohms
,SiC,,Electron 110V,1.0,0,0.0,40.0,/Users/rkfuentes/Documents/md_anderson_analysis/yepes_code/data/2025-11-20/scope-results-2025-11-20-0047.csv,2.261410666666672e-09,0.0,0,0,0,0,50 ohms
,SiC,,Electron 191V,1.0,0,0.0,40.0,/Users/rkfuentes/Documents/md_anderson_analysis/yepes_code/data/2025-11-20/scope-results-2025-11-20-0048.csv,4.066379999999991e-09,0.0,0,0,0,0,50 ohms
,SiC,,Electron 191V,1.0,0,0.0,40.0,/Users/rkfuentes/Documents/md_anderson_analysis/yepes_code/data/2025-11-20/scope-results-2025-11-20-0049.csv,3.867508000000011e-09,0.0,0,0,0,0,50 ohms
,SiC,,Electron 85V,1.0,0,0.0,40.0,/Users/rkfuentes/Documents/md_anderson_analysis/yepes_code/data/2025-11-20/scope-results-2025-11-20-0050.csv,4.06668666666668e-09,0.0,0,0,0,0,50 ohms
,SiC,,Electron 110V,1.0,0,0.0,40.0,/Users/rkfuentes/Documents/md_anderson_analysis/yepes_code/data/2025-11-20/scope-results-2025-11-20-0051.csv,9.482570666666651e-09,0.0,0,0,0,0,50 ohms
,SiC,1.0,Electron 85V,1.0,0,0.0,40.0,/Users/rkfuentes/Documents/md_anderson_analysis/yepes_code/data/2025-11-20/scope-results-2025-11-20-0022.csv,2.5695600000000215e-09,0.0,0,0,0,0,50 ohms
,SiC,1.0,Electron 85V,1.0,0,0.0,40.0,/Users/rkfuentes/Documents/md_anderson_analysis/yepes_code/data/2025-11-20/scope-results-2025-11-20-0023.csv,2.5310133333333212e-09,0.0,0,0,0,0,50 ohms
,SiC,1.0,Electron 85V,1.0,0,0.0,40.0,/Users/rkfuentes/Documents/md_anderson_analysis/yepes_code/data/2025-11-20/scope-results-2025-11-20-0024.csv,2.778287999999984e-09,0.0,0,0,0,0,50 ohms
,SiC,1.0,Electron 85V,1.0,0,0.0,40.0,/Users/rkfuentes/Documents/md_anderson_analysis/yepes_code/data/2025-11-20/scope-results-2025-11-20-0025.csv,3.486634666666645e-09,0.0,0,0,0,0,50 ohms
,SiC,1.0,Electron 85V,1.0,0,0.0,40.0,/Users/rkfuentes/Documents/md_anderson_analysis/yepes_code/data/2025-11-20/scope-results-2025-11-20-0026.csv,4.501922666666694e-09,0.0,0,0,0,0,50 ohms
,SiC,1.0,Electron 85V,1.0,0,0.0,40.0,/Users/rkfuentes/Documents/md_anderson_analysis/yepes_code/data/2025-11-20/scope-results-2025-11-20-0027.csv,6.876799999999965e-10,0.0,0,0,0,0,50 ohms
,SiC,1.0,Electron 85V,1.0,0,0.0,40.0,/Users/rkfuentes/Documents/md_anderson_analysis/yepes_code/data/2025-11-20/scope-results-2025-11-20-0028.csv,2.4818000000000185e-09,0.0,0,0,0,0,50 ohms
,SiC,1.0,Electron 85V,1.0,0,0.0,40.0,/Users/rkfuentes/Documents/md_anderson_analysis/yepes_code/data/2025-11-20/scope-results-2025-11-20-0029.csv,5.834346666666597e-09,0.0,0,0,0,0,50 ohms
,SiC,1.0,Electron 85V,1.0,0,0.0,40.0,/Users/rkfuentes/Documents/md_anderson_analysis/yepes_code/data/2025-11-20/scope-results-2025-11-20-0030.csv,6.522159999999873e-10,0.0,0,0,0,0,50 ohms
,SiC,1.0,Electron 85V,1.0,0,0.0,40.0,/Users/rkfuentes/Documents/md_anderson_analysis/yepes_code/data/2025-11-20/scope-results-2025-11-20-0031.csv,1.809943999999941e-09,0.0,0,0,0,0,50 ohms
,SiC,1.0,Electron 85V,1.0,0,0.0,40.0,/Users/rkfuentes/Documents/md_anderson_analysis/yepes_code/data/2025-11-20/scope-results-2025-11-20-0032.csv,6.466720000000076e-10,0.0,0,0,0,0,50 ohms
,SiC,1.0,Electron 85V,1.0,0,0.0,40.0,/Users/rkfuentes/Documents/md_anderson_analysis/yepes_code/data/2025-11-20/scope-results-2025-11-20-0033.csv,2.5901653333333266e-09,0.0,0,0,0,0,50 ohms
,SiC,1.0,Electron 85V,1.0,0,0.0,40.0,/Users/rkfuentes/Documents/md_anderson_analysis/yepes_code/data/2025-11-20/scope-results-2025-11-20-0034.csv,2.6153986666666883e-09,0.0,0,0,0,0,50 ohms
,SiC,1.0,Electron 85V,1.0,0,0.0,40.0,/Users/rkfuentes/Documents/md_anderson_analysis/yepes_code/data/2025-11-20/scope-results-2025-11-20-0035.csv,4.795399999999979e-10,0.0,0,0,0,0,50 ohms
,SiC,1.0,Electron 85V,1.0,0,0.0,40.0,/Users/rkfuentes/Documents/md_anderson_analysis/yepes_code/data/2025-11-20/scope-results-2025-11-20-0036.csv,7.587279999999873e-09,0.0,0,0,0,0,50 ohms
,SiC,1.0,Electron 85V,1.0,0,0.0,40.0,/Users/rkfuentes/Documents/md_anderson_analysis/yepes_code/data/2025-11-20/scope-results-2025-11-20-0037.csv,7.705390666666649e-09,0.0,0,0,0,0,50 ohms
,SiC,1.0,Electron 85V,1.0,0,0.0,40.0,/Users/rkfuentes/Documents/md_anderson_analysis/yepes_code/data/2025-11-20/scope-results-2025-11-20-0038.csv,2.1959653333333343e-09,0.0,0,0,0,0,50 ohms
,SiC,1.0,Electron 85V,1.0,0,0.0,40.0,/Users/rkfuentes/Documents/md_anderson_analysis/yepes_code/data/2025-11-20/scope-results-2025-11-20-0039.csv,2.457100000000008e-09,0.0,0,0,0,0,50 ohms
,SiC,1.0,Electron 85V,1.0,0,0.0,40.0,/Users/rkfuentes/Documents/md_anderson_analysis/yepes_code/data/2025-11-20/scope-results-2025-11-20-0040.csv,8.757373188405863e-09,0.0,0,0,0,0,50 ohms
,SiC,1.0,Electron 85V,1.0,0,0.0,40.0,/Users/rkfuentes/Documents/md_anderson_analysis/yepes_code/data/2025-11-20/scope-results-2025-11-20-0041.csv,2.1626640000000046e-09,0.0,0,0,0,0,50 ohms
,SiC,1.0,Electron 85V,1.0,0,0.0,40.0,/Users/rkfuentes/Documents/md_anderson_analysis/yepes_code/data/2025-11-20/scope-results-2025-11-20-0042.csv,5.292610666666664e-09,0.0,0,0,0,0,50 ohms
,SiC,1.0,Electron 85V,1.0,0,0.0,40.0,/Users/rkfuentes/Documents/md_anderson_analysis/yepes_code/data/2025-11-20/scope-results-2025-11-20-0043.csv,2.337399999999978e-09,0.0,0,0,0,0,50 ohms
,SiC,1.0,Electron 85V,1.0,0,0.0,40.0,/Users/rkfuentes/Documents/md_anderson_analysis/yepes_code/data/2025-11-20/scope-results-2025-11-20-0044.csv,6.419093333333296e-10,0.0,0,0,0,0,50 ohms
,SiC,1.0,Electron 85V,1.0,0,0.0,40.0,/Users/rkfuentes/Documents/md_anderson_analysis/yepes_code/data/2025-11-20/scope-results-2025-11-20-0045.csv,1.6093680000000389e-09,0.0,0,0,0,0,50 ohms
,SiC,1.0,Electron 85V,1.0,0,0.0,40.0,/Users/rkfuentes/Documents/md_anderson_analysis/yepes_code/data/2025-11-20/scope-results-2025-11-20-0046.csv,6.73192000000005e-09,0.0,0,0,0,0,50 ohms
,SiC,1.0,Electron 85V,1.0,0,0.0,40.0,/Users/rkfuentes/Documents/md_anderson_analysis/yepes_code/data/2025-11-20/scope-results-2025-11-20-0047.csv,2.261410666666672e-09,0.0,0,0,0,0,50 ohms
,SiC,1.0,Electron 110V,1.0,0,0.0,40.0,/Users/rkfuentes/Documents/md_anderson_analysis/yepes_code/data/2025-11-20/scope-results-2025-11-20-0101.csv,1.727017466666668e-08,0.0,0,0,0,0,50 ohms time 0.01
,SiC,1.0,Electron 110V,1.0,0,0.0,40.0,/Users/rkfuentes/Documents/md_anderson_analysis/yepes_code/data/2025-11-20/scope-results-2025-11-20-0102.csv,1.7308114666666673e-08,0.0,0,0,0,0,50 ohms time 0.01
,SiC,1.0,Electron 110V,1.0,0,0.0,40.0,/Users/rkfuentes/Documents/md_anderson_analysis/yepes_code/data/2025-11-20/scope-results-2025-11-20-0103.csv,2.8166886666666714e-08,0.0,0,0,0,0,50 ohms time 0.01
,SiC,1.0,Electron 110V,1.0,0,0.0,40.0,/Users/rkfuentes/Documents/md_anderson_analysis/yepes_code/data/2025-11-20/scope-results-2025-11-20-0104.csv,2.851831199999999e-08,0.0,0,0,0,0,50 ohms time 0.01
,SiC,1.0,Electron 110V,1.0,0,0.0,40.0,/Users/rkfuentes/Documents/md_anderson_analysis/yepes_code/data/2025-11-20/scope-results-2025-11-20-0105.csv,3.659819466666665e-08,0.0,0,0,0,0,50 ohms time 0.01
,SiC,1.0,Electron 110V,1.0,0,0.0,40.0,/Users/rkfuentes/Documents/md_anderson_analysis/yepes_code/data/2025-11-20/scope-results-2025-11-20-0106.csv,3.542938666666671e-08,0.0,0,0,0,0,50 ohms time 0.01
,SiC,1.0,Electron 110V,1.0,0,0.0,40.0,/Users/rkfuentes/Documents/md_anderson_analysis/yepes_code/data/2025-11-20/scope-results-2025-11-20-0107.csv,3.770357333333337e-08,0.0,0,0,0,0,50 ohms time 0.01
,SiC,1.0,Electron 110V,1.0,0,0.0,40.0,/Users/rkfuentes/Documents/md_anderson_analysis/yepes_code/data/2025-11-20/scope-results-2025-11-20-0108.csv,2.800181333333331e-08,0.0,0,0,0,0,50 ohms time 0.01
,SiC,1.0,Electron 110V,1.0,0,0.0,40.0,/Users/rkfuentes/Documents/md_anderson_analysis/yepes_code/data/2025-11-20/scope-results-2025-11-20-0109.csv,2.816638666666665e-08,0.0,0,0,0,0,50 ohms time 0.01
,SiC,1.0,Electron 110V,1.0,0,0.0,40.0,/Users/rkfuentes/Documents/md_anderson_analysis/yepes_code/data/2025-11-20/scope-results-2025-11-20-0110.csv,2.8052553333333312e-08,0.0,0,0,0,0,50 ohms time 0.01
,SiC,1.0,Electron 110V,1.0,0,0.0,40.0,/Users/rkfuentes/Documents/md_anderson_analysis/yepes_code/data/2025-11-20/scope-results-2025-11-20-0111.csv,1.7376154666666657e-08,0.0,0,0,0,0,50 ohms time 0.01
,SiC,1.0,Electron 110V,1.0,0,0.0,40.0,/Users/rkfuentes/Documents/md_anderson_analysis/yepes_code/data/2025-11-20/scope-results-2025-11-20-0112.csv,2.8222063999999987e-08,0.0,0,0,0,0,50 ohms time 0.01
,SiC,1.0,Electron 191V,1.0,0,0.0,40.0,/Users/rkfuentes/Documents/md_anderson_analysis/yepes_code/data/2025-11-20/scope-results-2025-11-20-0149.csv,1.4522539466666666e-07,0.0,0,0,0,0,50 ohms time 0.01
,SiC,1.0,Electron 191V,1.0,0,0.0,40.0,/Users/rkfuentes/Documents/md_anderson_analysis/yepes_code/data/2025-11-20/scope-results-2025-11-20-0150.csv,2.7024018666666665e-08,0.0,0,0,0,0,50 ohms time 0.01
,SiC,1.0,Electron 191V,1.0,0,0.0,40.0,/Users/rkfuentes/Documents/md_anderson_analysis/yepes_code/data/2025-11-20/scope-results-2025-11-20-0151.csv,1.452394133333333e-07,0.0,0,0,0,0,50 ohms time 0.01
,SiC,1.0,Electron 191V,1.0,0,0.0,40.0,/Users/rkfuentes/Documents/md_anderson_analysis/yepes_code/data/2025-11-20/scope-results-2025-11-20-0152.csv,1.463153453333333e-07,0.0,0,0,0,0,50 ohms time 0.01
,SiC,1.0,Electron 191V,1.0,0,0.0,40.0,/Users/rkfuentes/Documents/md_anderson_analysis/yepes_code/data/2025-11-20/scope-results-2025-11-20-0153.csv,1.4448244800000002e-07,0.0,0,0,0,0,50 ohms time 0.01
,SiC,1.0,Electron 191V,1.0,0,0.0,40.0,/Users/rkfuentes/Documents/md_anderson_analysis/yepes_code/data/2025-11-20/scope-results-2025-11-20-0154.csv,1.4511868266666673e-07,0.0,0,0,0,0,50 ohms time 0.01
,SiC,1.0,Electron 191V,1.0,0,0.0,40.0,/Users/rkfuentes/Documents/md_anderson_analysis/yepes_code/data/2025-11-20/scope-results-2025-11-20-0155.csv,1.4425514666666667e-07,0.0,0,0,0,0,50 ohms time 0.01
,SiC,1.0,Electron 191V,1.0,0,0.0,40.0,/Users/rkfuentes/Documents/md_anderson_analysis/yepes_code/data/2025-11-20/scope-results-2025-11-20-0156.csv,1.4525026133333327e-07,0.0,0,0,0,0,50 ohms time 0.01
,SiC,1.0,Electron 191V,1.0,0,0.0,40.0,/Users/rkfuentes/Documents/md_anderson_analysis/yepes_code/data/2025-11-20/scope-results-2025-11-20-0157.csv,2.5364810666666554e-08,0.0,0,0,0,0,50 ohms time 0.01
,SiC,1.0,Electron 191V,1.0,0,0.0,40.0,/Users/rkfuentes/Documents/md_anderson_analysis/yepes_code/data/2025-11-20/scope-results-2025-11-20-0158.csv,1.4271058666666665e-07,0.0,0,0,0,0,50 ohms time 0.01
,SiC,1.0,Electron 191V,1.0,0,0.0,40.0,/Users/rkfuentes/Documents/md_anderson_analysis/yepes_code/data/2025-11-20/scope-results-2025-11-20-0159.csv,1.4285494399999997e-07,0.0,0,0,0,0,50 ohms time 0.01
,SiC,1.0,Electron 191V,1.0,0,0.0,40.0,/Users/rkfuentes/Documents/md_anderson_analysis/yepes_code/data/2025-11-20/scope-results-2025-11-20-0160.csv,1.419370466666666e-07,0.0,0,0,0,0,50 ohms time 0.01
,SiC,1.0,Electron 85V,1.0,0,0.0,40.0,/Users/rkfuentes/Documents/md_anderson_analysis/yepes_code/data/2025-11-20/scope-results-2025-11-20-0252.csv,1.5152533333334079e-09,0.0,0,0,0,0,50 ohms time 0.01
,SiC,1.0,Electron 85V,1.0,0,0.0,40.0,/Users/rkfuentes/Documents/md_anderson_analysis/yepes_code/data/2025-11-20/scope-results-2025-11-20-0253.csv,2.7620639999999776e-09,0.0,0,0,0,0,50 ohms time 0.01
,SiC,1.0,Electron 85V,1.0,0,0.0,40.0,/Users/rkfuentes/Documents/md_anderson_analysis/yepes_code/data/2025-11-20/scope-results-2025-11-20-0254.csv,3.5431146666666678e-09,0.0,0,0,0,0,50 ohms time 0.01
,SiC,1.0,Electron 85V,1.0,0,0.0,40.0,/Users/rkfuentes/Documents/md_anderson_analysis/yepes_code/data/2025-11-20/scope-results-2025-11-20-0256.csv,2.6399813333333048e-09,0.0,0,0,0,0,50 ohms time 0.01
,SiC,1.0,Electron 85V,1.0,0,0.0,40.0,/Users/rkfuentes/Documents/md_anderson_analysis/yepes_code/data/2025-11-20/scope-results-2025-11-20-0260.csv,1.7934133333332536e-09,0.0,0,0,0,0,50 ohms time 0.01
,SiC,1.0,Electron 85V,1.0,0,0.0,40.0,/Users/rkfuentes/Documents/md_anderson_analysis/yepes_code/data/2025-11-20/scope-results-2025-11-20-0261.csv,2.344492000000011e-09,0.0,0,0,0,0,50 ohms time 0.01
,SiC,1.0,Electron 85V,1.0,0,0.0,40.0,/Users/rkfuentes/Documents/md_anderson_analysis/yepes_code/data/2025-11-20/scope-results-2025-11-20-0262.csv,2.118329333333394e-09,0.0,0,0,0,0,50 ohms time 0.01
,SiC,1.0,Electron 85V,1.0,0,0.0,40.0,/Users/rkfuentes/Documents/md_anderson_analysis/yepes_code/data/2025-11-20/scope-results-2025-11-20-0263.csv,1.6135946666667034e-09,0.0,0,0,0,0,50 ohms time 0.01
,SiC,1.0,Electron 85V,1.0,0,0.0,40.0,/Users/rkfuentes/Documents/md_anderson_analysis/yepes_code/data/2025-11-20/scope-results-2025-11-20-0264.csv,3.5306613333333673e-09,0.0,0,0,0,0,50 ohms time 0.01
,SiC,1.0,Electron 85V,1.0,0,0.0,40.0,/Users/rkfuentes/Documents/md_anderson_analysis/yepes_code/data/2025-11-20/scope-results-2025-11-20-0265.csv,2.9898773333333504e-09,0.0,0,0,0,0,50 ohms time 0.01
,SiC,1.0,Electron 85V,1.0,0,0.0,40.0,/Users/rkfuentes/Documents/md_anderson_analysis/yepes_code/data/2025-11-20/scope-results-2025-11-20-0267.csv,1.1396026666666356e-09,0.0,0,0,0,0,50 ohms time 0.01
,SiC,1.0,Electron 85V,1.0,0,0.0,40.0,/Users/rkfuentes/Documents/md_anderson_analysis/yepes_code/data/2025-11-20/scope-results-2025-11-20-0269.csv,3.8002933333333225e-09,0.0,0,0,0,0,50 ohms time 0.01
,SiC,1.0,Electron 85V,1.0,0,0.0,40.0,/Users/rkfuentes/Documents/md_anderson_analysis/yepes_code/data/2025-11-20/scope-results-2025-11-20-0270.csv,3.6352440000000728e-09,0.0,0,0,0,0,50 ohms time 0.01
,SiC,1.0,Electron 85V,1.0,0,0.0,40.0,/Users/rkfuentes/Documents/md_anderson_analysis/yepes_code/data/2025-11-20/scope-results-2025-11-20-0271.csv,3.0786986666667287e-09,0.0,0,0,0,0,50 ohms time 0.01
,SiC,1.0,Electron 85V,1.0,0,0.0,40.0,/Users/rkfuentes/Documents/md_anderson_analysis/yepes_code/data/2025-11-20/scope-results-2025-11-20-0273.csv,2.9803173333333726e-09,0.0,0,0,0,0,50 ohms time 0.01
,SiC,1.0,Electron 85V,1.0,0,0.0,40.0,/Users/rkfuentes/Documents/md_anderson_analysis/yepes_code/data/2025-11-20/scope-results-2025-11-20-0274.csv,5.870400000000745e-11,0.0,0,0,0,0,50 ohms time 0.01
,SiC,1.0,Electron 85V,1.0,0,0.0,40.0,/Users/rkfuentes/Documents/md_anderson_analysis/yepes_code/data/2025-11-20/scope-results-2025-11-20-0276.csv,2.5050373333333325e-09,0.0,0,0,0,0,50 ohms time 0.01
,SiC,1.0,Electron 110V,1.0,0,0.0,40.0,/Users/rkfuentes/Documents/md_anderson_analysis/yepes_code/data/2025-11-20/scope-results-2025-11-20-0309.csv,1.1889573333333325e-08,0.0,0,0,0,0,50 ohms time 0.01
,SiC,1.0,Electron 110V,1.0,0,0.0,40.0,/Users/rkfuentes/Documents/md_anderson_analysis/yepes_code/data/2025-11-20/scope-results-2025-11-20-0310.csv,1.3140694666666676e-08,0.0,0,0,0,0,50 ohms time 0.01
,SiC,1.0,Electron 110V,1.0,0,0.0,40.0,/Users/rkfuentes/Documents/md_anderson_analysis/yepes_code/data/2025-11-20/scope-results-2025-11-20-0311.csv,8.010413333333373e-09,0.0,0,0,0,0,50 ohms time 0.01
,SiC,1.0,Electron 110V,1.0,0,0.0,40.0,/Users/rkfuentes/Documents/md_anderson_analysis/yepes_code/data/2025-11-20/scope-results-2025-11-20-0312.csv,7.136883999999926e-09,0.0,0,0,0,0,50 ohms time 0.01
,SiC,1.0,Electron 110V,1.0,0,0.0,40.0,/Users/rkfuentes/Documents/md_anderson_analysis/yepes_code/data/2025-11-20/scope-results-2025-11-20-0313.csv,1.3230520000000024e-08,0.0,0,0,0,0,50 ohms time 0.01
,SiC,1.0,Electron 110V,1.0,0,0.0,40.0,/Users/rkfuentes/Documents/md_anderson_analysis/yepes_code/data/2025-11-20/scope-results-2025-11-20-0314.csv,1.2303701333333334e-08,0.0,0,0,0,0,50 ohms time 0.01
,SiC,1.0,Electron 110V,1.0,0,0.0,40.0,/Users/rkfuentes/Documents/md_anderson_analysis/yepes_code/data/2025-11-20/scope-results-2025-11-20-0315.csv,1.1582841333333341e-08,0.0,0,0,0,0,50 ohms time 0.01
,SiC,1.0,Electron 110V,1.0,0,0.0,40.0,/Users/rkfuentes/Documents/md_anderson_analysis/yepes_code/data/2025-11-20/scope-results-2025-11-20-0316.csv,1.2441066666666708e-08,0.0,0,0,0,0,50 ohms time 0.01
,SiC,1.0,Electron 110V,1.0,0,0.0,40.0,/Users/rkfuentes/Documents/md_anderson_analysis/yepes_code/data/2025-11-20/scope-results-2025-11-20-0317.csv,1.2490719999999988e-08,0.0,0,0,0,0,50 ohms time 0.01
,SiC,1.0,Electron 110V,1.0,0,0.0,40.0,/Users/rkfuentes/Documents/md_anderson_analysis/yepes_code/data/2025-11-20/scope-results-2025-11-20-0318.csv,1.213092e-08,0.0,0,0,0,0,50 ohms time 0.01
,SiC,1.0,Electron 110V,1.0,0,0.0,40.0,/Users/rkfuentes/Documents/md_anderson_analysis/yepes_code/data/2025-11-20/scope-results-2025-11-20-0319.csv,7.504138666666711e-09,0.0,0,0,0,0,50 ohms time 0.01
,SiC,1.0,Electron 110V,1.0,0,0.0,40.0,/Users/rkfuentes/Documents/md_anderson_analysis/yepes_code/data/2025-11-20/scope-results-2025-11-20-0320.csv,6.875869333333349e-09,0.0,0,0,0,0,50 ohms time 0.01
,SiC,1.0,Electron 85V,1.0,0,0.0,40.0,/Users/rkfuentes/Documents/md_anderson_analysis/yepes_code/data/2025-11-20/scope-results-2025-11-20-0403.csv,3.1523333333333507e-09,0.0,0,0,0,0,50 ohms time 0.01
,SiC,1.0,Electron 85V,1.0,0,0.0,40.0,/Users/rkfuentes/Documents/md_anderson_analysis/yepes_code/data/2025-11-20/scope-results-2025-11-20-0404.csv,2.642133333333359e-09,0.0,0,0,0,0,50 ohms time 0.01
,SiC,1.0,Electron 85V,1.0,0,0.0,40.0,/Users/rkfuentes/Documents/md_anderson_analysis/yepes_code/data/2025-11-20/scope-results-2025-11-20-0405.csv,2.6153653333332987e-09,0.0,0,0,0,0,50 ohms time 0.01
,SiC,1.0,Electron 85V,1.0,0,0.0,40.0,/Users/rkfuentes/Documents/md_anderson_analysis/yepes_code/data/2025-11-20/scope-results-2025-11-20-0406.csv,1.0555626666666258e-09,0.0,0,0,0,0,50 ohms time 0.01
,SiC,1.0,Electron 85V,1.0,0,0.0,40.0,/Users/rkfuentes/Documents/md_anderson_analysis/yepes_code/data/2025-11-20/scope-results-2025-11-20-0407.csv,1.8309533333333781e-09,0.0,0,0,0,0,50 ohms time 0.01
,SiC,1.0,Electron 85V,1.0,0,0.0,40.0,/Users/rkfuentes/Documents/md_anderson_analysis/yepes_code/data/2025-11-20/scope-results-2025-11-20-0408.csv,1.303276000000018e-09,0.0,0,0,0,0,50 ohms time 0.01
,SiC,1.0,Electron 85V,1.0,0,0.0,40.0,/Users/rkfuentes/Documents/md_anderson_analysis/yepes_code/data/2025-11-20/scope-results-2025-11-20-0409.csv,4.713353333333368e-09,0.0,0,0,0,0,50 ohms time 0.01
,SiC,1.0,Electron 85V,1.0,0,0.0,40.0,/Users/rkfuentes/Documents/md_anderson_analysis/yepes_code/data/2025-11-20/scope-results-2025-11-20-0410.csv,2.905706666666682e-09,0.0,0,0,0,0,50 ohms time 0.01
,SiC,1.0,Electron 85V,1.0,0,0.0,40.0,/Users/rkfuentes/Documents/md_anderson_analysis/yepes_code/data/2025-11-20/scope-results-2025-11-20-0411.csv,1.35263066666668e-09,0.0,0,0,0,0,50 ohms time 0.01
,SiC,1.0,Electron 85V,1.0,0,0.0,40.0,/Users/rkfuentes/Documents/md_anderson_analysis/yepes_code/data/2025-11-20/scope-results-2025-11-20-0413.csv,5.104144000000051e-09,0.0,0,0,0,0,50 ohms time 0.01
,SiC,1.0,Electron 85V,1.0,0,0.0,40.0,/Users/rkfuentes/Documents/md_anderson_analysis/yepes_code/data/2025-11-20/scope-results-2025-11-20-0414.csv,3.0978986666667197e-09,0.0,0,0,0,0,50 ohms time 0.01
,SiC,1.0,Electron 85V,1.0,0,0.0,40.0,/Users/rkfuentes/Documents/md_anderson_analysis/yepes_code/data/2025-11-20/scope-results-2025-11-20-0420.csv,1.5745840000000083e-09,0.0,0,0,0,0,50 ohms time 0.01
,SiC,1.0,Electron 85V,1.0,0,0.0,40.0,/Users/rkfuentes/Documents/md_anderson_analysis/yepes_code/data/2025-11-20/scope-results-2025-11-20-0421.csv,1.3493653333333596e-09,0.0,0,0,0,0,50 ohms time 0.01
,SiC,1.0,Electron 85V,1.0,0,0.0,40.0,/Users/rkfuentes/Documents/md_anderson_analysis/yepes_code/data/2025-11-20/scope-results-2025-11-20-0422.csv,2.0325999999997958e-10,0.0,0,0,0,0,50 ohms time 0.01
,SiC,1.0,Electron 85V,1.0,0,0.0,40.0,/Users/rkfuentes/Documents/md_anderson_analysis/yepes_code/data/2025-11-20/scope-results-2025-11-20-0423.csv,3.702794666666674e-09,0.0,0,0,0,0,50 ohms time 0.01
,SiC,1.0,Electron 85V,1.0,0,0.0,40.0,/Users/rkfuentes/Documents/md_anderson_analysis/yepes_code/data/2025-11-20/scope-results-2025-11-20-0425.csv,3.2164160000000297e-09,0.0,0,0,0,0,50 ohms time 0.01
,SiC,1.0,Electron 85V,1.0,0,0.0,40.0,/Users/rkfuentes/Documents/md_anderson_analysis/yepes_code/data/2025-11-20/scope-results-2025-11-20-0429.csv,5.0106821333333676e-09,0.0,0,0,0,0,50 ohms time 0.01
,SiC,1.0,Electron 85V,1.0,0,0.0,40.0,/Users/rkfuentes/Documents/md_anderson_analysis/yepes_code/data/2025-11-20/scope-results-2025-11-20-0432.csv,2.6010797333332923e-09,0.0,0,0,0,0,50 ohms time 0.01
,SiC,1.0,Electron 85V,1.0,0,0.0,40.0,/Users/rkfuentes/Documents/md_anderson_analysis/yepes_code/data/2025-11-20/scope-results-2025-11-20-0434.csv,1.8854159999999457e-09,0.0,0,0,0,0,50 ohms time 0.01
,SiC,1.0,Electron 85V,1.0,0,0.0,40.0,/Users/rkfuentes/Documents/md_anderson_analysis/yepes_code/data/2025-11-20/scope-results-2025-11-20-0435.csv,4.4759674666666655e-09,0.0,0,0,0,0,50 ohms time 0.01
,SiC,1.0,Electron 85V,1.0,0,0.0,40.0,/Users/rkfuentes/Documents/md_anderson_analysis/yepes_code/data/2025-11-20/scope-results-2025-11-20-0436.csv,3.5675112000000598e-09,0.0,0,0,0,0,50 ohms time 0.01
,SiC,1.0,Electron 85V,1.0,0,0.0,40.0,/Users/rkfuentes/Documents/md_anderson_analysis/yepes_code/data/2025-11-20/scope-results-2025-11-20-0438.csv,1.576093866666658e-09,0.0,0,0,0,0,50 ohms time 0.01
,SiC,1.0,Electron 85V,1.0,0,0.0,40.0,/Users/rkfuentes/Documents/md_anderson_analysis/yepes_code/data/2025-11-20/scope-results-2025-11-20-0440.csv,4.0083866666666754e-09,0.0,0,0,0,0,50 ohms time 0.01
,SiC,1.0,Electron 85V,1.0,0,0.0,40.0,/Users/rkfuentes/Documents/md_anderson_analysis/yepes_code/data/2025-11-20/scope-results-2025-11-20-0441.csv,1.5013546666666765e-09,0.0,0,0,0,0,50 ohms time 0.01
,SiC,1.0,Electron 85V,1.0,0,0.0,40.0,/Users/rkfuentes/Documents/md_anderson_analysis/yepes_code/data/2025-11-20/scope-results-2025-11-20-0442.csv,2.4289634666666203e-09,0.0,0,0,0,0,50 ohms time 0.01
,SiC,1.0,Electron 85V,1.0,0,0.0,40.0,/Users/rkfuentes/Documents/md_anderson_analysis/yepes_code/data/2025-11-20/scope-results-2025-11-20-0449.csv,3.0776981333332793e-09,0.0,0,0,0,0,50 ohms time 0.01
,SiC,1.0,Electron 85V,1.0,0,0.0,40.0,/Users/rkfuentes/Documents/md_anderson_analysis/yepes_code/data/2025-11-20/scope-results-2025-11-20-0452.csv,3.0023903999999857e-09,0.0,0,0,0,0,50 ohms time 0.01
,SiC,1.0,Electron 110V,1.0,0,0.0,40.0,/Users/rkfuentes/Documents/md_anderson_analysis/yepes_code/data/2025-11-20/scope-results-2025-11-20-0453.csv,6.557989066666672e-09,0.0,0,0,0,0,50 ohms time 0.01
,SiC,1.0,Electron 110V,1.0,0,0.0,40.0,/Users/rkfuentes/Documents/md_anderson_analysis/yepes_code/data/2025-11-20/scope-results-2025-11-20-0454.csv,1.1485254399999988e-08,0.0,0,0,0,0,50 ohms time 0.01
,SiC,1.0,Electron 110V,1.0,0,0.0,40.0,/Users/rkfuentes/Documents/md_anderson_analysis/yepes_code/data/2025-11-20/scope-results-2025-11-20-0455.csv,1.1244798933333295e-08,0.0,0,0,0,0,50 ohms time 0.01
,SiC,1.0,Electron 110V,1.0,0,0.0,40.0,/Users/rkfuentes/Documents/md_anderson_analysis/yepes_code/data/2025-11-20/scope-results-2025-11-20-0456.csv,1.1072770133333321e-08,0.0,0,0,0,0,50 ohms time 0.01
,SiC,1.0,Electron 110V,1.0,0,0.0,40.0,/Users/rkfuentes/Documents/md_anderson_analysis/yepes_code/data/2025-11-20/scope-results-2025-11-20-0457.csv,1.1594084266666699e-08,0.0,0,0,0,0,50 ohms time 0.01
,SiC,1.0,Electron 110V,1.0,0,0.0,40.0,/Users/rkfuentes/Documents/md_anderson_analysis/yepes_code/data/2025-11-20/scope-results-2025-11-20-0458.csv,3.2382767999995628e-09,0.0,0,0,0,0,50 ohms time 0.01
,SiC,1.0,Electron 110V,1.0,0,0.0,40.0,/Users/rkfuentes/Documents/md_anderson_analysis/yepes_code/data/2025-11-20/scope-results-2025-11-20-0459.csv,6.656375466666662e-09,0.0,0,0,0,0,50 ohms time 0.01
,SiC,1.0,Electron 110V,1.0,0,0.0,40.0,/Users/rkfuentes/Documents/md_anderson_analysis/yepes_code/data/2025-11-20/scope-results-2025-11-20-0460.csv,1.0785367466666676e-08,0.0,0,0,0,0,50 ohms time 0.01
,SiC,1.0,Electron 191V,1.0,0,0.0,40.0,/Users/rkfuentes/Documents/md_anderson_analysis/yepes_code/data/2025-11-20/scope-results-2025-11-20-0461.csv,4.86132896e-08,0.0,0,0,0,0,50 ohms time 0.01
,SiC,1.0,Electron 191V,1.0,0,0.0,40.0,/Users/rkfuentes/Documents/md_anderson_analysis/yepes_code/data/2025-11-20/scope-results-2025-11-20-0462.csv,4.7971260800000023e-08,0.0,0,0,0,0,50 ohms time 0.01
,SiC,1.0,Electron 191V,1.0,0,0.0,40.0,/Users/rkfuentes/Documents/md_anderson_analysis/yepes_code/data/2025-11-20/scope-results-2025-11-20-0463.csv,4.8384521599999986e-08,0.0,0,0,0,0,50 ohms time 0.01
,SiC,1.0,Electron 191V,1.0,0,0.0,40.0,/Users/rkfuentes/Documents/md_anderson_analysis/yepes_code/data/2025-11-20/scope-results-2025-11-20-0466.csv,6.054709333333373e-10,0.0,0,0,0,0,50 ohms time 0.01
,SiC,1.0,Electron 191V,1.0,0,0.0,40.0,/Users/rkfuentes/Documents/md_anderson_analysis/yepes_code/data/2025-11-20/scope-results-2025-11-20-0467.csv,1.7253243733333303e-08,0.0,0,0,0,0,50 ohms time 0.01
,SiC,1.0,Electron 191V,1.0,0,0.0,40.0,/Users/rkfuentes/Documents/md_anderson_analysis/yepes_code/data/2025-11-20/scope-results-2025-11-20-0468.csv,1.96339999999999e-09,0.0,0,0,0,0,50 ohms time 0.01
,SiC,1.0,Electron 191V,1.0,0,0.0,40.0,/Users/rkfuentes/Documents/md_anderson_analysis/yepes_code/data/2025-11-20/scope-results-2025-11-20-0469.csv,7.393183999999677e-10,0.0,0,0,0,0,50 ohms time 0.01
,SiC,1.0,Electron 191V,1.0,0,0.0,40.0,/Users/rkfuentes/Documents/md_anderson_analysis/yepes_code/data/2025-11-20/scope-results-2025-11-20-0470.csv,4.756287999999932e-10,0.0,0,0,0,0,50 ohms time 0.01
,SiC,1.0,Electron 191V,1.0,0,0.0,40.0,/Users/rkfuentes/Documents/md_anderson_analysis/yepes_code/data/2025-11-20/scope-results-2025-11-20-0471.csv,6.459618133333333e-08,0.0,0,0,0,0,50 ohms time 0.01
,SiC,1.0,Electron 85V,1.0,0,0.0,100.0,/Users/rkfuentes/Documents/md_anderson_analysis/yepes_code/data/2025-11-20/scope-results-2025-11-20-0474.csv,2.7484874666666536e-09,0.0,0,0,0,0,50 ohms time 0.01
,SiC,1.0,Electron 85V,1.0,0,0.0,100.0,/Users/rkfuentes/Documents/md_anderson_analysis/yepes_code/data/2025-11-20/scope-results-2025-11-20-0475.csv,3.145695999999996e-09,0.0,0,0,0,0,50 ohms time 0.01
,SiC,1.0,Electron 85V,1.0,0,0.0,100.0,/Users/rkfuentes/Documents/md_anderson_analysis/yepes_code/data/2025-11-20/scope-results-2025-11-20-0476.csv,2.8556799999999737e-09,0.0,0,0,0,0,50 ohms time 0.01
,SiC,1.0,Electron 85V,1.0,0,0.0,100.0,/Users/rkfuentes/Documents/md_anderson_analysis/yepes_code/data/2025-11-20/scope-results-2025-11-20-0477.csv,1.8831775999999952e-09,0.0,0,0,0,0,50 ohms time 0.01
,SiC,1.0,Electron 85V,1.0,0,0.0,100.0,/Users/rkfuentes/Documents/md_anderson_analysis/yepes_code/data/2025-11-20/scope-results-2025-11-20-0478.csv,2.718207999999958e-09,0.0,0,0,0,0,50 ohms time 0.01
,SiC,1.0,Electron 85V,1.0,0,0.0,100.0,/Users/rkfuentes/Documents/md_anderson_analysis/yepes_code/data/2025-11-20/scope-results-2025-11-20-0479.csv,2.6297536000000218e-09,0.0,0,0,0,0,50 ohms time 0.01
,SiC,1.0,Electron 85V,1.0,0,0.0,100.0,/Users/rkfuentes/Documents/md_anderson_analysis/yepes_code/data/2025-11-20/scope-results-2025-11-20-0480.csv,2.1649535999999776e-09,0.0,0,0,0,0,50 ohms time 0.01
,SiC,1.0,Electron 85V,1.0,0,0.0,100.0,/Users/rkfuentes/Documents/md_anderson_analysis/yepes_code/data/2025-11-20/scope-results-2025-11-20-0481.csv,1.4639386666666597e-09,0.0,0,0,0,0,50 ohms time 0.01
,SiC,1.0,Electron 85V,1.0,0,0.0,100.0,/Users/rkfuentes/Documents/md_anderson_analysis/yepes_code/data/2025-11-20/scope-results-2025-11-20-0482.csv,1.9810677333333254e-09,0.0,0,0,0,0,50 ohms time 0.01
,SiC,1.0,Electron 85V,1.0,0,0.0,100.0,/Users/rkfuentes/Documents/md_anderson_analysis/yepes_code/data/2025-11-20/scope-results-2025-11-20-0483.csv,1.3859573333333312e-09,0.0,0,0,0,0,50 ohms time 0.01
,SiC,1.0,Electron 85V,1.0,0,0.0,100.0,/Users/rkfuentes/Documents/md_anderson_analysis/yepes_code/data/2025-11-20/scope-results-2025-11-20-0484.csv,1.248865599999989e-09,0.0,0,0,0,0,50 ohms time 0.01
,SiC,1.0,Electron 85V,1.0,0,0.0,100.0,/Users/rkfuentes/Documents/md_anderson_analysis/yepes_code/data/2025-11-20/scope-results-2025-11-20-0485.csv,1.246329600000026e-09,0.0,0,0,0,0,50 ohms time 0.01
,SiC,1.0,Electron 85V,1.0,0,0.0,100.0,/Users/rkfuentes/Documents/md_anderson_analysis/yepes_code/data/2025-11-20/scope-results-2025-11-20-0486.csv,2.517802666666664e-09,0.0,0,0,0,0,50 ohms time 0.01
,SiC,1.0,Electron 85V,1.0,0,0.0,100.0,/Users/rkfuentes/Documents/md_anderson_analysis/yepes_code/data/2025-11-20/scope-results-2025-11-20-0488.csv,1.4250709333333196e-09,0.0,0,0,0,0,50 ohms time 0.01
,SiC,1.0,Electron 85V,1.0,0,0.0,100.0,/Users/rkfuentes/Documents/md_anderson_analysis/yepes_code/data/2025-11-20/scope-results-2025-11-20-0489.csv,2.0352517333333394e-09,0.0,0,0,0,0,50 ohms time 0.01
,SiC,1.0,Electron 85V,1.0,0,0.0,100.0,/Users/rkfuentes/Documents/md_anderson_analysis/yepes_code/data/2025-11-20/scope-results-2025-11-20-0490.csv,1.8673072000000262e-09,0.0,0,0,0,0,50 ohms time 0.01
,SiC,1.0,Electron 85V,1.0,0,0.0,100.0,/Users/rkfuentes/Documents/md_anderson_analysis/yepes_code/data/2025-11-20/scope-results-2025-11-20-0491.csv,2.5961983999999802e-09,0.0,0,0,0,0,50 ohms time 0.01
,SiC,1.0,Electron 85V,1.0,0,0.0,100.0,/Users/rkfuentes/Documents/md_anderson_analysis/yepes_code/data/2025-11-20/scope-results-2025-11-20-0493.csv,1.679465600000016e-09,0.0,0,0,0,0,50 ohms time 0.01
,SiC,1.0,Electron 85V,1.0,0,0.0,100.0,/Users/rkfuentes/Documents/md_anderson_analysis/yepes_code/data/2025-11-20/scope-results-2025-11-20-0495.csv,2.2567274666666967e-09,0.0,0,0,0,0,50 ohms time 0.01
,SiC,1.0,Electron 85V,1.0,0,0.0,100.0,/Users/rkfuentes/Documents/md_anderson_analysis/yepes_code/data/2025-11-20/scope-results-2025-11-20-0496.csv,2.875884799999992e-09,0.0,0,0,0,0,50 ohms time 0.01
,SiC,1.0,Electron 85V,1.0,0,0.0,100.0,/Users/rkfuentes/Documents/md_anderson_analysis/yepes_code/data/2025-11-20/scope-results-2025-11-20-0498.csv,1.883341866666672e-09,0.0,0,0,0,0,50 ohms time 0.01
,SiC,1.0,Electron 85V,1.0,0,0.0,100.0,/Users/rkfuentes/Documents/md_anderson_analysis/yepes_code/data/2025-11-20/scope-results-2025-11-20-0499.csv,2.6444421333333205e-09,0.0,0,0,0,0,50 ohms time 0.01
,SiC,1.0,Electron 85V,1.0,0,0.0,100.0,/Users/rkfuentes/Documents/md_anderson_analysis/yepes_code/data/2025-11-20/scope-results-2025-11-20-0500.csv,1.4221680000000257e-09,0.0,0,0,0,0,50 ohms time 0.01
,SiC,1.0,Electron 85V,1.0,0,0.0,100.0,/Users/rkfuentes/Documents/md_anderson_analysis/yepes_code/data/2025-11-20/scope-results-2025-11-20-0501.csv,1.4831552000000068e-09,0.0,0,0,0,0,50 ohms time 0.01
,SiC,1.0,Electron 85V,1.0,0,0.0,100.0,/Users/rkfuentes/Documents/md_anderson_analysis/yepes_code/data/2025-11-20/scope-results-2025-11-20-0502.csv,1.7726176000000288e-09,0.0,0,0,0,0,50 ohms time 0.01
,SiC,1.0,Electron 85V,1.0,0,0.0,100.0,/Users/rkfuentes/Documents/md_anderson_analysis/yepes_code/data/2025-11-20/scope-results-2025-11-20-0503.csv,2.1778090666666612e-09,0.0,0,0,0,0,50 ohms time 0.01
,SiC,1.0,Electron 85V,1.0,0,0.0,100.0,/Users/rkfuentes/Documents/md_anderson_analysis/yepes_code/data/2025-11-20/scope-results-2025-11-20-0504.csv,1.5380522666666326e-09,0.0,0,0,0,0,50 ohms time 0.01
,SiC,1.0,Electron 85V,1.0,0,0.0,100.0,/Users/rkfuentes/Documents/md_anderson_analysis/yepes_code/data/2025-11-20/scope-results-2025-11-20-0505.csv,1.1152869333333354e-09,0.0,0,0,0,0,50 ohms time 0.01
,SiC,1.0,Electron 85V,1.0,0,0.0,100.0,/Users/rkfuentes/Documents/md_anderson_analysis/yepes_code/data/2025-11-20/scope-results-2025-11-20-0506.csv,1.3183231999999661e-09,0.0,0,0,0,0,50 ohms time 0.01
,SiC,1.0,Electron 85V,1.0,0,0.0,200.0,/Users/rkfuentes/Documents/md_anderson_analysis/yepes_code/data/2025-11-20/scope-results-2025-11-20-0507.csv,4.763589333333343e-09,0.0,0,0,0,0,50 ohms time 0.01
,SiC,1.0,Electron 85V,1.0,0,0.0,200.0,/Users/rkfuentes/Documents/md_anderson_analysis/yepes_code/data/2025-11-20/scope-results-2025-11-20-0508.csv,3.4635120000000223e-09,0.0,0,0,0,0,50 ohms time 0.01
,SiC,1.0,Electron 85V,1.0,0,0.0,200.0,/Users/rkfuentes/Documents/md_anderson_analysis/yepes_code/data/2025-11-20/scope-results-2025-11-20-0509.csv,2.666370666666677e-09,0.0,0,0,0,0,50 ohms time 0.01
,SiC,1.0,Electron 85V,1.0,0,0.0,200.0,/Users/rkfuentes/Documents/md_anderson_analysis/yepes_code/data/2025-11-20/scope-results-2025-11-20-0510.csv,2.4604370280146086e-09,0.0,0,0,0,0,50 ohms time 0.01
,SiC,1.0,Electron 85V,1.0,0,0.0,200.0,/Users/rkfuentes/Documents/md_anderson_analysis/yepes_code/data/2025-11-20/scope-results-2025-11-20-0511.csv,4.206904533333395e-09,0.0,0,0,0,0,50 ohms time 0.01
,SiC,1.0,Electron 85V,1.0,0,0.0,200.0,/Users/rkfuentes/Documents/md_anderson_analysis/yepes_code/data/2025-11-20/scope-results-2025-11-20-0512.csv,4.0780970666666484e-09,0.0,0,0,0,0,50 ohms time 0.01
,SiC,1.0,Electron 85V,1.0,0,0.0,200.0,/Users/rkfuentes/Documents/md_anderson_analysis/yepes_code/data/2025-11-20/scope-results-2025-11-20-0513.csv,4.5163807999999515e-09,0.0,0,0,0,0,50 ohms time 0.01
,SiC,1.0,Electron 85V,1.0,0,0.0,200.0,/Users/rkfuentes/Documents/md_anderson_analysis/yepes_code/data/2025-11-20/scope-results-2025-11-20-0514.csv,4.320639999999991e-09,0.0,0,0,0,0,50 ohms time 0.01
,SiC,1.0,Electron 85V,1.0,0,0.0,200.0,/Users/rkfuentes/Documents/md_anderson_analysis/yepes_code/data/2025-11-20/scope-results-2025-11-20-0515.csv,2.3120298666666515e-09,0.0,0,0,0,0,50 ohms time 0.01
,SiC,1.0,Electron 85V,1.0,0,0.0,200.0,/Users/rkfuentes/Documents/md_anderson_analysis/yepes_code/data/2025-11-20/scope-results-2025-11-20-0516.csv,3.738269333333358e-09,0.0,0,0,0,0,50 ohms time 0.01
,SiC,1.0,Electron 85V,1.0,0,0.0,200.0,/Users/rkfuentes/Documents/md_anderson_analysis/yepes_code/data/2025-11-20/scope-results-2025-11-20-0517.csv,4.866719999999966e-09,0.0,0,0,0,0,50 ohms time 0.01
,SiC,1.0,Electron 85V,1.0,0,0.0,200.0,/Users/rkfuentes/Documents/md_anderson_analysis/yepes_code/data/2025-11-20/scope-results-2025-11-20-0518.csv,3.415857066666708e-09,0.0,0,0,0,0,50 ohms time 0.01
,SiC,1.0,Electron 85V,1.0,0,0.0,200.0,/Users/rkfuentes/Documents/md_anderson_analysis/yepes_code/data/2025-11-20/scope-results-2025-11-20-0519.csv,2.9490837333333383e-09,0.0,0,0,0,0,50 ohms time 0.01
,SiC,1.0,Electron 85V,1.0,0,0.0,200.0,/Users/rkfuentes/Documents/md_anderson_analysis/yepes_code/data/2025-11-20/scope-results-2025-11-20-0520.csv,3.2686479999999947e-09,0.0,0,0,0,0,50 ohms time 0.01
,SiC,1.0,Electron 85V,1.0,0,0.0,200.0,/Users/rkfuentes/Documents/md_anderson_analysis/yepes_code/data/2025-11-20/scope-results-2025-11-20-0521.csv,4.238795733333324e-09,0.0,0,0,0,0,50 ohms time 0.01
,SiC,1.0,Electron 85V,1.0,0,0.0,200.0,/Users/rkfuentes/Documents/md_anderson_analysis/yepes_code/data/2025-11-20/scope-results-2025-11-20-0522.csv,4.202444799999951e-09,0.0,0,0,0,0,50 ohms time 0.01
,SiC,1.0,Electron 85V,1.0,0,0.0,200.0,/Users/rkfuentes/Documents/md_anderson_analysis/yepes_code/data/2025-11-20/scope-results-2025-11-20-0523.csv,4.1615365333333296e-09,0.0,0,0,0,0,50 ohms time 0.01
,SiC,1.0,Electron 85V,1.0,0,0.0,200.0,/Users/rkfuentes/Documents/md_anderson_analysis/yepes_code/data/2025-11-20/scope-results-2025-11-20-0524.csv,4.562930133333317e-09,0.0,0,0,0,0,50 ohms time 0.01
,SiC,1.0,Electron 85V,1.0,0,0.0,200.0,/Users/rkfuentes/Documents/md_anderson_analysis/yepes_code/data/2025-11-20/scope-results-2025-11-20-0525.csv,2.6348901333333213e-09,0.0,0,0,0,0,50 ohms time 0.01
,SiC,1.0,Electron 85V,1.0,0,0.0,200.0,/Users/rkfuentes/Documents/md_anderson_analysis/yepes_code/data/2025-11-20/scope-results-2025-11-20-0526.csv,2.6243466666666344e-09,0.0,0,0,0,0,50 ohms time 0.01
,SiC,1.0,Electron 85V,1.0,0,0.0,200.0,/Users/rkfuentes/Documents/md_anderson_analysis/yepes_code/data/2025-11-20/scope-results-2025-11-20-0527.csv,4.564681066666607e-09,0.0,0,0,0,0,50 ohms time 0.01
,SiC,1.0,Electron 85V,1.0,0,0.0,200.0,/Users/rkfuentes/Documents/md_anderson_analysis/yepes_code/data/2025-11-20/scope-results-2025-11-20-0528.csv,3.4454805333333642e-09,0.0,0,0,0,0,50 ohms time 0.01
,SiC,1.0,Electron 85V,1.0,0,0.0,200.0,/Users/rkfuentes/Documents/md_anderson_analysis/yepes_code/data/2025-11-20/scope-results-2025-11-20-0529.csv,3.1678693333333988e-09,0.0,0,0,0,0,50 ohms time 0.01
,SiC,1.0,Electron 85V,1.0,0,0.0,200.0,/Users/rkfuentes/Documents/md_anderson_analysis/yepes_code/data/2025-11-20/scope-results-2025-11-20-0531.csv,2.4865066666666393e-09,0.0,0,0,0,0,50 ohms time 0.01
,SiC,1.0,Electron 85V,1.0,0,0.0,200.0,/Users/rkfuentes/Documents/md_anderson_analysis/yepes_code/data/2025-11-20/scope-results-2025-11-20-0532.csv,3.2233045333332988e-09,0.0,0,0,0,0,50 ohms time 0.01
,SiC,1.0,Electron 85V,1.0,0,0.0,200.0,/Users/rkfuentes/Documents/md_anderson_analysis/yepes_code/data/2025-11-20/scope-results-2025-11-20-0533.csv,3.6047274666666788e-09,0.0,0,0,0,0,50 ohms time 0.01
,SiC,1.0,Electron 85V,1.0,0,0.0,200.0,/Users/rkfuentes/Documents/md_anderson_analysis/yepes_code/data/2025-11-20/scope-results-2025-11-20-0534.csv,3.7109013333332992e-09,0.0,0,0,0,0,50 ohms time 0.01
,SiC,1.0,Electron 85V,1.0,0,0.0,200.0,/Users/rkfuentes/Documents/md_anderson_analysis/yepes_code/data/2025-11-20/scope-results-2025-11-20-0535.csv,3.846121599999987e-09,0.0,0,0,0,0,50 ohms time 0.01
,SiC,1.0,Electron 85V,1.0,0,0.0,200.0,/Users/rkfuentes/Documents/md_anderson_analysis/yepes_code/data/2025-11-20/scope-results-2025-11-20-0536.csv,4.946730666666654e-09,0.0,0,0,0,0,50 ohms time 0.01
,SiC,1.0,Electron 85V,1.0,0,0.0,200.0,/Users/rkfuentes/Documents/md_anderson_analysis/yepes_code/data/2025-11-20/scope-results-2025-11-20-0537.csv,4.344797866666641e-09,0.0,0,0,0,0,50 ohms time 0.01
,SiC,1.0,Electron 85V,1.0,0,0.0,200.0,/Users/rkfuentes/Documents/md_anderson_analysis/yepes_code/data/2025-11-20/scope-results-2025-11-20-0538.csv,3.7104656000000303e-09,0.0,0,0,0,0,50 ohms time 0.01
,SiC,1.0,Electron 85V,1.0,0,0.0,200.0,/Users/rkfuentes/Documents/md_anderson_analysis/yepes_code/data/2025-11-20/scope-results-2025-11-20-0539.csv,2.6758416000000023e-09,0.0,0,0,0,0,50 ohms time 0.01
,SiC,1.0,Electron 85V,1.0,0,0.0,200.0,/Users/rkfuentes/Documents/md_anderson_analysis/yepes_code/data/2025-11-20/scope-results-2025-11-20-0540.csv,2.8338106666666318e-09,0.0,0,0,0,0,50 ohms time 0.01
,SiC,1.0,Electron 85V,1.0,0,0.0,200.0,/Users/rkfuentes/Documents/md_anderson_analysis/yepes_code/data/2025-11-20/scope-results-2025-11-20-0541.csv,3.4984106666666495e-09,0.0,0,0,0,0,50 ohms time 0.01
,SiC,1.0,Electron 85V,1.0,0,0.0,200.0,/Users/rkfuentes/Documents/md_anderson_analysis/yepes_code/data/2025-11-20/scope-results-2025-11-20-0542.csv,3.412017066666706e-09,0.0,0,0,0,0,50 ohms time 0.01
,SiC,1.0,Electron 85V,1.0,0,0.0,200.0,/Users/rkfuentes/Documents/md_anderson_analysis/yepes_code/data/2025-11-20/scope-results-2025-11-20-0543.csv,3.816482133333339e-09,0.0,0,0,0,0,50 ohms time 0.01
,SiC,1.0,Electron 85V,1.0,0,0.0,200.0,/Users/rkfuentes/Documents/md_anderson_analysis/yepes_code/data/2025-11-20/scope-results-2025-11-20-0544.csv,3.15230240000002e-09,0.0,0,0,0,0,50 ohms time 0.01
,SiC,1.0,Electron 85V,1.0,0,0.0,200.0,/Users/rkfuentes/Documents/md_anderson_analysis/yepes_code/data/2025-11-20/scope-results-2025-11-20-0545.csv,4.6718101333333424e-09,0.0,0,0,0,0,50 ohms time 0.01
,SiC,1.0,Electron 85V,1.0,0,0.0,200.0,/Users/rkfuentes/Documents/md_anderson_analysis/yepes_code/data/2025-11-20/scope-results-2025-11-20-0546.csv,3.33986026666667e-09,0.0,0,0,0,0,50 ohms time 0.01
,SiC,1.0,Electron 85V,1.0,0,0.0,200.0,/Users/rkfuentes/Documents/md_anderson_analysis/yepes_code/data/2025-11-20/scope-results-2025-11-20-0547.csv,3.1839360000000046e-09,0.0,0,0,0,0,50 ohms time 0.01
,SiC,1.0,Electron 85V,1.0,0,0.0,200.0,/Users/rkfuentes/Documents/md_anderson_analysis/yepes_code/data/2025-11-20/scope-results-2025-11-20-0548.csv,4.579229866666662e-09,0.0,0,0,0,0,50 ohms time 0.01
,SiC,1.0,Electron 85V,1.0,0,0.0,200.0,/Users/rkfuentes/Documents/md_anderson_analysis/yepes_code/data/2025-11-20/scope-results-2025-11-20-0549.csv,3.3217920000000056e-09,0.0,0,0,0,0,50 ohms time 0.01
,SiC,1.0,Electron 85V,1.0,0,0.0,200.0,/Users/rkfuentes/Documents/md_anderson_analysis/yepes_code/data/2025-11-20/scope-results-2025-11-20-0550.csv,4.021559466666664e-09,0.0,0,0,0,0,50 ohms time 0.01
,SiC,1.0,Electron 85V,1.0,0,0.0,200.0,/Users/rkfuentes/Documents/md_anderson_analysis/yepes_code/data/2025-11-20/scope-results-2025-11-20-0551.csv,3.325484799999999e-09,0.0,0,0,0,0,50 ohms time 0.01
,SiC,1.0,Electron 85V,1.0,0,0.0,200.0,/Users/rkfuentes/Documents/md_anderson_analysis/yepes_code/data/2025-11-20/scope-results-2025-11-20-0552.csv,4.0449605333333445e-09,0.0,0,0,0,0,50 ohms time 0.01
,SiC,1.0,Electron 85V,1.0,0,0.0,200.0,/Users/rkfuentes/Documents/md_anderson_analysis/yepes_code/data/2025-11-20/scope-results-2025-11-20-0553.csv,5.1729493333333486e-09,0.0,0,0,0,0,50 ohms time 0.01
,SiC,1.0,Electron 85V,1.0,0,0.0,200.0,/Users/rkfuentes/Documents/md_anderson_analysis/yepes_code/data/2025-11-20/scope-results-2025-11-20-0554.csv,3.306890666666688e-09,0.0,0,0,0,0,50 ohms time 0.01
,SiC,1.0,Electron 85V,1.0,0,0.0,200.0,/Users/rkfuentes/Documents/md_anderson_analysis/yepes_code/data/2025-11-20/scope-results-2025-11-20-0555.csv,3.0264160000000008e-09,0.0,0,0,0,0,50 ohms time 0.01
,SiC,1.0,Electron 85V,1.0,0,0.0,200.0,/Users/rkfuentes/Documents/md_anderson_analysis/yepes_code/data/2025-11-20/scope-results-2025-11-20-0556.csv,4.6244805333333065e-09,0.0,0,0,0,0,50 ohms time 0.01
,SiC,1.0,Electron 85V,1.0,0,0.0,200.0,/Users/rkfuentes/Documents/md_anderson_analysis/yepes_code/data/2025-11-20/scope-results-2025-11-20-0557.csv,3.1179445333332974e-09,0.0,0,0,0,0,50 ohms time 0.01
,SiC,1.0,Electron 85V,1.0,0,0.0,200.0,/Users/rkfuentes/Documents/md_anderson_analysis/yepes_code/data/2025-11-20/scope-results-2025-11-20-0558.csv,4.523640533333346e-09,0.0,0,0,0,0,50 ohms time 0.01
,SiC,1.0,Electron 85V,1.0,0,0.0,200.0,/Users/rkfuentes/Documents/md_anderson_analysis/yepes_code/data/2025-11-20/scope-results-2025-11-20-0559.csv,4.830785599999987e-09,0.0,0,0,0,0,50 ohms time 0.01
,SiC,1.0,Electron 85V,1.0,0,0.0,200.0,/Users/rkfuentes/Documents/md_anderson_analysis/yepes_code/data/2025-11-20/scope-results-2025-11-20-0560.csv,4.264378666666654e-09,0.0,0,0,0,0,50 ohms time 0.01
,SiC,1.0,Electron 85V,1.0,0,0.0,200.0,/Users/rkfuentes/Documents/md_anderson_analysis/yepes_code/data/2025-11-20/scope-results-2025-11-20-0561.csv,3.891073599999964e-09,0.0,0,0,0,0,50 ohms time 0.01
,SiC,1.0,Electron 85V,1.0,0,0.0,200.0,/Users/rkfuentes/Documents/md_anderson_analysis/yepes_code/data/2025-11-20/scope-results-2025-11-20-0562.csv,3.1593866666666847e-09,0.0,0,0,0,0,50 ohms time 0.01
,SiC,1.0,Electron 85V,1.0,0,0.0,300.0,/Users/rkfuentes/Documents/md_anderson_analysis/yepes_code/data/2025-11-20/scope-results-2025-11-20-0564.csv,6.202205333333293e-09,0.0,0,0,0,0,50 ohms time 0.01
,SiC,1.0,Electron 85V,1.0,0,0.0,300.0,/Users/rkfuentes/Documents/md_anderson_analysis/yepes_code/data/2025-11-20/scope-results-2025-11-20-0565.csv,4.44097813333332e-09,0.0,0,0,0,0,50 ohms time 0.01
,SiC,1.0,Electron 85V,1.0,0,0.0,300.0,/Users/rkfuentes/Documents/md_anderson_analysis/yepes_code/data/2025-11-20/scope-results-2025-11-20-0566.csv,4.734037333333351e-09,0.0,0,0,0,0,50 ohms time 0.01
,SiC,1.0,Electron 85V,1.0,0,0.0,300.0,/Users/rkfuentes/Documents/md_anderson_analysis/yepes_code/data/2025-11-20/scope-results-2025-11-20-0567.csv,5.195514133333302e-09,0.0,0,0,0,0,50 ohms time 0.01
,SiC,1.0,Electron 85V,1.0,0,0.0,300.0,/Users/rkfuentes/Documents/md_anderson_analysis/yepes_code/data/2025-11-20/scope-results-2025-11-20-0568.csv,5.471349866666614e-09,0.0,0,0,0,0,50 ohms time 0.01
,SiC,1.0,Electron 85V,1.0,0,0.0,300.0,/Users/rkfuentes/Documents/md_anderson_analysis/yepes_code/data/2025-11-20/scope-results-2025-11-20-0569.csv,4.9134037333333376e-09,0.0,0,0,0,0,50 ohms time 0.01
,SiC,1.0,Electron 85V,1.0,0,0.0,300.0,/Users/rkfuentes/Documents/md_anderson_analysis/yepes_code/data/2025-11-20/scope-results-2025-11-20-0570.csv,5.0247733333333215e-09,0.0,0,0,0,0,50 ohms time 0.01
,SiC,1.0,Electron 85V,1.0,0,0.0,300.0,/Users/rkfuentes/Documents/md_anderson_analysis/yepes_code/data/2025-11-20/scope-results-2025-11-20-0571.csv,5.203315733333304e-09,0.0,0,0,0,0,50 ohms time 0.01
,SiC,1.0,Electron 85V,1.0,0,0.0,300.0,/Users/rkfuentes/Documents/md_anderson_analysis/yepes_code/data/2025-11-20/scope-results-2025-11-20-0572.csv,5.366004266666689e-09,0.0,0,0,0,0,50 ohms time 0.01
,SiC,1.0,Electron 85V,1.0,0,0.0,300.0,/Users/rkfuentes/Documents/md_anderson_analysis/yepes_code/data/2025-11-20/scope-results-2025-11-20-0573.csv,4.83619626666664e-09,0.0,0,0,0,0,50 ohms time 0.01
,SiC,1.0,Electron 85V,1.0,0,0.0,300.0,/Users/rkfuentes/Documents/md_anderson_analysis/yepes_code/data/2025-11-20/scope-results-2025-11-20-0574.csv,4.94584746666661e-09,0.0,0,0,0,0,50 ohms time 0.01
,SiC,1.0,Electron 85V,1.0,0,0.0,300.0,/Users/rkfuentes/Documents/md_anderson_analysis/yepes_code/data/2025-11-20/scope-results-2025-11-20-0575.csv,5.308419733333368e-09,0.0,0,0,0,0,50 ohms time 0.01
,SiC,1.0,Electron 85V,1.0,0,0.0,300.0,/Users/rkfuentes/Documents/md_anderson_analysis/yepes_code/data/2025-11-20/scope-results-2025-11-20-0576.csv,4.256696533333281e-09,0.0,0,0,0,0,50 ohms time 0.01
,SiC,1.0,Electron 85V,1.0,0,0.0,300.0,/Users/rkfuentes/Documents/md_anderson_analysis/yepes_code/data/2025-11-20/scope-results-2025-11-20-0577.csv,4.752489600000017e-09,0.0,0,0,0,0,50 ohms time 0.01
,SiC,1.0,Electron 85V,1.0,0,0.0,300.0,/Users/rkfuentes/Documents/md_anderson_analysis/yepes_code/data/2025-11-20/scope-results-2025-11-20-0578.csv,4.375058133333315e-09,0.0,0,0,0,0,50 ohms time 0.01
,SiC,1.0,Electron 85V,1.0,0,0.0,300.0,/Users/rkfuentes/Documents/md_anderson_analysis/yepes_code/data/2025-11-20/scope-results-2025-11-20-0579.csv,5.133641066666685e-09,0.0,0,0,0,0,50 ohms time 0.01
,SiC,1.0,Electron 85V,1.0,0,0.0,300.0,/Users/rkfuentes/Documents/md_anderson_analysis/yepes_code/data/2025-11-20/scope-results-2025-11-20-0580.csv,4.971844266666694e-09,0.0,0,0,0,0,50 ohms time 0.01
,SiC,1.0,Electron 85V,1.0,0,0.0,300.0,/Users/rkfuentes/Documents/md_anderson_analysis/yepes_code/data/2025-11-20/scope-results-2025-11-20-0581.csv,5.705113599999997e-09,0.0,0,0,0,0,50 ohms time 0.01
,SiC,1.0,Electron 85V,1.0,0,0.0,300.0,/Users/rkfuentes/Documents/md_anderson_analysis/yepes_code/data/2025-11-20/scope-results-2025-11-20-0582.csv,5.504178666666669e-09,0.0,0,0,0,0,50 ohms time 0.01
,SiC,1.0,Electron 85V,1.0,0,0.0,300.0,/Users/rkfuentes/Documents/md_anderson_analysis/yepes_code/data/2025-11-20/scope-results-2025-11-20-0583.csv,5.343206399999978e-09,0.0,0,0,0,0,50 ohms time 0.01
,SiC,1.0,Electron 85V,1.0,0,0.0,300.0,/Users/rkfuentes/Documents/md_anderson_analysis/yepes_code/data/2025-11-20/scope-results-2025-11-20-0584.csv,4.627846933333331e-09,0.0,0,0,0,0,50 ohms time 0.01
,SiC,1.0,Electron 85V,1.0,0,0.0,300.0,/Users/rkfuentes/Documents/md_anderson_analysis/yepes_code/data/2025-11-20/scope-results-2025-11-20-0585.csv,5.448166399999998e-09,0.0,0,0,0,0,50 ohms time 0.01
,SiC,1.0,Electron 85V,1.0,0,0.0,300.0,/Users/rkfuentes/Documents/md_anderson_analysis/yepes_code/data/2025-11-20/scope-results-2025-11-20-0586.csv,4.81739253333332e-09,0.0,0,0,0,0,50 ohms time 0.01
,SiC,1.0,Electron 85V,1.0,0,0.0,300.0,/Users/rkfuentes/Documents/md_anderson_analysis/yepes_code/data/2025-11-20/scope-results-2025-11-20-0587.csv,5.224460799999976e-09,0.0,0,0,0,0,50 ohms time 0.01
,SiC,1.0,Electron 85V,1.0,0,0.0,300.0,/Users/rkfuentes/Documents/md_anderson_analysis/yepes_code/data/2025-11-20/scope-results-2025-11-20-0588.csv,4.283922666666662e-09,0.0,0,0,0,0,50 ohms time 0.01
,SiC,1.0,Electron 85V,1.0,0,0.0,300.0,/Users/rkfuentes/Documents/md_anderson_analysis/yepes_code/data/2025-11-20/scope-results-2025-11-20-0589.csv,4.289478933333327e-09,0.0,0,0,0,0,50 ohms time 0.01
,SiC,1.0,Electron 85V,1.0,0,0.0,300.0,/Users/rkfuentes/Documents/md_anderson_analysis/yepes_code/data/2025-11-20/scope-results-2025-11-20-0590.csv,5.203957333333316e-09,0.0,0,0,0,0,50 ohms time 0.01
,SiC,1.0,Electron 85V,1.0,0,0.0,300.0,/Users/rkfuentes/Documents/md_anderson_analysis/yepes_code/data/2025-11-20/scope-results-2025-11-20-0591.csv,5.649988800000017e-09,0.0,0,0,0,0,50 ohms time 0.01
,SiC,1.0,Electron 85V,1.0,0,0.0,300.0,/Users/rkfuentes/Documents/md_anderson_analysis/yepes_code/data/2025-11-20/scope-results-2025-11-20-0592.csv,4.946888533333334e-09,0.0,0,0,0,0,50 ohms time 0.01
,SiC,1.0,Electron 85V,1.0,0,0.0,300.0,/Users/rkfuentes/Documents/md_anderson_analysis/yepes_code/data/2025-11-20/scope-results-2025-11-20-0593.csv,4.438199466666643e-09,0.0,0,0,0,0,50 ohms time 0.01
,SiC,1.0,Electron 85V,1.0,0,0.0,300.0,/Users/rkfuentes/Documents/md_anderson_analysis/yepes_code/data/2025-11-20/scope-results-2025-11-20-0594.csv,4.416567466666664e-09,0.0,0,0,0,0,50 ohms time 0.01
,SiC,1.0,Electron 85V,1.0,0,0.0,300.0,/Users/rkfuentes/Documents/md_anderson_analysis/yepes_code/data/2025-11-20/scope-results-2025-11-20-0595.csv,4.6622879999999915e-09,0.0,0,0,0,0,50 ohms time 0.01
,SiC,1.0,Electron 85V,1.0,0,0.0,300.0,/Users/rkfuentes/Documents/md_anderson_analysis/yepes_code/data/2025-11-20/scope-results-2025-11-20-0596.csv,5.040990933333313e-09,0.0,0,0,0,0,50 ohms time 0.01
,SiC,1.0,Electron 85V,1.0,0,0.0,300.0,/Users/rkfuentes/Documents/md_anderson_analysis/yepes_code/data/2025-11-20/scope-results-2025-11-20-0597.csv,4.866161066666647e-09,0.0,0,0,0,0,50 ohms time 0.01
,SiC,1.0,Electron 85V,1.0,0,0.0,300.0,/Users/rkfuentes/Documents/md_anderson_analysis/yepes_code/data/2025-11-20/scope-results-2025-11-20-0598.csv,4.936365333333338e-09,0.0,0,0,0,0,50 ohms time 0.01
,SiC,1.0,Electron 85V,1.0,0,0.0,300.0,/Users/rkfuentes/Documents/md_anderson_analysis/yepes_code/data/2025-11-20/scope-results-2025-11-20-0599.csv,4.432940800000014e-09,0.0,0,0,0,0,50 ohms time 0.01
,SiC,1.0,Electron 85V,1.0,0,0.0,300.0,/Users/rkfuentes/Documents/md_anderson_analysis/yepes_code/data/2025-11-20/scope-results-2025-11-20-0600.csv,4.880276800000028e-09,0.0,0,0,0,0,50 ohms time 0.01
,SiC,1.0,Electron 85V,1.0,0,0.0,300.0,/Users/rkfuentes/Documents/md_anderson_analysis/yepes_code/data/2025-11-20/scope-results-2025-11-20-0601.csv,5.089153066666678e-09,0.0,0,0,0,0,50 ohms time 0.01
,SiC,1.0,Electron 85V,1.0,0,0.0,300.0,/Users/rkfuentes/Documents/md_anderson_analysis/yepes_code/data/2025-11-20/scope-results-2025-11-20-0602.csv,4.365180799999988e-09,0.0,0,0,0,0,50 ohms time 0.01
,SiC,1.0,Electron 85V,1.0,0,0.0,300.0,/Users/rkfuentes/Documents/md_anderson_analysis/yepes_code/data/2025-11-20/scope-results-2025-11-20-0603.csv,4.564374400000035e-09,0.0,0,0,0,0,50 ohms time 0.01
,SiC,1.0,Electron 85V,1.0,0,0.0,300.0,/Users/rkfuentes/Documents/md_anderson_analysis/yepes_code/data/2025-11-20/scope-results-2025-11-20-0604.csv,5.249103999999968e-09,0.0,0,0,0,0,50 ohms time 0.01
,SiC,1.0,Electron 85V,1.0,0,0.0,300.0,/Users/rkfuentes/Documents/md_anderson_analysis/yepes_code/data/2025-11-20/scope-results-2025-11-20-0605.csv,4.4140693333333335e-09,0.0,0,0,0,0,50 ohms time 0.01
,SiC,1.0,Electron 85V,1.0,0,0.0,300.0,/Users/rkfuentes/Documents/md_anderson_analysis/yepes_code/data/2025-11-20/scope-results-2025-11-20-0606.csv,2.1310890666666926e-09,0.0,0,0,0,0,50 ohms time 0.01
,SiC,1.0,Electron 110V,1.0,0,0.0,300.0,/Users/rkfuentes/Documents/md_anderson_analysis/yepes_code/data/2025-11-20/scope-results-2025-11-20-0607.csv,3.8281316800000025e-08,0.0,0,0,0,0,50 ohms time 0.01
,SiC,1.0,Electron 110V,1.0,0,0.0,300.0,/Users/rkfuentes/Documents/md_anderson_analysis/yepes_code/data/2025-11-20/scope-results-2025-11-20-0608.csv,3.763397279999998e-08,0.0,0,0,0,0,50 ohms time 0.01
,SiC,1.0,Electron 110V,1.0,0,0.0,300.0,/Users/rkfuentes/Documents/md_anderson_analysis/yepes_code/data/2025-11-20/scope-results-2025-11-20-0609.csv,3.8082314666666695e-08,0.0,0,0,0,0,50 ohms time 0.01
,SiC,1.0,Electron 191V,1.0,0,0.0,300.0,/Users/rkfuentes/Documents/md_anderson_analysis/yepes_code/data/2025-11-20/scope-results-2025-11-20-0610.csv,3.400563199999979e-08,0.0,0,0,0,0,50 ohms time 0.01
,SiC,1.0,Electron 191V,1.0,0,0.0,300.0,/Users/rkfuentes/Documents/md_anderson_analysis/yepes_code/data/2025-11-20/scope-results-2025-11-20-0612.csv,4.3148053333332247e-10,0.0,0,0,0,0,50 ohms time 0.01
,SiC,1.0,Electron 191V,1.0,0,0.0,300.0,/Users/rkfuentes/Documents/md_anderson_analysis/yepes_code/data/2025-11-20/scope-results-2025-11-20-0613.csv,4.6302292163009393e-08,0.0,0,0,0,0,50 ohms time 0.01
,SiC,1.0,Electron 191V,1.0,0,0.0,300.0,/Users/rkfuentes/Documents/md_anderson_analysis/yepes_code/data/2025-11-20/scope-results-2025-11-20-0614.csv,6.069813333333417e-10,0.0,0,0,0,0,50 ohms time 0.01
,SiC,1.0,Electron 191V,1.0,0,0.0,300.0,/Users/rkfuentes/Documents/md_anderson_analysis/yepes_code/data/2025-11-20/scope-results-2025-11-20-0616.csv,2.659007999999972e-09,0.0,0,0,0,0,50 ohms time 0.01
,SiC,1.0,Electron 191V,1.0,0,0.0,300.0,/Users/rkfuentes/Documents/md_anderson_analysis/yepes_code/data/2025-11-20/scope-results-2025-11-20-0618.csv,2.230133333333328e-09,0.0,0,0,0,0,50 ohms time 0.01
,SiC,1.0,Electron 191V,1.0,0,0.0,300.0,/Users/rkfuentes/Documents/md_anderson_analysis/yepes_code/data/2025-11-20/scope-results-2025-11-20-0619.csv,2.0194666666666608e-09,0.0,0,0,0,0,50 ohms time 0.01
,SiC,1.0,Electron 191V,1.0,0,0.0,300.0,/Users/rkfuentes/Documents/md_anderson_analysis/yepes_code/data/2025-11-20/scope-results-2025-11-20-0620.csv,2.457895999999934e-09,0.0,0,0,0,0,50 ohms time 0.01
,SiC,1.0,Electron 85V,1.0,0,0.0,40.0,/Users/rkfuentes/Documents/md_anderson_analysis/yepes_code/data/2025-11-20/scope-results-2025-11-20-0738.csv,1.715978666666686e-09,0.0,0,0,0,0,50 ohms time 0.01
,SiC,1.0,Electron 85V,1.0,0,0.0,40.0,/Users/rkfuentes/Documents/md_anderson_analysis/yepes_code/data/2025-11-20/scope-results-2025-11-20-0739.csv,2.374888799999987e-09,0.0,0,0,0,0,50 ohms time 0.01
,SiC,1.0,Electron 85V,1.0,0,0.0,40.0,/Users/rkfuentes/Documents/md_anderson_analysis/yepes_code/data/2025-11-20/scope-results-2025-11-20-0741.csv,4.840245333333498e-10,0.0,0,0,0,0,50 ohms time 0.01
,SiC,1.0,Electron 85V,1.0,0,0.0,40.0,/Users/rkfuentes/Documents/md_anderson_analysis/yepes_code/data/2025-11-20/scope-results-2025-11-20-0742.csv,4.0071893333333405e-10,0.0,0,0,0,0,50 ohms time 0.01
,SiC,1.0,Electron 85V,1.0,0,0.0,40.0,/Users/rkfuentes/Documents/md_anderson_analysis/yepes_code/data/2025-11-20/scope-results-2025-11-20-0743.csv,2.8519679999996983e-10,0.0,0,0,0,0,50 ohms time 0.01
,SiC,1.0,Electron 85V,1.0,0,0.0,40.0,/Users/rkfuentes/Documents/md_anderson_analysis/yepes_code/data/2025-11-20/scope-results-2025-11-20-0744.csv,5.877306666666802e-10,0.0,0,0,0,0,50 ohms time 0.01
,SiC,1.0,Electron 85V,1.0,0,0.0,40.0,/Users/rkfuentes/Documents/md_anderson_analysis/yepes_code/data/2025-11-20/scope-results-2025-11-20-0745.csv,3.119935999999721e-10,0.0,0,0,0,0,50 ohms time 0.01
,SiC,1.0,Electron 85V,1.0,0,0.0,40.0,/Users/rkfuentes/Documents/md_anderson_analysis/yepes_code/data/2025-11-20/scope-results-2025-11-20-0746.csv,2.831952000000133e-10,0.0,0,0,0,0,50 ohms time 0.01
,SiC,1.0,Electron 85V,1.0,0,0.0,40.0,/Users/rkfuentes/Documents/md_anderson_analysis/yepes_code/data/2025-11-20/scope-results-2025-11-20-0747.csv,3.4836906666666846e-10,0.0,0,0,0,0,50 ohms time 0.01
,SiC,1.0,Electron 85V,1.0,0,0.0,40.0,/Users/rkfuentes/Documents/md_anderson_analysis/yepes_code/data/2025-11-20/scope-results-2025-11-20-0749.csv,2.519501333333296e-10,0.0,0,0,0,0,50 ohms time 0.01
,SiC,1.0,Electron 110V,1.0,0,0.0,40.0,/Users/rkfuentes/Documents/md_anderson_analysis/yepes_code/data/2025-11-20/scope-results-2025-11-20-0750.csv,4.839897599999997e-09,0.0,0,0,0,0,50 ohms time 0.01
,SiC,1.0,Electron 110V,1.0,0,0.0,40.0,/Users/rkfuentes/Documents/md_anderson_analysis/yepes_code/data/2025-11-20/scope-results-2025-11-20-0751.csv,5.275416266666683e-09,0.0,0,0,0,0,50 ohms time 0.01
,SiC,1.0,Electron 110V,1.0,0,0.0,40.0,/Users/rkfuentes/Documents/md_anderson_analysis/yepes_code/data/2025-11-20/scope-results-2025-11-20-0752.csv,6.0615973333334065e-09,0.0,0,0,0,0,50 ohms time 0.01
,SiC,1.0,Electron 110V,1.0,0,0.0,40.0,/Users/rkfuentes/Documents/md_anderson_analysis/yepes_code/data/2025-11-20/scope-results-2025-11-20-0753.csv,6.060998400000055e-09,0.0,0,0,0,0,50 ohms time 0.01
,SiC,1.0,Electron 110V,1.0,0,0.0,40.0,/Users/rkfuentes/Documents/md_anderson_analysis/yepes_code/data/2025-11-20/scope-results-2025-11-20-0754.csv,5.023188533333385e-09,0.0,0,0,0,0,50 ohms time 0.01
,SiC,1.0,Electron 110V,1.0,0,0.0,40.0,/Users/rkfuentes/Documents/md_anderson_analysis/yepes_code/data/2025-11-20/scope-results-2025-11-20-0755.csv,5.57325333333337e-09,0.0,0,0,0,0,50 ohms time 0.01
,SiC,1.0,Electron 110V,1.0,0,0.0,40.0,/Users/rkfuentes/Documents/md_anderson_analysis/yepes_code/data/2025-11-20/scope-results-2025-11-20-0756.csv,5.059974400000009e-09,0.0,0,0,0,0,50 ohms time 0.01
,SiC,1.0,Electron 110V,1.0,0,0.0,40.0,/Users/rkfuentes/Documents/md_anderson_analysis/yepes_code/data/2025-11-20/scope-results-2025-11-20-0757.csv,5.8716717333332925e-09,0.0,0,0,0,0,50 ohms time 0.01
,SiC,1.0,Electron 110V,1.0,0,0.0,40.0,/Users/rkfuentes/Documents/md_anderson_analysis/yepes_code/data/2025-11-20/scope-results-2025-11-20-0758.csv,5.346368800000002e-09,0.0,0,0,0,0,50 ohms time 0.01
,SiC,1.0,Electron 110V,1.0,0,0.0,40.0,/Users/rkfuentes/Documents/md_anderson_analysis/yepes_code/data/2025-11-20/scope-results-2025-11-20-0759.csv,4.1000917333333486e-09,0.0,0,0,0,0,50 ohms time 0.01
,SiC,1.0,Electron 110V,1.0,0,0.0,40.0,/Users/rkfuentes/Documents/md_anderson_analysis/yepes_code/data/2025-11-20/scope-results-2025-11-20-0760.csv,6.07789946666667e-09,0.0,0,0,0,0,50 ohms time 0.01
,SiC,1.0,Electron 110V,1.0,0,0.0,40.0,/Users/rkfuentes/Documents/md_anderson_analysis/yepes_code/data/2025-11-20/scope-results-2025-11-20-0761.csv,5.599933333333335e-09,0.0,0,0,0,0,50 ohms time 0.01
,SiC,1.0,Electron 191V,1.0,0,0.0,40.0,/Users/rkfuentes/Documents/md_anderson_analysis/yepes_code/data/2025-11-20/scope-results-2025-11-20-0762.csv,2.8850401866666624e-08,0.0,0,0,0,0,50 ohms time 0.01
,SiC,1.0,Electron 191V,1.0,0,0.0,40.0,/Users/rkfuentes/Documents/md_anderson_analysis/yepes_code/data/2025-11-20/scope-results-2025-11-20-0764.csv,2.7430966399999985e-08,0.0,0,0,0,0,50 ohms time 0.01
,SiC,1.0,Electron 191V,1.0,0,0.0,40.0,/Users/rkfuentes/Documents/md_anderson_analysis/yepes_code/data/2025-11-20/scope-results-2025-11-20-0766.csv,3.6623200000000004e-11,0.0,0,0,0,0,50 ohms time 0.01
,SiC,1.0,Electron 191V,1.0,0,0.0,40.0,/Users/rkfuentes/Documents/md_anderson_analysis/yepes_code/data/2025-11-20/scope-results-2025-11-20-0767.csv,2.6532373333333384e-08,0.0,0,0,0,0,50 ohms time 0.01
,SiC,1.0,Electron 191V,1.0,0,0.0,40.0,/Users/rkfuentes/Documents/md_anderson_analysis/yepes_code/data/2025-11-20/scope-results-2025-11-20-0768.csv,2.270232773333332e-08,0.0,0,0,0,0,50 ohms time 0.01
,SiC,1.0,Electron 191V,1.0,0,0.0,40.0,/Users/rkfuentes/Documents/md_anderson_analysis/yepes_code/data/2025-11-20/scope-results-2025-11-20-0769.csv,2.587613999999997e-08,0.0,0,0,0,0,50 ohms time 0.01
,SiC,1.0,Electron 85V,1.0,0,0.0,40.0,/Users/rkfuentes/Documents/md_anderson_analysis/yepes_code/data/2025-11-20/scope-results-2025-11-20-0877.csv,1.4049946666666487e-09,0.0,0,0,0,0,50 ohms time 0.01
,SiC,1.0,Electron 85V,1.0,0,0.0,40.0,/Users/rkfuentes/Documents/md_anderson_analysis/yepes_code/data/2025-11-20/scope-results-2025-11-20-0879.csv,1.405587200000011e-09,0.0,0,0,0,0,50 ohms time 0.01
,SiC,1.0,Electron 85V,1.0,0,0.0,40.0,/Users/rkfuentes/Documents/md_anderson_analysis/yepes_code/data/2025-11-20/scope-results-2025-11-20-0880.csv,2.6019749333333163e-09,0.0,0,0,0,0,50 ohms time 0.01
,SiC,1.0,Electron 85V,1.0,0,0.0,40.0,/Users/rkfuentes/Documents/md_anderson_analysis/yepes_code/data/2025-11-20/scope-results-2025-11-20-0882.csv,1.4835306666664505e-10,0.0,0,0,0,0,50 ohms time 0.01
,SiC,1.0,Electron 85V,1.0,0,0.0,40.0,/Users/rkfuentes/Documents/md_anderson_analysis/yepes_code/data/2025-11-20/scope-results-2025-11-20-0884.csv,2.425973333333242e-10,0.0,0,0,0,0,50 ohms time 0.01
,SiC,1.0,Electron 85V,1.0,0,0.0,40.0,/Users/rkfuentes/Documents/md_anderson_analysis/yepes_code/data/2025-11-20/scope-results-2025-11-20-0885.csv,3.5060640000000624e-10,0.0,0,0,0,0,50 ohms time 0.01
,SiC,1.0,Electron 85V,1.0,0,0.0,40.0,/Users/rkfuentes/Documents/md_anderson_analysis/yepes_code/data/2025-11-20/scope-results-2025-11-20-0886.csv,2.8331199999996463e-10,0.0,0,0,0,0,50 ohms time 0.01
,SiC,1.0,Electron 85V,1.0,0,0.0,40.0,/Users/rkfuentes/Documents/md_anderson_analysis/yepes_code/data/2025-11-20/scope-results-2025-11-20-0887.csv,3.2870239999999907e-10,0.0,0,0,0,0,50 ohms time 0.01
,SiC,1.0,Electron 85V,1.0,0,0.0,40.0,/Users/rkfuentes/Documents/md_anderson_analysis/yepes_code/data/2025-11-20/scope-results-2025-11-20-0888.csv,1.094719999999824e-10,0.0,0,0,0,0,50 ohms time 0.01
,SiC,1.0,Electron 85V,1.0,0,0.0,40.0,/Users/rkfuentes/Documents/md_anderson_analysis/yepes_code/data/2025-11-20/scope-results-2025-11-20-0889.csv,1.347551890034339e-09,0.0,0,0,0,0,50 ohms time 0.01
,SiC,1.0,Electron 85V,1.0,0,0.0,40.0,/Users/rkfuentes/Documents/md_anderson_analysis/yepes_code/data/2025-11-20/scope-results-2025-11-20-0890.csv,2.8738666666668214e-10,0.0,0,0,0,0,50 ohms time 0.01
,SiC,1.0,Electron 85V,1.0,0,0.0,40.0,/Users/rkfuentes/Documents/md_anderson_analysis/yepes_code/data/2025-11-20/scope-results-2025-11-20-0893.csv,2.6227199999996193e-10,0.0,0,0,0,0,50 ohms time 0.01
,SiC,1.0,Electron 85V,1.0,0,0.0,40.0,/Users/rkfuentes/Documents/md_anderson_analysis/yepes_code/data/2025-11-20/scope-results-2025-11-20-0894.csv,4.0873466666667323e-10,0.0,0,0,0,0,50 ohms time 0.01
,SiC,1.0,Electron 85V,1.0,0,0.0,40.0,/Users/rkfuentes/Documents/md_anderson_analysis/yepes_code/data/2025-11-20/scope-results-2025-11-20-0895.csv,1.9025497076023508e-09,0.0,0,0,0,0,50 ohms time 0.01
,SiC,1.0,Electron 85V,1.0,0,0.0,40.0,/Users/rkfuentes/Documents/md_anderson_analysis/yepes_code/data/2025-11-20/scope-results-2025-11-20-0896.csv,1.8220693333333247e-09,0.0,0,0,0,0,50 ohms time 0.01
,SiC,1.0,Electron 85V,1.0,0,0.0,40.0,/Users/rkfuentes/Documents/md_anderson_analysis/yepes_code/data/2025-11-20/scope-results-2025-11-20-0897.csv,1.3563861333332738e-09,0.0,0,0,0,0,50 ohms time 0.01
,SiC,1.0,Electron 110V,1.0,0,0.0,40.0,/Users/rkfuentes/Documents/md_anderson_analysis/yepes_code/data/2025-11-20/scope-results-2025-11-20-0943.csv,2.5113317333333202e-09,0.0,0,0,0,0,50 ohms time 0.01
,SiC,1.0,Electron 110V,1.0,0,0.0,40.0,/Users/rkfuentes/Documents/md_anderson_analysis/yepes_code/data/2025-11-20/scope-results-2025-11-20-0944.csv,3.394104000000009e-09,0.0,0,0,0,0,50 ohms time 0.01
,SiC,1.0,Electron 110V,1.0,0,0.0,40.0,/Users/rkfuentes/Documents/md_anderson_analysis/yepes_code/data/2025-11-20/scope-results-2025-11-20-0945.csv,2.5725866666666937e-09,0.0,0,0,0,0,50 ohms time 0.01
,SiC,1.0,Electron 110V,1.0,0,0.0,40.0,/Users/rkfuentes/Documents/md_anderson_analysis/yepes_code/data/2025-11-20/scope-results-2025-11-20-0946.csv,2.3546517333333124e-09,0.0,0,0,0,0,50 ohms time 0.01
,SiC,1.0,Electron 110V,1.0,0,0.0,40.0,/Users/rkfuentes/Documents/md_anderson_analysis/yepes_code/data/2025-11-20/scope-results-2025-11-20-0947.csv,3.2619186666666357e-09,0.0,0,0,0,0,50 ohms time 0.01
,SiC,1.0,Electron 110V,1.0,0,0.0,40.0,/Users/rkfuentes/Documents/md_anderson_analysis/yepes_code/data/2025-11-20/scope-results-2025-11-20-0948.csv,2.424006666666649e-09,0.0,0,0,0,0,50 ohms time 0.01
,SiC,1.0,Electron 110V,1.0,0,0.0,40.0,/Users/rkfuentes/Documents/md_anderson_analysis/yepes_code/data/2025-11-20/scope-results-2025-11-20-0949.csv,2.167606666666686e-09,0.0,0,0,0,0,50 ohms time 0.01
,SiC,1.0,Electron 110V,1.0,0,0.0,40.0,/Users/rkfuentes/Documents/md_anderson_analysis/yepes_code/data/2025-11-20/scope-results-2025-11-20-0950.csv,2.618436000000009e-09,0.0,0,0,0,0,50 ohms time 0.01
,SiC,1.0,Electron 110V,1.0,0,0.0,40.0,/Users/rkfuentes/Documents/md_anderson_analysis/yepes_code/data/2025-11-20/scope-results-2025-11-20-0952.csv,2.1274333333333316e-09,0.0,0,0,0,0,50 ohms time 0.01
,SiC,1.0,Electron 110V,1.0,0,0.0,40.0,/Users/rkfuentes/Documents/md_anderson_analysis/yepes_code/data/2025-11-20/scope-results-2025-11-20-0953.csv,2.824000000000043e-09,0.0,0,0,0,0,50 ohms time 0.01
,SiC,1.0,Electron 110V,1.0,0,0.0,40.0,/Users/rkfuentes/Documents/md_anderson_analysis/yepes_code/data/2025-11-20/scope-results-2025-11-20-0954.csv,1.9224704000000116e-09,0.0,0,0,0,0,50 ohms time 0.01
,SiC,1.0,Electron 110V,1.0,0,0.0,40.0,/Users/rkfuentes/Documents/md_anderson_analysis/yepes_code/data/2025-11-20/scope-results-2025-11-20-0955.csv,2.8285522666666645e-09,0.0,0,0,0,0,50 ohms time 0.01
,SiC,1.0,Electron 191V,1.0,0,0.0,40.0,/Users/rkfuentes/Documents/md_anderson_analysis/yepes_code/data/2025-11-20/scope-results-2025-11-20-0995.csv,1.5338508800000018e-08,0.0,0,0,0,0,50 ohms time 0.01
,SiC,1.0,Electron 191V,1.0,0,0.0,40.0,/Users/rkfuentes/Documents/md_anderson_analysis/yepes_code/data/2025-11-20/scope-results-2025-11-20-0996.csv,1.3801792266666628e-08,0.0,0,0,0,0,50 ohms time 0.01
,SiC,1.0,Electron 191V,1.0,0,0.0,40.0,/Users/rkfuentes/Documents/md_anderson_analysis/yepes_code/data/2025-11-20/scope-results-2025-11-20-0997.csv,1.3146961333333287e-08,0.0,0,0,0,0,50 ohms time 0.01
,SiC,1.0,Electron 191V,1.0,0,0.0,40.0,/Users/rkfuentes/Documents/md_anderson_analysis/yepes_code/data/2025-11-20/scope-results-2025-11-20-0999.csv,1.3448974666666671e-08,0.0,0,0,0,0,50 ohms time 0.01
,SiC,1.0,Electron 191V,1.0,0,0.0,40.0,/Users/rkfuentes/Documents/md_anderson_analysis/yepes_code/data/2025-11-20/scope-results-2025-11-20-1000.csv,1.3274872533333338e-08,0.0,0,0,0,0,50 ohms time 0.01
,SiC,1.0,Electron 191V,1.0,0,0.0,40.0,/Users/rkfuentes/Documents/md_anderson_analysis/yepes_code/data/2025-11-20/scope-results-2025-11-20-1001.csv,1.4067601866666637e-08,0.0,0,0,0,0,50 ohms time 0.01
,SiC,1.0,Electron 191V,1.0,0,0.0,40.0,/Users/rkfuentes/Documents/md_anderson_analysis/yepes_code/data/2025-11-20/scope-results-2025-11-20-1002.csv,1.3931187200000008e-08,0.0,0,0,0,0,50 ohms time 0.01
,SiC,1.0,Electron 191V,1.0,0,0.0,40.0,/Users/rkfuentes/Documents/md_anderson_analysis/yepes_code/data/2025-11-20/scope-results-2025-11-20-1003.csv,1.3943381066666655e-08,0.0,0,0,0,0,50 ohms time 0.01
,SiC,1.0,Electron 191V,1.0,0,0.0,40.0,/Users/rkfuentes/Documents/md_anderson_analysis/yepes_code/data/2025-11-20/scope-results-2025-11-20-1004.csv,1.3613483466666649e-08,0.0,0,0,0,0,50 ohms time 0.01
,SiC,1.0,Electron 191V,1.0,0,0.0,40.0,/Users/rkfuentes/Documents/md_anderson_analysis/yepes_code/data/2025-11-20/scope-results-2025-11-20-1005.csv,1.4354698666666646e-08,0.0,0,0,0,0,50 ohms time 0.01
,SiC,1.0,Electron 191V,1.0,0,0.0,40.0,/Users/rkfuentes/Documents/md_anderson_analysis/yepes_code/data/2025-11-20/scope-results-2025-11-20-1006.csv,1.2671770666666705e-08,0.0,0,0,0,0,50 ohms time 0.01
,SiC,1.0,Electron 191V,1.0,0,0.0,40.0,/Users/rkfuentes/Documents/md_anderson_analysis/yepes_code/data/2025-11-20/scope-results-2025-11-20-1007.csv,1.2996821333333335e-08,0.0,0,0,0,0,50 ohms time 0.01
,SiC,1.0,Electron 85V,1.0,0,0.0,40.0,/Users/rkfuentes/Documents/md_anderson_analysis/yepes_code/data/2025-11-20/scope-results-2025-11-20-1065.csv,1.280770133333339e-09,0.0,0,0,0,0,50 ohms time 0.01
,SiC,1.0,Electron 85V,1.0,0,0.0,40.0,/Users/rkfuentes/Documents/md_anderson_analysis/yepes_code/data/2025-11-20/scope-results-2025-11-20-1066.csv,3.482021333333517e-10,0.0,0,0,0,0,50 ohms time 0.01
,SiC,1.0,Electron 85V,1.0,0,0.0,40.0,/Users/rkfuentes/Documents/md_anderson_analysis/yepes_code/data/2025-11-20/scope-results-2025-11-20-1067.csv,2.2854106666664246e-10,0.0,0,0,0,0,50 ohms time 0.01
,SiC,1.0,Electron 85V,1.0,0,0.0,40.0,/Users/rkfuentes/Documents/md_anderson_analysis/yepes_code/data/2025-11-20/scope-results-2025-11-20-1068.csv,1.7578933333330205e-10,0.0,0,0,0,0,50 ohms time 0.01
,SiC,1.0,Electron 85V,1.0,0,0.0,40.0,/Users/rkfuentes/Documents/md_anderson_analysis/yepes_code/data/2025-11-20/scope-results-2025-11-20-1069.csv,3.2102719999999386e-10,0.0,0,0,0,0,50 ohms time 0.01
,SiC,1.0,Electron 85V,1.0,0,0.0,40.0,/Users/rkfuentes/Documents/md_anderson_analysis/yepes_code/data/2025-11-20/scope-results-2025-11-20-1070.csv,1.0655229340761362e-09,0.0,0,0,0,0,50 ohms time 0.01
,SiC,1.0,Electron 85V,1.0,0,0.0,40.0,/Users/rkfuentes/Documents/md_anderson_analysis/yepes_code/data/2025-11-20/scope-results-2025-11-20-1071.csv,2.9598240000000986e-10,0.0,0,0,0,0,50 ohms time 0.01
,SiC,1.0,Electron 85V,1.0,0,0.0,40.0,/Users/rkfuentes/Documents/md_anderson_analysis/yepes_code/data/2025-11-20/scope-results-2025-11-20-1072.csv,2.005194666666722e-10,0.0,0,0,0,0,50 ohms time 0.01
,SiC,1.0,Electron 85V,1.0,0,0.0,40.0,/Users/rkfuentes/Documents/md_anderson_analysis/yepes_code/data/2025-11-20/scope-results-2025-11-20-1073.csv,1.5751413333333178e-09,0.0,0,0,0,0,50 ohms time 0.01
,SiC,1.0,Electron 85V,1.0,0,0.0,40.0,/Users/rkfuentes/Documents/md_anderson_analysis/yepes_code/data/2025-11-20/scope-results-2025-11-20-1074.csv,2.226311999999993e-09,0.0,0,0,0,0,50 ohms time 0.01
,SiC,1.0,Electron 85V,1.0,0,0.0,40.0,/Users/rkfuentes/Documents/md_anderson_analysis/yepes_code/data/2025-11-20/scope-results-2025-11-20-1075.csv,1.550359999999884e-10,0.0,0,0,0,0,50 ohms time 0.01
,SiC,1.0,Electron 110V,1.0,0,0.0,40.0,/Users/rkfuentes/Documents/md_anderson_analysis/yepes_code/data/2025-11-20/scope-results-2025-11-20-1121.csv,1.895854666666639e-09,0.0,0,0,0,0,50 ohms time 0.01
,SiC,1.0,Electron 110V,1.0,0,0.0,40.0,/Users/rkfuentes/Documents/md_anderson_analysis/yepes_code/data/2025-11-20/scope-results-2025-11-20-1122.csv,1.0578999999999686e-09,0.0,0,0,0,0,50 ohms time 0.01
,SiC,1.0,Electron 110V,1.0,0,0.0,40.0,/Users/rkfuentes/Documents/md_anderson_analysis/yepes_code/data/2025-11-20/scope-results-2025-11-20-1123.csv,1.4337666666666929e-09,0.0,0,0,0,0,50 ohms time 0.01
,SiC,1.0,Electron 110V,1.0,0,0.0,40.0,/Users/rkfuentes/Documents/md_anderson_analysis/yepes_code/data/2025-11-20/scope-results-2025-11-20-1124.csv,1.565120000000011e-09,0.0,0,0,0,0,50 ohms time 0.01
,SiC,1.0,Electron 110V,1.0,0,0.0,40.0,/Users/rkfuentes/Documents/md_anderson_analysis/yepes_code/data/2025-11-20/scope-results-2025-11-20-1125.csv,1.5785850666666238e-09,0.0,0,0,0,0,50 ohms time 0.01
,SiC,1.0,Electron 110V,1.0,0,0.0,40.0,/Users/rkfuentes/Documents/md_anderson_analysis/yepes_code/data/2025-11-20/scope-results-2025-11-20-1126.csv,1.0279962666666366e-09,0.0,0,0,0,0,50 ohms time 0.01
,SiC,1.0,Electron 110V,1.0,0,0.0,40.0,/Users/rkfuentes/Documents/md_anderson_analysis/yepes_code/data/2025-11-20/scope-results-2025-11-20-1127.csv,1.7215850666666567e-09,0.0,0,0,0,0,50 ohms time 0.01
,SiC,1.0,Electron 110V,1.0,0,0.0,40.0,/Users/rkfuentes/Documents/md_anderson_analysis/yepes_code/data/2025-11-20/scope-results-2025-11-20-1128.csv,4.701570666666647e-10,0.0,0,0,0,0,50 ohms time 0.01
,SiC,1.0,Electron 110V,1.0,0,0.0,40.0,/Users/rkfuentes/Documents/md_anderson_analysis/yepes_code/data/2025-11-20/scope-results-2025-11-20-1129.csv,9.82402666666672e-10,0.0,0,0,0,0,50 ohms time 0.01
,SiC,1.0,Electron 110V,1.0,0,0.0,40.0,/Users/rkfuentes/Documents/md_anderson_analysis/yepes_code/data/2025-11-20/scope-results-2025-11-20-1130.csv,1.1679103999999577e-09,0.0,0,0,0,0,50 ohms time 0.01
,SiC,1.0,Electron 110V,1.0,0,0.0,40.0,/Users/rkfuentes/Documents/md_anderson_analysis/yepes_code/data/2025-11-20/scope-results-2025-11-20-1131.csv,1.5275853333333056e-09,0.0,0,0,0,0,50 ohms time 0.01
,SiC,1.0,Electron 110V,1.0,0,0.0,40.0,/Users/rkfuentes/Documents/md_anderson_analysis/yepes_code/data/2025-11-20/scope-results-2025-11-20-1132.csv,2.820248266666652e-09,0.0,0,0,0,0,50 ohms time 0.01
,SiC,1.0,Electron 110V,1.0,0,0.0,40.0,/Users/rkfuentes/Documents/md_anderson_analysis/yepes_code/data/2025-11-20/scope-results-2025-11-20-1133.csv,1.0489338666666574e-09,0.0,0,0,0,0,50 ohms time 0.01
,SiC,1.0,Electron 110V,1.0,0,0.0,40.0,/Users/rkfuentes/Documents/md_anderson_analysis/yepes_code/data/2025-11-20/scope-results-2025-11-20-1134.csv,1.777074666666672e-09,0.0,0,0,0,0,50 ohms time 0.01
,SiC,1.0,Electron 191V,1.0,0,0.0,40.0,/Users/rkfuentes/Documents/md_anderson_analysis/yepes_code/data/2025-11-20/scope-results-2025-11-20-1179.csv,7.809395733333323e-09,0.0,0,0,0,0,50 ohms time 0.01
,SiC,1.0,Electron 191V,1.0,0,0.0,40.0,/Users/rkfuentes/Documents/md_anderson_analysis/yepes_code/data/2025-11-20/scope-results-2025-11-20-1180.csv,7.529410666666679e-09,0.0,0,0,0,0,50 ohms time 0.01
,SiC,1.0,Electron 191V,1.0,0,0.0,40.0,/Users/rkfuentes/Documents/md_anderson_analysis/yepes_code/data/2025-11-20/scope-results-2025-11-20-1181.csv,7.035348266666641e-09,0.0,0,0,0,0,50 ohms time 0.01
,SiC,1.0,Electron 191V,1.0,0,0.0,40.0,/Users/rkfuentes/Documents/md_anderson_analysis/yepes_code/data/2025-11-20/scope-results-2025-11-20-1182.csv,7.906299466666652e-09,0.0,0,0,0,0,50 ohms time 0.01
,SiC,1.0,Electron 191V,1.0,0,0.0,40.0,/Users/rkfuentes/Documents/md_anderson_analysis/yepes_code/data/2025-11-20/scope-results-2025-11-20-1183.csv,6.872617866666667e-09,0.0,0,0,0,0,50 ohms time 0.01
,SiC,1.0,Electron 191V,1.0,0,0.0,40.0,/Users/rkfuentes/Documents/md_anderson_analysis/yepes_code/data/2025-11-20/scope-results-2025-11-20-1184.csv,7.339925333333337e-09,0.0,0,0,0,0,50 ohms time 0.01
,SiC,1.0,Electron 191V,1.0,0,0.0,40.0,/Users/rkfuentes/Documents/md_anderson_analysis/yepes_code/data/2025-11-20/scope-results-2025-11-20-1185.csv,3.967512000000012e-09,0.0,0,0,0,0,50 ohms time 0.01
,SiC,1.0,Electron 191V,1.0,0,0.0,40.0,/Users/rkfuentes/Documents/md_anderson_analysis/yepes_code/data/2025-11-20/scope-results-2025-11-20-1186.csv,7.16421706666665e-09,0.0,0,0,0,0,50 ohms time 0.01
,SiC,1.0,Electron 191V,1.0,0,0.0,40.0,/Users/rkfuentes/Documents/md_anderson_analysis/yepes_code/data/2025-11-20/scope-results-2025-11-20-1187.csv,6.849208800000007e-09,0.0,0,0,0,0,50 ohms time 0.01
,SiC,1.0,Electron 191V,1.0,0,0.0,40.0,/Users/rkfuentes/Documents/md_anderson_analysis/yepes_code/data/2025-11-20/scope-results-2025-11-20-1188.csv,7.97781359999998e-09,0.0,0,0,0,0,50 ohms time 0.01
,SiC,1.0,Electron 191V,1.0,0,0.0,40.0,/Users/rkfuentes/Documents/md_anderson_analysis/yepes_code/data/2025-11-20/scope-results-2025-11-20-1189.csv,6.927269866666625e-09,0.0,0,0,0,0,50 ohms time 0.01
,SiC,1.0,Electron 191V,1.0,0,0.0,40.0,/Users/rkfuentes/Documents/md_anderson_analysis/yepes_code/data/2025-11-20/scope-results-2025-11-20-1190.csv,7.314797066666645e-09,0.0,0,0,0,0,50 ohms time 0.01
,SiC,1.0,Electron 191V,1.0,0,0.0,40.0,/Users/rkfuentes/Documents/md_anderson_analysis/yepes_code/data/2025-11-20/scope-results-2025-11-20-1191.csv,7.893943466666666e-09,0.0,0,0,0,0,50 ohms time 0.01
,SiC,1.0,Electron 191V,1.0,0,0.0,40.0,/Users/rkfuentes/Documents/md_anderson_analysis/yepes_code/data/2025-11-20/scope-results-2025-11-20-1192.csv,6.909768533333333e-09,0.0,0,0,0,0,50 ohms time 0.01
,SiC,1.0,Electron 191V,1.0,0,0.0,40.0,/Users/rkfuentes/Documents/md_anderson_analysis/yepes_code/data/2025-11-20/scope-results-2025-11-20-1193.csv,7.086946666666653e-09,0.0,0,0,0,0,50 ohms time 0.01
,SiC,1.0,Electron 85V,1.0,0,0.0,40.0,/Users/rkfuentes/Documents/md_anderson_analysis/yepes_code/data/2025-11-20/scope-results-2025-11-20-1238.csv,1.5917973333330597e-10,0.0,0,0,0,0,50 ohms time 0.01
,SiC,1.0,Electron 85V,1.0,0,0.0,40.0,/Users/rkfuentes/Documents/md_anderson_analysis/yepes_code/data/2025-11-20/scope-results-2025-11-20-1239.csv,2.0859733333340565e-10,0.0,0,0,0,0,50 ohms time 0.01
,SiC,1.0,Electron 85V,1.0,0,0.0,40.0,/Users/rkfuentes/Documents/md_anderson_analysis/yepes_code/data/2025-11-20/scope-results-2025-11-20-1240.csv,2.0788645161290572e-09,0.0,0,0,0,0,50 ohms time 0.01
,SiC,1.0,Electron 85V,1.0,0,0.0,40.0,/Users/rkfuentes/Documents/md_anderson_analysis/yepes_code/data/2025-11-20/scope-results-2025-11-20-1241.csv,7.941226666669526e-11,0.0,0,0,0,0,50 ohms time 0.01
,SiC,1.0,Electron 85V,1.0,0,0.0,40.0,/Users/rkfuentes/Documents/md_anderson_analysis/yepes_code/data/2025-11-20/scope-results-2025-11-20-1242.csv,2.34779333333335e-09,0.0,0,0,0,0,50 ohms time 0.01
,SiC,1.0,Electron 85V,1.0,0,0.0,40.0,/Users/rkfuentes/Documents/md_anderson_analysis/yepes_code/data/2025-11-20/scope-results-2025-11-20-1243.csv,1.8749466666666413e-10,0.0,0,0,0,0,50 ohms time 0.01
,SiC,1.0,Electron 85V,1.0,0,0.0,40.0,/Users/rkfuentes/Documents/md_anderson_analysis/yepes_code/data/2025-11-20/scope-results-2025-11-20-1244.csv,1.8338773333333292e-09,0.0,0,0,0,0,50 ohms time 0.01
,SiC,1.0,Electron 85V,1.0,0,0.0,40.0,/Users/rkfuentes/Documents/md_anderson_analysis/yepes_code/data/2025-11-20/scope-results-2025-11-20-1245.csv,2.8787013333333264e-10,0.0,0,0,0,0,50 ohms time 0.01
,SiC,1.0,Electron 85V,1.0,0,0.0,40.0,/Users/rkfuentes/Documents/md_anderson_analysis/yepes_code/data/2025-11-20/scope-results-2025-11-20-1246.csv,2.5108666666666227e-10,0.0,0,0,0,0,50 ohms time 0.01
,SiC,1.0,Electron 85V,1.0,0,0.0,40.0,/Users/rkfuentes/Documents/md_anderson_analysis/yepes_code/data/2025-11-20/scope-results-2025-11-20-1248.csv,3.544106666666508e-10,0.0,0,0,0,0,50 ohms time 0.01
,SiC,1.0,Electron 85V,1.0,0,0.0,40.0,/Users/rkfuentes/Documents/md_anderson_analysis/yepes_code/data/2025-11-20/scope-results-2025-11-20-1249.csv,2.3373957446808826e-09,0.0,0,0,0,0,50 ohms time 0.01
,SiC,1.0,Electron 85V,1.0,0,0.0,40.0,/Users/rkfuentes/Documents/md_anderson_analysis/yepes_code/data/2025-11-20/scope-results-2025-11-20-1250.csv,1.5420266666666881e-09,0.0,0,0,0,0,50 ohms time 0.01
,SiC,1.0,Electron 110V,1.0,0,0.0,40.0,/Users/rkfuentes/Documents/md_anderson_analysis/yepes_code/data/2025-11-20/scope-results-2025-11-20-1287.csv,1.2576725333333286e-09,0.0,0,0,0,0,50 ohms time 0.01
,SiC,1.0,Electron 110V,1.0,0,0.0,40.0,/Users/rkfuentes/Documents/md_anderson_analysis/yepes_code/data/2025-11-20/scope-results-2025-11-20-1288.csv,1.024053333331104e-11,0.0,0,0,0,0,50 ohms time 0.01
,SiC,1.0,Electron 110V,1.0,0,0.0,40.0,/Users/rkfuentes/Documents/md_anderson_analysis/yepes_code/data/2025-11-20/scope-results-2025-11-20-1289.csv,1.142693333333326e-09,0.0,0,0,0,0,50 ohms time 0.01
,SiC,1.0,Electron 110V,1.0,0,0.0,40.0,/Users/rkfuentes/Documents/md_anderson_analysis/yepes_code/data/2025-11-20/scope-results-2025-11-20-1290.csv,4.6475893333334177e-10,0.0,0,0,0,0,50 ohms time 0.01
,SiC,1.0,Electron 110V,1.0,0,0.0,40.0,/Users/rkfuentes/Documents/md_anderson_analysis/yepes_code/data/2025-11-20/scope-results-2025-11-20-1291.csv,1.1577706666665976e-10,0.0,0,0,0,0,50 ohms time 0.01
,SiC,1.0,Electron 110V,1.0,0,0.0,40.0,/Users/rkfuentes/Documents/md_anderson_analysis/yepes_code/data/2025-11-20/scope-results-2025-11-20-1292.csv,2.545479999999799e-10,0.0,0,0,0,0,50 ohms time 0.01
,SiC,1.0,Electron 110V,1.0,0,0.0,40.0,/Users/rkfuentes/Documents/md_anderson_analysis/yepes_code/data/2025-11-20/scope-results-2025-11-20-1293.csv,1.0836522666666514e-09,0.0,0,0,0,0,50 ohms time 0.01
,SiC,1.0,Electron 110V,1.0,0,0.0,40.0,/Users/rkfuentes/Documents/md_anderson_analysis/yepes_code/data/2025-11-20/scope-results-2025-11-20-1294.csv,2.6924959999996966e-10,0.0,0,0,0,0,50 ohms time 0.01
,SiC,1.0,Electron 110V,1.0,0,0.0,40.0,/Users/rkfuentes/Documents/md_anderson_analysis/yepes_code/data/2025-11-20/scope-results-2025-11-20-1295.csv,1.2297173333334895e-10,0.0,0,0,0,0,50 ohms time 0.01
,SiC,1.0,Electron 110V,1.0,0,0.0,40.0,/Users/rkfuentes/Documents/md_anderson_analysis/yepes_code/data/2025-11-20/scope-results-2025-11-20-1296.csv,1.7233853333333365e-09,0.0,0,0,0,0,50 ohms time 0.01
,SiC,1.0,Electron 110V,1.0,0,0.0,40.0,/Users/rkfuentes/Documents/md_anderson_analysis/yepes_code/data/2025-11-20/scope-results-2025-11-20-1298.csv,2.3872106666667005e-10,0.0,0,0,0,0,50 ohms time 0.01
,SiC,1.0,Electron 110V,1.0,0,0.0,40.0,/Users/rkfuentes/Documents/md_anderson_analysis/yepes_code/data/2025-11-20/scope-results-2025-11-20-1299.csv,2.2187519999999828e-10,0.0,0,0,0,0,50 ohms time 0.01
,SiC,1.0,Electron 191V,1.0,0,0.0,40.0,/Users/rkfuentes/Documents/md_anderson_analysis/yepes_code/data/2025-11-20/scope-results-2025-11-20-1344.csv,4.316799999999972e-09,0.0,0,0,0,0,50 ohms time 0.01
,SiC,1.0,Electron 191V,1.0,0,0.0,40.0,/Users/rkfuentes/Documents/md_anderson_analysis/yepes_code/data/2025-11-20/scope-results-2025-11-20-1345.csv,3.1329162666666645e-09,0.0,0,0,0,0,50 ohms time 0.01
,SiC,1.0,Electron 191V,1.0,0,0.0,40.0,/Users/rkfuentes/Documents/md_anderson_analysis/yepes_code/data/2025-11-20/scope-results-2025-11-20-1346.csv,3.836102933333296e-09,0.0,0,0,0,0,50 ohms time 0.01
,SiC,1.0,Electron 191V,1.0,0,0.0,40.0,/Users/rkfuentes/Documents/md_anderson_analysis/yepes_code/data/2025-11-20/scope-results-2025-11-20-1347.csv,3.89737173333336e-09,0.0,0,0,0,0,50 ohms time 0.01
,SiC,1.0,Electron 191V,1.0,0,0.0,40.0,/Users/rkfuentes/Documents/md_anderson_analysis/yepes_code/data/2025-11-20/scope-results-2025-11-20-1348.csv,3.2059194666666656e-09,0.0,0,0,0,0,50 ohms time 0.01
,SiC,1.0,Electron 191V,1.0,0,0.0,40.0,/Users/rkfuentes/Documents/md_anderson_analysis/yepes_code/data/2025-11-20/scope-results-2025-11-20-1349.csv,4.36556399999998e-09,0.0,0,0,0,0,50 ohms time 0.01
,SiC,1.0,Electron 191V,1.0,0,0.0,40.0,/Users/rkfuentes/Documents/md_anderson_analysis/yepes_code/data/2025-11-20/scope-results-2025-11-20-1350.csv,4.005711733333316e-09,0.0,0,0,0,0,50 ohms time 0.01
,SiC,1.0,Electron 191V,1.0,0,0.0,40.0,/Users/rkfuentes/Documents/md_anderson_analysis/yepes_code/data/2025-11-20/scope-results-2025-11-20-1351.csv,2.6355328000000053e-09,0.0,0,0,0,0,50 ohms time 0.01
,SiC,1.0,Electron 191V,1.0,0,0.0,40.0,/Users/rkfuentes/Documents/md_anderson_analysis/yepes_code/data/2025-11-20/scope-results-2025-11-20-1352.csv,4.272345066666633e-09,0.0,0,0,0,0,50 ohms time 0.01
,SiC,1.0,Electron 191V,1.0,0,0.0,40.0,/Users/rkfuentes/Documents/md_anderson_analysis/yepes_code/data/2025-11-20/scope-results-2025-11-20-1353.csv,4.2069922666666695e-09,0.0,0,0,0,0,50 ohms time 0.01
,SiC,1.0,Electron 191V,1.0,0,0.0,40.0,/Users/rkfuentes/Documents/md_anderson_analysis/yepes_code/data/2025-11-20/scope-results-2025-11-20-1354.csv,3.804609599999982e-09,0.0,0,0,0,0,50 ohms time 0.01
,SiC,1.0,Electron 191V,1.0,0,0.0,40.0,/Users/rkfuentes/Documents/md_anderson_analysis/yepes_code/data/2025-11-20/scope-results-2025-11-20-1355.csv,3.768544000000033e-09,0.0,0,0,0,0,50 ohms time 0.01
,SiC,1.0,Electron 191V,1.0,0,0.0,40.0,/Users/rkfuentes/Documents/md_anderson_analysis/yepes_code/data/2025-11-20/scope-results-2025-11-20-1356.csv,4.173858133333332e-09,0.0,0,0,0,0,50 ohms time 0.01
,SiC,1.0,Electron 85V,1.0,0,0.0,40.0,/Users/rkfuentes/Documents/md_anderson_analysis/yepes_code/data/2025-11-20/scope-results-2025-11-20-1403.csv,3.7717866666668124e-10,0.0,0,0,0,0,50 ohms time 0.01
,SiC,1.0,Electron 85V,1.0,0,0.0,40.0,/Users/rkfuentes/Documents/md_anderson_analysis/yepes_code/data/2025-11-20/scope-results-2025-11-20-1404.csv,1.5402986666666834e-09,0.0,0,0,0,0,50 ohms time 0.01
,SiC,1.0,Electron 85V,1.0,0,0.0,40.0,/Users/rkfuentes/Documents/md_anderson_analysis/yepes_code/data/2025-11-20/scope-results-2025-11-20-1406.csv,3.8579493333330017e-10,0.0,0,0,0,0,50 ohms time 0.01
,SiC,1.0,Electron 85V,1.0,0,0.0,40.0,/Users/rkfuentes/Documents/md_anderson_analysis/yepes_code/data/2025-11-20/scope-results-2025-11-20-1407.csv,2.983359999999822e-10,0.0,0,0,0,0,50 ohms time 0.01
,SiC,1.0,Electron 85V,1.0,0,0.0,40.0,/Users/rkfuentes/Documents/md_anderson_analysis/yepes_code/data/2025-11-20/scope-results-2025-11-20-1408.csv,2.852711999999974e-10,0.0,0,0,0,0,50 ohms time 0.01
,SiC,1.0,Electron 85V,1.0,0,0.0,40.0,/Users/rkfuentes/Documents/md_anderson_analysis/yepes_code/data/2025-11-20/scope-results-2025-11-20-1409.csv,3.117957333332533e-10,0.0,0,0,0,0,50 ohms time 0.01
,SiC,1.0,Electron 85V,1.0,0,0.0,40.0,/Users/rkfuentes/Documents/md_anderson_analysis/yepes_code/data/2025-11-20/scope-results-2025-11-20-1410.csv,2.2245786666665776e-10,0.0,0,0,0,0,50 ohms time 0.01
,SiC,1.0,Electron 85V,1.0,0,0.0,40.0,/Users/rkfuentes/Documents/md_anderson_analysis/yepes_code/data/2025-11-20/scope-results-2025-11-20-1411.csv,1.7969600000000233e-10,0.0,0,0,0,0,50 ohms time 0.01
,SiC,1.0,Electron 85V,1.0,0,0.0,40.0,/Users/rkfuentes/Documents/md_anderson_analysis/yepes_code/data/2025-11-20/scope-results-2025-11-20-1412.csv,1.7494826666666784e-10,0.0,0,0,0,0,50 ohms time 0.01
,SiC,1.0,Electron 85V,1.0,0,0.0,40.0,/Users/rkfuentes/Documents/md_anderson_analysis/yepes_code/data/2025-11-20/scope-results-2025-11-20-1413.csv,1.3856501333333743e-09,0.0,0,0,0,0,50 ohms time 0.01
,SiC,1.0,Electron 110V,1.0,0,0.0,40.0,/Users/rkfuentes/Documents/md_anderson_analysis/yepes_code/data/2025-11-20/scope-results-2025-11-20-1453.csv,2.9988266666665777e-10,0.0,0,0,0,0,50 ohms time 0.01
,SiC,1.0,Electron 110V,1.0,0,0.0,40.0,/Users/rkfuentes/Documents/md_anderson_analysis/yepes_code/data/2025-11-20/scope-results-2025-11-20-1454.csv,2.2556933333331382e-10,0.0,0,0,0,0,50 ohms time 0.01
,SiC,1.0,Electron 110V,1.0,0,0.0,40.0,/Users/rkfuentes/Documents/md_anderson_analysis/yepes_code/data/2025-11-20/scope-results-2025-11-20-1456.csv,1.9272533333331018e-10,0.0,0,0,0,0,50 ohms time 0.01
,SiC,1.0,Electron 110V,1.0,0,0.0,40.0,/Users/rkfuentes/Documents/md_anderson_analysis/yepes_code/data/2025-11-20/scope-results-2025-11-20-1457.csv,2.2280639999999203e-10,0.0,0,0,0,0,50 ohms time 0.01
,SiC,1.0,Electron 110V,1.0,0,0.0,40.0,/Users/rkfuentes/Documents/md_anderson_analysis/yepes_code/data/2025-11-20/scope-results-2025-11-20-1458.csv,1.1245338666666397e-09,0.0,0,0,0,0,50 ohms time 0.01
,SiC,1.0,Electron 110V,1.0,0,0.0,40.0,/Users/rkfuentes/Documents/md_anderson_analysis/yepes_code/data/2025-11-20/scope-results-2025-11-20-1459.csv,2.479200000003076e-11,0.0,0,0,0,0,50 ohms time 0.01
,SiC,1.0,Electron 110V,1.0,0,0.0,40.0,/Users/rkfuentes/Documents/md_anderson_analysis/yepes_code/data/2025-11-20/scope-results-2025-11-20-1460.csv,1.4968074666666768e-09,0.0,0,0,0,0,50 ohms time 0.01
,SiC,1.0,Electron 110V,1.0,0,0.0,40.0,/Users/rkfuentes/Documents/md_anderson_analysis/yepes_code/data/2025-11-20/scope-results-2025-11-20-1461.csv,2.103221333333165e-10,0.0,0,0,0,0,50 ohms time 0.01
,SiC,1.0,Electron 191V,1.0,0,0.0,40.0,/Users/rkfuentes/Documents/md_anderson_analysis/yepes_code/data/2025-11-20/scope-results-2025-11-20-1493.csv,2.2868560000000117e-09,0.0,0,0,0,0,50 ohms time 0.01
,SiC,1.0,Electron 191V,1.0,0,0.0,40.0,/Users/rkfuentes/Documents/md_anderson_analysis/yepes_code/data/2025-11-20/scope-results-2025-11-20-1494.csv,2.440384000000008e-09,0.0,0,0,0,0,50 ohms time 0.01
,SiC,1.0,Electron 191V,1.0,0,0.0,40.0,/Users/rkfuentes/Documents/md_anderson_analysis/yepes_code/data/2025-11-20/scope-results-2025-11-20-1495.csv,1.1957274666666675e-09,0.0,0,0,0,0,50 ohms time 0.01
,SiC,1.0,Electron 191V,1.0,0,0.0,40.0,/Users/rkfuentes/Documents/md_anderson_analysis/yepes_code/data/2025-11-20/scope-results-2025-11-20-1496.csv,2.3606632000000043e-09,0.0,0,0,0,0,50 ohms time 0.01
,SiC,1.0,Electron 191V,1.0,0,0.0,40.0,/Users/rkfuentes/Documents/md_anderson_analysis/yepes_code/data/2025-11-20/scope-results-2025-11-20-1497.csv,2.5923770666666487e-09,0.0,0,0,0,0,50 ohms time 0.01
,SiC,1.0,Electron 191V,1.0,0,0.0,40.0,/Users/rkfuentes/Documents/md_anderson_analysis/yepes_code/data/2025-11-20/scope-results-2025-11-20-1498.csv,2.837477333333304e-09,0.0,0,0,0,0,50 ohms time 0.01
,SiC,1.0,Electron 191V,1.0,0,0.0,40.0,/Users/rkfuentes/Documents/md_anderson_analysis/yepes_code/data/2025-11-20/scope-results-2025-11-20-1499.csv,2.3736789333333303e-09,0.0,0,0,0,0,50 ohms time 0.01
,SiC,1.0,Electron 191V,1.0,0,0.0,40.0,/Users/rkfuentes/Documents/md_anderson_analysis/yepes_code/data/2025-11-20/scope-results-2025-11-20-1500.csv,2.5750061333333283e-09,0.0,0,0,0,0,50 ohms time 0.01
,SiC,1.0,Electron 191V,1.0,0,0.0,40.0,/Users/rkfuentes/Documents/md_anderson_analysis/yepes_code/data/2025-11-20/scope-results-2025-11-20-1501.csv,2.9650210666666906e-09,0.0,0,0,0,0,50 ohms time 0.01
,SiC,1.0,Electron 191V,1.0,0,0.0,40.0,/Users/rkfuentes/Documents/md_anderson_analysis/yepes_code/data/2025-11-20/scope-results-2025-11-20-1502.csv,2.410860266666661e-09,0.0,0,0,0,0,50 ohms time 0.01
,SiC,1.0,Electron 191V,1.0,0,0.0,40.0,/Users/rkfuentes/Documents/md_anderson_analysis/yepes_code/data/2025-11-20/scope-results-2025-11-20-1503.csv,2.437410666666665e-09,0.0,0,0,0,0,50 ohms time 0.01
,SiC,1.0,Electron 191V,1.0,0,0.0,40.0,/Users/rkfuentes/Documents/md_anderson_analysis/yepes_code/data/2025-11-20/scope-results-2025-11-20-1504.csv,2.2358058666666544e-09,0.0,0,0,0,0,50 ohms time 0.01
,SiC,1.0,Electron 191V,1.0,0,0.0,40.0,/Users/rkfuentes/Documents/md_anderson_analysis/yepes_code/data/2025-11-20/scope-results-2025-11-20-1574.csv,7.471978666666686e-09,0.0,0,0,0,0,50 ohms time 0.01 no collimator
,SiC,1.0,Electron 191V,1.0,0,0.0,40.0,/Users/rkfuentes/Documents/md_anderson_analysis/yepes_code/data/2025-11-20/scope-results-2025-11-20-1575.csv,5.115257333333317e-09,0.0,0,0,0,0,50 ohms time 0.01 no collimator
,SiC,1.0,Electron 191V,1.0,0,0.0,40.0,/Users/rkfuentes/Documents/md_anderson_analysis/yepes_code/data/2025-11-20/scope-results-2025-11-20-1576.csv,6.328082133333333e-08,0.0,0,0,0,0,50 ohms time 0.01 no collimator
,SiC,1.0,Electron 110V,1.0,0,0.0,40.0,/Users/rkfuentes/Documents/md_anderson_analysis/yepes_code/data/2025-11-20/scope-results-2025-11-20-1577.csv,2.2282064000000004e-08,0.0,0,0,0,0,50 ohms time 0.01 no collimator
,SiC,1.0,Electron 85V,1.0,0,0.0,200.0,/Users/rkfuentes/Documents/md_anderson_analysis/yepes_code/data/2025-11-20/scope-results-2025-11-20-1607.csv,3.17023866666665e-09,0.0,0,0,0,0,50 ohms time 0.01 no collimator
,SiC,1.0,Electron 85V,1.0,0,0.0,200.0,/Users/rkfuentes/Documents/md_anderson_analysis/yepes_code/data/2025-11-20/scope-results-2025-11-20-1608.csv,2.8139506666666657e-09,0.0,0,0,0,0,50 ohms time 0.01 no collimator
,SiC,1.0,Electron 85V,1.0,0,0.0,200.0,/Users/rkfuentes/Documents/md_anderson_analysis/yepes_code/data/2025-11-20/scope-results-2025-11-20-1609.csv,2.254437333333369e-09,0.0,0,0,0,0,50 ohms time 0.01 no collimator
,SiC,1.0,Electron 85V,1.0,0,0.0,200.0,/Users/rkfuentes/Documents/md_anderson_analysis/yepes_code/data/2025-11-20/scope-results-2025-11-20-1610.csv,3.2815093333333793e-09,0.0,0,0,0,0,50 ohms time 0.01 no collimator
,SiC,1.0,Electron 85V,1.0,0,0.0,200.0,/Users/rkfuentes/Documents/md_anderson_analysis/yepes_code/data/2025-11-20/scope-results-2025-11-20-1611.csv,4.221665782493334e-09,0.0,0,0,0,0,50 ohms time 0.01 no collimator
,SiC,1.0,Electron 85V,1.0,0,0.0,200.0,/Users/rkfuentes/Documents/md_anderson_analysis/yepes_code/data/2025-11-20/scope-results-2025-11-20-1612.csv,3.521759999999978e-09,0.0,0,0,0,0,50 ohms time 0.01 no collimator
,SiC,1.0,Electron 85V,1.0,0,0.0,200.0,/Users/rkfuentes/Documents/md_anderson_analysis/yepes_code/data/2025-11-20/scope-results-2025-11-20-1613.csv,3.050589333333382e-09,0.0,0,0,0,0,50 ohms time 0.01 no collimator
,SiC,1.0,Electron 85V,1.0,0,0.0,200.0,/Users/rkfuentes/Documents/md_anderson_analysis/yepes_code/data/2025-11-20/scope-results-2025-11-20-1614.csv,4.422335999999982e-09,0.0,0,0,0,0,50 ohms time 0.01 no collimator
,SiC,1.0,Electron 85V,1.0,0,0.0,200.0,/Users/rkfuentes/Documents/md_anderson_analysis/yepes_code/data/2025-11-20/scope-results-2025-11-20-1615.csv,2.331762666666728e-09,0.0,0,0,0,0,50 ohms time 0.01 no collimator
,SiC,1.0,Electron 85V,1.0,0,0.0,200.0,/Users/rkfuentes/Documents/md_anderson_analysis/yepes_code/data/2025-11-20/scope-results-2025-11-20-1616.csv,3.0279173333333496e-09,0.0,0,0,0,0,50 ohms time 0.01 no collimator
,SiC,1.0,Electron 110V,1.0,0,0.0,200.0,/Users/rkfuentes/Documents/md_anderson_analysis/yepes_code/data/2025-11-20/scope-results-2025-11-20-1655.csv,2.2723226666666718e-08,0.0,0,0,0,0,50 ohms time 0.01 no collimator
,SiC,1.0,Electron 110V,1.0,0,0.0,200.0,/Users/rkfuentes/Documents/md_anderson_analysis/yepes_code/data/2025-11-20/scope-results-2025-11-20-1656.csv,3.594880000000051e-09,0.0,0,0,0,0,50 ohms time 0.01 no collimator
,SiC,1.0,Electron 110V,1.0,0,0.0,200.0,/Users/rkfuentes/Documents/md_anderson_analysis/yepes_code/data/2025-11-20/scope-results-2025-11-20-1657.csv,1.1629853333333028e-09,0.0,0,0,0,0,50 ohms time 0.01 no collimator
,SiC,1.0,Electron 110V,1.0,0,0.0,200.0,/Users/rkfuentes/Documents/md_anderson_analysis/yepes_code/data/2025-11-20/scope-results-2025-11-20-1658.csv,2.1767802666666698e-08,0.0,0,0,0,0,50 ohms time 0.01 no collimator
,SiC,1.0,Electron 110V,1.0,0,0.0,200.0,/Users/rkfuentes/Documents/md_anderson_analysis/yepes_code/data/2025-11-20/scope-results-2025-11-20-1659.csv,2.5035839999999783e-09,0.0,0,0,0,0,50 ohms time 0.01 no collimator
,SiC,1.0,Electron 110V,1.0,0,0.0,200.0,/Users/rkfuentes/Documents/md_anderson_analysis/yepes_code/data/2025-11-20/scope-results-2025-11-20-1660.csv,1.7621159999999988e-09,0.0,0,0,0,0,50 ohms time 0.01 no collimator
,SiC,1.0,Electron 110V,1.0,0,0.0,200.0,/Users/rkfuentes/Documents/md_anderson_analysis/yepes_code/data/2025-11-20/scope-results-2025-11-20-1661.csv,1.2928399999999939e-09,0.0,0,0,0,0,50 ohms time 0.01 no collimator
,SiC,1.0,Electron 110V,1.0,0,0.0,200.0,/Users/rkfuentes/Documents/md_anderson_analysis/yepes_code/data/2025-11-20/scope-results-2025-11-20-1663.csv,2.3965893333333154e-09,0.0,0,0,0,0,50 ohms time 0.01 no collimator
,SiC,1.0,Electron 110V,1.0,0,0.0,200.0,/Users/rkfuentes/Documents/md_anderson_analysis/yepes_code/data/2025-11-20/scope-results-2025-11-20-1664.csv,3.4446506666666445e-09,0.0,0,0,0,0,50 ohms time 0.01 no collimator
,SiC,1.0,Electron 110V,1.0,0,0.0,200.0,/Users/rkfuentes/Documents/md_anderson_analysis/yepes_code/data/2025-11-20/scope-results-2025-11-20-1665.csv,4.414604426002686e-09,0.0,0,0,0,0,50 ohms time 0.01 no collimator
,SiC,1.0,Electron 110V,1.0,0,0.0,200.0,/Users/rkfuentes/Documents/md_anderson_analysis/yepes_code/data/2025-11-20/scope-results-2025-11-20-1666.csv,3.365194666666665e-09,0.0,0,0,0,0,50 ohms time 0.01 no collimator
,SiC,1.0,Electron 110V,1.0,0,0.0,200.0,/Users/rkfuentes/Documents/md_anderson_analysis/yepes_code/data/2025-11-20/scope-results-2025-11-20-1667.csv,1.4338919999999974e-09,0.0,0,0,0,0,50 ohms time 0.01 no collimator
,SiC,1.0,Electron 110V,1.0,0,0.0,200.0,/Users/rkfuentes/Documents/md_anderson_analysis/yepes_code/data/2025-11-20/scope-results-2025-11-20-1668.csv,3.23703466666665e-09,0.0,0,0,0,0,50 ohms time 0.01 no collimator
,SiC,1.0,Electron 85V,1.0,0,0.0,100.0,/Users/rkfuentes/Documents/md_anderson_analysis/yepes_code/data/2025-11-20/scope-results-2025-11-20-1798.csv,2.4142378666666875e-09,0.0,0,0,0,0,50 ohms time 0.01 no collimator
,SiC,1.0,Electron 85V,1.0,0,0.0,100.0,/Users/rkfuentes/Documents/md_anderson_analysis/yepes_code/data/2025-11-20/scope-results-2025-11-20-1799.csv,2.9771557333333475e-09,0.0,0,0,0,0,50 ohms time 0.01 no collimator
,SiC,1.0,Electron 85V,1.0,0,0.0,100.0,/Users/rkfuentes/Documents/md_anderson_analysis/yepes_code/data/2025-11-20/scope-results-2025-11-20-1800.csv,4.7285791999999954e-09,0.0,0,0,0,0,50 ohms time 0.01 no collimator
,SiC,1.0,Electron 85V,1.0,0,0.0,100.0,/Users/rkfuentes/Documents/md_anderson_analysis/yepes_code/data/2025-11-20/scope-results-2025-11-20-1801.csv,2.3796560000000087e-09,0.0,0,0,0,0,50 ohms time 0.01 no collimator
,SiC,1.0,Electron 85V,1.0,0,0.0,100.0,/Users/rkfuentes/Documents/md_anderson_analysis/yepes_code/data/2025-11-20/scope-results-2025-11-20-1802.csv,1.6373386666667356e-09,0.0,0,0,0,0,50 ohms time 0.01 no collimator
,SiC,1.0,Electron 85V,1.0,0,0.0,100.0,/Users/rkfuentes/Documents/md_anderson_analysis/yepes_code/data/2025-11-20/scope-results-2025-11-20-1803.csv,1.741902933333349e-09,0.0,0,0,0,0,50 ohms time 0.01 no collimator
,SiC,1.0,Electron 85V,1.0,0,0.0,100.0,/Users/rkfuentes/Documents/md_anderson_analysis/yepes_code/data/2025-11-20/scope-results-2025-11-20-1804.csv,2.728753066666682e-09,0.0,0,0,0,0,50 ohms time 0.01 no collimator
,SiC,1.0,Electron 85V,1.0,0,0.0,100.0,/Users/rkfuentes/Documents/md_anderson_analysis/yepes_code/data/2025-11-20/scope-results-2025-11-20-1805.csv,2.364191999999982e-09,0.0,0,0,0,0,50 ohms time 0.01 no collimator
,SiC,1.0,Electron 85V,1.0,0,0.0,100.0,/Users/rkfuentes/Documents/md_anderson_analysis/yepes_code/data/2025-11-20/scope-results-2025-11-20-1806.csv,2.17715893333334e-09,0.0,0,0,0,0,50 ohms time 0.01 no collimator
,SiC,1.0,Electron 85V,1.0,0,0.0,100.0,/Users/rkfuentes/Documents/md_anderson_analysis/yepes_code/data/2025-11-20/scope-results-2025-11-20-1807.csv,3.495711258278144e-09,0.0,0,0,0,0,50 ohms time 0.01 no collimator
,SiC,1.0,Electron 85V,1.0,0,0.0,100.0,/Users/rkfuentes/Documents/md_anderson_analysis/yepes_code/data/2025-11-20/scope-results-2025-11-20-1808.csv,1.5268416000000163e-09,0.0,0,0,0,0,50 ohms time 0.01 no collimator
,SiC,1.0,Electron 110V,1.0,0,0.0,100.0,/Users/rkfuentes/Documents/md_anderson_analysis/yepes_code/data/2025-11-20/scope-results-2025-11-20-1869.csv,4.5570266666666555e-09,0.0,0,0,0,0,50 ohms time 0.01
,SiC,1.0,Electron 110V,1.0,0,0.0,100.0,/Users/rkfuentes/Documents/md_anderson_analysis/yepes_code/data/2025-11-20/scope-results-2025-11-20-1870.csv,4.393501333333354e-09,0.0,0,0,0,0,50 ohms time 0.01
,SiC,1.0,Electron 110V,1.0,0,0.0,100.0,/Users/rkfuentes/Documents/md_anderson_analysis/yepes_code/data/2025-11-20/scope-results-2025-11-20-1871.csv,2.4305247999999966e-09,0.0,0,0,0,0,50 ohms time 0.01
,SiC,1.0,Electron 110V,1.0,0,0.0,100.0,/Users/rkfuentes/Documents/md_anderson_analysis/yepes_code/data/2025-11-20/scope-results-2025-11-20-1872.csv,4.440678400000026e-09,0.0,0,0,0,0,50 ohms time 0.01
,SiC,1.0,Electron 110V,1.0,0,0.0,100.0,/Users/rkfuentes/Documents/md_anderson_analysis/yepes_code/data/2025-11-20/scope-results-2025-11-20-1873.csv,2.0174794666666662e-08,0.0,0,0,0,0,50 ohms time 0.01
,SiC,1.0,Electron 110V,1.0,0,0.0,100.0,/Users/rkfuentes/Documents/md_anderson_analysis/yepes_code/data/2025-11-20/scope-results-2025-11-20-1874.csv,2.0667549866666637e-08,0.0,0,0,0,0,50 ohms time 0.01
,SiC,1.0,Electron 110V,1.0,0,0.0,100.0,/Users/rkfuentes/Documents/md_anderson_analysis/yepes_code/data/2025-11-20/scope-results-2025-11-20-1875.csv,4.4313621333333485e-09,0.0,0,0,0,0,50 ohms time 0.01
,SiC,1.0,Electron 110V,1.0,0,0.0,100.0,/Users/rkfuentes/Documents/md_anderson_analysis/yepes_code/data/2025-11-20/scope-results-2025-11-20-1876.csv,1.903696640000001e-08,0.0,0,0,0,0,50 ohms time 0.01
,SiC,1.0,Electron 110V,1.0,0,0.0,100.0,/Users/rkfuentes/Documents/md_anderson_analysis/yepes_code/data/2025-11-20/scope-results-2025-11-20-1877.csv,2.8171573333333233e-09,0.0,0,0,0,0,50 ohms time 0.01
,SiC,1.0,Electron 110V,1.0,0,0.0,100.0,/Users/rkfuentes/Documents/md_anderson_analysis/yepes_code/data/2025-11-20/scope-results-2025-11-20-1878.csv,3.2379167999999948e-09,0.0,0,0,0,0,50 ohms time 0.01
,SiC,1.0,Electron 110V,1.0,0,0.0,100.0,/Users/rkfuentes/Documents/md_anderson_analysis/yepes_code/data/2025-11-20/scope-results-2025-11-20-1879.csv,2.240204799999984e-09,0.0,0,0,0,0,50 ohms time 0.01
,SiC,1.0,Electron 110V,1.0,0,0.0,100.0,/Users/rkfuentes/Documents/md_anderson_analysis/yepes_code/data/2025-11-20/scope-results-2025-11-20-1880.csv,1.9632745599999976e-08,0.0,0,0,0,0,50 ohms time 0.01
,SiC,1.0,Electron 110V,1.0,0,0.0,100.0,/Users/rkfuentes/Documents/md_anderson_analysis/yepes_code/data/2025-11-20/scope-results-2025-11-20-1881.csv,1.955643733333334e-08,0.0,0,0,0,0,50 ohms time 0.01
,SiC,1.0,Electron 110V,1.0,0,0.0,10.0,/Users/rkfuentes/Documents/md_anderson_analysis/yepes_code/data/2025-11-20/scope-results-2025-11-20-1930.csv,1.0950679466666652e-08,0.0,0,0,0,0,50 ohms time 0.01
,SiC,1.0,Electron 110V,1.0,0,0.0,10.0,/Users/rkfuentes/Documents/md_anderson_analysis/yepes_code/data/2025-11-20/scope-results-2025-11-20-1931.csv,8.11912533333332e-09,0.0,0,0,0,0,50 ohms time 0.01
,SiC,1.0,Electron 110V,1.0,0,0.0,10.0,/Users/rkfuentes/Documents/md_anderson_analysis/yepes_code/data/2025-11-20/scope-results-2025-11-20-1932.csv,8.003701333333335e-09,0.0,0,0,0,0,50 ohms time 0.01
,SiC,1.0,Electron 110V,1.0,0,0.0,10.0,/Users/rkfuentes/Documents/md_anderson_analysis/yepes_code/data/2025-11-20/scope-results-2025-11-20-1933.csv,1.1474866666666647e-08,0.0,0,0,0,0,50 ohms time 0.01
,SiC,1.0,Electron 110V,1.0,0,0.0,10.0,/Users/rkfuentes/Documents/md_anderson_analysis/yepes_code/data/2025-11-20/scope-results-2025-11-20-1934.csv,9.050532266666679e-09,0.0,0,0,0,0,50 ohms time 0.01
,SiC,1.0,Electron 110V,1.0,0,0.0,10.0,/Users/rkfuentes/Documents/md_anderson_analysis/yepes_code/data/2025-11-20/scope-results-2025-11-20-1935.csv,8.961548800000023e-09,0.0,0,0,0,0,50 ohms time 0.01
,SiC,1.0,Electron 110V,1.0,0,0.0,10.0,/Users/rkfuentes/Documents/md_anderson_analysis/yepes_code/data/2025-11-20/scope-results-2025-11-20-1936.csv,8.879674666666662e-09,0.0,0,0,0,0,50 ohms time 0.01
,SiC,1.0,Electron 110V,1.0,0,0.0,10.0,/Users/rkfuentes/Documents/md_anderson_analysis/yepes_code/data/2025-11-20/scope-results-2025-11-20-1937.csv,1.1043010666666668e-08,0.0,0,0,0,0,50 ohms time 0.01
,SiC,1.0,Electron 110V,1.0,0,0.0,10.0,/Users/rkfuentes/Documents/md_anderson_analysis/yepes_code/data/2025-11-20/scope-results-2025-11-20-1938.csv,9.390941866666662e-09,0.0,0,0,0,0,50 ohms time 0.01
,SiC,1.0,Electron 110V,1.0,0,0.0,10.0,/Users/rkfuentes/Documents/md_anderson_analysis/yepes_code/data/2025-11-20/scope-results-2025-11-20-1939.csv,9.161845333333304e-09,0.0,0,0,0,0,50 ohms time 0.01
,SiC,1.0,Electron 110V,1.0,0,0.0,10.0,/Users/rkfuentes/Documents/md_anderson_analysis/yepes_code/data/2025-11-20/scope-results-2025-11-20-1940.csv,8.884472533333344e-09,0.0,0,0,0,0,50 ohms time 0.01
,SiC,1.0,Electron 191V,1.0,0,0.0,10.0,/Users/rkfuentes/Documents/md_anderson_analysis/yepes_code/data/2025-11-20/scope-results-2025-11-20-1968.csv,6.128928533333335e-08,0.0,0,0,0,0,50 ohms time 0.01
,SiC,1.0,Electron 191V,1.0,0,0.0,10.0,/Users/rkfuentes/Documents/md_anderson_analysis/yepes_code/data/2025-11-20/scope-results-2025-11-20-1971.csv,6.114767786666666e-08,0.0,0,0,0,0,50 ohms time 0.01
,SiC,1.0,Electron 110V,1.0,0,0.0,10.0,/Users/rkfuentes/Documents/md_anderson_analysis/yepes_code/data/2025-11-20/scope-results-2025-11-20-1996.csv,6.416780799999998e-09,0.0,0,0,0,0,50 ohms time 0.01
,SiC,1.0,Electron 110V,1.0,0,0.0,10.0,/Users/rkfuentes/Documents/md_anderson_analysis/yepes_code/data/2025-11-20/scope-results-2025-11-20-1997.csv,4.755770666666684e-09,0.0,0,0,0,0,50 ohms time 0.01
,SiC,1.0,Electron 110V,1.0,0,0.0,10.0,/Users/rkfuentes/Documents/md_anderson_analysis/yepes_code/data/2025-11-20/scope-results-2025-11-20-1998.csv,6.786940800000002e-09,0.0,0,0,0,0,50 ohms time 0.01
,SiC,1.0,Electron 110V,1.0,0,0.0,10.0,/Users/rkfuentes/Documents/md_anderson_analysis/yepes_code/data/2025-11-20/scope-results-2025-11-20-1999.csv,4.898350933333322e-09,0.0,0,0,0,0,50 ohms time 0.01
,SiC,1.0,Electron 110V,1.0,0,0.0,10.0,/Users/rkfuentes/Documents/md_anderson_analysis/yepes_code/data/2025-11-20/scope-results-2025-11-20-2000.csv,4.411338666666657e-09,0.0,0,0,0,0,50 ohms time 0.01
,SiC,1.0,Electron 110V,1.0,0,0.0,10.0,/Users/rkfuentes/Documents/md_anderson_analysis/yepes_code/data/2025-11-20/scope-results-2025-11-20-2001.csv,5.275798933333335e-09,0.0,0,0,0,0,50 ohms time 0.01
,SiC,1.0,Electron 85V,2.0,0,0.0,40.0,/Users/rkfuentes/Documents/md_anderson_analysis/yepes_code/data/2025-11-20/scope-results-2025-11-20-0048.csv,4.066379999999991e-09,0.0,0,0,0,0,50 ohms
,SiC,1.0,Electron 85V,2.0,0,0.0,40.0,/Users/rkfuentes/Documents/md_anderson_analysis/yepes_code/data/2025-11-20/scope-results-2025-11-20-0049.csv,3.867508000000011e-09,0.0,0,0,0,0,50 ohms
,SiC,1.0,Electron 85V,2.0,0,0.0,40.0,/Users/rkfuentes/Documents/md_anderson_analysis/yepes_code/data/2025-11-20/scope-results-2025-11-20-0050.csv,4.06668666666668e-09,0.0,0,0,0,0,50 ohms
,SiC,1.0,Electron 85V,2.0,0,0.0,40.0,/Users/rkfuentes/Documents/md_anderson_analysis/yepes_code/data/2025-11-20/scope-results-2025-11-20-0051.csv,9.482570666666651e-09,0.0,0,0,0,0,50 ohms
,SiC,1.0,Electron 85V,2.0,0,0.0,40.0,/Users/rkfuentes/Documents/md_anderson_analysis/yepes_code/data/2025-11-20/scope-results-2025-11-20-0052.csv,3.91134399999997e-09,0.0,0,0,0,0,50 ohms
,SiC,1.0,Electron 85V,2.0,0,0.0,40.0,/Users/rkfuentes/Documents/md_anderson_analysis/yepes_code/data/2025-11-20/scope-results-2025-11-20-0053.csv,1.156546666666692e-09,0.0,0,0,0,0,50 ohms
,SiC,1.0,Electron 85V,2.0,0,0.0,40.0,/Users/rkfuentes/Documents/md_anderson_analysis/yepes_code/data/2025-11-20/scope-results-2025-11-20-0054.csv,1.133622666666667e-09,0.0,0,0,0,0,50 ohms
,SiC,1.0,Electron 85V,2.0,0,0.0,40.0,/Users/rkfuentes/Documents/md_anderson_analysis/yepes_code/data/2025-11-20/scope-results-2025-11-20-0055.csv,5.022054666666625e-09,0.0,0,0,0,0,50 ohms
,SiC,1.0,Electron 85V,2.0,0,0.0,40.0,/Users/rkfuentes/Documents/md_anderson_analysis/yepes_code/data/2025-11-20/scope-results-2025-11-20-0056.csv,3.4357119999999865e-09,0.0,0,0,0,0,50 ohms
,SiC,1.0,Electron 85V,2.0,0,0.0,40.0,/Users/rkfuentes/Documents/md_anderson_analysis/yepes_code/data/2025-11-20/scope-results-2025-11-20-0057.csv,1.338210666666684e-09,0.0,0,0,0,0,50 ohms
,SiC,1.0,Electron 85V,2.0,0,0.0,40.0,/Users/rkfuentes/Documents/md_anderson_analysis/yepes_code/data/2025-11-20/scope-results-2025-11-20-0059.csv,1.3095573333333795e-09,0.0,0,0,0,0,50 ohms
,SiC,1.0,Electron 85V,2.0,0,0.0,40.0,/Users/rkfuentes/Documents/md_anderson_analysis/yepes_code/data/2025-11-20/scope-results-2025-11-20-0060.csv,2.512885333333337e-09,0.0,0,0,0,0,50 ohms
,SiC,1.0,Electron 85V,2.0,0,0.0,40.0,/Users/rkfuentes/Documents/md_anderson_analysis/yepes_code/data/2025-11-20/scope-results-2025-11-20-0061.csv,1.0126759999999874e-09,0.0,0,0,0,0,50 ohms
,SiC,1.0,Electron 85V,2.0,0,0.0,40.0,/Users/rkfuentes/Documents/md_anderson_analysis/yepes_code/data/2025-11-20/scope-results-2025-11-20-0062.csv,4.092781333333344e-09,0.0,0,0,0,0,50 ohms
,SiC,1.0,Electron 85V,2.0,0,0.0,40.0,/Users/rkfuentes/Documents/md_anderson_analysis/yepes_code/data/2025-11-20/scope-results-2025-11-20-0063.csv,3.067018666666693e-09,0.0,0,0,0,0,50 ohms
,SiC,1.0,Electron 85V,2.0,0,0.0,40.0,/Users/rkfuentes/Documents/md_anderson_analysis/yepes_code/data/2025-11-20/scope-results-2025-11-20-0064.csv,2.41270666666667e-09,0.0,0,0,0,0,50 ohms
,SiC,1.0,Electron 110V,2.0,0,0.0,40.0,/Users/rkfuentes/Documents/md_anderson_analysis/yepes_code/data/2025-11-20/scope-results-2025-11-20-0113.csv,2.189656666666673e-08,0.0,0,0,0,0,50 ohms time 0.01
,SiC,1.0,Electron 110V,2.0,0,0.0,40.0,/Users/rkfuentes/Documents/md_anderson_analysis/yepes_code/data/2025-11-20/scope-results-2025-11-20-0114.csv,4.2724725333333354e-08,0.0,0,0,0,0,50 ohms time 0.01
,SiC,1.0,Electron 110V,2.0,0,0.0,40.0,/Users/rkfuentes/Documents/md_anderson_analysis/yepes_code/data/2025-11-20/scope-results-2025-11-20-0115.csv,4.230359466666667e-08,0.0,0,0,0,0,50 ohms time 0.01
,SiC,1.0,Electron 110V,2.0,0,0.0,40.0,/Users/rkfuentes/Documents/md_anderson_analysis/yepes_code/data/2025-11-20/scope-results-2025-11-20-0116.csv,4.882964266666671e-08,0.0,0,0,0,0,50 ohms time 0.01
,SiC,1.0,Electron 110V,2.0,0,0.0,40.0,/Users/rkfuentes/Documents/md_anderson_analysis/yepes_code/data/2025-11-20/scope-results-2025-11-20-0117.csv,4.185551866666665e-08,0.0,0,0,0,0,50 ohms time 0.01
,SiC,1.0,Electron 110V,2.0,0,0.0,40.0,/Users/rkfuentes/Documents/md_anderson_analysis/yepes_code/data/2025-11-20/scope-results-2025-11-20-0118.csv,2.0145733333333443e-08,0.0,0,0,0,0,50 ohms time 0.01
,SiC,1.0,Electron 110V,2.0,0,0.0,40.0,/Users/rkfuentes/Documents/md_anderson_analysis/yepes_code/data/2025-11-20/scope-results-2025-11-20-0119.csv,4.186467733333334e-08,0.0,0,0,0,0,50 ohms time 0.01
,SiC,1.0,Electron 110V,2.0,0,0.0,40.0,/Users/rkfuentes/Documents/md_anderson_analysis/yepes_code/data/2025-11-20/scope-results-2025-11-20-0120.csv,1.8745714666666694e-08,0.0,0,0,0,0,50 ohms time 0.01
,SiC,1.0,Electron 110V,2.0,0,0.0,40.0,/Users/rkfuentes/Documents/md_anderson_analysis/yepes_code/data/2025-11-20/scope-results-2025-11-20-0121.csv,4.1395086666666687e-08,0.0,0,0,0,0,50 ohms time 0.01
,SiC,1.0,Electron 110V,2.0,0,0.0,40.0,/Users/rkfuentes/Documents/md_anderson_analysis/yepes_code/data/2025-11-20/scope-results-2025-11-20-0122.csv,4.784394666666671e-08,0.0,0,0,0,0,50 ohms time 0.01
,SiC,1.0,Electron 110V,2.0,0,0.0,40.0,/Users/rkfuentes/Documents/md_anderson_analysis/yepes_code/data/2025-11-20/scope-results-2025-11-20-0123.csv,4.231680000000001e-08,0.0,0,0,0,0,50 ohms time 0.01
,SiC,1.0,Electron 110V,2.0,0,0.0,40.0,/Users/rkfuentes/Documents/md_anderson_analysis/yepes_code/data/2025-11-20/scope-results-2025-11-20-0124.csv,4.147998933333335e-08,0.0,0,0,0,0,50 ohms time 0.01
,SiC,1.0,Electron 191V,2.0,0,0.0,40.0,/Users/rkfuentes/Documents/md_anderson_analysis/yepes_code/data/2025-11-20/scope-results-2025-11-20-0161.csv,1.5553557333333336e-07,0.0,0,0,0,0,50 ohms time 0.01
,SiC,1.0,Electron 191V,2.0,0,0.0,40.0,/Users/rkfuentes/Documents/md_anderson_analysis/yepes_code/data/2025-11-20/scope-results-2025-11-20-0162.csv,1.5594149600000003e-07,0.0,0,0,0,0,50 ohms time 0.01
,SiC,1.0,Electron 191V,2.0,0,0.0,40.0,/Users/rkfuentes/Documents/md_anderson_analysis/yepes_code/data/2025-11-20/scope-results-2025-11-20-0163.csv,1.5542951466666667e-07,0.0,0,0,0,0,50 ohms time 0.01
,SiC,1.0,Electron 191V,2.0,0,0.0,40.0,/Users/rkfuentes/Documents/md_anderson_analysis/yepes_code/data/2025-11-20/scope-results-2025-11-20-0164.csv,1.5525343333333333e-07,0.0,0,0,0,0,50 ohms time 0.01
,SiC,1.0,Electron 191V,2.0,0,0.0,40.0,/Users/rkfuentes/Documents/md_anderson_analysis/yepes_code/data/2025-11-20/scope-results-2025-11-20-0165.csv,1.5467969866666667e-07,0.0,0,0,0,0,50 ohms time 0.01
,SiC,1.0,Electron 191V,2.0,0,0.0,40.0,/Users/rkfuentes/Documents/md_anderson_analysis/yepes_code/data/2025-11-20/scope-results-2025-11-20-0166.csv,1.5319774533333327e-07,0.0,0,0,0,0,50 ohms time 0.01
,SiC,1.0,Electron 191V,2.0,0,0.0,40.0,/Users/rkfuentes/Documents/md_anderson_analysis/yepes_code/data/2025-11-20/scope-results-2025-11-20-0167.csv,1.5280139733333328e-07,0.0,0,0,0,0,50 ohms time 0.01
,SiC,1.0,Electron 191V,2.0,0,0.0,40.0,/Users/rkfuentes/Documents/md_anderson_analysis/yepes_code/data/2025-11-20/scope-results-2025-11-20-0168.csv,1.5215034399999997e-07,0.0,0,0,0,0,50 ohms time 0.01
,SiC,1.0,Electron 191V,2.0,0,0.0,40.0,/Users/rkfuentes/Documents/md_anderson_analysis/yepes_code/data/2025-11-20/scope-results-2025-11-20-0169.csv,1.5313041600000002e-07,0.0,0,0,0,0,50 ohms time 0.01
,SiC,1.0,Electron 191V,2.0,0,0.0,40.0,/Users/rkfuentes/Documents/md_anderson_analysis/yepes_code/data/2025-11-20/scope-results-2025-11-20-0170.csv,1.5247616e-07,0.0,0,0,0,0,50 ohms time 0.01
,SiC,1.0,Electron 191V,2.0,0,0.0,40.0,/Users/rkfuentes/Documents/md_anderson_analysis/yepes_code/data/2025-11-20/scope-results-2025-11-20-0171.csv,1.5201278666666664e-07,0.0,0,0,0,0,50 ohms time 0.01
,SiC,1.0,Electron 191V,2.0,0,0.0,40.0,/Users/rkfuentes/Documents/md_anderson_analysis/yepes_code/data/2025-11-20/scope-results-2025-11-20-0172.csv,1.5112384000000003e-07,0.0,0,0,0,0,50 ohms time 0.01
,SiC,1.0,Electron 110V,2.0,0,0.0,40.0,/Users/rkfuentes/Documents/md_anderson_analysis/yepes_code/data/2025-11-20/scope-results-2025-11-20-0321.csv,1.651098666666664e-08,0.0,0,0,0,0,50 ohms time 0.01
,SiC,1.0,Electron 110V,2.0,0,0.0,40.0,/Users/rkfuentes/Documents/md_anderson_analysis/yepes_code/data/2025-11-20/scope-results-2025-11-20-0322.csv,1.509082800000003e-08,0.0,0,0,0,0,50 ohms time 0.01
,SiC,1.0,Electron 110V,2.0,0,0.0,40.0,/Users/rkfuentes/Documents/md_anderson_analysis/yepes_code/data/2025-11-20/scope-results-2025-11-20-0323.csv,1.5762213333333333e-08,0.0,0,0,0,0,50 ohms time 0.01
,SiC,1.0,Electron 110V,2.0,0,0.0,40.0,/Users/rkfuentes/Documents/md_anderson_analysis/yepes_code/data/2025-11-20/scope-results-2025-11-20-0324.csv,1.7135080000000007e-08,0.0,0,0,0,0,50 ohms time 0.01
,SiC,1.0,Electron 110V,2.0,0,0.0,40.0,/Users/rkfuentes/Documents/md_anderson_analysis/yepes_code/data/2025-11-20/scope-results-2025-11-20-0325.csv,1.6057706666666674e-08,0.0,0,0,0,0,50 ohms time 0.01
,SiC,1.0,Electron 110V,2.0,0,0.0,40.0,/Users/rkfuentes/Documents/md_anderson_analysis/yepes_code/data/2025-11-20/scope-results-2025-11-20-0326.csv,1.6663277333333363e-08,0.0,0,0,0,0,50 ohms time 0.01
,SiC,1.0,Electron 110V,2.0,0,0.0,40.0,/Users/rkfuentes/Documents/md_anderson_analysis/yepes_code/data/2025-11-20/scope-results-2025-11-20-0327.csv,1.650632133333335e-08,0.0,0,0,0,0,50 ohms time 0.01
,SiC,1.0,Electron 110V,2.0,0,0.0,40.0,/Users/rkfuentes/Documents/md_anderson_analysis/yepes_code/data/2025-11-20/scope-results-2025-11-20-0328.csv,1.4743963999999932e-08,0.0,0,0,0,0,50 ohms time 0.01
,SiC,1.0,Electron 110V,2.0,0,0.0,40.0,/Users/rkfuentes/Documents/md_anderson_analysis/yepes_code/data/2025-11-20/scope-results-2025-11-20-0329.csv,1.641964266666668e-08,0.0,0,0,0,0,50 ohms time 0.01
,SiC,1.0,Electron 110V,2.0,0,0.0,40.0,/Users/rkfuentes/Documents/md_anderson_analysis/yepes_code/data/2025-11-20/scope-results-2025-11-20-0330.csv,1.5644962666666714e-08,0.0,0,0,0,0,50 ohms time 0.01
,SiC,1.0,Electron 191V,2.0,0,0.0,40.0,/Users/rkfuentes/Documents/md_anderson_analysis/yepes_code/data/2025-11-20/scope-results-2025-11-20-0386.csv,9.107305600000003e-08,0.0,0,0,0,0,50 ohms time 0.01
,SiC,1.0,Electron 191V,2.0,0,0.0,40.0,/Users/rkfuentes/Documents/md_anderson_analysis/yepes_code/data/2025-11-20/scope-results-2025-11-20-0673.csv,7.044365333333394e-09,0.0,0,0,0,0,50 ohms time 0.01
,SiC,1.0,Electron 191V,2.0,0,0.0,40.0,/Users/rkfuentes/Documents/md_anderson_analysis/yepes_code/data/2025-11-20/scope-results-2025-11-20-0674.csv,4.2994666666667787e-10,0.0,0,0,0,0,50 ohms time 0.01
,SiC,1.0,Electron 191V,2.0,0,0.0,40.0,/Users/rkfuentes/Documents/md_anderson_analysis/yepes_code/data/2025-11-20/scope-results-2025-11-20-0675.csv,6.521843999999983e-08,0.0,0,0,0,0,50 ohms time 0.01
,SiC,1.0,Electron 191V,2.0,0,0.0,40.0,/Users/rkfuentes/Documents/md_anderson_analysis/yepes_code/data/2025-11-20/scope-results-2025-11-20-0676.csv,5.911920000000005e-09,0.0,0,0,0,0,50 ohms time 0.01
,SiC,1.0,Electron 191V,2.0,0,0.0,40.0,/Users/rkfuentes/Documents/md_anderson_analysis/yepes_code/data/2025-11-20/scope-results-2025-11-20-0677.csv,5.547408533333358e-09,0.0,0,0,0,0,50 ohms time 0.01
,SiC,1.0,Electron 191V,2.0,0,0.0,40.0,/Users/rkfuentes/Documents/md_anderson_analysis/yepes_code/data/2025-11-20/scope-results-2025-11-20-0678.csv,5.642635466666645e-09,0.0,0,0,0,0,50 ohms time 0.01
,SiC,1.0,Electron 85V,2.0,0,0.0,40.0,/Users/rkfuentes/Documents/md_anderson_analysis/yepes_code/data/2025-11-20/scope-results-2025-11-20-0679.csv,2.42175466666658e-10,0.0,0,0,0,0,50 ohms time 0.01
,SiC,1.0,Electron 85V,2.0,0,0.0,40.0,/Users/rkfuentes/Documents/md_anderson_analysis/yepes_code/data/2025-11-20/scope-results-2025-11-20-0680.csv,1.802832000000025e-09,0.0,0,0,0,0,50 ohms time 0.01
,SiC,1.0,Electron 85V,2.0,0,0.0,40.0,/Users/rkfuentes/Documents/md_anderson_analysis/yepes_code/data/2025-11-20/scope-results-2025-11-20-0681.csv,3.331978666666791e-10,0.0,0,0,0,0,50 ohms time 0.01
,SiC,1.0,Electron 85V,2.0,0,0.0,40.0,/Users/rkfuentes/Documents/md_anderson_analysis/yepes_code/data/2025-11-20/scope-results-2025-11-20-0682.csv,1.387402666666716e-10,0.0,0,0,0,0,50 ohms time 0.01
,SiC,1.0,Electron 85V,2.0,0,0.0,40.0,/Users/rkfuentes/Documents/md_anderson_analysis/yepes_code/data/2025-11-20/scope-results-2025-11-20-0683.csv,1.4913999999998815e-10,0.0,0,0,0,0,50 ohms time 0.01
,SiC,1.0,Electron 85V,2.0,0,0.0,40.0,/Users/rkfuentes/Documents/md_anderson_analysis/yepes_code/data/2025-11-20/scope-results-2025-11-20-0684.csv,1.7124266666668472e-10,0.0,0,0,0,0,50 ohms time 0.01
,SiC,1.0,Electron 85V,2.0,0,0.0,40.0,/Users/rkfuentes/Documents/md_anderson_analysis/yepes_code/data/2025-11-20/scope-results-2025-11-20-0686.csv,3.408864000000193e-10,0.0,0,0,0,0,50 ohms time 0.01
,SiC,1.0,Electron 110V,2.0,0,0.0,40.0,/Users/rkfuentes/Documents/md_anderson_analysis/yepes_code/data/2025-11-20/scope-results-2025-11-20-0687.csv,4.2318186666666475e-09,0.0,0,0,0,0,50 ohms time 0.01
,SiC,1.0,Electron 191V,2.0,0,0.0,40.0,/Users/rkfuentes/Documents/md_anderson_analysis/yepes_code/data/2025-11-20/scope-results-2025-11-20-0689.csv,1.7988476800000002e-08,0.0,0,0,0,0,50 ohms time 0.01
,SiC,1.0,Electron 191V,2.0,0,0.0,40.0,/Users/rkfuentes/Documents/md_anderson_analysis/yepes_code/data/2025-11-20/scope-results-2025-11-20-0690.csv,1.5890333333333364e-08,0.0,0,0,0,0,50 ohms time 0.01
,SiC,1.0,Electron 191V,2.0,0,0.0,40.0,/Users/rkfuentes/Documents/md_anderson_analysis/yepes_code/data/2025-11-20/scope-results-2025-11-20-0691.csv,1.5640165333333342e-08,0.0,0,0,0,0,50 ohms time 0.01
,SiC,1.0,Electron 191V,2.0,0,0.0,40.0,/Users/rkfuentes/Documents/md_anderson_analysis/yepes_code/data/2025-11-20/scope-results-2025-11-20-0692.csv,3.8394799999999326e-10,0.0,0,0,0,0,50 ohms time 0.01
,SiC,1.0,Electron 191V,2.0,0,0.0,40.0,/Users/rkfuentes/Documents/md_anderson_analysis/yepes_code/data/2025-11-20/scope-results-2025-11-20-0693.csv,1.892394666666632e-10,0.0,0,0,0,0,50 ohms time 0.01
,SiC,1.0,Electron 191V,2.0,0,0.0,40.0,/Users/rkfuentes/Documents/md_anderson_analysis/yepes_code/data/2025-11-20/scope-results-2025-11-20-0694.csv,1.1002880000001826e-10,0.0,0,0,0,0,50 ohms time 0.01
,SiC,1.0,Electron 191V,2.0,0,0.0,40.0,/Users/rkfuentes/Documents/md_anderson_analysis/yepes_code/data/2025-11-20/scope-results-2025-11-20-0695.csv,3.8577760000001e-10,0.0,0,0,0,0,50 ohms time 0.01
,SiC,1.0,Electron 85V,2.0,0,0.0,40.0,/Users/rkfuentes/Documents/md_anderson_analysis/yepes_code/data/2025-11-20/scope-results-2025-11-20-0772.csv,1.2263213333333442e-09,0.0,0,0,0,0,50 ohms time 0.01
,SiC,1.0,Electron 85V,2.0,0,0.0,40.0,/Users/rkfuentes/Documents/md_anderson_analysis/yepes_code/data/2025-11-20/scope-results-2025-11-20-0773.csv,2.8927999999999603e-10,0.0,0,0,0,0,50 ohms time 0.01
,SiC,1.0,Electron 85V,2.0,0,0.0,40.0,/Users/rkfuentes/Documents/md_anderson_analysis/yepes_code/data/2025-11-20/scope-results-2025-11-20-0774.csv,4.1309519999998477e-10,0.0,0,0,0,0,50 ohms time 0.01
,SiC,1.0,Electron 85V,2.0,0,0.0,40.0,/Users/rkfuentes/Documents/md_anderson_analysis/yepes_code/data/2025-11-20/scope-results-2025-11-20-0776.csv,2.5903999999995685e-10,0.0,0,0,0,0,50 ohms time 0.01
,SiC,1.0,Electron 85V,2.0,0,0.0,40.0,/Users/rkfuentes/Documents/md_anderson_analysis/yepes_code/data/2025-11-20/scope-results-2025-11-20-0777.csv,2.587592000000192e-10,0.0,0,0,0,0,50 ohms time 0.01
,SiC,1.0,Electron 85V,2.0,0,0.0,40.0,/Users/rkfuentes/Documents/md_anderson_analysis/yepes_code/data/2025-11-20/scope-results-2025-11-20-0779.csv,3.177685333333617e-10,0.0,0,0,0,0,50 ohms time 0.01
,SiC,1.0,Electron 85V,2.0,0,0.0,40.0,/Users/rkfuentes/Documents/md_anderson_analysis/yepes_code/data/2025-11-20/scope-results-2025-11-20-0780.csv,3.4725333333330436e-10,0.0,0,0,0,0,50 ohms time 0.01
,SiC,1.0,Electron 85V,2.0,0,0.0,40.0,/Users/rkfuentes/Documents/md_anderson_analysis/yepes_code/data/2025-11-20/scope-results-2025-11-20-0781.csv,3.10721333333324e-10,0.0,0,0,0,0,50 ohms time 0.01
,SiC,1.0,Electron 85V,2.0,0,0.0,40.0,/Users/rkfuentes/Documents/md_anderson_analysis/yepes_code/data/2025-11-20/scope-results-2025-11-20-0782.csv,3.396928000000084e-10,0.0,0,0,0,0,50 ohms time 0.01
,SiC,1.0,Electron 85V,2.0,0,0.0,40.0,/Users/rkfuentes/Documents/md_anderson_analysis/yepes_code/data/2025-11-20/scope-results-2025-11-20-0783.csv,3.2485546666665314e-10,0.0,0,0,0,0,50 ohms time 0.01
,SiC,1.0,Electron 110V,2.0,0,0.0,40.0,/Users/rkfuentes/Documents/md_anderson_analysis/yepes_code/data/2025-11-20/scope-results-2025-11-20-0784.csv,9.524428800000006e-09,0.0,0,0,0,0,50 ohms time 0.01
,SiC,1.0,Electron 110V,2.0,0,0.0,40.0,/Users/rkfuentes/Documents/md_anderson_analysis/yepes_code/data/2025-11-20/scope-results-2025-11-20-0785.csv,8.407714933333329e-09,0.0,0,0,0,0,50 ohms time 0.01
,SiC,1.0,Electron 110V,2.0,0,0.0,40.0,/Users/rkfuentes/Documents/md_anderson_analysis/yepes_code/data/2025-11-20/scope-results-2025-11-20-0786.csv,9.399381333333318e-09,0.0,0,0,0,0,50 ohms time 0.01
,SiC,1.0,Electron 110V,2.0,0,0.0,40.0,/Users/rkfuentes/Documents/md_anderson_analysis/yepes_code/data/2025-11-20/scope-results-2025-11-20-0787.csv,6.647567999999988e-09,0.0,0,0,0,0,50 ohms time 0.01
,SiC,1.0,Electron 110V,2.0,0,0.0,40.0,/Users/rkfuentes/Documents/md_anderson_analysis/yepes_code/data/2025-11-20/scope-results-2025-11-20-0788.csv,7.653894399999973e-09,0.0,0,0,0,0,50 ohms time 0.01
,SiC,1.0,Electron 110V,2.0,0,0.0,40.0,/Users/rkfuentes/Documents/md_anderson_analysis/yepes_code/data/2025-11-20/scope-results-2025-11-20-0789.csv,8.852105599999984e-09,0.0,0,0,0,0,50 ohms time 0.01
,SiC,1.0,Electron 110V,2.0,0,0.0,40.0,/Users/rkfuentes/Documents/md_anderson_analysis/yepes_code/data/2025-11-20/scope-results-2025-11-20-0790.csv,8.08869333333329e-09,0.0,0,0,0,0,50 ohms time 0.01
,SiC,1.0,Electron 110V,2.0,0,0.0,40.0,/Users/rkfuentes/Documents/md_anderson_analysis/yepes_code/data/2025-11-20/scope-results-2025-11-20-0791.csv,7.888058399999996e-09,0.0,0,0,0,0,50 ohms time 0.01
,SiC,1.0,Electron 110V,2.0,0,0.0,40.0,/Users/rkfuentes/Documents/md_anderson_analysis/yepes_code/data/2025-11-20/scope-results-2025-11-20-0792.csv,9.402843733333304e-09,0.0,0,0,0,0,50 ohms time 0.01
,SiC,1.0,Electron 110V,2.0,0,0.0,40.0,/Users/rkfuentes/Documents/md_anderson_analysis/yepes_code/data/2025-11-20/scope-results-2025-11-20-0793.csv,8.138845333333309e-09,0.0,0,0,0,0,50 ohms time 0.01
,SiC,1.0,Electron 110V,2.0,0,0.0,40.0,/Users/rkfuentes/Documents/md_anderson_analysis/yepes_code/data/2025-11-20/scope-results-2025-11-20-0794.csv,8.298713333333345e-09,0.0,0,0,0,0,50 ohms time 0.01
,SiC,1.0,Electron 191V,2.0,0,0.0,40.0,/Users/rkfuentes/Documents/md_anderson_analysis/yepes_code/data/2025-11-20/scope-results-2025-11-20-0796.csv,2.3081725066666677e-08,0.0,0,0,0,0,50 ohms time 0.01
,SiC,1.0,Electron 191V,2.0,0,0.0,40.0,/Users/rkfuentes/Documents/md_anderson_analysis/yepes_code/data/2025-11-20/scope-results-2025-11-20-0800.csv,2.23461205333333e-08,0.0,0,0,0,0,50 ohms time 0.01
,SiC,1.0,Electron 191V,2.0,0,0.0,40.0,/Users/rkfuentes/Documents/md_anderson_analysis/yepes_code/data/2025-11-20/scope-results-2025-11-20-0806.csv,2.308176266666666e-08,0.0,0,0,0,0,50 ohms time 0.01
,SiC,1.0,Electron 85V,2.0,0,0.0,40.0,/Users/rkfuentes/Documents/md_anderson_analysis/yepes_code/data/2025-11-20/scope-results-2025-11-20-0898.csv,1.7300799999999567e-10,0.0,0,0,0,0,50 ohms time 0.01
,SiC,1.0,Electron 85V,2.0,0,0.0,40.0,/Users/rkfuentes/Documents/md_anderson_analysis/yepes_code/data/2025-11-20/scope-results-2025-11-20-0900.csv,4.114938666666724e-10,0.0,0,0,0,0,50 ohms time 0.01
,SiC,1.0,Electron 85V,2.0,0,0.0,40.0,/Users/rkfuentes/Documents/md_anderson_analysis/yepes_code/data/2025-11-20/scope-results-2025-11-20-0902.csv,2.2860133333331424e-10,0.0,0,0,0,0,50 ohms time 0.01
,SiC,1.0,Electron 85V,2.0,0,0.0,40.0,/Users/rkfuentes/Documents/md_anderson_analysis/yepes_code/data/2025-11-20/scope-results-2025-11-20-0904.csv,2.7945413333330325e-10,0.0,0,0,0,0,50 ohms time 0.01
,SiC,1.0,Electron 85V,2.0,0,0.0,40.0,/Users/rkfuentes/Documents/md_anderson_analysis/yepes_code/data/2025-11-20/scope-results-2025-11-20-0905.csv,1.4546389333333324e-09,0.0,0,0,0,0,50 ohms time 0.01
,SiC,1.0,Electron 85V,2.0,0,0.0,40.0,/Users/rkfuentes/Documents/md_anderson_analysis/yepes_code/data/2025-11-20/scope-results-2025-11-20-0906.csv,1.5689119999999925e-09,0.0,0,0,0,0,50 ohms time 0.01
,SiC,1.0,Electron 85V,2.0,0,0.0,40.0,/Users/rkfuentes/Documents/md_anderson_analysis/yepes_code/data/2025-11-20/scope-results-2025-11-20-0907.csv,2.3829230769231168e-09,0.0,0,0,0,0,50 ohms time 0.01
,SiC,1.0,Electron 85V,2.0,0,0.0,40.0,/Users/rkfuentes/Documents/md_anderson_analysis/yepes_code/data/2025-11-20/scope-results-2025-11-20-0908.csv,5.001370666666351e-10,0.0,0,0,0,0,50 ohms time 0.01
,SiC,1.0,Electron 110V,2.0,0,0.0,40.0,/Users/rkfuentes/Documents/md_anderson_analysis/yepes_code/data/2025-11-20/scope-results-2025-11-20-0956.csv,4.402890666666618e-09,0.0,0,0,0,0,50 ohms time 0.01
,SiC,1.0,Electron 110V,2.0,0,0.0,40.0,/Users/rkfuentes/Documents/md_anderson_analysis/yepes_code/data/2025-11-20/scope-results-2025-11-20-0957.csv,4.223485333333329e-09,0.0,0,0,0,0,50 ohms time 0.01
,SiC,1.0,Electron 110V,2.0,0,0.0,40.0,/Users/rkfuentes/Documents/md_anderson_analysis/yepes_code/data/2025-11-20/scope-results-2025-11-20-0958.csv,2.903736533333306e-09,0.0,0,0,0,0,50 ohms time 0.01
,SiC,1.0,Electron 110V,2.0,0,0.0,40.0,/Users/rkfuentes/Documents/md_anderson_analysis/yepes_code/data/2025-11-20/scope-results-2025-11-20-0959.csv,5.4687200000000224e-09,0.0,0,0,0,0,50 ohms time 0.01
,SiC,1.0,Electron 110V,2.0,0,0.0,40.0,/Users/rkfuentes/Documents/md_anderson_analysis/yepes_code/data/2025-11-20/scope-results-2025-11-20-0960.csv,4.114627466666667e-09,0.0,0,0,0,0,50 ohms time 0.01
,SiC,1.0,Electron 110V,2.0,0,0.0,40.0,/Users/rkfuentes/Documents/md_anderson_analysis/yepes_code/data/2025-11-20/scope-results-2025-11-20-0961.csv,5.126855999999991e-09,0.0,0,0,0,0,50 ohms time 0.01
,SiC,1.0,Electron 110V,2.0,0,0.0,40.0,/Users/rkfuentes/Documents/md_anderson_analysis/yepes_code/data/2025-11-20/scope-results-2025-11-20-0962.csv,4.742549333333337e-09,0.0,0,0,0,0,50 ohms time 0.01
,SiC,1.0,Electron 110V,2.0,0,0.0,40.0,/Users/rkfuentes/Documents/md_anderson_analysis/yepes_code/data/2025-11-20/scope-results-2025-11-20-0963.csv,5.277002400000015e-09,0.0,0,0,0,0,50 ohms time 0.01
,SiC,1.0,Electron 110V,2.0,0,0.0,40.0,/Users/rkfuentes/Documents/md_anderson_analysis/yepes_code/data/2025-11-20/scope-results-2025-11-20-0964.csv,5.0920258666666555e-09,0.0,0,0,0,0,50 ohms time 0.01
,SiC,1.0,Electron 110V,2.0,0,0.0,40.0,/Users/rkfuentes/Documents/md_anderson_analysis/yepes_code/data/2025-11-20/scope-results-2025-11-20-0965.csv,4.734486933333331e-09,0.0,0,0,0,0,50 ohms time 0.01
,SiC,1.0,Electron 110V,2.0,0,0.0,40.0,/Users/rkfuentes/Documents/md_anderson_analysis/yepes_code/data/2025-11-20/scope-results-2025-11-20-0966.csv,4.049826133333325e-09,0.0,0,0,0,0,50 ohms time 0.01
,SiC,1.0,Electron 110V,2.0,0,0.0,40.0,/Users/rkfuentes/Documents/md_anderson_analysis/yepes_code/data/2025-11-20/scope-results-2025-11-20-0967.csv,4.207568799999992e-09,0.0,0,0,0,0,50 ohms time 0.01
,SiC,1.0,Electron 110V,2.0,0,0.0,40.0,/Users/rkfuentes/Documents/md_anderson_analysis/yepes_code/data/2025-11-20/scope-results-2025-11-20-0968.csv,3.8909397333333386e-09,0.0,0,0,0,0,50 ohms time 0.01
,SiC,1.0,Electron 191V,2.0,0,0.0,40.0,/Users/rkfuentes/Documents/md_anderson_analysis/yepes_code/data/2025-11-20/scope-results-2025-11-20-1008.csv,2.110944319999999e-08,0.0,0,0,0,0,50 ohms time 0.01
,SiC,1.0,Electron 191V,2.0,0,0.0,40.0,/Users/rkfuentes/Documents/md_anderson_analysis/yepes_code/data/2025-11-20/scope-results-2025-11-20-1009.csv,1.941931973333332e-08,0.0,0,0,0,0,50 ohms time 0.01
,SiC,1.0,Electron 191V,2.0,0,0.0,40.0,/Users/rkfuentes/Documents/md_anderson_analysis/yepes_code/data/2025-11-20/scope-results-2025-11-20-1010.csv,2.013508346666663e-08,0.0,0,0,0,0,50 ohms time 0.01
,SiC,1.0,Electron 191V,2.0,0,0.0,40.0,/Users/rkfuentes/Documents/md_anderson_analysis/yepes_code/data/2025-11-20/scope-results-2025-11-20-1011.csv,1.9909723733333344e-08,0.0,0,0,0,0,50 ohms time 0.01
,SiC,1.0,Electron 191V,2.0,0,0.0,40.0,/Users/rkfuentes/Documents/md_anderson_analysis/yepes_code/data/2025-11-20/scope-results-2025-11-20-1012.csv,1.8016504266666684e-08,0.0,0,0,0,0,50 ohms time 0.01
,SiC,1.0,Electron 191V,2.0,0,0.0,40.0,/Users/rkfuentes/Documents/md_anderson_analysis/yepes_code/data/2025-11-20/scope-results-2025-11-20-1013.csv,2.1003491199999984e-08,0.0,0,0,0,0,50 ohms time 0.01
,SiC,1.0,Electron 191V,2.0,0,0.0,40.0,/Users/rkfuentes/Documents/md_anderson_analysis/yepes_code/data/2025-11-20/scope-results-2025-11-20-1014.csv,1.874168666666671e-08,0.0,0,0,0,0,50 ohms time 0.01
,SiC,1.0,Electron 191V,2.0,0,0.0,40.0,/Users/rkfuentes/Documents/md_anderson_analysis/yepes_code/data/2025-11-20/scope-results-2025-11-20-1016.csv,2.0339560000000024e-08,0.0,0,0,0,0,50 ohms time 0.01
,SiC,1.0,Electron 191V,2.0,0,0.0,40.0,/Users/rkfuentes/Documents/md_anderson_analysis/yepes_code/data/2025-11-20/scope-results-2025-11-20-1017.csv,1.8815478933333343e-08,0.0,0,0,0,0,50 ohms time 0.01
,SiC,1.0,Electron 191V,2.0,0,0.0,40.0,/Users/rkfuentes/Documents/md_anderson_analysis/yepes_code/data/2025-11-20/scope-results-2025-11-20-1018.csv,1.8580330666666705e-08,0.0,0,0,0,0,50 ohms time 0.01
,SiC,1.0,Electron 85V,2.0,0,0.0,40.0,/Users/rkfuentes/Documents/md_anderson_analysis/yepes_code/data/2025-11-20/scope-results-2025-11-20-1076.csv,1.6145173333333189e-09,0.0,0,0,0,0,50 ohms time 0.01
,SiC,1.0,Electron 85V,2.0,0,0.0,40.0,/Users/rkfuentes/Documents/md_anderson_analysis/yepes_code/data/2025-11-20/scope-results-2025-11-20-1077.csv,4.3127013333333817e-10,0.0,0,0,0,0,50 ohms time 0.01
,SiC,1.0,Electron 85V,2.0,0,0.0,40.0,/Users/rkfuentes/Documents/md_anderson_analysis/yepes_code/data/2025-11-20/scope-results-2025-11-20-1079.csv,1.2145813333333646e-10,0.0,0,0,0,0,50 ohms time 0.01
,SiC,1.0,Electron 85V,2.0,0,0.0,40.0,/Users/rkfuentes/Documents/md_anderson_analysis/yepes_code/data/2025-11-20/scope-results-2025-11-20-1080.csv,3.0717466666662835e-10,0.0,0,0,0,0,50 ohms time 0.01
,SiC,1.0,Electron 85V,2.0,0,0.0,40.0,/Users/rkfuentes/Documents/md_anderson_analysis/yepes_code/data/2025-11-20/scope-results-2025-11-20-1081.csv,2.87946666666652e-10,0.0,0,0,0,0,50 ohms time 0.01
,SiC,1.0,Electron 85V,2.0,0,0.0,40.0,/Users/rkfuentes/Documents/md_anderson_analysis/yepes_code/data/2025-11-20/scope-results-2025-11-20-1082.csv,1.5105496342737599e-09,0.0,0,0,0,0,50 ohms time 0.01
,SiC,1.0,Electron 85V,2.0,0,0.0,40.0,/Users/rkfuentes/Documents/md_anderson_analysis/yepes_code/data/2025-11-20/scope-results-2025-11-20-1083.csv,1.2186562905317977e-09,0.0,0,0,0,0,50 ohms time 0.01
,SiC,1.0,Electron 85V,2.0,0,0.0,40.0,/Users/rkfuentes/Documents/md_anderson_analysis/yepes_code/data/2025-11-20/scope-results-2025-11-20-1084.csv,1.50088266666668e-10,0.0,0,0,0,0,50 ohms time 0.01
,SiC,1.0,Electron 85V,2.0,0,0.0,40.0,/Users/rkfuentes/Documents/md_anderson_analysis/yepes_code/data/2025-11-20/scope-results-2025-11-20-1085.csv,2.1094079999996484e-10,0.0,0,0,0,0,50 ohms time 0.01
,SiC,1.0,Electron 85V,2.0,0,0.0,40.0,/Users/rkfuentes/Documents/md_anderson_analysis/yepes_code/data/2025-11-20/scope-results-2025-11-20-1086.csv,3.218010666666723e-10,0.0,0,0,0,0,50 ohms time 0.01
,SiC,1.0,Electron 85V,2.0,0,0.0,40.0,/Users/rkfuentes/Documents/md_anderson_analysis/yepes_code/data/2025-11-20/scope-results-2025-11-20-1087.csv,2.685766400000003e-09,0.0,0,0,0,0,50 ohms time 0.01
,SiC,1.0,Electron 85V,2.0,0,0.0,40.0,/Users/rkfuentes/Documents/md_anderson_analysis/yepes_code/data/2025-11-20/scope-results-2025-11-20-1088.csv,4.064666666666251e-10,0.0,0,0,0,0,50 ohms time 0.01
,SiC,1.0,Electron 110V,2.0,0,0.0,40.0,/Users/rkfuentes/Documents/md_anderson_analysis/yepes_code/data/2025-11-20/scope-results-2025-11-20-1135.csv,2.6427898666666625e-09,0.0,0,0,0,0,50 ohms time 0.01
,SiC,1.0,Electron 110V,2.0,0,0.0,40.0,/Users/rkfuentes/Documents/md_anderson_analysis/yepes_code/data/2025-11-20/scope-results-2025-11-20-1136.csv,2.478844799999966e-09,0.0,0,0,0,0,50 ohms time 0.01
,SiC,1.0,Electron 110V,2.0,0,0.0,40.0,/Users/rkfuentes/Documents/md_anderson_analysis/yepes_code/data/2025-11-20/scope-results-2025-11-20-1137.csv,3.397553066666645e-09,0.0,0,0,0,0,50 ohms time 0.01
,SiC,1.0,Electron 110V,2.0,0,0.0,40.0,/Users/rkfuentes/Documents/md_anderson_analysis/yepes_code/data/2025-11-20/scope-results-2025-11-20-1138.csv,2.585063999999999e-09,0.0,0,0,0,0,50 ohms time 0.01
,SiC,1.0,Electron 110V,2.0,0,0.0,40.0,/Users/rkfuentes/Documents/md_anderson_analysis/yepes_code/data/2025-11-20/scope-results-2025-11-20-1139.csv,3.194368533333298e-09,0.0,0,0,0,0,50 ohms time 0.01
,SiC,1.0,Electron 110V,2.0,0,0.0,40.0,/Users/rkfuentes/Documents/md_anderson_analysis/yepes_code/data/2025-11-20/scope-results-2025-11-20-1140.csv,1.5944730666666818e-09,0.0,0,0,0,0,50 ohms time 0.01
,SiC,1.0,Electron 110V,2.0,0,0.0,40.0,/Users/rkfuentes/Documents/md_anderson_analysis/yepes_code/data/2025-11-20/scope-results-2025-11-20-1141.csv,2.318506666666664e-09,0.0,0,0,0,0,50 ohms time 0.01
,SiC,1.0,Electron 110V,2.0,0,0.0,40.0,/Users/rkfuentes/Documents/md_anderson_analysis/yepes_code/data/2025-11-20/scope-results-2025-11-20-1143.csv,2.4924415999999944e-09,0.0,0,0,0,0,50 ohms time 0.01
,SiC,1.0,Electron 110V,2.0,0,0.0,40.0,/Users/rkfuentes/Documents/md_anderson_analysis/yepes_code/data/2025-11-20/scope-results-2025-11-20-1144.csv,3.394685333333331e-09,0.0,0,0,0,0,50 ohms time 0.01
,SiC,1.0,Electron 110V,2.0,0,0.0,40.0,/Users/rkfuentes/Documents/md_anderson_analysis/yepes_code/data/2025-11-20/scope-results-2025-11-20-1145.csv,3.6172629333333497e-09,0.0,0,0,0,0,50 ohms time 0.01
,SiC,1.0,Electron 110V,2.0,0,0.0,40.0,/Users/rkfuentes/Documents/md_anderson_analysis/yepes_code/data/2025-11-20/scope-results-2025-11-20-1146.csv,2.549013066666653e-09,0.0,0,0,0,0,50 ohms time 0.01
,SiC,1.0,Electron 191V,2.0,0,0.0,40.0,/Users/rkfuentes/Documents/md_anderson_analysis/yepes_code/data/2025-11-20/scope-results-2025-11-20-1194.csv,1.2915510400000006e-08,0.0,0,0,0,0,50 ohms time 0.01
,SiC,1.0,Electron 191V,2.0,0,0.0,40.0,/Users/rkfuentes/Documents/md_anderson_analysis/yepes_code/data/2025-11-20/scope-results-2025-11-20-1195.csv,1.27956133333333e-08,0.0,0,0,0,0,50 ohms time 0.01
,SiC,1.0,Electron 191V,2.0,0,0.0,40.0,/Users/rkfuentes/Documents/md_anderson_analysis/yepes_code/data/2025-11-20/scope-results-2025-11-20-1196.csv,1.1993935999999984e-08,0.0,0,0,0,0,50 ohms time 0.01
,SiC,1.0,Electron 191V,2.0,0,0.0,40.0,/Users/rkfuentes/Documents/md_anderson_analysis/yepes_code/data/2025-11-20/scope-results-2025-11-20-1197.csv,1.3525822933333338e-08,0.0,0,0,0,0,50 ohms time 0.01
,SiC,1.0,Electron 191V,2.0,0,0.0,40.0,/Users/rkfuentes/Documents/md_anderson_analysis/yepes_code/data/2025-11-20/scope-results-2025-11-20-1198.csv,1.2140514400000028e-08,0.0,0,0,0,0,50 ohms time 0.01
,SiC,1.0,Electron 191V,2.0,0,0.0,40.0,/Users/rkfuentes/Documents/md_anderson_analysis/yepes_code/data/2025-11-20/scope-results-2025-11-20-1199.csv,1.1692664000000003e-08,0.0,0,0,0,0,50 ohms time 0.01
,SiC,1.0,Electron 191V,2.0,0,0.0,40.0,/Users/rkfuentes/Documents/md_anderson_analysis/yepes_code/data/2025-11-20/scope-results-2025-11-20-1200.csv,1.3831254666666656e-08,0.0,0,0,0,0,50 ohms time 0.01
,SiC,1.0,Electron 191V,2.0,0,0.0,40.0,/Users/rkfuentes/Documents/md_anderson_analysis/yepes_code/data/2025-11-20/scope-results-2025-11-20-1201.csv,1.2007934666666677e-08,0.0,0,0,0,0,50 ohms time 0.01
,SiC,1.0,Electron 191V,2.0,0,0.0,40.0,/Users/rkfuentes/Documents/md_anderson_analysis/yepes_code/data/2025-11-20/scope-results-2025-11-20-1202.csv,1.2152810133333328e-08,0.0,0,0,0,0,50 ohms time 0.01
,SiC,1.0,Electron 191V,2.0,0,0.0,40.0,/Users/rkfuentes/Documents/md_anderson_analysis/yepes_code/data/2025-11-20/scope-results-2025-11-20-1203.csv,1.2820081333333347e-08,0.0,0,0,0,0,50 ohms time 0.01
,SiC,1.0,Electron 191V,2.0,0,0.0,40.0,/Users/rkfuentes/Documents/md_anderson_analysis/yepes_code/data/2025-11-20/scope-results-2025-11-20-1204.csv,1.140280160000001e-08,0.0,0,0,0,0,50 ohms time 0.01
,SiC,1.0,Electron 191V,2.0,0,0.0,40.0,/Users/rkfuentes/Documents/md_anderson_analysis/yepes_code/data/2025-11-20/scope-results-2025-11-20-1205.csv,1.2132319466666636e-08,0.0,0,0,0,0,50 ohms time 0.01
,SiC,1.0,Electron 85V,2.0,0,0.0,40.0,/Users/rkfuentes/Documents/md_anderson_analysis/yepes_code/data/2025-11-20/scope-results-2025-11-20-1251.csv,2.005410666666621e-10,0.0,0,0,0,0,50 ohms time 0.01
,SiC,1.0,Electron 85V,2.0,0,0.0,40.0,/Users/rkfuentes/Documents/md_anderson_analysis/yepes_code/data/2025-11-20/scope-results-2025-11-20-1252.csv,3.4112586666664773e-10,0.0,0,0,0,0,50 ohms time 0.01
,SiC,1.0,Electron 85V,2.0,0,0.0,40.0,/Users/rkfuentes/Documents/md_anderson_analysis/yepes_code/data/2025-11-20/scope-results-2025-11-20-1253.csv,1.2312624000000212e-09,0.0,0,0,0,0,50 ohms time 0.01
,SiC,1.0,Electron 85V,2.0,0,0.0,40.0,/Users/rkfuentes/Documents/md_anderson_analysis/yepes_code/data/2025-11-20/scope-results-2025-11-20-1254.csv,1.0771167999999654e-09,0.0,0,0,0,0,50 ohms time 0.01
,SiC,1.0,Electron 85V,2.0,0,0.0,40.0,/Users/rkfuentes/Documents/md_anderson_analysis/yepes_code/data/2025-11-20/scope-results-2025-11-20-1255.csv,1.0313781333332644e-09,0.0,0,0,0,0,50 ohms time 0.01
,SiC,1.0,Electron 85V,2.0,0,0.0,40.0,/Users/rkfuentes/Documents/md_anderson_analysis/yepes_code/data/2025-11-20/scope-results-2025-11-20-1256.csv,2.867466666666558e-10,0.0,0,0,0,0,50 ohms time 0.01
,SiC,1.0,Electron 85V,2.0,0,0.0,40.0,/Users/rkfuentes/Documents/md_anderson_analysis/yepes_code/data/2025-11-20/scope-results-2025-11-20-1257.csv,1.73230133333313e-10,0.0,0,0,0,0,50 ohms time 0.01
,SiC,1.0,Electron 85V,2.0,0,0.0,40.0,/Users/rkfuentes/Documents/md_anderson_analysis/yepes_code/data/2025-11-20/scope-results-2025-11-20-1258.csv,1.5822986666662123e-10,0.0,0,0,0,0,50 ohms time 0.01
,SiC,1.0,Electron 85V,2.0,0,0.0,40.0,/Users/rkfuentes/Documents/md_anderson_analysis/yepes_code/data/2025-11-20/scope-results-2025-11-20-1259.csv,1.1706026666666774e-09,0.0,0,0,0,0,50 ohms time 0.01
,SiC,1.0,Electron 85V,2.0,0,0.0,40.0,/Users/rkfuentes/Documents/md_anderson_analysis/yepes_code/data/2025-11-20/scope-results-2025-11-20-1260.csv,3.9870933333339686e-10,0.0,0,0,0,0,50 ohms time 0.01
,SiC,1.0,Electron 85V,2.0,0,0.0,40.0,/Users/rkfuentes/Documents/md_anderson_analysis/yepes_code/data/2025-11-20/scope-results-2025-11-20-1261.csv,1.7618773333330523e-10,0.0,0,0,0,0,50 ohms time 0.01
,SiC,1.0,Electron 85V,2.0,0,0.0,40.0,/Users/rkfuentes/Documents/md_anderson_analysis/yepes_code/data/2025-11-20/scope-results-2025-11-20-1262.csv,2.5142826666668576e-10,0.0,0,0,0,0,50 ohms time 0.01
,SiC,1.0,Electron 110V,2.0,0,0.0,40.0,/Users/rkfuentes/Documents/md_anderson_analysis/yepes_code/data/2025-11-20/scope-results-2025-11-20-1300.csv,2.3219039999999827e-09,0.0,0,0,0,0,50 ohms time 0.01
,SiC,1.0,Electron 110V,2.0,0,0.0,40.0,/Users/rkfuentes/Documents/md_anderson_analysis/yepes_code/data/2025-11-20/scope-results-2025-11-20-1301.csv,1.8019679999999625e-09,0.0,0,0,0,0,50 ohms time 0.01
,SiC,1.0,Electron 110V,2.0,0,0.0,40.0,/Users/rkfuentes/Documents/md_anderson_analysis/yepes_code/data/2025-11-20/scope-results-2025-11-20-1302.csv,2.7580021333333244e-09,0.0,0,0,0,0,50 ohms time 0.01
,SiC,1.0,Electron 110V,2.0,0,0.0,40.0,/Users/rkfuentes/Documents/md_anderson_analysis/yepes_code/data/2025-11-20/scope-results-2025-11-20-1303.csv,1.7928933333333027e-09,0.0,0,0,0,0,50 ohms time 0.01
,SiC,1.0,Electron 110V,2.0,0,0.0,40.0,/Users/rkfuentes/Documents/md_anderson_analysis/yepes_code/data/2025-11-20/scope-results-2025-11-20-1304.csv,1.411749333333305e-09,0.0,0,0,0,0,50 ohms time 0.01
,SiC,1.0,Electron 110V,2.0,0,0.0,40.0,/Users/rkfuentes/Documents/md_anderson_analysis/yepes_code/data/2025-11-20/scope-results-2025-11-20-1305.csv,2.480137333333361e-09,0.0,0,0,0,0,50 ohms time 0.01
,SiC,1.0,Electron 110V,2.0,0,0.0,40.0,/Users/rkfuentes/Documents/md_anderson_analysis/yepes_code/data/2025-11-20/scope-results-2025-11-20-1306.csv,1.6468202666666475e-09,0.0,0,0,0,0,50 ohms time 0.01
,SiC,1.0,Electron 110V,2.0,0,0.0,40.0,/Users/rkfuentes/Documents/md_anderson_analysis/yepes_code/data/2025-11-20/scope-results-2025-11-20-1307.csv,2.460313333333345e-09,0.0,0,0,0,0,50 ohms time 0.01
,SiC,1.0,Electron 110V,2.0,0,0.0,40.0,/Users/rkfuentes/Documents/md_anderson_analysis/yepes_code/data/2025-11-20/scope-results-2025-11-20-1308.csv,1.760732266666707e-09,0.0,0,0,0,0,50 ohms time 0.01
,SiC,1.0,Electron 110V,2.0,0,0.0,40.0,/Users/rkfuentes/Documents/md_anderson_analysis/yepes_code/data/2025-11-20/scope-results-2025-11-20-1309.csv,2.231308266666692e-09,0.0,0,0,0,0,50 ohms time 0.01
,SiC,1.0,Electron 110V,2.0,0,0.0,40.0,/Users/rkfuentes/Documents/md_anderson_analysis/yepes_code/data/2025-11-20/scope-results-2025-11-20-1310.csv,1.409049600000042e-09,0.0,0,0,0,0,50 ohms time 0.01
,SiC,1.0,Electron 110V,2.0,0,0.0,40.0,/Users/rkfuentes/Documents/md_anderson_analysis/yepes_code/data/2025-11-20/scope-results-2025-11-20-1311.csv,2.2563599999999625e-10,0.0,0,0,0,0,50 ohms time 0.01
,SiC,1.0,Electron 110V,2.0,0,0.0,40.0,/Users/rkfuentes/Documents/md_anderson_analysis/yepes_code/data/2025-11-20/scope-results-2025-11-20-1312.csv,2.3804026666667056e-09,0.0,0,0,0,0,50 ohms time 0.01
,SiC,1.0,Electron 191V,2.0,0,0.0,40.0,/Users/rkfuentes/Documents/md_anderson_analysis/yepes_code/data/2025-11-20/scope-results-2025-11-20-1357.csv,8.351444266666627e-09,0.0,0,0,0,0,50 ohms time 0.01
,SiC,1.0,Electron 191V,2.0,0,0.0,40.0,/Users/rkfuentes/Documents/md_anderson_analysis/yepes_code/data/2025-11-20/scope-results-2025-11-20-1358.csv,7.29223546666665e-09,0.0,0,0,0,0,50 ohms time 0.01
,SiC,1.0,Electron 191V,2.0,0,0.0,40.0,/Users/rkfuentes/Documents/md_anderson_analysis/yepes_code/data/2025-11-20/scope-results-2025-11-20-1359.csv,7.423273600000033e-09,0.0,0,0,0,0,50 ohms time 0.01
,SiC,1.0,Electron 191V,2.0,0,0.0,40.0,/Users/rkfuentes/Documents/md_anderson_analysis/yepes_code/data/2025-11-20/scope-results-2025-11-20-1360.csv,7.376245333333297e-09,0.0,0,0,0,0,50 ohms time 0.01
,SiC,1.0,Electron 191V,2.0,0,0.0,40.0,/Users/rkfuentes/Documents/md_anderson_analysis/yepes_code/data/2025-11-20/scope-results-2025-11-20-1361.csv,8.184877333333321e-09,0.0,0,0,0,0,50 ohms time 0.01
,SiC,1.0,Electron 191V,2.0,0,0.0,40.0,/Users/rkfuentes/Documents/md_anderson_analysis/yepes_code/data/2025-11-20/scope-results-2025-11-20-1362.csv,7.21065599999996e-09,0.0,0,0,0,0,50 ohms time 0.01
,SiC,1.0,Electron 191V,2.0,0,0.0,40.0,/Users/rkfuentes/Documents/md_anderson_analysis/yepes_code/data/2025-11-20/scope-results-2025-11-20-1363.csv,7.3614655999999835e-09,0.0,0,0,0,0,50 ohms time 0.01
,SiC,1.0,Electron 191V,2.0,0,0.0,40.0,/Users/rkfuentes/Documents/md_anderson_analysis/yepes_code/data/2025-11-20/scope-results-2025-11-20-1364.csv,8.280156266666685e-09,0.0,0,0,0,0,50 ohms time 0.01
,SiC,1.0,Electron 191V,2.0,0,0.0,40.0,/Users/rkfuentes/Documents/md_anderson_analysis/yepes_code/data/2025-11-20/scope-results-2025-11-20-1365.csv,7.687535200000028e-09,0.0,0,0,0,0,50 ohms time 0.01
,SiC,1.0,Electron 191V,2.0,0,0.0,40.0,/Users/rkfuentes/Documents/md_anderson_analysis/yepes_code/data/2025-11-20/scope-results-2025-11-20-1366.csv,7.195831200000012e-09,0.0,0,0,0,0,50 ohms time 0.01
,SiC,1.0,Electron 191V,2.0,0,0.0,40.0,/Users/rkfuentes/Documents/md_anderson_analysis/yepes_code/data/2025-11-20/scope-results-2025-11-20-1367.csv,8.12250666666667e-09,0.0,0,0,0,0,50 ohms time 0.01
,SiC,1.0,Electron 191V,2.0,0,0.0,40.0,/Users/rkfuentes/Documents/md_anderson_analysis/yepes_code/data/2025-11-20/scope-results-2025-11-20-1368.csv,7.91330479999999e-09,0.0,0,0,0,0,50 ohms time 0.01
,SiC,1.0,Electron 191V,2.0,0,0.0,40.0,/Users/rkfuentes/Documents/md_anderson_analysis/yepes_code/data/2025-11-20/scope-results-2025-11-20-1369.csv,8.386250666666678e-09,0.0,0,0,0,0,50 ohms time 0.01
,SiC,1.0,Electron 191V,2.0,0,0.0,40.0,/Users/rkfuentes/Documents/md_anderson_analysis/yepes_code/data/2025-11-20/scope-results-2025-11-20-1370.csv,7.673950933333316e-09,0.0,0,0,0,0,50 ohms time 0.01
,SiC,1.0,Electron 191V,2.0,0,0.0,40.0,/Users/rkfuentes/Documents/md_anderson_analysis/yepes_code/data/2025-11-20/scope-results-2025-11-20-1371.csv,7.438493333333357e-09,0.0,0,0,0,0,50 ohms time 0.01
,SiC,1.0,Electron 191V,2.0,0,0.0,40.0,/Users/rkfuentes/Documents/md_anderson_analysis/yepes_code/data/2025-11-20/scope-results-2025-11-20-1372.csv,8.615263999999973e-09,0.0,0,0,0,0,50 ohms time 0.01
,SiC,1.0,Electron 191V,2.0,0,0.0,40.0,/Users/rkfuentes/Documents/md_anderson_analysis/yepes_code/data/2025-11-20/scope-results-2025-11-20-1373.csv,7.349693333333325e-09,0.0,0,0,0,0,50 ohms time 0.01
,SiC,1.0,Electron 191V,2.0,0,0.0,40.0,/Users/rkfuentes/Documents/md_anderson_analysis/yepes_code/data/2025-11-20/scope-results-2025-11-20-1374.csv,7.789771999999976e-09,0.0,0,0,0,0,50 ohms time 0.01
,SiC,1.0,Electron 191V,2.0,0,0.0,40.0,/Users/rkfuentes/Documents/md_anderson_analysis/yepes_code/data/2025-11-20/scope-results-2025-11-20-1375.csv,8.86416373333333e-09,0.0,0,0,0,0,50 ohms time 0.01
,SiC,1.0,Electron 191V,2.0,0,0.0,40.0,/Users/rkfuentes/Documents/md_anderson_analysis/yepes_code/data/2025-11-20/scope-results-2025-11-20-1376.csv,8.0833621333333e-09,0.0,0,0,0,0,50 ohms time 0.01
,SiC,1.0,Electron 191V,2.0,0,0.0,40.0,/Users/rkfuentes/Documents/md_anderson_analysis/yepes_code/data/2025-11-20/scope-results-2025-11-20-1377.csv,7.306612266666646e-09,0.0,0,0,0,0,50 ohms time 0.01
,SiC,1.0,Electron 191V,2.0,0,0.0,40.0,/Users/rkfuentes/Documents/md_anderson_analysis/yepes_code/data/2025-11-20/scope-results-2025-11-20-1378.csv,7.016353333333342e-09,0.0,0,0,0,0,50 ohms time 0.01
,SiC,1.0,Electron 85V,2.0,0,0.0,40.0,/Users/rkfuentes/Documents/md_anderson_analysis/yepes_code/data/2025-11-20/scope-results-2025-11-20-1414.csv,1.860329067626949e-12,0.0,0,0,0,0,50 ohms time 0.01
,SiC,1.0,Electron 85V,2.0,0,0.0,40.0,/Users/rkfuentes/Documents/md_anderson_analysis/yepes_code/data/2025-11-20/scope-results-2025-11-20-1415.csv,2.2667733333333667e-10,0.0,0,0,0,0,50 ohms time 0.01
,SiC,1.0,Electron 85V,2.0,0,0.0,40.0,/Users/rkfuentes/Documents/md_anderson_analysis/yepes_code/data/2025-11-20/scope-results-2025-11-20-1416.csv,3.298770666666647e-10,0.0,0,0,0,0,50 ohms time 0.01
,SiC,1.0,Electron 85V,2.0,0,0.0,40.0,/Users/rkfuentes/Documents/md_anderson_analysis/yepes_code/data/2025-11-20/scope-results-2025-11-20-1419.csv,2.8194293333331886e-10,0.0,0,0,0,0,50 ohms time 0.01
,SiC,1.0,Electron 85V,2.0,0,0.0,40.0,/Users/rkfuentes/Documents/md_anderson_analysis/yepes_code/data/2025-11-20/scope-results-2025-11-20-1420.csv,1.3581226666669312e-10,0.0,0,0,0,0,50 ohms time 0.01
,SiC,1.0,Electron 85V,2.0,0,0.0,40.0,/Users/rkfuentes/Documents/md_anderson_analysis/yepes_code/data/2025-11-20/scope-results-2025-11-20-1421.csv,2.7006773333332973e-10,0.0,0,0,0,0,50 ohms time 0.01
,SiC,1.0,Electron 85V,2.0,0,0.0,40.0,/Users/rkfuentes/Documents/md_anderson_analysis/yepes_code/data/2025-11-20/scope-results-2025-11-20-1422.csv,7.731927999999926e-10,0.0,0,0,0,0,50 ohms time 0.01
,SiC,1.0,Electron 85V,2.0,0,0.0,40.0,/Users/rkfuentes/Documents/md_anderson_analysis/yepes_code/data/2025-11-20/scope-results-2025-11-20-1423.csv,3.0057919999995266e-10,0.0,0,0,0,0,50 ohms time 0.01
,SiC,1.0,Electron 85V,2.0,0,0.0,40.0,/Users/rkfuentes/Documents/md_anderson_analysis/yepes_code/data/2025-11-20/scope-results-2025-11-20-1424.csv,1.3047679999999551e-10,0.0,0,0,0,0,50 ohms time 0.01
,SiC,1.0,Electron 110V,2.0,0,0.0,40.0,/Users/rkfuentes/Documents/md_anderson_analysis/yepes_code/data/2025-11-20/scope-results-2025-11-20-1462.csv,2.379786666666645e-10,0.0,0,0,0,0,50 ohms time 0.01
,SiC,1.0,Electron 110V,2.0,0,0.0,40.0,/Users/rkfuentes/Documents/md_anderson_analysis/yepes_code/data/2025-11-20/scope-results-2025-11-20-1463.csv,2.396930666666668e-09,0.0,0,0,0,0,50 ohms time 0.01
,SiC,1.0,Electron 110V,2.0,0,0.0,40.0,/Users/rkfuentes/Documents/md_anderson_analysis/yepes_code/data/2025-11-20/scope-results-2025-11-20-1464.csv,2.4577973333333305e-09,0.0,0,0,0,0,50 ohms time 0.01
,SiC,1.0,Electron 110V,2.0,0,0.0,40.0,/Users/rkfuentes/Documents/md_anderson_analysis/yepes_code/data/2025-11-20/scope-results-2025-11-20-1465.csv,1.3319800000000029e-09,0.0,0,0,0,0,50 ohms time 0.01
,SiC,1.0,Electron 110V,2.0,0,0.0,40.0,/Users/rkfuentes/Documents/md_anderson_analysis/yepes_code/data/2025-11-20/scope-results-2025-11-20-1466.csv,1.704837333333018e-10,0.0,0,0,0,0,50 ohms time 0.01
,SiC,1.0,Electron 110V,2.0,0,0.0,40.0,/Users/rkfuentes/Documents/md_anderson_analysis/yepes_code/data/2025-11-20/scope-results-2025-11-20-1467.csv,1.12072380952383e-09,0.0,0,0,0,0,50 ohms time 0.01
,SiC,1.0,Electron 110V,2.0,0,0.0,40.0,/Users/rkfuentes/Documents/md_anderson_analysis/yepes_code/data/2025-11-20/scope-results-2025-11-20-1468.csv,6.609173333333442e-10,0.0,0,0,0,0,50 ohms time 0.01
,SiC,1.0,Electron 110V,2.0,0,0.0,40.0,/Users/rkfuentes/Documents/md_anderson_analysis/yepes_code/data/2025-11-20/scope-results-2025-11-20-1469.csv,2.939488000000029e-10,0.0,0,0,0,0,50 ohms time 0.01
,SiC,1.0,Electron 110V,2.0,0,0.0,40.0,/Users/rkfuentes/Documents/md_anderson_analysis/yepes_code/data/2025-11-20/scope-results-2025-11-20-1470.csv,1.3802773333332986e-09,0.0,0,0,0,0,50 ohms time 0.01
,SiC,1.0,Electron 191V,2.0,0,0.0,40.0,/Users/rkfuentes/Documents/md_anderson_analysis/yepes_code/data/2025-11-20/scope-results-2025-11-20-1505.csv,5.7911943999999755e-09,0.0,0,0,0,0,50 ohms time 0.01
,SiC,1.0,Electron 191V,2.0,0,0.0,40.0,/Users/rkfuentes/Documents/md_anderson_analysis/yepes_code/data/2025-11-20/scope-results-2025-11-20-1506.csv,5.186334400000013e-09,0.0,0,0,0,0,50 ohms time 0.01
,SiC,1.0,Electron 191V,2.0,0,0.0,40.0,/Users/rkfuentes/Documents/md_anderson_analysis/yepes_code/data/2025-11-20/scope-results-2025-11-20-1507.csv,4.828750933333306e-09,0.0,0,0,0,0,50 ohms time 0.01
,SiC,1.0,Electron 191V,2.0,0,0.0,40.0,/Users/rkfuentes/Documents/md_anderson_analysis/yepes_code/data/2025-11-20/scope-results-2025-11-20-1508.csv,4.9179871999999874e-09,0.0,0,0,0,0,50 ohms time 0.01
,SiC,1.0,Electron 191V,2.0,0,0.0,40.0,/Users/rkfuentes/Documents/md_anderson_analysis/yepes_code/data/2025-11-20/scope-results-2025-11-20-1509.csv,5.518492000000032e-09,0.0,0,0,0,0,50 ohms time 0.01
,SiC,1.0,Electron 191V,2.0,0,0.0,40.0,/Users/rkfuentes/Documents/md_anderson_analysis/yepes_code/data/2025-11-20/scope-results-2025-11-20-1510.csv,4.73547946666664e-09,0.0,0,0,0,0,50 ohms time 0.01
,SiC,1.0,Electron 191V,2.0,0,0.0,40.0,/Users/rkfuentes/Documents/md_anderson_analysis/yepes_code/data/2025-11-20/scope-results-2025-11-20-1511.csv,4.950681600000017e-09,0.0,0,0,0,0,50 ohms time 0.01
,SiC,1.0,Electron 191V,2.0,0,0.0,40.0,/Users/rkfuentes/Documents/md_anderson_analysis/yepes_code/data/2025-11-20/scope-results-2025-11-20-1512.csv,5.78584959999998e-09,0.0,0,0,0,0,50 ohms time 0.01
,SiC,1.0,Electron 191V,2.0,0,0.0,40.0,/Users/rkfuentes/Documents/md_anderson_analysis/yepes_code/data/2025-11-20/scope-results-2025-11-20-1513.csv,5.106916266666686e-09,0.0,0,0,0,0,50 ohms time 0.01
,SiC,1.0,Electron 191V,2.0,0,0.0,40.0,/Users/rkfuentes/Documents/md_anderson_analysis/yepes_code/data/2025-11-20/scope-results-2025-11-20-1514.csv,5.2271119999999805e-09,0.0,0,0,0,0,50 ohms time 0.01
,SiC,1.0,Electron 191V,2.0,0,0.0,40.0,/Users/rkfuentes/Documents/md_anderson_analysis/yepes_code/data/2025-11-20/scope-results-2025-11-20-1515.csv,5.264046666666672e-09,0.0,0,0,0,0,50 ohms time 0.01
,SiC,1.0,Electron 85V,2.0,0,0.0,40.0,/Users/rkfuentes/Documents/md_anderson_analysis/yepes_code/data/2025-11-20/scope-results-2025-11-20-1532.csv,4.153806933333342e-09,0.0,0,0,0,0,50 ohms time 0.01 no collimator
,SiC,1.0,Electron 85V,2.0,0,0.0,40.0,/Users/rkfuentes/Documents/md_anderson_analysis/yepes_code/data/2025-11-20/scope-results-2025-11-20-1533.csv,5.160943999999961e-09,0.0,0,0,0,0,50 ohms time 0.01 no collimator
,SiC,1.0,Electron 85V,2.0,0,0.0,40.0,/Users/rkfuentes/Documents/md_anderson_analysis/yepes_code/data/2025-11-20/scope-results-2025-11-20-1534.csv,4.805849600000006e-09,0.0,0,0,0,0,50 ohms time 0.01 no collimator
,SiC,1.0,Electron 85V,2.0,0,0.0,40.0,/Users/rkfuentes/Documents/md_anderson_analysis/yepes_code/data/2025-11-20/scope-results-2025-11-20-1535.csv,2.9736913353720933e-09,0.0,0,0,0,0,50 ohms time 0.01 no collimator
,SiC,1.0,Electron 85V,2.0,0,0.0,40.0,/Users/rkfuentes/Documents/md_anderson_analysis/yepes_code/data/2025-11-20/scope-results-2025-11-20-1536.csv,7.862698666666894e-10,0.0,0,0,0,0,50 ohms time 0.01 no collimator
,SiC,1.0,Electron 85V,2.0,0,0.0,40.0,/Users/rkfuentes/Documents/md_anderson_analysis/yepes_code/data/2025-11-20/scope-results-2025-11-20-1537.csv,3.507701333333321e-09,0.0,0,0,0,0,50 ohms time 0.01 no collimator
,SiC,1.0,Electron 85V,2.0,0,0.0,40.0,/Users/rkfuentes/Documents/md_anderson_analysis/yepes_code/data/2025-11-20/scope-results-2025-11-20-1538.csv,3.6211729508196693e-09,0.0,0,0,0,0,50 ohms time 0.01 no collimator
,SiC,1.0,Electron 85V,2.0,0,0.0,40.0,/Users/rkfuentes/Documents/md_anderson_analysis/yepes_code/data/2025-11-20/scope-results-2025-11-20-1540.csv,3.3593960000000022e-09,0.0,0,0,0,0,50 ohms time 0.01 no collimator
,SiC,1.0,Electron 85V,2.0,0,0.0,40.0,/Users/rkfuentes/Documents/md_anderson_analysis/yepes_code/data/2025-11-20/scope-results-2025-11-20-1541.csv,2.3618944000000254e-09,0.0,0,0,0,0,50 ohms time 0.01 no collimator
,SiC,1.0,Electron 85V,2.0,0,0.0,40.0,/Users/rkfuentes/Documents/md_anderson_analysis/yepes_code/data/2025-11-20/scope-results-2025-11-20-1542.csv,5.44504533333331e-10,0.0,0,0,0,0,50 ohms time 0.01 no collimator
,SiC,1.0,Electron 85V,2.0,0,0.0,40.0,/Users/rkfuentes/Documents/md_anderson_analysis/yepes_code/data/2025-11-20/scope-results-2025-11-20-1543.csv,3.969833066666662e-09,0.0,0,0,0,0,50 ohms time 0.01 no collimator
,SiC,1.0,Electron 85V,2.0,0,0.0,40.0,/Users/rkfuentes/Documents/md_anderson_analysis/yepes_code/data/2025-11-20/scope-results-2025-11-20-1544.csv,6.466359999999724e-10,0.0,0,0,0,0,50 ohms time 0.01 no collimator
,SiC,1.0,Electron 85V,2.0,0,0.0,40.0,/Users/rkfuentes/Documents/md_anderson_analysis/yepes_code/data/2025-11-20/scope-results-2025-11-20-1545.csv,5.553784000000353e-10,0.0,0,0,0,0,50 ohms time 0.01 no collimator
,SiC,1.0,Electron 85V,2.0,0,0.0,40.0,/Users/rkfuentes/Documents/md_anderson_analysis/yepes_code/data/2025-11-20/scope-results-2025-11-20-1546.csv,6.365280000000143e-10,0.0,0,0,0,0,50 ohms time 0.01 no collimator
,SiC,1.0,Electron 110V,2.0,0,0.0,40.0,/Users/rkfuentes/Documents/md_anderson_analysis/yepes_code/data/2025-11-20/scope-results-2025-11-20-1547.csv,6.8824853333333836e-09,0.0,0,0,0,0,50 ohms time 0.01 no collimator
,SiC,1.0,Electron 110V,2.0,0,0.0,40.0,/Users/rkfuentes/Documents/md_anderson_analysis/yepes_code/data/2025-11-20/scope-results-2025-11-20-1548.csv,6.3432298666666584e-09,0.0,0,0,0,0,50 ohms time 0.01 no collimator
,SiC,1.0,Electron 191V,2.0,0,0.0,40.0,/Users/rkfuentes/Documents/md_anderson_analysis/yepes_code/data/2025-11-20/scope-results-2025-11-20-1549.csv,2.5620779733333343e-08,0.0,0,0,0,0,50 ohms time 0.01 no collimator
,SiC,1.0,Electron 191V,2.0,0,0.0,40.0,/Users/rkfuentes/Documents/md_anderson_analysis/yepes_code/data/2025-11-20/scope-results-2025-11-20-1550.csv,5.838315999999999e-09,0.0,0,0,0,0,50 ohms time 0.01 no collimator
,SiC,1.0,Electron 110V,2.0,0,0.0,40.0,/Users/rkfuentes/Documents/md_anderson_analysis/yepes_code/data/2025-11-20/scope-results-2025-11-20-1551.csv,2.121122133333331e-08,0.0,0,0,0,0,50 ohms time 0.01 no collimator
,SiC,1.0,Electron 110V,2.0,0,0.0,40.0,/Users/rkfuentes/Documents/md_anderson_analysis/yepes_code/data/2025-11-20/scope-results-2025-11-20-1552.csv,2.2533860800000037e-08,0.0,0,0,0,0,50 ohms time 0.01 no collimator
,SiC,1.0,Electron 110V,2.0,0,0.0,40.0,/Users/rkfuentes/Documents/md_anderson_analysis/yepes_code/data/2025-11-20/scope-results-2025-11-20-1553.csv,2.225907173333334e-08,0.0,0,0,0,0,50 ohms time 0.01 no collimator
,SiC,1.0,Electron 110V,2.0,0,0.0,40.0,/Users/rkfuentes/Documents/md_anderson_analysis/yepes_code/data/2025-11-20/scope-results-2025-11-20-1560.csv,1.973073333333333e-08,0.0,0,0,0,0,50 ohms time 0.01 no collimator
,SiC,1.0,Electron 110V,2.0,0,0.0,40.0,/Users/rkfuentes/Documents/md_anderson_analysis/yepes_code/data/2025-11-20/scope-results-2025-11-20-1561.csv,2.1873469866666642e-08,0.0,0,0,0,0,50 ohms time 0.01 no collimator
,SiC,1.0,Electron 110V,2.0,0,0.0,40.0,/Users/rkfuentes/Documents/md_anderson_analysis/yepes_code/data/2025-11-20/scope-results-2025-11-20-1562.csv,2.2299360000000025e-08,0.0,0,0,0,0,50 ohms time 0.01 no collimator
,SiC,1.0,Electron 110V,2.0,0,0.0,40.0,/Users/rkfuentes/Documents/md_anderson_analysis/yepes_code/data/2025-11-20/scope-results-2025-11-20-1563.csv,1.821908373333334e-08,0.0,0,0,0,0,50 ohms time 0.01 no collimator
,SiC,1.0,Electron 191V,2.0,0,0.0,40.0,/Users/rkfuentes/Documents/md_anderson_analysis/yepes_code/data/2025-11-20/scope-results-2025-11-20-1572.csv,3.134714666666666e-09,0.0,0,0,0,0,50 ohms time 0.01 no collimator
,SiC,1.0,Electron 191V,2.0,0,0.0,40.0,/Users/rkfuentes/Documents/md_anderson_analysis/yepes_code/data/2025-11-20/scope-results-2025-11-20-1573.csv,5.675775999999992e-09,0.0,0,0,0,0,50 ohms time 0.01 no collimator
,SiC,1.0,Electron 110V,2.0,0,0.0,40.0,/Users/rkfuentes/Documents/md_anderson_analysis/yepes_code/data/2025-11-20/scope-results-2025-11-20-1581.csv,2.243761333333335e-08,0.0,0,0,0,0,50 ohms time 0.01 no collimator
,SiC,1.0,Electron 85V,2.0,0,0.0,200.0,/Users/rkfuentes/Documents/md_anderson_analysis/yepes_code/data/2025-11-20/scope-results-2025-11-20-1617.csv,3.546402666666689e-09,0.0,0,0,0,0,50 ohms time 0.01 no collimator
,SiC,1.0,Electron 85V,2.0,0,0.0,200.0,/Users/rkfuentes/Documents/md_anderson_analysis/yepes_code/data/2025-11-20/scope-results-2025-11-20-1618.csv,2.5904256336681e-09,0.0,0,0,0,0,50 ohms time 0.01 no collimator
,SiC,1.0,Electron 85V,2.0,0,0.0,200.0,/Users/rkfuentes/Documents/md_anderson_analysis/yepes_code/data/2025-11-20/scope-results-2025-11-20-1619.csv,1.0791605333333322e-08,0.0,0,0,0,0,50 ohms time 0.01 no collimator
,SiC,1.0,Electron 85V,2.0,0,0.0,200.0,/Users/rkfuentes/Documents/md_anderson_analysis/yepes_code/data/2025-11-20/scope-results-2025-11-20-1620.csv,2.205293333333139e-10,0.0,0,0,0,0,50 ohms time 0.01 no collimator
,SiC,1.0,Electron 85V,2.0,0,0.0,200.0,/Users/rkfuentes/Documents/md_anderson_analysis/yepes_code/data/2025-11-20/scope-results-2025-11-20-1621.csv,5.786666666666775e-10,0.0,0,0,0,0,50 ohms time 0.01 no collimator
,SiC,1.0,Electron 85V,2.0,0,0.0,200.0,/Users/rkfuentes/Documents/md_anderson_analysis/yepes_code/data/2025-11-20/scope-results-2025-11-20-1622.csv,6.408106666666769e-10,0.0,0,0,0,0,50 ohms time 0.01 no collimator
,SiC,1.0,Electron 85V,2.0,0,0.0,200.0,/Users/rkfuentes/Documents/md_anderson_analysis/yepes_code/data/2025-11-20/scope-results-2025-11-20-1623.csv,1.0878653333332942e-09,0.0,0,0,0,0,50 ohms time 0.01 no collimator
,SiC,1.0,Electron 85V,2.0,0,0.0,200.0,/Users/rkfuentes/Documents/md_anderson_analysis/yepes_code/data/2025-11-20/scope-results-2025-11-20-1624.csv,2.242848598912571e-09,0.0,0,0,0,0,50 ohms time 0.01 no collimator
,SiC,1.0,Electron 85V,2.0,0,0.0,200.0,/Users/rkfuentes/Documents/md_anderson_analysis/yepes_code/data/2025-11-20/scope-results-2025-11-20-1625.csv,2.238818666666681e-09,0.0,0,0,0,0,50 ohms time 0.01 no collimator
,SiC,1.0,Electron 85V,2.0,0,0.0,200.0,/Users/rkfuentes/Documents/md_anderson_analysis/yepes_code/data/2025-11-20/scope-results-2025-11-20-1626.csv,2.6308066666666865e-09,0.0,0,0,0,0,50 ohms time 0.01 no collimator
,SiC,1.0,Electron 85V,2.0,0,0.0,200.0,/Users/rkfuentes/Documents/md_anderson_analysis/yepes_code/data/2025-11-20/scope-results-2025-11-20-1627.csv,2.5958933333333017e-09,0.0,0,0,0,0,50 ohms time 0.01 no collimator
,SiC,1.0,Electron 85V,2.0,0,0.0,200.0,/Users/rkfuentes/Documents/md_anderson_analysis/yepes_code/data/2025-11-20/scope-results-2025-11-20-1628.csv,1.908186666667088e-10,0.0,0,0,0,0,50 ohms time 0.01 no collimator
,SiC,1.0,Electron 85V,2.0,0,0.0,200.0,/Users/rkfuentes/Documents/md_anderson_analysis/yepes_code/data/2025-11-20/scope-results-2025-11-20-1629.csv,6.683866666666419e-10,0.0,0,0,0,0,50 ohms time 0.01 no collimator
,SiC,1.0,Electron 110V,2.0,0,0.0,200.0,/Users/rkfuentes/Documents/md_anderson_analysis/yepes_code/data/2025-11-20/scope-results-2025-11-20-1670.csv,3.1132466666666276e-09,0.0,0,0,0,0,50 ohms time 0.01 no collimator
,SiC,1.0,Electron 110V,2.0,0,0.0,200.0,/Users/rkfuentes/Documents/md_anderson_analysis/yepes_code/data/2025-11-20/scope-results-2025-11-20-1671.csv,1.545068800000001e-08,0.0,0,0,0,0,50 ohms time 0.01 no collimator
,SiC,1.0,Electron 110V,2.0,0,0.0,200.0,/Users/rkfuentes/Documents/md_anderson_analysis/yepes_code/data/2025-11-20/scope-results-2025-11-20-1672.csv,1.0663674666666669e-08,0.0,0,0,0,0,50 ohms time 0.01 no collimator
,SiC,1.0,Electron 110V,2.0,0,0.0,200.0,/Users/rkfuentes/Documents/md_anderson_analysis/yepes_code/data/2025-11-20/scope-results-2025-11-20-1673.csv,2.8757333333338107e-11,0.0,0,0,0,0,50 ohms time 0.01 no collimator
,SiC,1.0,Electron 110V,2.0,0,0.0,200.0,/Users/rkfuentes/Documents/md_anderson_analysis/yepes_code/data/2025-11-20/scope-results-2025-11-20-1674.csv,6.53333333297082e-13,0.0,0,0,0,0,50 ohms time 0.01 no collimator
,SiC,1.0,Electron 110V,2.0,0,0.0,200.0,/Users/rkfuentes/Documents/md_anderson_analysis/yepes_code/data/2025-11-20/scope-results-2025-11-20-1675.csv,1.3783738666666627e-08,0.0,0,0,0,0,50 ohms time 0.01 no collimator
,SiC,1.0,Electron 110V,2.0,0,0.0,200.0,/Users/rkfuentes/Documents/md_anderson_analysis/yepes_code/data/2025-11-20/scope-results-2025-11-20-1676.csv,2.5843159999999508e-09,0.0,0,0,0,0,50 ohms time 0.01 no collimator
,SiC,1.0,Electron 110V,2.0,0,0.0,200.0,/Users/rkfuentes/Documents/md_anderson_analysis/yepes_code/data/2025-11-20/scope-results-2025-11-20-1677.csv,1.6468986666666634e-09,0.0,0,0,0,0,50 ohms time 0.01 no collimator
,SiC,1.0,Electron 110V,2.0,0,0.0,200.0,/Users/rkfuentes/Documents/md_anderson_analysis/yepes_code/data/2025-11-20/scope-results-2025-11-20-1678.csv,2.6446773333333397e-09,0.0,0,0,0,0,50 ohms time 0.01 no collimator
,SiC,1.0,Electron 110V,2.0,0,0.0,200.0,/Users/rkfuentes/Documents/md_anderson_analysis/yepes_code/data/2025-11-20/scope-results-2025-11-20-1679.csv,2.4212800000001003e-10,0.0,0,0,0,0,50 ohms time 0.01 no collimator
,SiC,1.0,Electron 110V,2.0,0,0.0,200.0,/Users/rkfuentes/Documents/md_anderson_analysis/yepes_code/data/2025-11-20/scope-results-2025-11-20-1681.csv,2.151039999999996e-09,0.0,0,0,0,0,50 ohms time 0.01 no collimator
,SiC,1.0,Electron 110V,2.0,0,0.0,200.0,/Users/rkfuentes/Documents/md_anderson_analysis/yepes_code/data/2025-11-20/scope-results-2025-11-20-1682.csv,1.7255199999999397e-09,0.0,0,0,0,0,50 ohms time 0.01 no collimator
,SiC,1.0,Electron 110V,2.0,0,0.0,200.0,/Users/rkfuentes/Documents/md_anderson_analysis/yepes_code/data/2025-11-20/scope-results-2025-11-20-1683.csv,2.0648533333333514e-09,0.0,0,0,0,0,50 ohms time 0.01 no collimator
,SiC,1.0,Electron 110V,2.0,0,0.0,200.0,/Users/rkfuentes/Documents/md_anderson_analysis/yepes_code/data/2025-11-20/scope-results-2025-11-20-1685.csv,3.658400000001189e-11,0.0,0,0,0,0,50 ohms time 0.01 no collimator
,SiC,1.0,Electron 110V,2.0,0,0.0,200.0,/Users/rkfuentes/Documents/md_anderson_analysis/yepes_code/data/2025-11-20/scope-results-2025-11-20-1686.csv,1.4155600000001423e-10,0.0,0,0,0,0,50 ohms time 0.01 no collimator
,SiC,1.0,Electron 110V,2.0,0,0.0,200.0,/Users/rkfuentes/Documents/md_anderson_analysis/yepes_code/data/2025-11-20/scope-results-2025-11-20-1687.csv,3.427999999999965e-10,0.0,0,0,0,0,50 ohms time 0.01 no collimator
,SiC,1.0,Electron 110V,2.0,0,0.0,200.0,/Users/rkfuentes/Documents/md_anderson_analysis/yepes_code/data/2025-11-20/scope-results-2025-11-20-1688.csv,2.256868000000056e-09,0.0,0,0,0,0,50 ohms time 0.01 no collimator
,SiC,1.0,Electron 110V,2.0,0,0.0,200.0,/Users/rkfuentes/Documents/md_anderson_analysis/yepes_code/data/2025-11-20/scope-results-2025-11-20-1689.csv,5.075040000000337e-10,0.0,0,0,0,0,50 ohms time 0.01 no collimator
,SiC,1.0,Electron 110V,2.0,0,0.0,200.0,/Users/rkfuentes/Documents/md_anderson_analysis/yepes_code/data/2025-11-20/scope-results-2025-11-20-1690.csv,7.558666666676142e-12,0.0,0,0,0,0,50 ohms time 0.01 no collimator
,SiC,1.0,Electron 110V,2.0,0,0.0,200.0,/Users/rkfuentes/Documents/md_anderson_analysis/yepes_code/data/2025-11-20/scope-results-2025-11-20-1692.csv,2.832426666666969e-10,0.0,0,0,0,0,50 ohms time 0.01 no collimator
,SiC,1.0,Electron 110V,2.0,0,0.0,200.0,/Users/rkfuentes/Documents/md_anderson_analysis/yepes_code/data/2025-11-20/scope-results-2025-11-20-1693.csv,8.230160000000189e-10,0.0,0,0,0,0,50 ohms time 0.01 no collimator
,SiC,1.0,Electron 110V,2.0,0,0.0,200.0,/Users/rkfuentes/Documents/md_anderson_analysis/yepes_code/data/2025-11-20/scope-results-2025-11-20-1694.csv,1.5247479999999809e-09,0.0,0,0,0,0,50 ohms time 0.01 no collimator
,SiC,1.0,Electron 110V,2.0,0,0.0,200.0,/Users/rkfuentes/Documents/md_anderson_analysis/yepes_code/data/2025-11-20/scope-results-2025-11-20-1695.csv,1.534943722943689e-09,0.0,0,0,0,0,50 ohms time 0.01 no collimator
,SiC,1.0,Electron 110V,2.0,0,0.0,200.0,/Users/rkfuentes/Documents/md_anderson_analysis/yepes_code/data/2025-11-20/scope-results-2025-11-20-1696.csv,1.5041919999999969e-09,0.0,0,0,0,0,50 ohms time 0.01 no collimator
,SiC,1.0,Electron 110V,2.0,0,0.0,200.0,/Users/rkfuentes/Documents/md_anderson_analysis/yepes_code/data/2025-11-20/scope-results-2025-11-20-1697.csv,6.807999999999835e-10,0.0,0,0,0,0,50 ohms time 0.01 no collimator
,SiC,1.0,Electron 110V,2.0,0,0.0,200.0,/Users/rkfuentes/Documents/md_anderson_analysis/yepes_code/data/2025-11-20/scope-results-2025-11-20-1698.csv,2.785466666666598e-10,0.0,0,0,0,0,50 ohms time 0.01 no collimator
,SiC,1.0,Electron 110V,2.0,0,0.0,200.0,/Users/rkfuentes/Documents/md_anderson_analysis/yepes_code/data/2025-11-20/scope-results-2025-11-20-1699.csv,9.71935999999936e-10,0.0,0,0,0,0,50 ohms time 0.01 no collimator
,SiC,1.0,Electron 110V,2.0,0,0.0,200.0,/Users/rkfuentes/Documents/md_anderson_analysis/yepes_code/data/2025-11-20/scope-results-2025-11-20-1701.csv,1.0395466666666526e-09,0.0,0,0,0,0,50 ohms time 0.01 no collimator
,SiC,1.0,Electron 110V,2.0,0,0.0,200.0,/Users/rkfuentes/Documents/md_anderson_analysis/yepes_code/data/2025-11-20/scope-results-2025-11-20-1702.csv,1.5378920000000022e-09,0.0,0,0,0,0,50 ohms time 0.01 no collimator
,SiC,1.0,Electron 85V,2.0,0,0.0,100.0,/Users/rkfuentes/Documents/md_anderson_analysis/yepes_code/data/2025-11-20/scope-results-2025-11-20-1809.csv,1.0769066666666694e-09,0.0,0,0,0,0,50 ohms time 0.01 no collimator
,SiC,1.0,Electron 85V,2.0,0,0.0,100.0,/Users/rkfuentes/Documents/md_anderson_analysis/yepes_code/data/2025-11-20/scope-results-2025-11-20-1810.csv,1.3423359999999989e-09,0.0,0,0,0,0,50 ohms time 0.01 no collimator
,SiC,1.0,Electron 85V,2.0,0,0.0,100.0,/Users/rkfuentes/Documents/md_anderson_analysis/yepes_code/data/2025-11-20/scope-results-2025-11-20-1811.csv,2.956304533333326e-09,0.0,0,0,0,0,50 ohms time 0.01 no collimator
,SiC,1.0,Electron 85V,2.0,0,0.0,100.0,/Users/rkfuentes/Documents/md_anderson_analysis/yepes_code/data/2025-11-20/scope-results-2025-11-20-1812.csv,4.3225600000005385e-11,0.0,0,0,0,0,50 ohms time 0.01 no collimator
,SiC,1.0,Electron 85V,2.0,0,0.0,100.0,/Users/rkfuentes/Documents/md_anderson_analysis/yepes_code/data/2025-11-20/scope-results-2025-11-20-1813.csv,4.409813333333377e-10,0.0,0,0,0,0,50 ohms time 0.01 no collimator
,SiC,1.0,Electron 85V,2.0,0,0.0,100.0,/Users/rkfuentes/Documents/md_anderson_analysis/yepes_code/data/2025-11-20/scope-results-2025-11-20-1814.csv,7.405301333333376e-10,0.0,0,0,0,0,50 ohms time 0.01 no collimator
,SiC,1.0,Electron 85V,2.0,0,0.0,100.0,/Users/rkfuentes/Documents/md_anderson_analysis/yepes_code/data/2025-11-20/scope-results-2025-11-20-1815.csv,2.1607786666667458e-10,0.0,0,0,0,0,50 ohms time 0.01 no collimator
,SiC,1.0,Electron 85V,2.0,0,0.0,100.0,/Users/rkfuentes/Documents/md_anderson_analysis/yepes_code/data/2025-11-20/scope-results-2025-11-20-1816.csv,1.330385599999996e-09,0.0,0,0,0,0,50 ohms time 0.01 no collimator
,SiC,1.0,Electron 85V,2.0,0,0.0,100.0,/Users/rkfuentes/Documents/md_anderson_analysis/yepes_code/data/2025-11-20/scope-results-2025-11-20-1817.csv,1.6299818666666406e-09,0.0,0,0,0,0,50 ohms time 0.01 no collimator
,SiC,1.0,Electron 85V,2.0,0,0.0,100.0,/Users/rkfuentes/Documents/md_anderson_analysis/yepes_code/data/2025-11-20/scope-results-2025-11-20-1818.csv,3.2656000000002663e-10,0.0,0,0,0,0,50 ohms time 0.01 no collimator
,SiC,1.0,Electron 85V,2.0,0,0.0,100.0,/Users/rkfuentes/Documents/md_anderson_analysis/yepes_code/data/2025-11-20/scope-results-2025-11-20-1819.csv,3.532757333333277e-10,0.0,0,0,0,0,50 ohms time 0.01 no collimator
,SiC,1.0,Electron 85V,2.0,0,0.0,100.0,/Users/rkfuentes/Documents/md_anderson_analysis/yepes_code/data/2025-11-20/scope-results-2025-11-20-1820.csv,1.85640533333332e-09,0.0,0,0,0,0,50 ohms time 0.01 no collimator
,SiC,1.0,Electron 85V,2.0,0,0.0,100.0,/Users/rkfuentes/Documents/md_anderson_analysis/yepes_code/data/2025-11-20/scope-results-2025-11-20-1821.csv,1.8108762666666728e-09,0.0,0,0,0,0,50 ohms time 0.01 no collimator
,SiC,1.0,Electron 85V,2.0,0,0.0,100.0,/Users/rkfuentes/Documents/md_anderson_analysis/yepes_code/data/2025-11-20/scope-results-2025-11-20-1822.csv,1.9844682666666766e-09,0.0,0,0,0,0,50 ohms time 0.01 no collimator
,SiC,1.0,Electron 85V,2.0,0,0.0,100.0,/Users/rkfuentes/Documents/md_anderson_analysis/yepes_code/data/2025-11-20/scope-results-2025-11-20-1823.csv,1.6763392000000014e-09,0.0,0,0,0,0,50 ohms time 0.01 no collimator
,SiC,1.0,Electron 85V,2.0,0,0.0,100.0,/Users/rkfuentes/Documents/md_anderson_analysis/yepes_code/data/2025-11-20/scope-results-2025-11-20-1824.csv,3.789226666666665e-10,0.0,0,0,0,0,50 ohms time 0.01 no collimator
,SiC,1.0,Electron 85V,2.0,0,0.0,100.0,/Users/rkfuentes/Documents/md_anderson_analysis/yepes_code/data/2025-11-20/scope-results-2025-11-20-1825.csv,1.603497066666651e-09,0.0,0,0,0,0,50 ohms time 0.01 no collimator
,SiC,1.0,Electron 85V,2.0,0,0.0,100.0,/Users/rkfuentes/Documents/md_anderson_analysis/yepes_code/data/2025-11-20/scope-results-2025-11-20-1826.csv,4.1800847999999965e-09,0.0,0,0,0,0,50 ohms time 0.01 no collimator
,SiC,1.0,Electron 110V,2.0,0,0.0,100.0,/Users/rkfuentes/Documents/md_anderson_analysis/yepes_code/data/2025-11-20/scope-results-2025-11-20-1882.csv,1.332462400000002e-08,0.0,0,0,0,0,50 ohms time 0.01
,SiC,1.0,Electron 110V,2.0,0,0.0,100.0,/Users/rkfuentes/Documents/md_anderson_analysis/yepes_code/data/2025-11-20/scope-results-2025-11-20-1883.csv,1.3752429866666665e-08,0.0,0,0,0,0,50 ohms time 0.01
,SiC,1.0,Electron 110V,2.0,0,0.0,100.0,/Users/rkfuentes/Documents/md_anderson_analysis/yepes_code/data/2025-11-20/scope-results-2025-11-20-1884.csv,1.248366666666667e-08,0.0,0,0,0,0,50 ohms time 0.01
,SiC,1.0,Electron 110V,2.0,0,0.0,100.0,/Users/rkfuentes/Documents/md_anderson_analysis/yepes_code/data/2025-11-20/scope-results-2025-11-20-1885.csv,1.2383154666666695e-08,0.0,0,0,0,0,50 ohms time 0.01
,SiC,1.0,Electron 110V,2.0,0,0.0,100.0,/Users/rkfuentes/Documents/md_anderson_analysis/yepes_code/data/2025-11-20/scope-results-2025-11-20-1886.csv,1.115162239999997e-08,0.0,0,0,0,0,50 ohms time 0.01
,SiC,1.0,Electron 110V,2.0,0,0.0,100.0,/Users/rkfuentes/Documents/md_anderson_analysis/yepes_code/data/2025-11-20/scope-results-2025-11-20-1887.csv,1.3395835733333329e-08,0.0,0,0,0,0,50 ohms time 0.01
,SiC,1.0,Electron 110V,2.0,0,0.0,40.0,/Users/rkfuentes/Documents/md_anderson_analysis/yepes_code/data/2025-11-20/scope-results-2025-11-20-1888.csv,1.5114959999999994e-08,0.0,0,0,0,0,50 ohms time 0.01
,SiC,1.0,Electron 110V,2.0,0,0.0,40.0,/Users/rkfuentes/Documents/md_anderson_analysis/yepes_code/data/2025-11-20/scope-results-2025-11-20-1889.csv,1.517925066666667e-08,0.0,0,0,0,0,50 ohms time 0.01
,SiC,1.0,Electron 110V,2.0,0,0.0,40.0,/Users/rkfuentes/Documents/md_anderson_analysis/yepes_code/data/2025-11-20/scope-results-2025-11-20-1890.csv,1.4823793599999995e-08,0.0,0,0,0,0,50 ohms time 0.01
,SiC,1.0,Electron 110V,2.0,0,0.0,40.0,/Users/rkfuentes/Documents/md_anderson_analysis/yepes_code/data/2025-11-20/scope-results-2025-11-20-1891.csv,1.3931542933333329e-08,0.0,0,0,0,0,50 ohms time 0.01
,SiC,1.0,Electron 110V,2.0,0,0.0,20.0,/Users/rkfuentes/Documents/md_anderson_analysis/yepes_code/data/2025-11-20/scope-results-2025-11-20-1892.csv,1.6593365333333338e-08,0.0,0,0,0,0,50 ohms time 0.01
,SiC,1.0,Electron 110V,2.0,0,0.0,20.0,/Users/rkfuentes/Documents/md_anderson_analysis/yepes_code/data/2025-11-20/scope-results-2025-11-20-1893.csv,1.6430288000000005e-08,0.0,0,0,0,0,50 ohms time 0.01
,SiC,1.0,Electron 110V,2.0,0,0.0,20.0,/Users/rkfuentes/Documents/md_anderson_analysis/yepes_code/data/2025-11-20/scope-results-2025-11-20-1894.csv,1.5501945066666662e-08,0.0,0,0,0,0,50 ohms time 0.01
,SiC,1.0,Electron 110V,2.0,0,0.0,0.0,/Users/rkfuentes/Documents/md_anderson_analysis/yepes_code/data/2025-11-20/scope-results-2025-11-20-1895.csv,1.4449855999999999e-08,0.0,0,0,0,0,50 ohms time 0.01
,SiC,1.0,Electron 110V,2.0,0,0.0,0.0,/Users/rkfuentes/Documents/md_anderson_analysis/yepes_code/data/2025-11-20/scope-results-2025-11-20-1896.csv,1.4932046399999973e-08,0.0,0,0,0,0,50 ohms time 0.01
,SiC,1.0,Electron 110V,2.0,0,0.0,0.0,/Users/rkfuentes/Documents/md_anderson_analysis/yepes_code/data/2025-11-20/scope-results-2025-11-20-1897.csv,1.3623185066666694e-08,0.0,0,0,0,0,50 ohms time 0.01
,SiC,1.0,Electron 110V,2.0,0,0.0,0.0,/Users/rkfuentes/Documents/md_anderson_analysis/yepes_code/data/2025-11-20/scope-results-2025-11-20-1898.csv,1.3780386133333295e-08,0.0,0,0,0,0,50 ohms time 0.01
,SiC,1.0,Electron 110V,2.0,0,0.0,0.0,/Users/rkfuentes/Documents/md_anderson_analysis/yepes_code/data/2025-11-20/scope-results-2025-11-20-1899.csv,1.396362773333334e-08,0.0,0,0,0,0,50 ohms time 0.01
,SiC,1.0,Electron 110V,2.0,0,0.0,0.0,/Users/rkfuentes/Documents/md_anderson_analysis/yepes_code/data/2025-11-20/scope-results-2025-11-20-1900.csv,1.3501924266666623e-08,0.0,0,0,0,0,50 ohms time 0.01
,SiC,1.0,Electron 110V,2.0,0,0.0,0.0,/Users/rkfuentes/Documents/md_anderson_analysis/yepes_code/data/2025-11-20/scope-results-2025-11-20-1901.csv,1.43417861333333e-08,0.0,0,0,0,0,50 ohms time 0.01
,SiC,1.0,Electron 110V,2.0,0,0.0,10.0,/Users/rkfuentes/Documents/md_anderson_analysis/yepes_code/data/2025-11-20/scope-results-2025-11-20-1902.csv,1.77816149333333e-08,0.0,0,0,0,0,50 ohms time 0.01
,SiC,1.0,Electron 110V,2.0,0,0.0,10.0,/Users/rkfuentes/Documents/md_anderson_analysis/yepes_code/data/2025-11-20/scope-results-2025-11-20-1903.csv,1.4155650666666663e-08,0.0,0,0,0,0,50 ohms time 0.01
,SiC,1.0,Electron 110V,2.0,0,0.0,10.0,/Users/rkfuentes/Documents/md_anderson_analysis/yepes_code/data/2025-11-20/scope-results-2025-11-20-1941.csv,1.342807200000007e-08,0.0,0,0,0,0,50 ohms time 0.01
,SiC,1.0,Electron 110V,2.0,0,0.0,10.0,/Users/rkfuentes/Documents/md_anderson_analysis/yepes_code/data/2025-11-20/scope-results-2025-11-20-1942.csv,1.405978026666664e-08,0.0,0,0,0,0,50 ohms time 0.01
,SiC,1.0,Electron 110V,2.0,0,0.0,10.0,/Users/rkfuentes/Documents/md_anderson_analysis/yepes_code/data/2025-11-20/scope-results-2025-11-20-1943.csv,1.3646397333333371e-08,0.0,0,0,0,0,50 ohms time 0.01
,SiC,1.0,Electron 110V,2.0,0,0.0,10.0,/Users/rkfuentes/Documents/md_anderson_analysis/yepes_code/data/2025-11-20/scope-results-2025-11-20-1944.csv,1.5253209599999985e-08,0.0,0,0,0,0,50 ohms time 0.01
,SiC,1.0,Electron 110V,2.0,0,0.0,10.0,/Users/rkfuentes/Documents/md_anderson_analysis/yepes_code/data/2025-11-20/scope-results-2025-11-20-1945.csv,1.3206455466666695e-08,0.0,0,0,0,0,50 ohms time 0.01
,SiC,1.0,Electron 191V,2.0,0,0.0,10.0,/Users/rkfuentes/Documents/md_anderson_analysis/yepes_code/data/2025-11-20/scope-results-2025-11-20-1975.csv,8.220568320000002e-08,0.0,0,0,0,0,50 ohms time 0.01
,SiC,1.0,Electron 191V,2.0,0,0.0,10.0,/Users/rkfuentes/Documents/md_anderson_analysis/yepes_code/data/2025-11-20/scope-results-2025-11-20-1976.csv,6.374058239999999e-08,0.0,0,0,0,0,50 ohms time 0.01
,SiC,1.0,Electron 191V,2.0,0,0.0,10.0,/Users/rkfuentes/Documents/md_anderson_analysis/yepes_code/data/2025-11-20/scope-results-2025-11-20-1977.csv,6.5449568e-08,0.0,0,0,0,0,50 ohms time 0.01
,SiC,1.0,Electron 191V,2.0,0,0.0,10.0,/Users/rkfuentes/Documents/md_anderson_analysis/yepes_code/data/2025-11-20/scope-results-2025-11-20-1978.csv,8.198901013333333e-08,0.0,0,0,0,0,50 ohms time 0.01
,SiC,1.0,Electron 191V,2.0,0,0.0,10.0,/Users/rkfuentes/Documents/md_anderson_analysis/yepes_code/data/2025-11-20/scope-results-2025-11-20-1979.csv,6.418136800000001e-08,0.0,0,0,0,0,50 ohms time 0.01
,SiC,1.0,Electron 191V,2.0,0,0.0,10.0,/Users/rkfuentes/Documents/md_anderson_analysis/yepes_code/data/2025-11-20/scope-results-2025-11-20-1980.csv,6.453651413333336e-08,0.0,0,0,0,0,50 ohms time 0.01
,SiC,1.0,Electron 110V,2.0,0,0.0,10.0,/Users/rkfuentes/Documents/md_anderson_analysis/yepes_code/data/2025-11-20/scope-results-2025-11-20-2002.csv,8.249033066666677e-09,0.0,0,0,0,0,50 ohms time 0.01
,SiC,1.0,Electron 110V,2.0,0,0.0,10.0,/Users/rkfuentes/Documents/md_anderson_analysis/yepes_code/data/2025-11-20/scope-results-2025-11-20-2003.csv,4.855157333333315e-09,0.0,0,0,0,0,50 ohms time 0.01
,SiC,1.0,Electron 110V,2.0,0,0.0,10.0,/Users/rkfuentes/Documents/md_anderson_analysis/yepes_code/data/2025-11-20/scope-results-2025-11-20-2004.csv,7.656076800000017e-09,0.0,0,0,0,0,50 ohms time 0.01
,SiC,1.0,Electron 191V,2.0,0,0.0,10.0,/Users/rkfuentes/Documents/md_anderson_analysis/yepes_code/data/2025-11-20/scope-results-2025-11-20-2020.csv,4.2585767466666645e-08,0.0,0,0,0,0,50 ohms time 0.01
,SiC,1.0,Electron 85V,3.0,0,0.0,40.0,/Users/rkfuentes/Documents/md_anderson_analysis/yepes_code/data/2025-11-20/scope-results-2025-11-20-0065.csv,1.6512733333333387e-09,0.0,0,0,0,0,50 ohms
,SiC,1.0,Electron 85V,3.0,0,0.0,40.0,/Users/rkfuentes/Documents/md_anderson_analysis/yepes_code/data/2025-11-20/scope-results-2025-11-20-0066.csv,4.6935000000000025e-09,0.0,0,0,0,0,50 ohms
,SiC,1.0,Electron 85V,3.0,0,0.0,40.0,/Users/rkfuentes/Documents/md_anderson_analysis/yepes_code/data/2025-11-20/scope-results-2025-11-20-0067.csv,2.5140053333333312e-09,0.0,0,0,0,0,50 ohms
,SiC,1.0,Electron 85V,3.0,0,0.0,40.0,/Users/rkfuentes/Documents/md_anderson_analysis/yepes_code/data/2025-11-20/scope-results-2025-11-20-0068.csv,2.885761333333308e-09,0.0,0,0,0,0,50 ohms
,SiC,1.0,Electron 85V,3.0,0,0.0,40.0,/Users/rkfuentes/Documents/md_anderson_analysis/yepes_code/data/2025-11-20/scope-results-2025-11-20-0069.csv,2.0743199999999883e-09,0.0,0,0,0,0,50 ohms
,SiC,1.0,Electron 85V,3.0,0,0.0,40.0,/Users/rkfuentes/Documents/md_anderson_analysis/yepes_code/data/2025-11-20/scope-results-2025-11-20-0070.csv,2.9856493333333944e-09,0.0,0,0,0,0,50 ohms
,SiC,1.0,Electron 85V,3.0,0,0.0,40.0,/Users/rkfuentes/Documents/md_anderson_analysis/yepes_code/data/2025-11-20/scope-results-2025-11-20-0071.csv,2.698703999999963e-09,0.0,0,0,0,0,50 ohms
,SiC,1.0,Electron 85V,3.0,0,0.0,40.0,/Users/rkfuentes/Documents/md_anderson_analysis/yepes_code/data/2025-11-20/scope-results-2025-11-20-0072.csv,2.149525333333421e-09,0.0,0,0,0,0,50 ohms
,SiC,1.0,Electron 85V,3.0,0,0.0,40.0,/Users/rkfuentes/Documents/md_anderson_analysis/yepes_code/data/2025-11-20/scope-results-2025-11-20-0073.csv,2.3573959999999794e-09,0.0,0,0,0,0,50 ohms
,SiC,1.0,Electron 85V,3.0,0,0.0,40.0,/Users/rkfuentes/Documents/md_anderson_analysis/yepes_code/data/2025-11-20/scope-results-2025-11-20-0074.csv,2.6666826666667387e-09,0.0,0,0,0,0,50 ohms
,SiC,1.0,Electron 85V,3.0,0,0.0,40.0,/Users/rkfuentes/Documents/md_anderson_analysis/yepes_code/data/2025-11-20/scope-results-2025-11-20-0075.csv,2.0264306666666275e-09,0.0,0,0,0,0,50 ohms
,SiC,1.0,Electron 85V,3.0,0,0.0,40.0,/Users/rkfuentes/Documents/md_anderson_analysis/yepes_code/data/2025-11-20/scope-results-2025-11-20-0076.csv,1.5487253333332696e-09,0.0,0,0,0,0,50 ohms
,SiC,1.0,Electron 85V,3.0,0,0.0,40.0,/Users/rkfuentes/Documents/md_anderson_analysis/yepes_code/data/2025-11-20/scope-results-2025-11-20-0077.csv,3.2922133333333314e-09,0.0,0,0,0,0,50 ohms
,SiC,1.0,Electron 85V,3.0,0,0.0,40.0,/Users/rkfuentes/Documents/md_anderson_analysis/yepes_code/data/2025-11-20/scope-results-2025-11-20-0078.csv,2.4186280000000068e-09,0.0,0,0,0,0,50 ohms
,SiC,1.0,Electron 85V,3.0,0,0.0,40.0,/Users/rkfuentes/Documents/md_anderson_analysis/yepes_code/data/2025-11-20/scope-results-2025-11-20-0079.csv,1.2603173333333041e-09,0.0,0,0,0,0,50 ohms
,SiC,1.0,Electron 85V,3.0,0,0.0,40.0,/Users/rkfuentes/Documents/md_anderson_analysis/yepes_code/data/2025-11-20/scope-results-2025-11-20-0080.csv,4.1606799999999294e-09,0.0,0,0,0,0,50 ohms
,SiC,1.0,Electron 85V,3.0,0,0.0,40.0,/Users/rkfuentes/Documents/md_anderson_analysis/yepes_code/data/2025-11-20/scope-results-2025-11-20-0081.csv,2.0840746666666645e-09,0.0,0,0,0,0,50 ohms
,SiC,1.0,Electron 85V,3.0,0,0.0,40.0,/Users/rkfuentes/Documents/md_anderson_analysis/yepes_code/data/2025-11-20/scope-results-2025-11-20-0082.csv,2.4779333333333944e-09,0.0,0,0,0,0,50 ohms
,SiC,1.0,Electron 85V,3.0,0,0.0,40.0,/Users/rkfuentes/Documents/md_anderson_analysis/yepes_code/data/2025-11-20/scope-results-2025-11-20-0083.csv,2.1292466666666298e-09,0.0,0,0,0,0,50 ohms
,SiC,1.0,Electron 110V,3.0,0,0.0,40.0,/Users/rkfuentes/Documents/md_anderson_analysis/yepes_code/data/2025-11-20/scope-results-2025-11-20-0125.csv,5.366451199999999e-08,0.0,0,0,0,0,50 ohms time 0.01
,SiC,1.0,Electron 110V,3.0,0,0.0,40.0,/Users/rkfuentes/Documents/md_anderson_analysis/yepes_code/data/2025-11-20/scope-results-2025-11-20-0126.csv,5.67604000000001e-08,0.0,0,0,0,0,50 ohms time 0.01
,SiC,1.0,Electron 110V,3.0,0,0.0,40.0,/Users/rkfuentes/Documents/md_anderson_analysis/yepes_code/data/2025-11-20/scope-results-2025-11-20-0127.csv,5.336346666666672e-08,0.0,0,0,0,0,50 ohms time 0.01
,SiC,1.0,Electron 110V,3.0,0,0.0,40.0,/Users/rkfuentes/Documents/md_anderson_analysis/yepes_code/data/2025-11-20/scope-results-2025-11-20-0128.csv,5.332114533333332e-08,0.0,0,0,0,0,50 ohms time 0.01
,SiC,1.0,Electron 110V,3.0,0,0.0,40.0,/Users/rkfuentes/Documents/md_anderson_analysis/yepes_code/data/2025-11-20/scope-results-2025-11-20-0129.csv,5.6142746666666744e-08,0.0,0,0,0,0,50 ohms time 0.01
,SiC,1.0,Electron 110V,3.0,0,0.0,40.0,/Users/rkfuentes/Documents/md_anderson_analysis/yepes_code/data/2025-11-20/scope-results-2025-11-20-0130.csv,5.304041600000003e-08,0.0,0,0,0,0,50 ohms time 0.01
,SiC,1.0,Electron 110V,3.0,0,0.0,40.0,/Users/rkfuentes/Documents/md_anderson_analysis/yepes_code/data/2025-11-20/scope-results-2025-11-20-0131.csv,5.6041565333333296e-08,0.0,0,0,0,0,50 ohms time 0.01
,SiC,1.0,Electron 110V,3.0,0,0.0,40.0,/Users/rkfuentes/Documents/md_anderson_analysis/yepes_code/data/2025-11-20/scope-results-2025-11-20-0132.csv,5.2409177333333316e-08,0.0,0,0,0,0,50 ohms time 0.01
,SiC,1.0,Electron 110V,3.0,0,0.0,40.0,/Users/rkfuentes/Documents/md_anderson_analysis/yepes_code/data/2025-11-20/scope-results-2025-11-20-0133.csv,5.80190293333333e-08,0.0,0,0,0,0,50 ohms time 0.01
,SiC,1.0,Electron 110V,3.0,0,0.0,40.0,/Users/rkfuentes/Documents/md_anderson_analysis/yepes_code/data/2025-11-20/scope-results-2025-11-20-0134.csv,5.1596650666666674e-08,0.0,0,0,0,0,50 ohms time 0.01
,SiC,1.0,Electron 110V,3.0,0,0.0,40.0,/Users/rkfuentes/Documents/md_anderson_analysis/yepes_code/data/2025-11-20/scope-results-2025-11-20-0135.csv,5.1423621333333325e-08,0.0,0,0,0,0,50 ohms time 0.01
,SiC,1.0,Electron 110V,3.0,0,0.0,40.0,/Users/rkfuentes/Documents/md_anderson_analysis/yepes_code/data/2025-11-20/scope-results-2025-11-20-0136.csv,5.090954666666661e-08,0.0,0,0,0,0,50 ohms time 0.01
,SiC,1.0,Electron 191V,3.0,0,0.0,40.0,/Users/rkfuentes/Documents/md_anderson_analysis/yepes_code/data/2025-11-20/scope-results-2025-11-20-0173.csv,1.382027866666667e-07,0.0,0,0,0,0,50 ohms time 0.01
,SiC,1.0,Electron 191V,3.0,0,0.0,40.0,/Users/rkfuentes/Documents/md_anderson_analysis/yepes_code/data/2025-11-20/scope-results-2025-11-20-0174.csv,1.368529066666667e-07,0.0,0,0,0,0,50 ohms time 0.01
,SiC,1.0,Electron 191V,3.0,0,0.0,40.0,/Users/rkfuentes/Documents/md_anderson_analysis/yepes_code/data/2025-11-20/scope-results-2025-11-20-0175.csv,1.354128186666667e-07,0.0,0,0,0,0,50 ohms time 0.01
,SiC,1.0,Electron 191V,3.0,0,0.0,40.0,/Users/rkfuentes/Documents/md_anderson_analysis/yepes_code/data/2025-11-20/scope-results-2025-11-20-0176.csv,1.349866506666667e-07,0.0,0,0,0,0,50 ohms time 0.01
,SiC,1.0,Electron 191V,3.0,0,0.0,40.0,/Users/rkfuentes/Documents/md_anderson_analysis/yepes_code/data/2025-11-20/scope-results-2025-11-20-0177.csv,1.3290781200000002e-07,0.0,0,0,0,0,50 ohms time 0.01
,SiC,1.0,Electron 191V,3.0,0,0.0,40.0,/Users/rkfuentes/Documents/md_anderson_analysis/yepes_code/data/2025-11-20/scope-results-2025-11-20-0178.csv,1.3289680000000007e-07,0.0,0,0,0,0,50 ohms time 0.01
,SiC,1.0,Electron 191V,3.0,0,0.0,40.0,/Users/rkfuentes/Documents/md_anderson_analysis/yepes_code/data/2025-11-20/scope-results-2025-11-20-0179.csv,1.3123044533333342e-07,0.0,0,0,0,0,50 ohms time 0.01
,SiC,1.0,Electron 191V,3.0,0,0.0,40.0,/Users/rkfuentes/Documents/md_anderson_analysis/yepes_code/data/2025-11-20/scope-results-2025-11-20-0180.csv,1.3157091866666668e-07,0.0,0,0,0,0,50 ohms time 0.01
,SiC,1.0,Electron 191V,3.0,0,0.0,40.0,/Users/rkfuentes/Documents/md_anderson_analysis/yepes_code/data/2025-11-20/scope-results-2025-11-20-0181.csv,1.3061756133333336e-07,0.0,0,0,0,0,50 ohms time 0.01
,SiC,1.0,Electron 191V,3.0,0,0.0,40.0,/Users/rkfuentes/Documents/md_anderson_analysis/yepes_code/data/2025-11-20/scope-results-2025-11-20-0182.csv,1.301633586666667e-07,0.0,0,0,0,0,50 ohms time 0.01
,SiC,1.0,Electron 191V,3.0,0,0.0,40.0,/Users/rkfuentes/Documents/md_anderson_analysis/yepes_code/data/2025-11-20/scope-results-2025-11-20-0183.csv,1.297248773333334e-07,0.0,0,0,0,0,50 ohms time 0.01
,SiC,1.0,Electron 191V,3.0,0,0.0,20.0,/Users/rkfuentes/Documents/md_anderson_analysis/yepes_code/data/2025-11-20/scope-results-2025-11-20-0194.csv,1.1462601333333334e-07,0.0,0,0,0,0,50 ohms time 0.01
,SiC,1.0,Electron 191V,3.0,0,0.0,20.0,/Users/rkfuentes/Documents/md_anderson_analysis/yepes_code/data/2025-11-20/scope-results-2025-11-20-0195.csv,1.1279193333333334e-07,0.0,0,0,0,0,50 ohms time 0.01
,SiC,1.0,Electron 191V,3.0,0,0.0,40.0,/Users/rkfuentes/Documents/md_anderson_analysis/yepes_code/data/2025-11-20/scope-results-2025-11-20-0196.csv,1.27653544e-07,0.0,0,0,0,0,50 ohms time 0.01
,SiC,1.0,Electron 191V,3.0,0,0.0,40.0,/Users/rkfuentes/Documents/md_anderson_analysis/yepes_code/data/2025-11-20/scope-results-2025-11-20-0197.csv,1.2710186666666672e-07,0.0,0,0,0,0,50 ohms time 0.01
,SiC,1.0,Electron 191V,3.0,0,0.0,10.0,/Users/rkfuentes/Documents/md_anderson_analysis/yepes_code/data/2025-11-20/scope-results-2025-11-20-0198.csv,1.0327306666666668e-07,0.0,0,0,0,0,50 ohms time 0.01
,SiC,1.0,Electron 191V,3.0,0,0.0,10.0,/Users/rkfuentes/Documents/md_anderson_analysis/yepes_code/data/2025-11-20/scope-results-2025-11-20-0199.csv,1.0344161066666663e-07,0.0,0,0,0,0,50 ohms time 0.01
,SiC,1.0,Electron 191V,3.0,0,0.0,1.0,/Users/rkfuentes/Documents/md_anderson_analysis/yepes_code/data/2025-11-20/scope-results-2025-11-20-0200.csv,1.0248875733333338e-07,0.0,0,0,0,0,50 ohms time 0.01
,SiC,1.0,Electron 191V,3.0,0,0.0,1.0,/Users/rkfuentes/Documents/md_anderson_analysis/yepes_code/data/2025-11-20/scope-results-2025-11-20-0201.csv,1.0169512000000001e-07,0.0,0,0,0,0,50 ohms time 0.01
,SiC,1.0,Electron 191V,3.0,0,0.0,1.0,/Users/rkfuentes/Documents/md_anderson_analysis/yepes_code/data/2025-11-20/scope-results-2025-11-20-0202.csv,8.168000000000269e-10,0.0,0,0,0,0,50 ohms time 0.01
,SiC,1.0,Electron 85V,3.0,0,0.0,40.0,/Users/rkfuentes/Documents/md_anderson_analysis/yepes_code/data/2025-11-20/scope-results-2025-11-20-0277.csv,2.253365333333342e-09,0.0,0,0,0,0,50 ohms time 0.01
,SiC,1.0,Electron 85V,3.0,0,0.0,40.0,/Users/rkfuentes/Documents/md_anderson_analysis/yepes_code/data/2025-11-20/scope-results-2025-11-20-0278.csv,3.848303999999977e-09,0.0,0,0,0,0,50 ohms time 0.01
,SiC,1.0,Electron 85V,3.0,0,0.0,40.0,/Users/rkfuentes/Documents/md_anderson_analysis/yepes_code/data/2025-11-20/scope-results-2025-11-20-0279.csv,3.0852599999999543e-09,0.0,0,0,0,0,50 ohms time 0.01
,SiC,1.0,Electron 85V,3.0,0,0.0,40.0,/Users/rkfuentes/Documents/md_anderson_analysis/yepes_code/data/2025-11-20/scope-results-2025-11-20-0280.csv,2.8133546666666676e-09,0.0,0,0,0,0,50 ohms time 0.01
,SiC,1.0,Electron 85V,3.0,0,0.0,40.0,/Users/rkfuentes/Documents/md_anderson_analysis/yepes_code/data/2025-11-20/scope-results-2025-11-20-0282.csv,1.0384800000000173e-09,0.0,0,0,0,0,50 ohms time 0.01
,SiC,1.0,Electron 85V,3.0,0,0.0,40.0,/Users/rkfuentes/Documents/md_anderson_analysis/yepes_code/data/2025-11-20/scope-results-2025-11-20-0283.csv,2.614008000000009e-09,0.0,0,0,0,0,50 ohms time 0.01
,SiC,1.0,Electron 85V,3.0,0,0.0,40.0,/Users/rkfuentes/Documents/md_anderson_analysis/yepes_code/data/2025-11-20/scope-results-2025-11-20-0285.csv,3.428786666666508e-10,0.0,0,0,0,0,50 ohms time 0.01
,SiC,1.0,Electron 85V,3.0,0,0.0,40.0,/Users/rkfuentes/Documents/md_anderson_analysis/yepes_code/data/2025-11-20/scope-results-2025-11-20-0286.csv,3.3057626666667645e-09,0.0,0,0,0,0,50 ohms time 0.01
,SiC,1.0,Electron 85V,3.0,0,0.0,40.0,/Users/rkfuentes/Documents/md_anderson_analysis/yepes_code/data/2025-11-20/scope-results-2025-11-20-0288.csv,2.5445053333333485e-09,0.0,0,0,0,0,50 ohms time 0.01
,SiC,1.0,Electron 85V,3.0,0,0.0,40.0,/Users/rkfuentes/Documents/md_anderson_analysis/yepes_code/data/2025-11-20/scope-results-2025-11-20-0289.csv,2.8400000000000274e-10,0.0,0,0,0,0,50 ohms time 0.01
,SiC,1.0,Electron 85V,3.0,0,0.0,40.0,/Users/rkfuentes/Documents/md_anderson_analysis/yepes_code/data/2025-11-20/scope-results-2025-11-20-0290.csv,1.4268266666666497e-09,0.0,0,0,0,0,50 ohms time 0.01
,SiC,1.0,Electron 110V,3.0,0,0.0,40.0,/Users/rkfuentes/Documents/md_anderson_analysis/yepes_code/data/2025-11-20/scope-results-2025-11-20-0331.csv,1.9628031999999992e-08,0.0,0,0,0,0,50 ohms time 0.01
,SiC,1.0,Electron 110V,3.0,0,0.0,40.0,/Users/rkfuentes/Documents/md_anderson_analysis/yepes_code/data/2025-11-20/scope-results-2025-11-20-0332.csv,1.869443066666666e-08,0.0,0,0,0,0,50 ohms time 0.01
,SiC,1.0,Electron 110V,3.0,0,0.0,40.0,/Users/rkfuentes/Documents/md_anderson_analysis/yepes_code/data/2025-11-20/scope-results-2025-11-20-0333.csv,2.0553011999999917e-08,0.0,0,0,0,0,50 ohms time 0.01
,SiC,1.0,Electron 110V,3.0,0,0.0,40.0,/Users/rkfuentes/Documents/md_anderson_analysis/yepes_code/data/2025-11-20/scope-results-2025-11-20-0345.csv,1.965468799999998e-08,0.0,0,0,0,0,50 ohms time 0.01
,SiC,1.0,Electron 110V,3.0,0,0.0,40.0,/Users/rkfuentes/Documents/md_anderson_analysis/yepes_code/data/2025-11-20/scope-results-2025-11-20-0346.csv,1.9580743999999923e-08,0.0,0,0,0,0,50 ohms time 0.01
,SiC,1.0,Electron 110V,3.0,0,0.0,40.0,/Users/rkfuentes/Documents/md_anderson_analysis/yepes_code/data/2025-11-20/scope-results-2025-11-20-0347.csv,1.7104106666666717e-08,0.0,0,0,0,0,50 ohms time 0.01
,SiC,1.0,Electron 110V,3.0,0,0.0,40.0,/Users/rkfuentes/Documents/md_anderson_analysis/yepes_code/data/2025-11-20/scope-results-2025-11-20-0348.csv,1.9321926666666667e-08,0.0,0,0,0,0,50 ohms time 0.01
,SiC,1.0,Electron 110V,3.0,0,0.0,40.0,/Users/rkfuentes/Documents/md_anderson_analysis/yepes_code/data/2025-11-20/scope-results-2025-11-20-0349.csv,1.876545066666673e-08,0.0,0,0,0,0,50 ohms time 0.01
,SiC,1.0,Electron 110V,3.0,0,0.0,40.0,/Users/rkfuentes/Documents/md_anderson_analysis/yepes_code/data/2025-11-20/scope-results-2025-11-20-0350.csv,1.8656854666666565e-08,0.0,0,0,0,0,50 ohms time 0.01
,SiC,1.0,Electron 110V,3.0,0,0.0,40.0,/Users/rkfuentes/Documents/md_anderson_analysis/yepes_code/data/2025-11-20/scope-results-2025-11-20-0351.csv,1.7629187999999976e-08,0.0,0,0,0,0,50 ohms time 0.01
,SiC,1.0,Electron 110V,3.0,0,0.0,40.0,/Users/rkfuentes/Documents/md_anderson_analysis/yepes_code/data/2025-11-20/scope-results-2025-11-20-0352.csv,1.8715248000000002e-08,0.0,0,0,0,0,50 ohms time 0.01
,SiC,1.0,Electron 110V,3.0,0,0.0,40.0,/Users/rkfuentes/Documents/md_anderson_analysis/yepes_code/data/2025-11-20/scope-results-2025-11-20-0353.csv,1.9642143999999998e-08,0.0,0,0,0,0,50 ohms time 0.01
,SiC,1.0,Electron 85V,3.0,0,0.0,40.0,/Users/rkfuentes/Documents/md_anderson_analysis/yepes_code/data/2025-11-20/scope-results-2025-11-20-0808.csv,2.254271999999956e-09,0.0,0,0,0,0,50 ohms time 0.01
,SiC,1.0,Electron 85V,3.0,0,0.0,40.0,/Users/rkfuentes/Documents/md_anderson_analysis/yepes_code/data/2025-11-20/scope-results-2025-11-20-0809.csv,2.2735573333333725e-09,0.0,0,0,0,0,50 ohms time 0.01
,SiC,1.0,Electron 85V,3.0,0,0.0,40.0,/Users/rkfuentes/Documents/md_anderson_analysis/yepes_code/data/2025-11-20/scope-results-2025-11-20-0810.csv,1.524029866666646e-09,0.0,0,0,0,0,50 ohms time 0.01
,SiC,1.0,Electron 85V,3.0,0,0.0,40.0,/Users/rkfuentes/Documents/md_anderson_analysis/yepes_code/data/2025-11-20/scope-results-2025-11-20-0811.csv,1.513093333333302e-09,0.0,0,0,0,0,50 ohms time 0.01
,SiC,1.0,Electron 85V,3.0,0,0.0,40.0,/Users/rkfuentes/Documents/md_anderson_analysis/yepes_code/data/2025-11-20/scope-results-2025-11-20-0812.csv,4.105898666666572e-10,0.0,0,0,0,0,50 ohms time 0.01
,SiC,1.0,Electron 85V,3.0,0,0.0,40.0,/Users/rkfuentes/Documents/md_anderson_analysis/yepes_code/data/2025-11-20/scope-results-2025-11-20-0813.csv,3.688927999999909e-10,0.0,0,0,0,0,50 ohms time 0.01
,SiC,1.0,Electron 85V,3.0,0,0.0,40.0,/Users/rkfuentes/Documents/md_anderson_analysis/yepes_code/data/2025-11-20/scope-results-2025-11-20-0814.csv,2.7928895999999964e-09,0.0,0,0,0,0,50 ohms time 0.01
,SiC,1.0,Electron 85V,3.0,0,0.0,40.0,/Users/rkfuentes/Documents/md_anderson_analysis/yepes_code/data/2025-11-20/scope-results-2025-11-20-0815.csv,2.6344322666666585e-09,0.0,0,0,0,0,50 ohms time 0.01
,SiC,1.0,Electron 85V,3.0,0,0.0,40.0,/Users/rkfuentes/Documents/md_anderson_analysis/yepes_code/data/2025-11-20/scope-results-2025-11-20-0817.csv,1.2329386666666075e-09,0.0,0,0,0,0,50 ohms time 0.01
,SiC,1.0,Electron 85V,3.0,0,0.0,40.0,/Users/rkfuentes/Documents/md_anderson_analysis/yepes_code/data/2025-11-20/scope-results-2025-11-20-0818.csv,4.484224000000071e-10,0.0,0,0,0,0,50 ohms time 0.01
,SiC,1.0,Electron 85V,3.0,0,0.0,40.0,/Users/rkfuentes/Documents/md_anderson_analysis/yepes_code/data/2025-11-20/scope-results-2025-11-20-0819.csv,4.0788879999996263e-10,0.0,0,0,0,0,50 ohms time 0.01
,SiC,1.0,Electron 85V,3.0,0,0.0,40.0,/Users/rkfuentes/Documents/md_anderson_analysis/yepes_code/data/2025-11-20/scope-results-2025-11-20-0821.csv,1.0718613333333286e-09,0.0,0,0,0,0,50 ohms time 0.01
,SiC,1.0,Electron 110V,3.0,0,0.0,40.0,/Users/rkfuentes/Documents/md_anderson_analysis/yepes_code/data/2025-11-20/scope-results-2025-11-20-0822.csv,5.229654399999994e-09,0.0,0,0,0,0,50 ohms time 0.01
,SiC,1.0,Electron 110V,3.0,0,0.0,40.0,/Users/rkfuentes/Documents/md_anderson_analysis/yepes_code/data/2025-11-20/scope-results-2025-11-20-0823.csv,4.343502666666642e-09,0.0,0,0,0,0,50 ohms time 0.01
,SiC,1.0,Electron 110V,3.0,0,0.0,40.0,/Users/rkfuentes/Documents/md_anderson_analysis/yepes_code/data/2025-11-20/scope-results-2025-11-20-0824.csv,8.73110400000004e-09,0.0,0,0,0,0,50 ohms time 0.01
,SiC,1.0,Electron 110V,3.0,0,0.0,40.0,/Users/rkfuentes/Documents/md_anderson_analysis/yepes_code/data/2025-11-20/scope-results-2025-11-20-0825.csv,6.414632533333338e-09,0.0,0,0,0,0,50 ohms time 0.01
,SiC,1.0,Electron 110V,3.0,0,0.0,40.0,/Users/rkfuentes/Documents/md_anderson_analysis/yepes_code/data/2025-11-20/scope-results-2025-11-20-0826.csv,9.477209599999947e-09,0.0,0,0,0,0,50 ohms time 0.01
,SiC,1.0,Electron 110V,3.0,0,0.0,40.0,/Users/rkfuentes/Documents/md_anderson_analysis/yepes_code/data/2025-11-20/scope-results-2025-11-20-0827.csv,3.45540640000002e-09,0.0,0,0,0,0,50 ohms time 0.01
,SiC,1.0,Electron 110V,3.0,0,0.0,40.0,/Users/rkfuentes/Documents/md_anderson_analysis/yepes_code/data/2025-11-20/scope-results-2025-11-20-0828.csv,9.842237599999978e-09,0.0,0,0,0,0,50 ohms time 0.01
,SiC,1.0,Electron 110V,3.0,0,0.0,40.0,/Users/rkfuentes/Documents/md_anderson_analysis/yepes_code/data/2025-11-20/scope-results-2025-11-20-0829.csv,5.288093333333341e-09,0.0,0,0,0,0,50 ohms time 0.01
,SiC,1.0,Electron 110V,3.0,0,0.0,40.0,/Users/rkfuentes/Documents/md_anderson_analysis/yepes_code/data/2025-11-20/scope-results-2025-11-20-0830.csv,1.0073442133333354e-08,0.0,0,0,0,0,50 ohms time 0.01
,SiC,1.0,Electron 110V,3.0,0,0.0,40.0,/Users/rkfuentes/Documents/md_anderson_analysis/yepes_code/data/2025-11-20/scope-results-2025-11-20-0831.csv,1.0146028266666646e-08,0.0,0,0,0,0,50 ohms time 0.01
,SiC,1.0,Electron 110V,3.0,0,0.0,40.0,/Users/rkfuentes/Documents/md_anderson_analysis/yepes_code/data/2025-11-20/scope-results-2025-11-20-0832.csv,9.344190666666673e-09,0.0,0,0,0,0,50 ohms time 0.01
,SiC,1.0,Electron 110V,3.0,0,0.0,40.0,/Users/rkfuentes/Documents/md_anderson_analysis/yepes_code/data/2025-11-20/scope-results-2025-11-20-0833.csv,8.106406666666705e-09,0.0,0,0,0,0,50 ohms time 0.01
,SiC,1.0,Electron 191V,3.0,0,0.0,40.0,/Users/rkfuentes/Documents/md_anderson_analysis/yepes_code/data/2025-11-20/scope-results-2025-11-20-0834.csv,1.988562133333338e-08,0.0,0,0,0,0,50 ohms time 0.01
,SiC,1.0,Electron 191V,3.0,0,0.0,40.0,/Users/rkfuentes/Documents/md_anderson_analysis/yepes_code/data/2025-11-20/scope-results-2025-11-20-0835.csv,1.7051305600000016e-08,0.0,0,0,0,0,50 ohms time 0.01
,SiC,1.0,Electron 191V,3.0,0,0.0,40.0,/Users/rkfuentes/Documents/md_anderson_analysis/yepes_code/data/2025-11-20/scope-results-2025-11-20-0837.csv,1.7870762666666716e-08,0.0,0,0,0,0,50 ohms time 0.01
,SiC,1.0,Electron 191V,3.0,0,0.0,40.0,/Users/rkfuentes/Documents/md_anderson_analysis/yepes_code/data/2025-11-20/scope-results-2025-11-20-0841.csv,1.7262993066666676e-08,0.0,0,0,0,0,50 ohms time 0.01
,SiC,1.0,Electron 191V,3.0,0,0.0,40.0,/Users/rkfuentes/Documents/md_anderson_analysis/yepes_code/data/2025-11-20/scope-results-2025-11-20-0843.csv,1.9129748000000006e-08,0.0,0,0,0,0,50 ohms time 0.01
,SiC,1.0,Electron 191V,3.0,0,0.0,40.0,/Users/rkfuentes/Documents/md_anderson_analysis/yepes_code/data/2025-11-20/scope-results-2025-11-20-0844.csv,2.9486660162601125e-09,0.0,0,0,0,0,50 ohms time 0.01
,SiC,1.0,Electron 191V,3.0,0,0.0,40.0,/Users/rkfuentes/Documents/md_anderson_analysis/yepes_code/data/2025-11-20/scope-results-2025-11-20-0846.csv,2.3744799999999806e-10,0.0,0,0,0,0,50 ohms time 0.01
,SiC,1.0,Electron 191V,3.0,0,0.0,40.0,/Users/rkfuentes/Documents/md_anderson_analysis/yepes_code/data/2025-11-20/scope-results-2025-11-20-0847.csv,4.941133333333572e-10,0.0,0,0,0,0,50 ohms time 0.01
,SiC,1.0,Electron 85V,3.0,0,0.0,40.0,/Users/rkfuentes/Documents/md_anderson_analysis/yepes_code/data/2025-11-20/scope-results-2025-11-20-0917.csv,1.4948181333333151e-09,0.0,0,0,0,0,50 ohms time 0.01
,SiC,1.0,Electron 85V,3.0,0,0.0,40.0,/Users/rkfuentes/Documents/md_anderson_analysis/yepes_code/data/2025-11-20/scope-results-2025-11-20-0918.csv,1.6576682666666731e-09,0.0,0,0,0,0,50 ohms time 0.01
,SiC,1.0,Electron 85V,3.0,0,0.0,40.0,/Users/rkfuentes/Documents/md_anderson_analysis/yepes_code/data/2025-11-20/scope-results-2025-11-20-0919.csv,1.8384858666666587e-09,0.0,0,0,0,0,50 ohms time 0.01
,SiC,1.0,Electron 85V,3.0,0,0.0,40.0,/Users/rkfuentes/Documents/md_anderson_analysis/yepes_code/data/2025-11-20/scope-results-2025-11-20-0920.csv,1.763807999999981e-09,0.0,0,0,0,0,50 ohms time 0.01
,SiC,1.0,Electron 85V,3.0,0,0.0,40.0,/Users/rkfuentes/Documents/md_anderson_analysis/yepes_code/data/2025-11-20/scope-results-2025-11-20-0921.csv,1.1838647999999665e-09,0.0,0,0,0,0,50 ohms time 0.01
,SiC,1.0,Electron 85V,3.0,0,0.0,40.0,/Users/rkfuentes/Documents/md_anderson_analysis/yepes_code/data/2025-11-20/scope-results-2025-11-20-0922.csv,1.7262357333333332e-09,0.0,0,0,0,0,50 ohms time 0.01
,SiC,1.0,Electron 85V,3.0,0,0.0,40.0,/Users/rkfuentes/Documents/md_anderson_analysis/yepes_code/data/2025-11-20/scope-results-2025-11-20-0923.csv,2.123368533333326e-09,0.0,0,0,0,0,50 ohms time 0.01
,SiC,1.0,Electron 85V,3.0,0,0.0,40.0,/Users/rkfuentes/Documents/md_anderson_analysis/yepes_code/data/2025-11-20/scope-results-2025-11-20-0924.csv,2.292437333333327e-09,0.0,0,0,0,0,50 ohms time 0.01
,SiC,1.0,Electron 85V,3.0,0,0.0,40.0,/Users/rkfuentes/Documents/md_anderson_analysis/yepes_code/data/2025-11-20/scope-results-2025-11-20-0925.csv,9.013669522644773e-10,0.0,0,0,0,0,50 ohms time 0.01
,SiC,1.0,Electron 85V,3.0,0,0.0,40.0,/Users/rkfuentes/Documents/md_anderson_analysis/yepes_code/data/2025-11-20/scope-results-2025-11-20-0926.csv,1.9807999999999955e-09,0.0,0,0,0,0,50 ohms time 0.01
,SiC,1.0,Electron 85V,3.0,0,0.0,40.0,/Users/rkfuentes/Documents/md_anderson_analysis/yepes_code/data/2025-11-20/scope-results-2025-11-20-0927.csv,3.3643626666665606e-10,0.0,0,0,0,0,50 ohms time 0.01
,SiC,1.0,Electron 85V,3.0,0,0.0,40.0,/Users/rkfuentes/Documents/md_anderson_analysis/yepes_code/data/2025-11-20/scope-results-2025-11-20-0928.csv,2.0367218666666634e-09,0.0,0,0,0,0,50 ohms time 0.01
,SiC,1.0,Electron 110V,3.0,0,0.0,40.0,/Users/rkfuentes/Documents/md_anderson_analysis/yepes_code/data/2025-11-20/scope-results-2025-11-20-0969.csv,5.895026133333324e-09,0.0,0,0,0,0,50 ohms time 0.01
,SiC,1.0,Electron 110V,3.0,0,0.0,40.0,/Users/rkfuentes/Documents/md_anderson_analysis/yepes_code/data/2025-11-20/scope-results-2025-11-20-0970.csv,5.6880149333333695e-09,0.0,0,0,0,0,50 ohms time 0.01
,SiC,1.0,Electron 110V,3.0,0,0.0,40.0,/Users/rkfuentes/Documents/md_anderson_analysis/yepes_code/data/2025-11-20/scope-results-2025-11-20-0971.csv,6.026154666666691e-09,0.0,0,0,0,0,50 ohms time 0.01
,SiC,1.0,Electron 110V,3.0,0,0.0,40.0,/Users/rkfuentes/Documents/md_anderson_analysis/yepes_code/data/2025-11-20/scope-results-2025-11-20-0972.csv,5.665452800000005e-09,0.0,0,0,0,0,50 ohms time 0.01
,SiC,1.0,Electron 110V,3.0,0,0.0,40.0,/Users/rkfuentes/Documents/md_anderson_analysis/yepes_code/data/2025-11-20/scope-results-2025-11-20-0973.csv,5.509260800000002e-09,0.0,0,0,0,0,50 ohms time 0.01
,SiC,1.0,Electron 110V,3.0,0,0.0,40.0,/Users/rkfuentes/Documents/md_anderson_analysis/yepes_code/data/2025-11-20/scope-results-2025-11-20-0974.csv,6.160878933333318e-09,0.0,0,0,0,0,50 ohms time 0.01
,SiC,1.0,Electron 110V,3.0,0,0.0,40.0,/Users/rkfuentes/Documents/md_anderson_analysis/yepes_code/data/2025-11-20/scope-results-2025-11-20-0975.csv,5.918255466666655e-09,0.0,0,0,0,0,50 ohms time 0.01
,SiC,1.0,Electron 110V,3.0,0,0.0,40.0,/Users/rkfuentes/Documents/md_anderson_analysis/yepes_code/data/2025-11-20/scope-results-2025-11-20-0976.csv,7.394266666666657e-09,0.0,0,0,0,0,50 ohms time 0.01
,SiC,1.0,Electron 110V,3.0,0,0.0,40.0,/Users/rkfuentes/Documents/md_anderson_analysis/yepes_code/data/2025-11-20/scope-results-2025-11-20-0978.csv,4.699604266666696e-09,0.0,0,0,0,0,50 ohms time 0.01
,SiC,1.0,Electron 110V,3.0,0,0.0,40.0,/Users/rkfuentes/Documents/md_anderson_analysis/yepes_code/data/2025-11-20/scope-results-2025-11-20-0979.csv,5.870189599999979e-09,0.0,0,0,0,0,50 ohms time 0.01
,SiC,1.0,Electron 110V,3.0,0,0.0,40.0,/Users/rkfuentes/Documents/md_anderson_analysis/yepes_code/data/2025-11-20/scope-results-2025-11-20-0980.csv,5.4121999999999785e-09,0.0,0,0,0,0,50 ohms time 0.01
,SiC,1.0,Electron 110V,3.0,0,0.0,40.0,/Users/rkfuentes/Documents/md_anderson_analysis/yepes_code/data/2025-11-20/scope-results-2025-11-20-0981.csv,2.8618485333333256e-09,0.0,0,0,0,0,50 ohms time 0.01
,SiC,1.0,Electron 191V,3.0,0,0.0,40.0,/Users/rkfuentes/Documents/md_anderson_analysis/yepes_code/data/2025-11-20/scope-results-2025-11-20-1037.csv,1.3823760000000023e-08,0.0,0,0,0,0,50 ohms time 0.01
,SiC,1.0,Electron 191V,3.0,0,0.0,40.0,/Users/rkfuentes/Documents/md_anderson_analysis/yepes_code/data/2025-11-20/scope-results-2025-11-20-1038.csv,1.1709859200000018e-08,0.0,0,0,0,0,50 ohms time 0.01
,SiC,1.0,Electron 191V,3.0,0,0.0,40.0,/Users/rkfuentes/Documents/md_anderson_analysis/yepes_code/data/2025-11-20/scope-results-2025-11-20-1039.csv,1.1123013866666698e-08,0.0,0,0,0,0,50 ohms time 0.01
,SiC,1.0,Electron 191V,3.0,0,0.0,40.0,/Users/rkfuentes/Documents/md_anderson_analysis/yepes_code/data/2025-11-20/scope-results-2025-11-20-1040.csv,1.1896990133333307e-08,0.0,0,0,0,0,50 ohms time 0.01
,SiC,1.0,Electron 191V,3.0,0,0.0,40.0,/Users/rkfuentes/Documents/md_anderson_analysis/yepes_code/data/2025-11-20/scope-results-2025-11-20-1041.csv,2.1774814666666666e-08,0.0,0,0,0,0,50 ohms time 0.01
,SiC,1.0,Electron 191V,3.0,0,0.0,40.0,/Users/rkfuentes/Documents/md_anderson_analysis/yepes_code/data/2025-11-20/scope-results-2025-11-20-1042.csv,1.8984547200000015e-08,0.0,0,0,0,0,50 ohms time 0.01
,SiC,1.0,Electron 191V,3.0,0,0.0,40.0,/Users/rkfuentes/Documents/md_anderson_analysis/yepes_code/data/2025-11-20/scope-results-2025-11-20-1043.csv,2.1802273066666658e-08,0.0,0,0,0,0,50 ohms time 0.01
,SiC,1.0,Electron 191V,3.0,0,0.0,40.0,/Users/rkfuentes/Documents/md_anderson_analysis/yepes_code/data/2025-11-20/scope-results-2025-11-20-1044.csv,1.0931168000000003e-08,0.0,0,0,0,0,50 ohms time 0.01
,SiC,1.0,Electron 191V,3.0,0,0.0,40.0,/Users/rkfuentes/Documents/md_anderson_analysis/yepes_code/data/2025-11-20/scope-results-2025-11-20-1045.csv,2.228333626666666e-08,0.0,0,0,0,0,50 ohms time 0.01
,SiC,1.0,Electron 191V,3.0,0,0.0,40.0,/Users/rkfuentes/Documents/md_anderson_analysis/yepes_code/data/2025-11-20/scope-results-2025-11-20-1046.csv,1.1217887999999966e-08,0.0,0,0,0,0,50 ohms time 0.01
,SiC,1.0,Electron 191V,3.0,0,0.0,40.0,/Users/rkfuentes/Documents/md_anderson_analysis/yepes_code/data/2025-11-20/scope-results-2025-11-20-1047.csv,7.057813333334503e-11,0.0,0,0,0,0,50 ohms time 0.01
,SiC,1.0,Electron 85V,3.0,0,0.0,40.0,/Users/rkfuentes/Documents/md_anderson_analysis/yepes_code/data/2025-11-20/scope-results-2025-11-20-1089.csv,2.6221413333333217e-10,0.0,0,0,0,0,50 ohms time 0.01
,SiC,1.0,Electron 85V,3.0,0,0.0,40.0,/Users/rkfuentes/Documents/md_anderson_analysis/yepes_code/data/2025-11-20/scope-results-2025-11-20-1090.csv,3.9817999999996414e-10,0.0,0,0,0,0,50 ohms time 0.01
,SiC,1.0,Electron 85V,3.0,0,0.0,40.0,/Users/rkfuentes/Documents/md_anderson_analysis/yepes_code/data/2025-11-20/scope-results-2025-11-20-1091.csv,1.789301333333126e-10,0.0,0,0,0,0,50 ohms time 0.01
,SiC,1.0,Electron 85V,3.0,0,0.0,40.0,/Users/rkfuentes/Documents/md_anderson_analysis/yepes_code/data/2025-11-20/scope-results-2025-11-20-1092.csv,1.8208639999999496e-09,0.0,0,0,0,0,50 ohms time 0.01
,SiC,1.0,Electron 85V,3.0,0,0.0,40.0,/Users/rkfuentes/Documents/md_anderson_analysis/yepes_code/data/2025-11-20/scope-results-2025-11-20-1093.csv,2.6927434666666647e-09,0.0,0,0,0,0,50 ohms time 0.01
,SiC,1.0,Electron 85V,3.0,0,0.0,40.0,/Users/rkfuentes/Documents/md_anderson_analysis/yepes_code/data/2025-11-20/scope-results-2025-11-20-1094.csv,1.052622933333339e-09,0.0,0,0,0,0,50 ohms time 0.01
,SiC,1.0,Electron 85V,3.0,0,0.0,40.0,/Users/rkfuentes/Documents/md_anderson_analysis/yepes_code/data/2025-11-20/scope-results-2025-11-20-1095.csv,4.30064533333363e-10,0.0,0,0,0,0,50 ohms time 0.01
,SiC,1.0,Electron 85V,3.0,0,0.0,40.0,/Users/rkfuentes/Documents/md_anderson_analysis/yepes_code/data/2025-11-20/scope-results-2025-11-20-1096.csv,1.4209269333333465e-09,0.0,0,0,0,0,50 ohms time 0.01
,SiC,1.0,Electron 85V,3.0,0,0.0,40.0,/Users/rkfuentes/Documents/md_anderson_analysis/yepes_code/data/2025-11-20/scope-results-2025-11-20-1097.csv,4.565176000000107e-10,0.0,0,0,0,0,50 ohms time 0.01
,SiC,1.0,Electron 85V,3.0,0,0.0,40.0,/Users/rkfuentes/Documents/md_anderson_analysis/yepes_code/data/2025-11-20/scope-results-2025-11-20-1098.csv,1.1942837333332856e-09,0.0,0,0,0,0,50 ohms time 0.01
,SiC,1.0,Electron 85V,3.0,0,0.0,40.0,/Users/rkfuentes/Documents/md_anderson_analysis/yepes_code/data/2025-11-20/scope-results-2025-11-20-1099.csv,1.8776800000002833e-10,0.0,0,0,0,0,50 ohms time 0.01
,SiC,1.0,Electron 110V,3.0,0,0.0,40.0,/Users/rkfuentes/Documents/md_anderson_analysis/yepes_code/data/2025-11-20/scope-results-2025-11-20-1147.csv,3.5610314666666484e-09,0.0,0,0,0,0,50 ohms time 0.01
,SiC,1.0,Electron 110V,3.0,0,0.0,40.0,/Users/rkfuentes/Documents/md_anderson_analysis/yepes_code/data/2025-11-20/scope-results-2025-11-20-1148.csv,5.414167733333316e-09,0.0,0,0,0,0,50 ohms time 0.01
,SiC,1.0,Electron 110V,3.0,0,0.0,40.0,/Users/rkfuentes/Documents/md_anderson_analysis/yepes_code/data/2025-11-20/scope-results-2025-11-20-1149.csv,4.498611199999995e-09,0.0,0,0,0,0,50 ohms time 0.01
,SiC,1.0,Electron 110V,3.0,0,0.0,40.0,/Users/rkfuentes/Documents/md_anderson_analysis/yepes_code/data/2025-11-20/scope-results-2025-11-20-1150.csv,4.389893333333319e-09,0.0,0,0,0,0,50 ohms time 0.01
,SiC,1.0,Electron 110V,3.0,0,0.0,40.0,/Users/rkfuentes/Documents/md_anderson_analysis/yepes_code/data/2025-11-20/scope-results-2025-11-20-1151.csv,1.0063146666666531e-09,0.0,0,0,0,0,50 ohms time 0.01
,SiC,1.0,Electron 110V,3.0,0,0.0,40.0,/Users/rkfuentes/Documents/md_anderson_analysis/yepes_code/data/2025-11-20/scope-results-2025-11-20-1152.csv,4.419492533333328e-09,0.0,0,0,0,0,50 ohms time 0.01
,SiC,1.0,Electron 110V,3.0,0,0.0,40.0,/Users/rkfuentes/Documents/md_anderson_analysis/yepes_code/data/2025-11-20/scope-results-2025-11-20-1153.csv,4.170150933333322e-09,0.0,0,0,0,0,50 ohms time 0.01
,SiC,1.0,Electron 110V,3.0,0,0.0,40.0,/Users/rkfuentes/Documents/md_anderson_analysis/yepes_code/data/2025-11-20/scope-results-2025-11-20-1154.csv,3.3784064000000027e-09,0.0,0,0,0,0,50 ohms time 0.01
,SiC,1.0,Electron 110V,3.0,0,0.0,40.0,/Users/rkfuentes/Documents/md_anderson_analysis/yepes_code/data/2025-11-20/scope-results-2025-11-20-1155.csv,3.4386458666666775e-09,0.0,0,0,0,0,50 ohms time 0.01
,SiC,1.0,Electron 110V,3.0,0,0.0,40.0,/Users/rkfuentes/Documents/md_anderson_analysis/yepes_code/data/2025-11-20/scope-results-2025-11-20-1156.csv,1.803306666663627e-11,0.0,0,0,0,0,50 ohms time 0.01
,SiC,1.0,Electron 110V,3.0,0,0.0,40.0,/Users/rkfuentes/Documents/md_anderson_analysis/yepes_code/data/2025-11-20/scope-results-2025-11-20-1157.csv,4.2195397333333236e-09,0.0,0,0,0,0,50 ohms time 0.01
,SiC,1.0,Electron 191V,3.0,0,0.0,40.0,/Users/rkfuentes/Documents/md_anderson_analysis/yepes_code/data/2025-11-20/scope-results-2025-11-20-1206.csv,1.562277200000002e-08,0.0,0,0,0,0,50 ohms time 0.01
,SiC,1.0,Electron 191V,3.0,0,0.0,40.0,/Users/rkfuentes/Documents/md_anderson_analysis/yepes_code/data/2025-11-20/scope-results-2025-11-20-1207.csv,1.2381706666666665e-08,0.0,0,0,0,0,50 ohms time 0.01
,SiC,1.0,Electron 191V,3.0,0,0.0,40.0,/Users/rkfuentes/Documents/md_anderson_analysis/yepes_code/data/2025-11-20/scope-results-2025-11-20-1208.csv,1.0946984533333328e-08,0.0,0,0,0,0,50 ohms time 0.01
,SiC,1.0,Electron 191V,3.0,0,0.0,40.0,/Users/rkfuentes/Documents/md_anderson_analysis/yepes_code/data/2025-11-20/scope-results-2025-11-20-1209.csv,1.2137427999999997e-08,0.0,0,0,0,0,50 ohms time 0.01
,SiC,1.0,Electron 191V,3.0,0,0.0,40.0,/Users/rkfuentes/Documents/md_anderson_analysis/yepes_code/data/2025-11-20/scope-results-2025-11-20-1210.csv,1.5947224800000006e-08,0.0,0,0,0,0,50 ohms time 0.01
,SiC,1.0,Electron 191V,3.0,0,0.0,40.0,/Users/rkfuentes/Documents/md_anderson_analysis/yepes_code/data/2025-11-20/scope-results-2025-11-20-1211.csv,7.313509960159383e-09,0.0,0,0,0,0,50 ohms time 0.01
,SiC,1.0,Electron 191V,3.0,0,0.0,40.0,/Users/rkfuentes/Documents/md_anderson_analysis/yepes_code/data/2025-11-20/scope-results-2025-11-20-1212.csv,1.4203688000000004e-08,0.0,0,0,0,0,50 ohms time 0.01
,SiC,1.0,Electron 191V,3.0,0,0.0,40.0,/Users/rkfuentes/Documents/md_anderson_analysis/yepes_code/data/2025-11-20/scope-results-2025-11-20-1221.csv,1.5014211999999983e-08,0.0,0,0,0,0,50 ohms time 0.01
,SiC,1.0,Electron 191V,3.0,0,0.0,40.0,/Users/rkfuentes/Documents/md_anderson_analysis/yepes_code/data/2025-11-20/scope-results-2025-11-20-1222.csv,7.385411999999976e-09,0.0,0,0,0,0,50 ohms time 0.01
,SiC,1.0,Electron 191V,3.0,0,0.0,40.0,/Users/rkfuentes/Documents/md_anderson_analysis/yepes_code/data/2025-11-20/scope-results-2025-11-20-1223.csv,1.2340933333333377e-08,0.0,0,0,0,0,50 ohms time 0.01
,SiC,1.0,Electron 191V,3.0,0,0.0,40.0,/Users/rkfuentes/Documents/md_anderson_analysis/yepes_code/data/2025-11-20/scope-results-2025-11-20-1224.csv,1.2435436533333298e-08,0.0,0,0,0,0,50 ohms time 0.01
,SiC,1.0,Electron 191V,3.0,0,0.0,40.0,/Users/rkfuentes/Documents/md_anderson_analysis/yepes_code/data/2025-11-20/scope-results-2025-11-20-1225.csv,1.3758980266666646e-08,0.0,0,0,0,0,50 ohms time 0.01
,SiC,1.0,Electron 191V,3.0,0,0.0,40.0,/Users/rkfuentes/Documents/md_anderson_analysis/yepes_code/data/2025-11-20/scope-results-2025-11-20-1226.csv,1.3704432799999977e-08,0.0,0,0,0,0,50 ohms time 0.01
,SiC,1.0,Electron 85V,3.0,0,0.0,40.0,/Users/rkfuentes/Documents/md_anderson_analysis/yepes_code/data/2025-11-20/scope-results-2025-11-20-1263.csv,1.2417381759484061e-09,0.0,0,0,0,0,50 ohms time 0.01
,SiC,1.0,Electron 85V,3.0,0,0.0,40.0,/Users/rkfuentes/Documents/md_anderson_analysis/yepes_code/data/2025-11-20/scope-results-2025-11-20-1264.csv,1.252014933333355e-09,0.0,0,0,0,0,50 ohms time 0.01
,SiC,1.0,Electron 85V,3.0,0,0.0,40.0,/Users/rkfuentes/Documents/md_anderson_analysis/yepes_code/data/2025-11-20/scope-results-2025-11-20-1265.csv,3.0675626666667856e-10,0.0,0,0,0,0,50 ohms time 0.01
,SiC,1.0,Electron 85V,3.0,0,0.0,40.0,/Users/rkfuentes/Documents/md_anderson_analysis/yepes_code/data/2025-11-20/scope-results-2025-11-20-1266.csv,2.550133333333317e-10,0.0,0,0,0,0,50 ohms time 0.01
,SiC,1.0,Electron 85V,3.0,0,0.0,40.0,/Users/rkfuentes/Documents/md_anderson_analysis/yepes_code/data/2025-11-20/scope-results-2025-11-20-1268.csv,2.6267967999999697e-09,0.0,0,0,0,0,50 ohms time 0.01
,SiC,1.0,Electron 85V,3.0,0,0.0,40.0,/Users/rkfuentes/Documents/md_anderson_analysis/yepes_code/data/2025-11-20/scope-results-2025-11-20-1269.csv,3.0823146666667054e-10,0.0,0,0,0,0,50 ohms time 0.01
,SiC,1.0,Electron 85V,3.0,0,0.0,40.0,/Users/rkfuentes/Documents/md_anderson_analysis/yepes_code/data/2025-11-20/scope-results-2025-11-20-1271.csv,1.45249919999999e-09,0.0,0,0,0,0,50 ohms time 0.01
,SiC,1.0,Electron 85V,3.0,0,0.0,40.0,/Users/rkfuentes/Documents/md_anderson_analysis/yepes_code/data/2025-11-20/scope-results-2025-11-20-1272.csv,1.4930559999999537e-10,0.0,0,0,0,0,50 ohms time 0.01
,SiC,1.0,Electron 85V,3.0,0,0.0,40.0,/Users/rkfuentes/Documents/md_anderson_analysis/yepes_code/data/2025-11-20/scope-results-2025-11-20-1273.csv,2.1062933333332698e-10,0.0,0,0,0,0,50 ohms time 0.01
,SiC,1.0,Electron 85V,3.0,0,0.0,40.0,/Users/rkfuentes/Documents/md_anderson_analysis/yepes_code/data/2025-11-20/scope-results-2025-11-20-1274.csv,1.35496399999997e-09,0.0,0,0,0,0,50 ohms time 0.01
,SiC,1.0,Electron 110V,3.0,0,0.0,40.0,/Users/rkfuentes/Documents/md_anderson_analysis/yepes_code/data/2025-11-20/scope-results-2025-11-20-1313.csv,1.9339682666666524e-09,0.0,0,0,0,0,50 ohms time 0.01
,SiC,1.0,Electron 110V,3.0,0,0.0,40.0,/Users/rkfuentes/Documents/md_anderson_analysis/yepes_code/data/2025-11-20/scope-results-2025-11-20-1314.csv,3.6959834666666464e-09,0.0,0,0,0,0,50 ohms time 0.01
,SiC,1.0,Electron 110V,3.0,0,0.0,40.0,/Users/rkfuentes/Documents/md_anderson_analysis/yepes_code/data/2025-11-20/scope-results-2025-11-20-1315.csv,2.448019200000009e-09,0.0,0,0,0,0,50 ohms time 0.01
,SiC,1.0,Electron 110V,3.0,0,0.0,40.0,/Users/rkfuentes/Documents/md_anderson_analysis/yepes_code/data/2025-11-20/scope-results-2025-11-20-1316.csv,3.0851424000000206e-09,0.0,0,0,0,0,50 ohms time 0.01
,SiC,1.0,Electron 110V,3.0,0,0.0,40.0,/Users/rkfuentes/Documents/md_anderson_analysis/yepes_code/data/2025-11-20/scope-results-2025-11-20-1317.csv,1.8568034666666859e-09,0.0,0,0,0,0,50 ohms time 0.01
,SiC,1.0,Electron 110V,3.0,0,0.0,40.0,/Users/rkfuentes/Documents/md_anderson_analysis/yepes_code/data/2025-11-20/scope-results-2025-11-20-1318.csv,3.0225818666666763e-09,0.0,0,0,0,0,50 ohms time 0.01
,SiC,1.0,Electron 110V,3.0,0,0.0,40.0,/Users/rkfuentes/Documents/md_anderson_analysis/yepes_code/data/2025-11-20/scope-results-2025-11-20-1319.csv,3.728827733333309e-09,0.0,0,0,0,0,50 ohms time 0.01
,SiC,1.0,Electron 110V,3.0,0,0.0,40.0,/Users/rkfuentes/Documents/md_anderson_analysis/yepes_code/data/2025-11-20/scope-results-2025-11-20-1320.csv,2.712069066666668e-09,0.0,0,0,0,0,50 ohms time 0.01
,SiC,1.0,Electron 110V,3.0,0,0.0,40.0,/Users/rkfuentes/Documents/md_anderson_analysis/yepes_code/data/2025-11-20/scope-results-2025-11-20-1321.csv,2.7993130666666418e-09,0.0,0,0,0,0,50 ohms time 0.01
,SiC,1.0,Electron 110V,3.0,0,0.0,40.0,/Users/rkfuentes/Documents/md_anderson_analysis/yepes_code/data/2025-11-20/scope-results-2025-11-20-1327.csv,1.8915114666666337e-09,0.0,0,0,0,0,50 ohms time 0.01
,SiC,1.0,Electron 110V,3.0,0,0.0,40.0,/Users/rkfuentes/Documents/md_anderson_analysis/yepes_code/data/2025-11-20/scope-results-2025-11-20-1328.csv,2.180336000000062e-10,0.0,0,0,0,0,50 ohms time 0.01
,SiC,1.0,Electron 110V,3.0,0,0.0,40.0,/Users/rkfuentes/Documents/md_anderson_analysis/yepes_code/data/2025-11-20/scope-results-2025-11-20-1329.csv,2.2782517333333428e-09,0.0,0,0,0,0,50 ohms time 0.01
,SiC,1.0,Electron 191V,3.0,0,0.0,40.0,/Users/rkfuentes/Documents/md_anderson_analysis/yepes_code/data/2025-11-20/scope-results-2025-11-20-1379.csv,1.0005442133333355e-08,0.0,0,0,0,0,50 ohms time 0.01
,SiC,1.0,Electron 191V,3.0,0,0.0,40.0,/Users/rkfuentes/Documents/md_anderson_analysis/yepes_code/data/2025-11-20/scope-results-2025-11-20-1380.csv,8.84273706666668e-09,0.0,0,0,0,0,50 ohms time 0.01
,SiC,1.0,Electron 191V,3.0,0,0.0,40.0,/Users/rkfuentes/Documents/md_anderson_analysis/yepes_code/data/2025-11-20/scope-results-2025-11-20-1381.csv,9.219418133333331e-09,0.0,0,0,0,0,50 ohms time 0.01
,SiC,1.0,Electron 191V,3.0,0,0.0,40.0,/Users/rkfuentes/Documents/md_anderson_analysis/yepes_code/data/2025-11-20/scope-results-2025-11-20-1382.csv,1.0394181066666625e-08,0.0,0,0,0,0,50 ohms time 0.01
,SiC,1.0,Electron 191V,3.0,0,0.0,40.0,/Users/rkfuentes/Documents/md_anderson_analysis/yepes_code/data/2025-11-20/scope-results-2025-11-20-1383.csv,8.500181333333312e-09,0.0,0,0,0,0,50 ohms time 0.01
,SiC,1.0,Electron 191V,3.0,0,0.0,40.0,/Users/rkfuentes/Documents/md_anderson_analysis/yepes_code/data/2025-11-20/scope-results-2025-11-20-1384.csv,4.411951999999989e-09,0.0,0,0,0,0,50 ohms time 0.01
,SiC,1.0,Electron 191V,3.0,0,0.0,40.0,/Users/rkfuentes/Documents/md_anderson_analysis/yepes_code/data/2025-11-20/scope-results-2025-11-20-1385.csv,9.07902133333335e-09,0.0,0,0,0,0,50 ohms time 0.01
,SiC,1.0,Electron 191V,3.0,0,0.0,40.0,/Users/rkfuentes/Documents/md_anderson_analysis/yepes_code/data/2025-11-20/scope-results-2025-11-20-1386.csv,1.085505626666665e-08,0.0,0,0,0,0,50 ohms time 0.01
,SiC,1.0,Electron 191V,3.0,0,0.0,40.0,/Users/rkfuentes/Documents/md_anderson_analysis/yepes_code/data/2025-11-20/scope-results-2025-11-20-1387.csv,8.048116533333297e-09,0.0,0,0,0,0,50 ohms time 0.01
,SiC,1.0,Electron 191V,3.0,0,0.0,40.0,/Users/rkfuentes/Documents/md_anderson_analysis/yepes_code/data/2025-11-20/scope-results-2025-11-20-1388.csv,1.0016679466666704e-08,0.0,0,0,0,0,50 ohms time 0.01
,SiC,1.0,Electron 191V,3.0,0,0.0,40.0,/Users/rkfuentes/Documents/md_anderson_analysis/yepes_code/data/2025-11-20/scope-results-2025-11-20-1389.csv,8.765382666666677e-09,0.0,0,0,0,0,50 ohms time 0.01
,SiC,1.0,Electron 191V,3.0,0,0.0,40.0,/Users/rkfuentes/Documents/md_anderson_analysis/yepes_code/data/2025-11-20/scope-results-2025-11-20-1390.csv,8.795002666666656e-09,0.0,0,0,0,0,50 ohms time 0.01
,SiC,1.0,Electron 191V,3.0,0,0.0,40.0,/Users/rkfuentes/Documents/md_anderson_analysis/yepes_code/data/2025-11-20/scope-results-2025-11-20-1391.csv,9.281449599999987e-09,0.0,0,0,0,0,50 ohms time 0.01
,SiC,1.0,Electron 85V,3.0,0,0.0,40.0,/Users/rkfuentes/Documents/md_anderson_analysis/yepes_code/data/2025-11-20/scope-results-2025-11-20-1426.csv,2.5429653333330573e-10,0.0,0,0,0,0,50 ohms time 0.01
,SiC,1.0,Electron 85V,3.0,0,0.0,40.0,/Users/rkfuentes/Documents/md_anderson_analysis/yepes_code/data/2025-11-20/scope-results-2025-11-20-1427.csv,1.40447836583099e-09,0.0,0,0,0,0,50 ohms time 0.01
,SiC,1.0,Electron 85V,3.0,0,0.0,40.0,/Users/rkfuentes/Documents/md_anderson_analysis/yepes_code/data/2025-11-20/scope-results-2025-11-20-1428.csv,2.8044400000000465e-10,0.0,0,0,0,0,50 ohms time 0.01
,SiC,1.0,Electron 85V,3.0,0,0.0,40.0,/Users/rkfuentes/Documents/md_anderson_analysis/yepes_code/data/2025-11-20/scope-results-2025-11-20-1429.csv,1.3030666666661714e-10,0.0,0,0,0,0,50 ohms time 0.01
,SiC,1.0,Electron 85V,3.0,0,0.0,40.0,/Users/rkfuentes/Documents/md_anderson_analysis/yepes_code/data/2025-11-20/scope-results-2025-11-20-1430.csv,1.6183208000000179e-09,0.0,0,0,0,0,50 ohms time 0.01
,SiC,1.0,Electron 85V,3.0,0,0.0,40.0,/Users/rkfuentes/Documents/md_anderson_analysis/yepes_code/data/2025-11-20/scope-results-2025-11-20-1431.csv,3.105271477662736e-10,0.0,0,0,0,0,50 ohms time 0.01
,SiC,1.0,Electron 85V,3.0,0,0.0,40.0,/Users/rkfuentes/Documents/md_anderson_analysis/yepes_code/data/2025-11-20/scope-results-2025-11-20-1432.csv,2.148000000000251e-10,0.0,0,0,0,0,50 ohms time 0.01
,SiC,1.0,Electron 85V,3.0,0,0.0,40.0,/Users/rkfuentes/Documents/md_anderson_analysis/yepes_code/data/2025-11-20/scope-results-2025-11-20-1433.csv,2.331226666666588e-10,0.0,0,0,0,0,50 ohms time 0.01
,SiC,1.0,Electron 85V,3.0,0,0.0,40.0,/Users/rkfuentes/Documents/md_anderson_analysis/yepes_code/data/2025-11-20/scope-results-2025-11-20-1434.csv,1.8581067344344982e-10,0.0,0,0,0,0,50 ohms time 0.01
,SiC,1.0,Electron 85V,3.0,0,0.0,40.0,/Users/rkfuentes/Documents/md_anderson_analysis/yepes_code/data/2025-11-20/scope-results-2025-11-20-1435.csv,2.0040959999998727e-10,0.0,0,0,0,0,50 ohms time 0.01
,SiC,1.0,Electron 85V,3.0,0,0.0,40.0,/Users/rkfuentes/Documents/md_anderson_analysis/yepes_code/data/2025-11-20/scope-results-2025-11-20-1436.csv,1.8414853333332254e-10,0.0,0,0,0,0,50 ohms time 0.01
,SiC,1.0,Electron 110V,3.0,0,0.0,40.0,/Users/rkfuentes/Documents/md_anderson_analysis/yepes_code/data/2025-11-20/scope-results-2025-11-20-1471.csv,1.904782666666634e-09,0.0,0,0,0,0,50 ohms time 0.01
,SiC,1.0,Electron 110V,3.0,0,0.0,40.0,/Users/rkfuentes/Documents/md_anderson_analysis/yepes_code/data/2025-11-20/scope-results-2025-11-20-1472.csv,1.982229333333357e-09,0.0,0,0,0,0,50 ohms time 0.01
,SiC,1.0,Electron 110V,3.0,0,0.0,40.0,/Users/rkfuentes/Documents/md_anderson_analysis/yepes_code/data/2025-11-20/scope-results-2025-11-20-1473.csv,2.0561066666666533e-09,0.0,0,0,0,0,50 ohms time 0.01
,SiC,1.0,Electron 110V,3.0,0,0.0,40.0,/Users/rkfuentes/Documents/md_anderson_analysis/yepes_code/data/2025-11-20/scope-results-2025-11-20-1474.csv,2.1798237333332884e-09,0.0,0,0,0,0,50 ohms time 0.01
,SiC,1.0,Electron 110V,3.0,0,0.0,40.0,/Users/rkfuentes/Documents/md_anderson_analysis/yepes_code/data/2025-11-20/scope-results-2025-11-20-1476.csv,2.8479146666669414e-10,0.0,0,0,0,0,50 ohms time 0.01
,SiC,1.0,Electron 110V,3.0,0,0.0,40.0,/Users/rkfuentes/Documents/md_anderson_analysis/yepes_code/data/2025-11-20/scope-results-2025-11-20-1477.csv,1.5573370666666845e-09,0.0,0,0,0,0,50 ohms time 0.01
,SiC,1.0,Electron 110V,3.0,0,0.0,40.0,/Users/rkfuentes/Documents/md_anderson_analysis/yepes_code/data/2025-11-20/scope-results-2025-11-20-1478.csv,2.3248106666666266e-09,0.0,0,0,0,0,50 ohms time 0.01
,SiC,1.0,Electron 110V,3.0,0,0.0,40.0,/Users/rkfuentes/Documents/md_anderson_analysis/yepes_code/data/2025-11-20/scope-results-2025-11-20-1479.csv,5.060903999999704e-10,0.0,0,0,0,0,50 ohms time 0.01
,SiC,1.0,Electron 110V,3.0,0,0.0,40.0,/Users/rkfuentes/Documents/md_anderson_analysis/yepes_code/data/2025-11-20/scope-results-2025-11-20-1480.csv,2.1643173333333337e-09,0.0,0,0,0,0,50 ohms time 0.01
,SiC,1.0,Electron 110V,3.0,0,0.0,40.0,/Users/rkfuentes/Documents/md_anderson_analysis/yepes_code/data/2025-11-20/scope-results-2025-11-20-1481.csv,2.6013279999997805e-10,0.0,0,0,0,0,50 ohms time 0.01
,SiC,1.0,Electron 191V,3.0,0,0.0,40.0,/Users/rkfuentes/Documents/md_anderson_analysis/yepes_code/data/2025-11-20/scope-results-2025-11-20-1516.csv,5.855551999999982e-09,0.0,0,0,0,0,50 ohms time 0.01
,SiC,1.0,Electron 191V,3.0,0,0.0,40.0,/Users/rkfuentes/Documents/md_anderson_analysis/yepes_code/data/2025-11-20/scope-results-2025-11-20-1517.csv,7.118019999999994e-09,0.0,0,0,0,0,50 ohms time 0.01
,SiC,1.0,Electron 191V,3.0,0,0.0,40.0,/Users/rkfuentes/Documents/md_anderson_analysis/yepes_code/data/2025-11-20/scope-results-2025-11-20-1518.csv,5.746697866666704e-09,0.0,0,0,0,0,50 ohms time 0.01
,SiC,1.0,Electron 191V,3.0,0,0.0,40.0,/Users/rkfuentes/Documents/md_anderson_analysis/yepes_code/data/2025-11-20/scope-results-2025-11-20-1519.csv,8.320874933333314e-09,0.0,0,0,0,0,50 ohms time 0.01
,SiC,1.0,Electron 191V,3.0,0,0.0,40.0,/Users/rkfuentes/Documents/md_anderson_analysis/yepes_code/data/2025-11-20/scope-results-2025-11-20-1520.csv,6.542746666666681e-09,0.0,0,0,0,0,50 ohms time 0.01
,SiC,1.0,Electron 191V,3.0,0,0.0,40.0,/Users/rkfuentes/Documents/md_anderson_analysis/yepes_code/data/2025-11-20/scope-results-2025-11-20-1521.csv,7.0059557333333305e-09,0.0,0,0,0,0,50 ohms time 0.01
,SiC,1.0,Electron 191V,3.0,0,0.0,40.0,/Users/rkfuentes/Documents/md_anderson_analysis/yepes_code/data/2025-11-20/scope-results-2025-11-20-1522.csv,6.562942933333318e-09,0.0,0,0,0,0,50 ohms time 0.01
,SiC,1.0,Electron 191V,3.0,0,0.0,40.0,/Users/rkfuentes/Documents/md_anderson_analysis/yepes_code/data/2025-11-20/scope-results-2025-11-20-1523.csv,7.483990666666676e-09,0.0,0,0,0,0,50 ohms time 0.01
,SiC,1.0,Electron 191V,3.0,0,0.0,40.0,/Users/rkfuentes/Documents/md_anderson_analysis/yepes_code/data/2025-11-20/scope-results-2025-11-20-1524.csv,6.958156533333302e-09,0.0,0,0,0,0,50 ohms time 0.01
,SiC,1.0,Electron 191V,3.0,0,0.0,40.0,/Users/rkfuentes/Documents/md_anderson_analysis/yepes_code/data/2025-11-20/scope-results-2025-11-20-1525.csv,6.750547199999998e-09,0.0,0,0,0,0,50 ohms time 0.01
,SiC,1.0,Electron 191V,3.0,0,0.0,40.0,/Users/rkfuentes/Documents/md_anderson_analysis/yepes_code/data/2025-11-20/scope-results-2025-11-20-1527.csv,6.778950933333348e-09,0.0,0,0,0,0,50 ohms time 0.01
,SiC,1.0,Electron 191V,3.0,0,0.0,40.0,/Users/rkfuentes/Documents/md_anderson_analysis/yepes_code/data/2025-11-20/scope-results-2025-11-20-1529.csv,1.2549896800000022e-08,0.0,0,0,0,0,50 ohms time 0.01
,SiC,1.0,Electron 191V,3.0,0,0.0,40.0,/Users/rkfuentes/Documents/md_anderson_analysis/yepes_code/data/2025-11-20/scope-results-2025-11-20-1530.csv,4.650448853333333e-08,0.0,0,0,0,0,50 ohms time 0.01
,SiC,1.0,Electron 191V,3.0,0,0.0,40.0,/Users/rkfuentes/Documents/md_anderson_analysis/yepes_code/data/2025-11-20/scope-results-2025-11-20-1531.csv,1.7745146067415744e-08,0.0,0,0,0,0,50 ohms time 0.01
,SiC,1.0,Electron 110V,3.0,0,0.0,40.0,/Users/rkfuentes/Documents/md_anderson_analysis/yepes_code/data/2025-11-20/scope-results-2025-11-20-1584.csv,2.338580266666666e-08,0.0,0,0,0,0,50 ohms time 0.01 no collimator
,SiC,1.0,Electron 110V,3.0,0,0.0,40.0,/Users/rkfuentes/Documents/md_anderson_analysis/yepes_code/data/2025-11-20/scope-results-2025-11-20-1585.csv,1.5029450666666654e-08,0.0,0,0,0,0,50 ohms time 0.01 no collimator
,SiC,1.0,Electron 110V,3.0,0,0.0,40.0,/Users/rkfuentes/Documents/md_anderson_analysis/yepes_code/data/2025-11-20/scope-results-2025-11-20-1586.csv,2.0353139999999985e-08,0.0,0,0,0,0,50 ohms time 0.01 no collimator
,SiC,1.0,Electron 191V,3.0,0,0.0,40.0,/Users/rkfuentes/Documents/md_anderson_analysis/yepes_code/data/2025-11-20/scope-results-2025-11-20-1587.csv,6.6521024e-08,0.0,0,0,0,0,50 ohms time 0.01 no collimator
,SiC,1.0,Electron 191V,3.0,0,0.0,40.0,/Users/rkfuentes/Documents/md_anderson_analysis/yepes_code/data/2025-11-20/scope-results-2025-11-20-1588.csv,3.620854666666642e-09,0.0,0,0,0,0,50 ohms time 0.01 no collimator
,SiC,1.0,Electron 191V,3.0,0,0.0,40.0,/Users/rkfuentes/Documents/md_anderson_analysis/yepes_code/data/2025-11-20/scope-results-2025-11-20-1589.csv,3.2066799999999577e-09,0.0,0,0,0,0,50 ohms time 0.01 no collimator
,SiC,1.0,Electron 191V,3.0,0,0.0,40.0,/Users/rkfuentes/Documents/md_anderson_analysis/yepes_code/data/2025-11-20/scope-results-2025-11-20-1590.csv,2.1903999999999468e-10,0.0,0,0,0,0,50 ohms time 0.01 no collimator
,SiC,1.0,Electron 85V,3.0,0,0.0,200.0,/Users/rkfuentes/Documents/md_anderson_analysis/yepes_code/data/2025-11-20/scope-results-2025-11-20-1630.csv,4.2654399999996577e-10,0.0,0,0,0,0,50 ohms time 0.01 no collimator
,SiC,1.0,Electron 85V,3.0,0,0.0,200.0,/Users/rkfuentes/Documents/md_anderson_analysis/yepes_code/data/2025-11-20/scope-results-2025-11-20-1631.csv,5.901439999999833e-10,0.0,0,0,0,0,50 ohms time 0.01 no collimator
,SiC,1.0,Electron 85V,3.0,0,0.0,200.0,/Users/rkfuentes/Documents/md_anderson_analysis/yepes_code/data/2025-11-20/scope-results-2025-11-20-1632.csv,2.4391653333333328e-09,0.0,0,0,0,0,50 ohms time 0.01 no collimator
,SiC,1.0,Electron 85V,3.0,0,0.0,200.0,/Users/rkfuentes/Documents/md_anderson_analysis/yepes_code/data/2025-11-20/scope-results-2025-11-20-1633.csv,4.918933333332807e-10,0.0,0,0,0,0,50 ohms time 0.01 no collimator
,SiC,1.0,Electron 85V,3.0,0,0.0,200.0,/Users/rkfuentes/Documents/md_anderson_analysis/yepes_code/data/2025-11-20/scope-results-2025-11-20-1634.csv,1.5536773333333264e-09,0.0,0,0,0,0,50 ohms time 0.01 no collimator
,SiC,1.0,Electron 85V,3.0,0,0.0,200.0,/Users/rkfuentes/Documents/md_anderson_analysis/yepes_code/data/2025-11-20/scope-results-2025-11-20-1635.csv,1.5306666666666295e-09,0.0,0,0,0,0,50 ohms time 0.01 no collimator
,SiC,1.0,Electron 85V,3.0,0,0.0,200.0,/Users/rkfuentes/Documents/md_anderson_analysis/yepes_code/data/2025-11-20/scope-results-2025-11-20-1636.csv,1.7173493333333414e-09,0.0,0,0,0,0,50 ohms time 0.01 no collimator
,SiC,1.0,Electron 85V,3.0,0,0.0,200.0,/Users/rkfuentes/Documents/md_anderson_analysis/yepes_code/data/2025-11-20/scope-results-2025-11-20-1637.csv,1.5667199999999942e-09,0.0,0,0,0,0,50 ohms time 0.01 no collimator
,SiC,1.0,Electron 85V,3.0,0,0.0,200.0,/Users/rkfuentes/Documents/md_anderson_analysis/yepes_code/data/2025-11-20/scope-results-2025-11-20-1638.csv,1.7882933333333708e-09,0.0,0,0,0,0,50 ohms time 0.01 no collimator
,SiC,1.0,Electron 85V,3.0,0,0.0,200.0,/Users/rkfuentes/Documents/md_anderson_analysis/yepes_code/data/2025-11-20/scope-results-2025-11-20-1639.csv,1.3850053333333646e-09,0.0,0,0,0,0,50 ohms time 0.01 no collimator
,SiC,1.0,Electron 85V,3.0,0,0.0,200.0,/Users/rkfuentes/Documents/md_anderson_analysis/yepes_code/data/2025-11-20/scope-results-2025-11-20-1640.csv,1.0881333333333592e-09,0.0,0,0,0,0,50 ohms time 0.01 no collimator
,SiC,1.0,Electron 85V,3.0,0,0.0,200.0,/Users/rkfuentes/Documents/md_anderson_analysis/yepes_code/data/2025-11-20/scope-results-2025-11-20-1641.csv,1.0177199999999773e-09,0.0,0,0,0,0,50 ohms time 0.01 no collimator
,SiC,1.0,Electron 85V,3.0,0,0.0,200.0,/Users/rkfuentes/Documents/md_anderson_analysis/yepes_code/data/2025-11-20/scope-results-2025-11-20-1642.csv,9.162666666666617e-10,0.0,0,0,0,0,50 ohms time 0.01 no collimator
,SiC,1.0,Electron 110V,3.0,0,0.0,200.0,/Users/rkfuentes/Documents/md_anderson_analysis/yepes_code/data/2025-11-20/scope-results-2025-11-20-1703.csv,1.4752106666666828e-09,0.0,0,0,0,0,50 ohms time 0.01 no collimator
,SiC,1.0,Electron 110V,3.0,0,0.0,200.0,/Users/rkfuentes/Documents/md_anderson_analysis/yepes_code/data/2025-11-20/scope-results-2025-11-20-1704.csv,1.7789866666667089e-10,0.0,0,0,0,0,50 ohms time 0.01 no collimator
,SiC,1.0,Electron 110V,3.0,0,0.0,200.0,/Users/rkfuentes/Documents/md_anderson_analysis/yepes_code/data/2025-11-20/scope-results-2025-11-20-1705.csv,5.494634666666636e-10,0.0,0,0,0,0,50 ohms time 0.01 no collimator
,SiC,1.0,Electron 110V,3.0,0,0.0,200.0,/Users/rkfuentes/Documents/md_anderson_analysis/yepes_code/data/2025-11-20/scope-results-2025-11-20-1706.csv,8.521503999999892e-10,0.0,0,0,0,0,50 ohms time 0.01 no collimator
,SiC,1.0,Electron 110V,3.0,0,0.0,200.0,/Users/rkfuentes/Documents/md_anderson_analysis/yepes_code/data/2025-11-20/scope-results-2025-11-20-1707.csv,7.839101123595529e-10,0.0,0,0,0,0,50 ohms time 0.01 no collimator
,SiC,1.0,Electron 110V,3.0,0,0.0,200.0,/Users/rkfuentes/Documents/md_anderson_analysis/yepes_code/data/2025-11-20/scope-results-2025-11-20-1708.csv,1.2096501333333472e-09,0.0,0,0,0,0,50 ohms time 0.01 no collimator
,SiC,1.0,Electron 110V,3.0,0,0.0,200.0,/Users/rkfuentes/Documents/md_anderson_analysis/yepes_code/data/2025-11-20/scope-results-2025-11-20-1709.csv,4.354933333334042e-11,0.0,0,0,0,0,50 ohms time 0.01 no collimator
,SiC,1.0,Electron 110V,3.0,0,0.0,200.0,/Users/rkfuentes/Documents/md_anderson_analysis/yepes_code/data/2025-11-20/scope-results-2025-11-20-1710.csv,1.774716800000003e-09,0.0,0,0,0,0,50 ohms time 0.01 no collimator
,SiC,1.0,Electron 110V,3.0,0,0.0,200.0,/Users/rkfuentes/Documents/md_anderson_analysis/yepes_code/data/2025-11-20/scope-results-2025-11-20-1711.csv,3.5549671147880017e-09,0.0,0,0,0,0,50 ohms time 0.01 no collimator
,SiC,1.0,Electron 110V,3.0,0,0.0,200.0,/Users/rkfuentes/Documents/md_anderson_analysis/yepes_code/data/2025-11-20/scope-results-2025-11-20-1712.csv,7.302720000001427e-11,0.0,0,0,0,0,50 ohms time 0.01 no collimator
,SiC,1.0,Electron 110V,3.0,0,0.0,200.0,/Users/rkfuentes/Documents/md_anderson_analysis/yepes_code/data/2025-11-20/scope-results-2025-11-20-1713.csv,1.675541333333326e-09,0.0,0,0,0,0,50 ohms time 0.01 no collimator
,SiC,1.0,Electron 110V,3.0,0,0.0,200.0,/Users/rkfuentes/Documents/md_anderson_analysis/yepes_code/data/2025-11-20/scope-results-2025-11-20-1714.csv,4.516293333332943e-10,0.0,0,0,0,0,50 ohms time 0.01 no collimator
,SiC,1.0,Electron 110V,3.0,0,0.0,200.0,/Users/rkfuentes/Documents/md_anderson_analysis/yepes_code/data/2025-11-20/scope-results-2025-11-20-1715.csv,2.365235200000007e-09,0.0,0,0,0,0,50 ohms time 0.01 no collimator
,SiC,1.0,Electron 110V,3.0,0,0.0,200.0,/Users/rkfuentes/Documents/md_anderson_analysis/yepes_code/data/2025-11-20/scope-results-2025-11-20-1716.csv,3.0974666666666613e-10,0.0,0,0,0,0,50 ohms time 0.01 no collimator
,SiC,1.0,Electron 110V,3.0,0,0.0,200.0,/Users/rkfuentes/Documents/md_anderson_analysis/yepes_code/data/2025-11-20/scope-results-2025-11-20-1718.csv,1.951069551777418e-09,0.0,0,0,0,0,50 ohms time 0.01 no collimator
,SiC,1.0,Electron 110V,3.0,0,0.0,200.0,/Users/rkfuentes/Documents/md_anderson_analysis/yepes_code/data/2025-11-20/scope-results-2025-11-20-1719.csv,3.235673289183218e-09,0.0,0,0,0,0,50 ohms time 0.01 no collimator
,SiC,1.0,Electron 110V,3.0,0,0.0,200.0,/Users/rkfuentes/Documents/md_anderson_analysis/yepes_code/data/2025-11-20/scope-results-2025-11-20-1720.csv,2.9642986666664604e-10,0.0,0,0,0,0,50 ohms time 0.01 no collimator
,SiC,1.0,Electron 110V,3.0,0,0.0,200.0,/Users/rkfuentes/Documents/md_anderson_analysis/yepes_code/data/2025-11-20/scope-results-2025-11-20-1721.csv,1.7177386666667104e-10,0.0,0,0,0,0,50 ohms time 0.01 no collimator
,SiC,1.0,Electron 110V,3.0,0,0.0,200.0,/Users/rkfuentes/Documents/md_anderson_analysis/yepes_code/data/2025-11-20/scope-results-2025-11-20-1722.csv,9.662432000000051e-10,0.0,0,0,0,0,50 ohms time 0.01 no collimator
,SiC,1.0,Electron 110V,3.0,0,0.0,200.0,/Users/rkfuentes/Documents/md_anderson_analysis/yepes_code/data/2025-11-20/scope-results-2025-11-20-1724.csv,1.893981866666675e-09,0.0,0,0,0,0,50 ohms time 0.01 no collimator
,SiC,1.0,Electron 110V,3.0,0,0.0,200.0,/Users/rkfuentes/Documents/md_anderson_analysis/yepes_code/data/2025-11-20/scope-results-2025-11-20-1725.csv,2.0908560000000003e-09,0.0,0,0,0,0,50 ohms time 0.01 no collimator
,SiC,1.0,Electron 110V,3.0,0,0.0,200.0,/Users/rkfuentes/Documents/md_anderson_analysis/yepes_code/data/2025-11-20/scope-results-2025-11-20-1726.csv,1.394869546666666e-08,0.0,0,0,0,0,50 ohms time 0.01 no collimator
,SiC,1.0,Electron 110V,3.0,0,0.0,200.0,/Users/rkfuentes/Documents/md_anderson_analysis/yepes_code/data/2025-11-20/scope-results-2025-11-20-1727.csv,2.8329712000000264e-09,0.0,0,0,0,0,50 ohms time 0.01 no collimator
,SiC,1.0,Electron 110V,3.0,0,0.0,200.0,/Users/rkfuentes/Documents/md_anderson_analysis/yepes_code/data/2025-11-20/scope-results-2025-11-20-1728.csv,2.3834015999999445e-09,0.0,0,0,0,0,50 ohms time 0.01 no collimator
,SiC,1.0,Electron 110V,3.0,0,0.0,200.0,/Users/rkfuentes/Documents/md_anderson_analysis/yepes_code/data/2025-11-20/scope-results-2025-11-20-1729.csv,1.1451648000000245e-09,0.0,0,0,0,0,50 ohms time 0.01 no collimator
,SiC,1.0,Electron 110V,3.0,0,0.0,200.0,/Users/rkfuentes/Documents/md_anderson_analysis/yepes_code/data/2025-11-20/scope-results-2025-11-20-1731.csv,3.719537066666651e-09,0.0,0,0,0,0,50 ohms time 0.01 no collimator
,SiC,1.0,Electron 110V,3.0,0,0.0,200.0,/Users/rkfuentes/Documents/md_anderson_analysis/yepes_code/data/2025-11-20/scope-results-2025-11-20-1732.csv,4.251015384615375e-09,0.0,0,0,0,0,50 ohms time 0.01 no collimator
,SiC,1.0,Electron 110V,3.0,0,0.0,200.0,/Users/rkfuentes/Documents/md_anderson_analysis/yepes_code/data/2025-11-20/scope-results-2025-11-20-1733.csv,5.208266666666365e-10,0.0,0,0,0,0,50 ohms time 0.01 no collimator
,SiC,1.0,Electron 85V,3.0,0,0.0,200.0,/Users/rkfuentes/Documents/md_anderson_analysis/yepes_code/data/2025-11-20/scope-results-2025-11-20-1734.csv,1.6814378666666846e-09,0.0,0,0,0,0,50 ohms time 0.01 no collimator
,SiC,1.0,Electron 85V,3.0,0,0.0,200.0,/Users/rkfuentes/Documents/md_anderson_analysis/yepes_code/data/2025-11-20/scope-results-2025-11-20-1735.csv,1.070309333333332e-09,0.0,0,0,0,0,50 ohms time 0.01 no collimator
,SiC,1.0,Electron 85V,3.0,0,0.0,200.0,/Users/rkfuentes/Documents/md_anderson_analysis/yepes_code/data/2025-11-20/scope-results-2025-11-20-1736.csv,1.784405333333277e-10,0.0,0,0,0,0,50 ohms time 0.01 no collimator
,SiC,1.0,Electron 85V,3.0,0,0.0,200.0,/Users/rkfuentes/Documents/md_anderson_analysis/yepes_code/data/2025-11-20/scope-results-2025-11-20-1737.csv,1.768933333333308e-09,0.0,0,0,0,0,50 ohms time 0.01 no collimator
,SiC,1.0,Electron 85V,3.0,0,0.0,200.0,/Users/rkfuentes/Documents/md_anderson_analysis/yepes_code/data/2025-11-20/scope-results-2025-11-20-1738.csv,1.1382133333332898e-09,0.0,0,0,0,0,50 ohms time 0.01 no collimator
,SiC,1.0,Electron 85V,3.0,0,0.0,200.0,/Users/rkfuentes/Documents/md_anderson_analysis/yepes_code/data/2025-11-20/scope-results-2025-11-20-1739.csv,2.0783146666667255e-09,0.0,0,0,0,0,50 ohms time 0.01 no collimator
,SiC,1.0,Electron 85V,3.0,0,0.0,200.0,/Users/rkfuentes/Documents/md_anderson_analysis/yepes_code/data/2025-11-20/scope-results-2025-11-20-1740.csv,5.312000000000128e-10,0.0,0,0,0,0,50 ohms time 0.01 no collimator
,SiC,1.0,Electron 85V,3.0,0,0.0,200.0,/Users/rkfuentes/Documents/md_anderson_analysis/yepes_code/data/2025-11-20/scope-results-2025-11-20-1741.csv,1.1123333333333428e-09,0.0,0,0,0,0,50 ohms time 0.01 no collimator
,SiC,1.0,Electron 85V,3.0,0,0.0,200.0,/Users/rkfuentes/Documents/md_anderson_analysis/yepes_code/data/2025-11-20/scope-results-2025-11-20-1742.csv,1.1730431999999993e-09,0.0,0,0,0,0,50 ohms time 0.01 no collimator
,SiC,1.0,Electron 85V,3.0,0,0.0,200.0,/Users/rkfuentes/Documents/md_anderson_analysis/yepes_code/data/2025-11-20/scope-results-2025-11-20-1743.csv,2.3852517333333173e-09,0.0,0,0,0,0,50 ohms time 0.01 no collimator
,SiC,1.0,Electron 85V,3.0,0,0.0,200.0,/Users/rkfuentes/Documents/md_anderson_analysis/yepes_code/data/2025-11-20/scope-results-2025-11-20-1744.csv,6.028927999999883e-10,0.0,0,0,0,0,50 ohms time 0.01 no collimator
,SiC,1.0,Electron 85V,3.0,0,0.0,200.0,/Users/rkfuentes/Documents/md_anderson_analysis/yepes_code/data/2025-11-20/scope-results-2025-11-20-1745.csv,1.657749333333401e-10,0.0,0,0,0,0,50 ohms time 0.01 no collimator
,SiC,1.0,Electron 85V,3.0,0,0.0,200.0,/Users/rkfuentes/Documents/md_anderson_analysis/yepes_code/data/2025-11-20/scope-results-2025-11-20-1746.csv,1.6372736000000163e-09,0.0,0,0,0,0,50 ohms time 0.01 no collimator
,SiC,1.0,Electron 85V,3.0,0,0.0,200.0,/Users/rkfuentes/Documents/md_anderson_analysis/yepes_code/data/2025-11-20/scope-results-2025-11-20-1747.csv,1.000703999999998e-09,0.0,0,0,0,0,50 ohms time 0.01 no collimator
,SiC,1.0,Electron 85V,3.0,0,0.0,200.0,/Users/rkfuentes/Documents/md_anderson_analysis/yepes_code/data/2025-11-20/scope-results-2025-11-20-1748.csv,1.2264090666666618e-09,0.0,0,0,0,0,50 ohms time 0.01 no collimator
,SiC,1.0,Electron 85V,3.0,0,0.0,200.0,/Users/rkfuentes/Documents/md_anderson_analysis/yepes_code/data/2025-11-20/scope-results-2025-11-20-1749.csv,7.989440000000091e-11,0.0,0,0,0,0,50 ohms time 0.01 no collimator
,SiC,1.0,Electron 85V,3.0,0,0.0,200.0,/Users/rkfuentes/Documents/md_anderson_analysis/yepes_code/data/2025-11-20/scope-results-2025-11-20-1750.csv,6.557866666666863e-11,0.0,0,0,0,0,50 ohms time 0.01 no collimator
,SiC,1.0,Electron 85V,3.0,0,0.0,200.0,/Users/rkfuentes/Documents/md_anderson_analysis/yepes_code/data/2025-11-20/scope-results-2025-11-20-1751.csv,7.896213333332922e-11,0.0,0,0,0,0,50 ohms time 0.01 no collimator
,SiC,1.0,Electron 85V,3.0,0,0.0,200.0,/Users/rkfuentes/Documents/md_anderson_analysis/yepes_code/data/2025-11-20/scope-results-2025-11-20-1752.csv,3.387306666666678e-11,0.0,0,0,0,0,50 ohms time 0.01 no collimator
,SiC,1.0,Electron 85V,3.0,0,0.0,200.0,/Users/rkfuentes/Documents/md_anderson_analysis/yepes_code/data/2025-11-20/scope-results-2025-11-20-1753.csv,1.6400591999999973e-09,0.0,0,0,0,0,50 ohms time 0.01 no collimator
,SiC,1.0,Electron 85V,3.0,0,0.0,200.0,/Users/rkfuentes/Documents/md_anderson_analysis/yepes_code/data/2025-11-20/scope-results-2025-11-20-1754.csv,5.197813333333288e-10,0.0,0,0,0,0,50 ohms time 0.01 no collimator
,SiC,1.0,Electron 85V,3.0,0,0.0,200.0,/Users/rkfuentes/Documents/md_anderson_analysis/yepes_code/data/2025-11-20/scope-results-2025-11-20-1755.csv,1.9515793584379195e-09,0.0,0,0,0,0,50 ohms time 0.01 no collimator
,SiC,1.0,Electron 85V,3.0,0,0.0,200.0,/Users/rkfuentes/Documents/md_anderson_analysis/yepes_code/data/2025-11-20/scope-results-2025-11-20-1757.csv,1.888171733333336e-09,0.0,0,0,0,0,50 ohms time 0.01 no collimator
,SiC,1.0,Electron 85V,3.0,0,0.0,200.0,/Users/rkfuentes/Documents/md_anderson_analysis/yepes_code/data/2025-11-20/scope-results-2025-11-20-1758.csv,1.7144874666667217e-09,0.0,0,0,0,0,50 ohms time 0.01 no collimator
,SiC,1.0,Electron 85V,3.0,0,0.0,200.0,/Users/rkfuentes/Documents/md_anderson_analysis/yepes_code/data/2025-11-20/scope-results-2025-11-20-1759.csv,5.107007999999829e-10,0.0,0,0,0,0,50 ohms time 0.01 no collimator
,SiC,1.0,Electron 85V,3.0,0,0.0,200.0,/Users/rkfuentes/Documents/md_anderson_analysis/yepes_code/data/2025-11-20/scope-results-2025-11-20-1760.csv,1.1787343999999637e-09,0.0,0,0,0,0,50 ohms time 0.01 no collimator
,SiC,1.0,Electron 85V,3.0,0,0.0,200.0,/Users/rkfuentes/Documents/md_anderson_analysis/yepes_code/data/2025-11-20/scope-results-2025-11-20-1761.csv,1.4184798053527715e-09,0.0,0,0,0,0,50 ohms time 0.01 no collimator
,SiC,1.0,Electron 85V,3.0,0,0.0,200.0,/Users/rkfuentes/Documents/md_anderson_analysis/yepes_code/data/2025-11-20/scope-results-2025-11-20-1762.csv,5.287360000000153e-10,0.0,0,0,0,0,50 ohms time 0.01 no collimator
,SiC,1.0,Electron 85V,3.0,0,0.0,200.0,/Users/rkfuentes/Documents/md_anderson_analysis/yepes_code/data/2025-11-20/scope-results-2025-11-20-1763.csv,3.3505365333333604e-09,0.0,0,0,0,0,50 ohms time 0.01 no collimator
,SiC,1.0,Electron 85V,3.0,0,0.0,200.0,/Users/rkfuentes/Documents/md_anderson_analysis/yepes_code/data/2025-11-20/scope-results-2025-11-20-1764.csv,3.162570666666343e-10,0.0,0,0,0,0,50 ohms time 0.01 no collimator
,SiC,1.0,Electron 85V,3.0,0,0.0,200.0,/Users/rkfuentes/Documents/md_anderson_analysis/yepes_code/data/2025-11-20/scope-results-2025-11-20-1765.csv,1.5902987982290105e-09,0.0,0,0,0,0,50 ohms time 0.01 no collimator
,SiC,1.0,Electron 85V,3.0,0,0.0,200.0,/Users/rkfuentes/Documents/md_anderson_analysis/yepes_code/data/2025-11-20/scope-results-2025-11-20-1766.csv,2.4025482666666405e-09,0.0,0,0,0,0,50 ohms time 0.01 no collimator
,SiC,1.0,Electron 85V,3.0,0,0.0,200.0,/Users/rkfuentes/Documents/md_anderson_analysis/yepes_code/data/2025-11-20/scope-results-2025-11-20-1767.csv,1.0475386666666786e-09,0.0,0,0,0,0,50 ohms time 0.01 no collimator
,SiC,1.0,Electron 85V,3.0,0,0.0,200.0,/Users/rkfuentes/Documents/md_anderson_analysis/yepes_code/data/2025-11-20/scope-results-2025-11-20-1768.csv,1.0197242666666878e-09,0.0,0,0,0,0,50 ohms time 0.01 no collimator
,SiC,1.0,Electron 85V,3.0,0,0.0,200.0,/Users/rkfuentes/Documents/md_anderson_analysis/yepes_code/data/2025-11-20/scope-results-2025-11-20-1769.csv,3.113239857651252e-09,0.0,0,0,0,0,50 ohms time 0.01 no collimator
,SiC,1.0,Electron 85V,3.0,0,0.0,200.0,/Users/rkfuentes/Documents/md_anderson_analysis/yepes_code/data/2025-11-20/scope-results-2025-11-20-1770.csv,1.787203733333371e-09,0.0,0,0,0,0,50 ohms time 0.01 no collimator
,SiC,1.0,Electron 85V,3.0,0,0.0,200.0,/Users/rkfuentes/Documents/md_anderson_analysis/yepes_code/data/2025-11-20/scope-results-2025-11-20-1771.csv,9.979957333333229e-10,0.0,0,0,0,0,50 ohms time 0.01 no collimator
,SiC,1.0,Electron 85V,3.0,0,0.0,200.0,/Users/rkfuentes/Documents/md_anderson_analysis/yepes_code/data/2025-11-20/scope-results-2025-11-20-1772.csv,2.3927733333330163e-10,0.0,0,0,0,0,50 ohms time 0.01 no collimator
,SiC,1.0,Electron 85V,3.0,0,0.0,200.0,/Users/rkfuentes/Documents/md_anderson_analysis/yepes_code/data/2025-11-20/scope-results-2025-11-20-1773.csv,5.830186666666437e-10,0.0,0,0,0,0,50 ohms time 0.01 no collimator
,SiC,1.0,Electron 85V,3.0,0,0.0,200.0,/Users/rkfuentes/Documents/md_anderson_analysis/yepes_code/data/2025-11-20/scope-results-2025-11-20-1774.csv,2.109350399999991e-09,0.0,0,0,0,0,50 ohms time 0.01 no collimator
,SiC,1.0,Electron 85V,3.0,0,0.0,200.0,/Users/rkfuentes/Documents/md_anderson_analysis/yepes_code/data/2025-11-20/scope-results-2025-11-20-1775.csv,1.565488000000004e-09,0.0,0,0,0,0,50 ohms time 0.01 no collimator
,SiC,1.0,Electron 85V,3.0,0,0.0,200.0,/Users/rkfuentes/Documents/md_anderson_analysis/yepes_code/data/2025-11-20/scope-results-2025-11-20-1776.csv,3.4445935999999916e-09,0.0,0,0,0,0,50 ohms time 0.01 no collimator
,SiC,1.0,Electron 110V,3.0,0,0.0,200.0,/Users/rkfuentes/Documents/md_anderson_analysis/yepes_code/data/2025-11-20/scope-results-2025-11-20-1778.csv,1.905435199999994e-09,0.0,0,0,0,0,50 ohms time 0.01 no collimator
,SiC,1.0,Electron 110V,3.0,0,0.0,200.0,/Users/rkfuentes/Documents/md_anderson_analysis/yepes_code/data/2025-11-20/scope-results-2025-11-20-1779.csv,1.432844800000022e-09,0.0,0,0,0,0,50 ohms time 0.01 no collimator
,SiC,1.0,Electron 110V,3.0,0,0.0,200.0,/Users/rkfuentes/Documents/md_anderson_analysis/yepes_code/data/2025-11-20/scope-results-2025-11-20-1780.csv,3.3026485333333383e-09,0.0,0,0,0,0,50 ohms time 0.01 no collimator
,SiC,1.0,Electron 110V,3.0,0,0.0,200.0,/Users/rkfuentes/Documents/md_anderson_analysis/yepes_code/data/2025-11-20/scope-results-2025-11-20-1781.csv,1.3862293333334835e-10,0.0,0,0,0,0,50 ohms time 0.01 no collimator
,SiC,1.0,Electron 110V,3.0,0,0.0,200.0,/Users/rkfuentes/Documents/md_anderson_analysis/yepes_code/data/2025-11-20/scope-results-2025-11-20-1782.csv,2.373661333333326e-09,0.0,0,0,0,0,50 ohms time 0.01 no collimator
,SiC,1.0,Electron 110V,3.0,0,0.0,200.0,/Users/rkfuentes/Documents/md_anderson_analysis/yepes_code/data/2025-11-20/scope-results-2025-11-20-1784.csv,1.8285226666666721e-09,0.0,0,0,0,0,50 ohms time 0.01 no collimator
,SiC,1.0,Electron 110V,3.0,0,0.0,200.0,/Users/rkfuentes/Documents/md_anderson_analysis/yepes_code/data/2025-11-20/scope-results-2025-11-20-1785.csv,1.807357333333319e-09,0.0,0,0,0,0,50 ohms time 0.01 no collimator
,SiC,1.0,Electron 85V,3.0,0,0.0,100.0,/Users/rkfuentes/Documents/md_anderson_analysis/yepes_code/data/2025-11-20/scope-results-2025-11-20-1827.csv,5.083477333333112e-10,0.0,0,0,0,0,50 ohms time 0.01 no collimator
,SiC,1.0,Electron 85V,3.0,0,0.0,100.0,/Users/rkfuentes/Documents/md_anderson_analysis/yepes_code/data/2025-11-20/scope-results-2025-11-20-1828.csv,2.5491199999996538e-11,0.0,0,0,0,0,50 ohms time 0.01 no collimator
,SiC,1.0,Electron 85V,3.0,0,0.0,100.0,/Users/rkfuentes/Documents/md_anderson_analysis/yepes_code/data/2025-11-20/scope-results-2025-11-20-1829.csv,9.03108799999973e-10,0.0,0,0,0,0,50 ohms time 0.01 no collimator
,SiC,1.0,Electron 85V,3.0,0,0.0,100.0,/Users/rkfuentes/Documents/md_anderson_analysis/yepes_code/data/2025-11-20/scope-results-2025-11-20-1830.csv,8.800650666666779e-10,0.0,0,0,0,0,50 ohms time 0.01 no collimator
,SiC,1.0,Electron 85V,3.0,0,0.0,100.0,/Users/rkfuentes/Documents/md_anderson_analysis/yepes_code/data/2025-11-20/scope-results-2025-11-20-1831.csv,7.880666666666693e-10,0.0,0,0,0,0,50 ohms time 0.01 no collimator
,SiC,1.0,Electron 85V,3.0,0,0.0,100.0,/Users/rkfuentes/Documents/md_anderson_analysis/yepes_code/data/2025-11-20/scope-results-2025-11-20-1832.csv,2.842572151898997e-10,0.0,0,0,0,0,50 ohms time 0.01 no collimator
,SiC,1.0,Electron 85V,3.0,0,0.0,100.0,/Users/rkfuentes/Documents/md_anderson_analysis/yepes_code/data/2025-11-20/scope-results-2025-11-20-1833.csv,9.220000000000266e-11,0.0,0,0,0,0,50 ohms time 0.01 no collimator
,SiC,1.0,Electron 85V,3.0,0,0.0,100.0,/Users/rkfuentes/Documents/md_anderson_analysis/yepes_code/data/2025-11-20/scope-results-2025-11-20-1834.csv,8.64835199999999e-10,0.0,0,0,0,0,50 ohms time 0.01 no collimator
,SiC,1.0,Electron 85V,3.0,0,0.0,100.0,/Users/rkfuentes/Documents/md_anderson_analysis/yepes_code/data/2025-11-20/scope-results-2025-11-20-1835.csv,1.105001066666628e-09,0.0,0,0,0,0,50 ohms time 0.01 no collimator
,SiC,1.0,Electron 85V,3.0,0,0.0,100.0,/Users/rkfuentes/Documents/md_anderson_analysis/yepes_code/data/2025-11-20/scope-results-2025-11-20-1836.csv,1.5221600000001622e-10,0.0,0,0,0,0,50 ohms time 0.01 no collimator
,SiC,1.0,Electron 85V,3.0,0,0.0,100.0,/Users/rkfuentes/Documents/md_anderson_analysis/yepes_code/data/2025-11-20/scope-results-2025-11-20-1837.csv,1.9621866666666558e-09,0.0,0,0,0,0,50 ohms time 0.01 no collimator
,SiC,1.0,Electron 85V,3.0,0,0.0,100.0,/Users/rkfuentes/Documents/md_anderson_analysis/yepes_code/data/2025-11-20/scope-results-2025-11-20-1838.csv,3.979178666666461e-10,0.0,0,0,0,0,50 ohms time 0.01 no collimator
,SiC,1.0,Electron 85V,3.0,0,0.0,100.0,/Users/rkfuentes/Documents/md_anderson_analysis/yepes_code/data/2025-11-20/scope-results-2025-11-20-1839.csv,3.2374399999995264e-11,0.0,0,0,0,0,50 ohms time 0.01 no collimator
,SiC,1.0,Electron 85V,3.0,0,0.0,100.0,/Users/rkfuentes/Documents/md_anderson_analysis/yepes_code/data/2025-11-20/scope-results-2025-11-20-1840.csv,4.778170666666877e-10,0.0,0,0,0,0,50 ohms time 0.01 no collimator
,SiC,1.0,Electron 85V,3.0,0,0.0,100.0,/Users/rkfuentes/Documents/md_anderson_analysis/yepes_code/data/2025-11-20/scope-results-2025-11-20-1841.csv,2.9615387199999956e-08,0.0,0,0,0,0,1M ohms time 0.01
,SiC,1.0,Electron 85V,3.0,0,0.0,100.0,/Users/rkfuentes/Documents/md_anderson_analysis/yepes_code/data/2025-11-20/scope-results-2025-11-20-1842.csv,4.0955050666666686e-08,0.0,0,0,0,0,1M ohms time 0.01
,SiC,1.0,Electron 85V,3.0,0,0.0,100.0,/Users/rkfuentes/Documents/md_anderson_analysis/yepes_code/data/2025-11-20/scope-results-2025-11-20-1843.csv,3.7120525866666644e-08,0.0,0,0,0,0,1M ohms time 0.01
,SiC,1.0,Electron 85V,3.0,0,0.0,100.0,/Users/rkfuentes/Documents/md_anderson_analysis/yepes_code/data/2025-11-20/scope-results-2025-11-20-1844.csv,7.320972800000009e-09,0.0,0,0,0,0,1M ohms time 0.01
,SiC,1.0,Electron 85V,3.0,0,0.0,100.0,/Users/rkfuentes/Documents/md_anderson_analysis/yepes_code/data/2025-11-20/scope-results-2025-11-20-1845.csv,3.462761600000006e-08,0.0,0,0,0,0,1M ohms time 0.01
,SiC,1.0,Electron 85V,3.0,0,0.0,100.0,/Users/rkfuentes/Documents/md_anderson_analysis/yepes_code/data/2025-11-20/scope-results-2025-11-20-1846.csv,3.158630186666663e-08,0.0,0,0,0,0,1M ohms time 0.01
,SiC,1.0,Electron 85V,3.0,0,0.0,100.0,/Users/rkfuentes/Documents/md_anderson_analysis/yepes_code/data/2025-11-20/scope-results-2025-11-20-1847.csv,2.354749813333337e-08,0.0,0,0,0,0,1M ohms time 0.01
,SiC,1.0,Electron 85V,3.0,0,0.0,100.0,/Users/rkfuentes/Documents/md_anderson_analysis/yepes_code/data/2025-11-20/scope-results-2025-11-20-1848.csv,3.0046254933333393e-08,0.0,0,0,0,0,1M ohms time 0.01
,SiC,1.0,Electron 85V,3.0,0,0.0,100.0,/Users/rkfuentes/Documents/md_anderson_analysis/yepes_code/data/2025-11-20/scope-results-2025-11-20-1849.csv,3.9963669333333945e-09,0.0,0,0,0,0,1M ohms time 0.01
,SiC,1.0,Electron 110V,3.0,0,0.0,10.0,/Users/rkfuentes/Documents/md_anderson_analysis/yepes_code/data/2025-11-20/scope-results-2025-11-20-1946.csv,1.4077606399999954e-08,0.0,0,0,0,0,50 ohms time 0.01
,SiC,1.0,Electron 110V,3.0,0,0.0,10.0,/Users/rkfuentes/Documents/md_anderson_analysis/yepes_code/data/2025-11-20/scope-results-2025-11-20-1947.csv,1.4162656000000028e-08,0.0,0,0,0,0,50 ohms time 0.01
,SiC,1.0,Electron 110V,3.0,0,0.0,10.0,/Users/rkfuentes/Documents/md_anderson_analysis/yepes_code/data/2025-11-20/scope-results-2025-11-20-1948.csv,1.3223446933333364e-08,0.0,0,0,0,0,50 ohms time 0.01
,SiC,1.0,Electron 110V,3.0,0,0.0,10.0,/Users/rkfuentes/Documents/md_anderson_analysis/yepes_code/data/2025-11-20/scope-results-2025-11-20-1949.csv,1.7102116266666622e-08,0.0,0,0,0,0,50 ohms time 0.01
,SiC,1.0,Electron 110V,3.0,0,0.0,10.0,/Users/rkfuentes/Documents/md_anderson_analysis/yepes_code/data/2025-11-20/scope-results-2025-11-20-1950.csv,1.5551946666666624e-08,0.0,0,0,0,0,50 ohms time 0.01
,SiC,1.0,Electron 110V,3.0,0,0.0,10.0,/Users/rkfuentes/Documents/md_anderson_analysis/yepes_code/data/2025-11-20/scope-results-2025-11-20-1951.csv,1.3820795733333295e-08,0.0,0,0,0,0,50 ohms time 0.01
,SiC,1.0,Electron 110V,3.0,0,0.0,10.0,/Users/rkfuentes/Documents/md_anderson_analysis/yepes_code/data/2025-11-20/scope-results-2025-11-20-1952.csv,3.887378133333334e-08,0.0,0,0,0,0,50 ohms time 0.01
,SiC,1.0,Electron 110V,3.0,0,0.0,10.0,/Users/rkfuentes/Documents/md_anderson_analysis/yepes_code/data/2025-11-20/scope-results-2025-11-20-1953.csv,3.41076848e-08,0.0,0,0,0,0,50 ohms time 0.01
,SiC,1.0,Electron 110V,3.0,0,0.0,10.0,/Users/rkfuentes/Documents/md_anderson_analysis/yepes_code/data/2025-11-20/scope-results-2025-11-20-1954.csv,3.4717369066666656e-08,0.0,0,0,0,0,50 ohms time 0.01
,SiC,1.0,Electron 191V,3.0,0,0.0,10.0,/Users/rkfuentes/Documents/md_anderson_analysis/yepes_code/data/2025-11-20/scope-results-2025-11-20-1955.csv,4.442133013333329e-08,0.0,0,0,0,0,50 ohms time 0.01
,SiC,1.0,Electron 191V,3.0,0,0.0,10.0,/Users/rkfuentes/Documents/md_anderson_analysis/yepes_code/data/2025-11-20/scope-results-2025-11-20-1956.csv,3.472829493333334e-08,0.0,0,0,0,0,50 ohms time 0.01
,SiC,1.0,Electron 191V,3.0,0,0.0,10.0,/Users/rkfuentes/Documents/md_anderson_analysis/yepes_code/data/2025-11-20/scope-results-2025-11-20-1957.csv,3.477293333333335e-08,0.0,0,0,0,0,50 ohms time 0.01
,SiC,1.0,Electron 191V,3.0,0,0.0,10.0,/Users/rkfuentes/Documents/md_anderson_analysis/yepes_code/data/2025-11-20/scope-results-2025-11-20-1958.csv,3.470162613333333e-08,0.0,0,0,0,0,50 ohms time 0.01
,SiC,1.0,Electron 191V,3.0,0,0.0,10.0,/Users/rkfuentes/Documents/md_anderson_analysis/yepes_code/data/2025-11-20/scope-results-2025-11-20-1959.csv,3.876659840000002e-08,0.0,0,0,0,0,50 ohms time 0.01
,SiC,1.0,Electron 191V,3.0,0,0.0,10.0,/Users/rkfuentes/Documents/md_anderson_analysis/yepes_code/data/2025-11-20/scope-results-2025-11-20-1960.csv,3.4979919466666685e-08,0.0,0,0,0,0,50 ohms time 0.01
,SiC,1.0,Electron 191V,3.0,0,0.0,10.0,/Users/rkfuentes/Documents/md_anderson_analysis/yepes_code/data/2025-11-20/scope-results-2025-11-20-1961.csv,3.4570240000000035e-08,0.0,0,0,0,0,50 ohms time 0.01
,SiC,1.0,Electron 191V,3.0,0,0.0,10.0,/Users/rkfuentes/Documents/md_anderson_analysis/yepes_code/data/2025-11-20/scope-results-2025-11-20-1981.csv,6.749372746666667e-08,0.0,0,0,0,0,50 ohms time 0.01
,SiC,1.0,Electron 191V,3.0,0,0.0,10.0,/Users/rkfuentes/Documents/md_anderson_analysis/yepes_code/data/2025-11-20/scope-results-2025-11-20-1982.csv,5.2527158933333305e-08,0.0,0,0,0,0,50 ohms time 0.01
,SiC,1.0,Electron 191V,3.0,0,0.0,10.0,/Users/rkfuentes/Documents/md_anderson_analysis/yepes_code/data/2025-11-20/scope-results-2025-11-20-1983.csv,6.656073066666669e-08,0.0,0,0,0,0,50 ohms time 0.01
,SiC,1.0,Electron 191V,3.0,0,0.0,10.0,/Users/rkfuentes/Documents/md_anderson_analysis/yepes_code/data/2025-11-20/scope-results-2025-11-20-1984.csv,5.225165440000002e-08,0.0,0,0,0,0,50 ohms time 0.01
,SiC,1.0,Electron 191V,3.0,0,0.0,10.0,/Users/rkfuentes/Documents/md_anderson_analysis/yepes_code/data/2025-11-20/scope-results-2025-11-20-1985.csv,5.247332693333336e-08,0.0,0,0,0,0,50 ohms time 0.01
,SiC,1.0,Electron 191V,3.0,0,0.0,10.0,/Users/rkfuentes/Documents/md_anderson_analysis/yepes_code/data/2025-11-20/scope-results-2025-11-20-1986.csv,1.7529813333333176e-09,0.0,0,0,0,0,50 ohms time 0.01
,SiC,1.0,Electron 110V,3.0,0,0.0,10.0,/Users/rkfuentes/Documents/md_anderson_analysis/yepes_code/data/2025-11-20/scope-results-2025-11-20-2005.csv,7.686605333333307e-09,0.0,0,0,0,0,50 ohms time 0.01
,SiC,1.0,Electron 110V,3.0,0,0.0,10.0,/Users/rkfuentes/Documents/md_anderson_analysis/yepes_code/data/2025-11-20/scope-results-2025-11-20-2006.csv,8.830222933333324e-09,0.0,0,0,0,0,50 ohms time 0.01
,SiC,1.0,Electron 110V,3.0,0,0.0,10.0,/Users/rkfuentes/Documents/md_anderson_analysis/yepes_code/data/2025-11-20/scope-results-2025-11-20-2007.csv,8.516242133333335e-09,0.0,0,0,0,0,50 ohms time 0.01
