Unnamed: 0,Detector,Channel,Beam,Pulse,Dose,X,Z,File,ch1_area,ch2_area,ch1_peaks,ch2_peaks,ch1_osc_count,ch2_osc_count,HV
,SiC,1.0,Electron 85V,0.5,,0.0,40.0,/Users/rkfuentes/Documents/md_anderson_analysis/yepes_code/data/2025-11-20/scope-results-2025-11-20-0001.csv,2.0133333333333432e-10,,29,,0,,50 ohms
,SiC,1.0,Electron 85V,0.5,,0.0,40.0,/Users/rkfuentes/Documents/md_anderson_analysis/yepes_code/data/2025-11-20/scope-results-2025-11-20-0002.csv,2.3966666666666155e-10,,43,,0,,50 ohms
,SiC,1.0,Electron 85V,0.5,,0.0,40.0,/Users/rkfuentes/Documents/md_anderson_analysis/yepes_code/data/2025-11-20/scope-results-2025-11-20-0003.csv,1.520000000000125e-10,,56,,0,,50 ohms
,SiC,1.0,Electron 85V,0.5,,0.0,40.0,/Users/rkfuentes/Documents/md_anderson_analysis/yepes_code/data/2025-11-20/scope-results-2025-11-20-0004.csv,1.5906666666666752e-09,,87,,0,,50 ohms
,SiC,1.0,Electron 85V,0.5,,0.0,40.0,/Users/rkfuentes/Documents/md_anderson_analysis/yepes_code/data/2025-11-20/scope-results-2025-11-20-0005.csv,2.9550000000000093e-09,,81,,0,,50 ohms
,SiC,1.0,Electron 85V,0.5,,0.0,40.0,/Users/rkfuentes/Documents/md_anderson_analysis/yepes_code/data/2025-11-20/scope-results-2025-11-20-0006.csv,6.726666666666649e-09,,326,,0,,50 ohms
,SiC,1.0,Electron 85V,0.5,,0.0,40.0,/Users/rkfuentes/Documents/md_anderson_analysis/yepes_code/data/2025-11-20/scope-results-2025-11-20-0007.csv,1.2333333333333392e-09,,82,,0,,50 ohms
,SiC,1.0,Electron 85V,0.5,,0.0,40.0,/Users/rkfuentes/Documents/md_anderson_analysis/yepes_code/data/2025-11-20/scope-results-2025-11-20-0008.csv,1.4989333333333342e-08,,293,,0,,50 ohms
,SiC,1.0,Electron 85V,0.5,,0.0,40.0,/Users/rkfuentes/Documents/md_anderson_analysis/yepes_code/data/2025-11-20/scope-results-2025-11-20-0009.csv,1.5076666666666572e-09,,91,,0,,50 ohms
,SiC,1.0,Electron 85V,0.5,,0.0,40.0,/Users/rkfuentes/Documents/md_anderson_analysis/yepes_code/data/2025-11-20/scope-results-2025-11-20-0010.csv,9.756679504022482e-11,,27,,0,,50 ohms
,SiC,1.0,Electron 85V,0.5,,0.0,40.0,/Users/rkfuentes/Documents/md_anderson_analysis/yepes_code/data/2025-11-20/scope-results-2025-11-20-0011.csv,1.6013333333333326e-09,,69,,0,,50 ohms
,SiC,1.0,Electron 85V,0.5,,0.0,40.0,/Users/rkfuentes/Documents/md_anderson_analysis/yepes_code/data/2025-11-20/scope-results-2025-11-20-0012.csv,1.6186666666666547e-09,,75,,0,,50 ohms
,SiC,1.0,Electron 85V,0.5,,0.0,40.0,/Users/rkfuentes/Documents/md_anderson_analysis/yepes_code/data/2025-11-20/scope-results-2025-11-20-0013.csv,2.882333333333338e-09,,77,,0,,50 ohms
,SiC,1.0,Electron 85V,0.5,,0.0,40.0,/Users/rkfuentes/Documents/md_anderson_analysis/yepes_code/data/2025-11-20/scope-results-2025-11-20-0014.csv,3.008000000000011e-09,,92,,0,,50 ohms
,SiC,1.0,Electron 85V,0.5,,0.0,40.0,/Users/rkfuentes/Documents/md_anderson_analysis/yepes_code/data/2025-11-20/scope-results-2025-11-20-0015.csv,1.482333333333339e-09,,81,,0,,50 ohms
,SiC,1.0,Electron 85V,0.5,,0.0,40.0,/Users/rkfuentes/Documents/md_anderson_analysis/yepes_code/data/2025-11-20/scope-results-2025-11-20-0016.csv,1.5250000000000087e-09,,83,,0,,50 ohms
,SiC,1.0,Electron 85V,0.5,,0.0,40.0,/Users/rkfuentes/Documents/md_anderson_analysis/yepes_code/data/2025-11-20/scope-results-2025-11-20-0017.csv,1.6560000000000063e-09,,93,,0,,50 ohms
,SiC,1.0,Electron 85V,0.5,,0.0,40.0,/Users/rkfuentes/Documents/md_anderson_analysis/yepes_code/data/2025-11-20/scope-results-2025-11-20-0018.csv,1.4036666666666623e-09,,87,,0,,50 ohms
,SiC,1.0,Electron 85V,0.5,,0.0,40.0,/Users/rkfuentes/Documents/md_anderson_analysis/yepes_code/data/2025-11-20/scope-results-2025-11-20-0019.csv,1.667999999999999e-09,,85,,0,,50 ohms
,SiC,1.0,Electron 85V,0.5,,0.0,40.0,/Users/rkfuentes/Documents/md_anderson_analysis/yepes_code/data/2025-11-20/scope-results-2025-11-20-0020.csv,5.966666666666154e-11,,23,,0,,50 ohms
,SiC,1.0,Electron 85V,0.5,,0.0,40.0,/Users/rkfuentes/Documents/md_anderson_analysis/yepes_code/data/2025-11-20/scope-results-2025-11-20-0021.csv,1.5199999999999987e-09,,83,,0,,50 ohms
,SiC,1.0,Electron 110V,0.5,,0.0,40.0,/Users/rkfuentes/Documents/md_anderson_analysis/yepes_code/data/2025-11-20/scope-results-2025-11-20-0085.csv,1.465199999999998e-08,,80,,0,,50 ohms
,SiC,1.0,Electron 110V,0.5,,0.0,40.0,/Users/rkfuentes/Documents/md_anderson_analysis/yepes_code/data/2025-11-20/scope-results-2025-11-20-0086.csv,1.5119333333333334e-08,,86,,0,,50 ohms time 0.1
,SiC,1.0,Electron 110V,0.5,,0.0,40.0,/Users/rkfuentes/Documents/md_anderson_analysis/yepes_code/data/2025-11-20/scope-results-2025-11-20-0087.csv,1.4794666666666657e-08,,85,,0,,50 ohms time 0.1
,SiC,1.0,Electron 110V,0.5,,0.0,40.0,/Users/rkfuentes/Documents/md_anderson_analysis/yepes_code/data/2025-11-20/scope-results-2025-11-20-0088.csv,1.479833333333334e-08,,89,,0,,50 ohms time 0.05
,SiC,1.0,Electron 110V,0.5,,0.0,40.0,/Users/rkfuentes/Documents/md_anderson_analysis/yepes_code/data/2025-11-20/scope-results-2025-11-20-0089.csv,1.4343000000000013e-08,,92,,0,,50 ohms time 0.05
,SiC,1.0,Electron 110V,0.5,,0.0,40.0,/Users/rkfuentes/Documents/md_anderson_analysis/yepes_code/data/2025-11-20/scope-results-2025-11-20-0090.csv,1.4518666666666672e-08,,90,,0,,50 ohms time 0.05
,SiC,1.0,Electron 110V,0.5,,0.0,40.0,/Users/rkfuentes/Documents/md_anderson_analysis/yepes_code/data/2025-11-20/scope-results-2025-11-20-0091.csv,1.597899999999998e-08,,84,,0,,50 ohms time 0.05
,SiC,1.0,Electron 110V,0.5,,0.0,40.0,/Users/rkfuentes/Documents/md_anderson_analysis/yepes_code/data/2025-11-20/scope-results-2025-11-20-0092.csv,1.4221333333333373e-08,,93,,0,,50 ohms time 0.01
,SiC,1.0,Electron 110V,0.5,,0.0,40.0,/Users/rkfuentes/Documents/md_anderson_analysis/yepes_code/data/2025-11-20/scope-results-2025-11-20-0093.csv,1.4508000000000026e-08,,90,,0,,50 ohms time 0.01
,SiC,1.0,Electron 110V,0.5,,0.0,40.0,/Users/rkfuentes/Documents/md_anderson_analysis/yepes_code/data/2025-11-20/scope-results-2025-11-20-0094.csv,1.4270666666666657e-08,,86,,0,,50 ohms time 0.01
,SiC,1.0,Electron 110V,0.5,,0.0,40.0,/Users/rkfuentes/Documents/md_anderson_analysis/yepes_code/data/2025-11-20/scope-results-2025-11-20-0095.csv,1.4414666666666664e-08,,93,,0,,50 ohms time 0.01
,SiC,1.0,Electron 110V,0.5,,0.0,40.0,/Users/rkfuentes/Documents/md_anderson_analysis/yepes_code/data/2025-11-20/scope-results-2025-11-20-0096.csv,1.4409333333333354e-08,,94,,0,,50 ohms time 0.01
,SiC,1.0,Electron 110V,0.5,,0.0,40.0,/Users/rkfuentes/Documents/md_anderson_analysis/yepes_code/data/2025-11-20/scope-results-2025-11-20-0097.csv,6.053333333333392e-10,,20,,0,,50 ohms time 0.01
,SiC,1.0,Electron 110V,0.5,,0.0,40.0,/Users/rkfuentes/Documents/md_anderson_analysis/yepes_code/data/2025-11-20/scope-results-2025-11-20-0098.csv,6.133333333333248e-10,,49,,0,,50 ohms time 0.01
,SiC,1.0,Electron 110V,0.5,,0.0,40.0,/Users/rkfuentes/Documents/md_anderson_analysis/yepes_code/data/2025-11-20/scope-results-2025-11-20-0099.csv,1.419966666666666e-08,,92,,0,,50 ohms time 0.01
,SiC,1.0,Electron 110V,0.5,,0.0,40.0,/Users/rkfuentes/Documents/md_anderson_analysis/yepes_code/data/2025-11-20/scope-results-2025-11-20-0100.csv,1.6021333333333374e-08,,98,,0,,50 ohms time 0.01
,SiC,1.0,Electron 191V,0.5,,0.0,40.0,/Users/rkfuentes/Documents/md_anderson_analysis/yepes_code/data/2025-11-20/scope-results-2025-11-20-0137.csv,7.406433333333332e-08,,92,,0,,50 ohms time 0.01
,SiC,1.0,Electron 191V,0.5,,0.0,40.0,/Users/rkfuentes/Documents/md_anderson_analysis/yepes_code/data/2025-11-20/scope-results-2025-11-20-0138.csv,7.2395e-08,,79,,0,,50 ohms time 0.01
,SiC,1.0,Electron 191V,0.5,,0.0,40.0,/Users/rkfuentes/Documents/md_anderson_analysis/yepes_code/data/2025-11-20/scope-results-2025-11-20-0139.csv,7.311800000000002e-08,,96,,0,,50 ohms time 0.01
,SiC,1.0,Electron 191V,0.5,,0.0,40.0,/Users/rkfuentes/Documents/md_anderson_analysis/yepes_code/data/2025-11-20/scope-results-2025-11-20-0140.csv,7.263199999999997e-08,,93,,0,,50 ohms time 0.01
,SiC,1.0,Electron 191V,0.5,,0.0,40.0,/Users/rkfuentes/Documents/md_anderson_analysis/yepes_code/data/2025-11-20/scope-results-2025-11-20-0141.csv,7.044533333333336e-08,,88,,0,,50 ohms time 0.01
,SiC,1.0,Electron 191V,0.5,,0.0,40.0,/Users/rkfuentes/Documents/md_anderson_analysis/yepes_code/data/2025-11-20/scope-results-2025-11-20-0142.csv,7.004366666666667e-08,,84,,0,,50 ohms time 0.01
,SiC,1.0,Electron 191V,0.5,,0.0,40.0,/Users/rkfuentes/Documents/md_anderson_analysis/yepes_code/data/2025-11-20/scope-results-2025-11-20-0143.csv,7.494766666666674e-08,,92,,0,,50 ohms time 0.01
,SiC,1.0,Electron 191V,0.5,,0.0,40.0,/Users/rkfuentes/Documents/md_anderson_analysis/yepes_code/data/2025-11-20/scope-results-2025-11-20-0144.csv,7.005600000000003e-08,,87,,0,,50 ohms time 0.01
,SiC,1.0,Electron 191V,0.5,,0.0,40.0,/Users/rkfuentes/Documents/md_anderson_analysis/yepes_code/data/2025-11-20/scope-results-2025-11-20-0145.csv,7.1334e-08,,99,,0,,50 ohms time 0.01
,SiC,1.0,Electron 191V,0.5,,0.0,40.0,/Users/rkfuentes/Documents/md_anderson_analysis/yepes_code/data/2025-11-20/scope-results-2025-11-20-0146.csv,6.84893333333333e-08,,87,,0,,50 ohms time 0.01
,SiC,1.0,Electron 191V,0.5,,0.0,40.0,/Users/rkfuentes/Documents/md_anderson_analysis/yepes_code/data/2025-11-20/scope-results-2025-11-20-0147.csv,2.176666666666393e-10,,27,,0,,50 ohms time 0.01
,SiC,1.0,Electron 191V,0.5,,0.0,40.0,/Users/rkfuentes/Documents/md_anderson_analysis/yepes_code/data/2025-11-20/scope-results-2025-11-20-0148.csv,3.999999999999284e-11,,40,,0,,50 ohms time 0.01
,SiC,1.0,Electron 191V,0.5,,0.0,20.0,/Users/rkfuentes/Documents/md_anderson_analysis/yepes_code/data/2025-11-20/scope-results-2025-11-20-0192.csv,5.4142666666666694e-08,,88,,0,,50 ohms time 0.01
,SiC,1.0,Electron 191V,0.5,,0.0,20.0,/Users/rkfuentes/Documents/md_anderson_analysis/yepes_code/data/2025-11-20/scope-results-2025-11-20-0193.csv,4.8479333333333376e-08,,88,,0,,50 ohms time 0.01
,SiC,1.0,Electron 85V,0.5,,0.0,40.0,/Users/rkfuentes/Documents/md_anderson_analysis/yepes_code/data/2025-11-20/scope-results-2025-11-20-0203.csv,2.295466666666664e-08,,287,,0,,50 ohms time 0.01
,SiC,1.0,Electron 85V,0.5,,0.0,40.0,/Users/rkfuentes/Documents/md_anderson_analysis/yepes_code/data/2025-11-20/scope-results-2025-11-20-0204.csv,8.098882798455023e-12,,26,,0,,50 ohms time 0.01
,SiC,1.0,Electron 85V,0.5,,0.0,40.0,/Users/rkfuentes/Documents/md_anderson_analysis/yepes_code/data/2025-11-20/scope-results-2025-11-20-0205.csv,4.636666666666619e-10,,336,,0,,50 ohms time 0.01
,SiC,1.0,Electron 85V,0.5,,0.0,40.0,/Users/rkfuentes/Documents/md_anderson_analysis/yepes_code/data/2025-11-20/scope-results-2025-11-20-0206.csv,9.402933333333329e-08,,291,,0,,50 ohms time 0.01
,SiC,1.0,Electron 85V,0.5,,0.0,40.0,/Users/rkfuentes/Documents/md_anderson_analysis/yepes_code/data/2025-11-20/scope-results-2025-11-20-0207.csv,1.4617333333333329e-08,,90,,0,,50 ohms time 0.01
,SiC,1.0,Electron 85V,0.5,,0.0,40.0,/Users/rkfuentes/Documents/md_anderson_analysis/yepes_code/data/2025-11-20/scope-results-2025-11-20-0208.csv,2.8781333333333364e-08,,302,,0,,50 ohms time 0.01
,SiC,1.0,Electron 85V,0.5,,0.0,40.0,/Users/rkfuentes/Documents/md_anderson_analysis/yepes_code/data/2025-11-20/scope-results-2025-11-20-0209.csv,7.144000000000016e-09,,257,,0,,50 ohms time 0.01
,SiC,1.0,Electron 85V,0.5,,0.0,40.0,/Users/rkfuentes/Documents/md_anderson_analysis/yepes_code/data/2025-11-20/scope-results-2025-11-20-0210.csv,3.102333333333331e-09,,145,,0,,50 ohms time 0.01
,SiC,1.0,Electron 85V,0.5,,0.0,40.0,/Users/rkfuentes/Documents/md_anderson_analysis/yepes_code/data/2025-11-20/scope-results-2025-11-20-0211.csv,1.2666666666671571e-11,,42,,0,,50 ohms time 0.01
,SiC,1.0,Electron 85V,0.5,,0.0,40.0,/Users/rkfuentes/Documents/md_anderson_analysis/yepes_code/data/2025-11-20/scope-results-2025-11-20-0212.csv,1.0476666666666882e-09,,34,,0,,50 ohms time 0.01
,SiC,1.0,Electron 85V,0.5,,0.0,40.0,/Users/rkfuentes/Documents/md_anderson_analysis/yepes_code/data/2025-11-20/scope-results-2025-11-20-0213.csv,6.154333333333314e-09,,99,,0,,50 ohms time 0.01
,SiC,1.0,Electron 85V,0.5,,0.0,40.0,/Users/rkfuentes/Documents/md_anderson_analysis/yepes_code/data/2025-11-20/scope-results-2025-11-20-0214.csv,2.5266666666666803e-09,,60,,0,,50 ohms time 0.01
,SiC,1.0,Electron 85V,0.5,,0.0,40.0,/Users/rkfuentes/Documents/md_anderson_analysis/yepes_code/data/2025-11-20/scope-results-2025-11-20-0215.csv,1.974666666666648e-09,,78,,0,,50 ohms time 0.01
,SiC,1.0,Electron 85V,0.5,,0.0,40.0,/Users/rkfuentes/Documents/md_anderson_analysis/yepes_code/data/2025-11-20/scope-results-2025-11-20-0216.csv,6.999999999999696e-10,,107,,0,,50 ohms time 0.01
,SiC,1.0,Electron 85V,0.5,,0.0,40.0,/Users/rkfuentes/Documents/md_anderson_analysis/yepes_code/data/2025-11-20/scope-results-2025-11-20-0217.csv,3.7921333333333335e-08,,287,,0,,50 ohms time 0.01
,SiC,1.0,Electron 85V,0.5,,0.0,40.0,/Users/rkfuentes/Documents/md_anderson_analysis/yepes_code/data/2025-11-20/scope-results-2025-11-20-0218.csv,2.969999999999918e-10,,70,,0,,50 ohms time 0.01
,SiC,1.0,Electron 85V,0.5,,0.0,40.0,/Users/rkfuentes/Documents/md_anderson_analysis/yepes_code/data/2025-11-20/scope-results-2025-11-20-0219.csv,2.5919999999999894e-09,,280,,0,,50 ohms time 0.01
,SiC,1.0,Electron 85V,0.5,,0.0,40.0,/Users/rkfuentes/Documents/md_anderson_analysis/yepes_code/data/2025-11-20/scope-results-2025-11-20-0220.csv,1.3333333333332068e-11,,37,,0,,50 ohms time 0.01
,SiC,1.0,Electron 85V,0.5,,0.0,40.0,/Users/rkfuentes/Documents/md_anderson_analysis/yepes_code/data/2025-11-20/scope-results-2025-11-20-0221.csv,7.026666666666864e-10,,110,,0,,50 ohms time 0.01
,SiC,1.0,Electron 85V,0.5,,0.0,40.0,/Users/rkfuentes/Documents/md_anderson_analysis/yepes_code/data/2025-11-20/scope-results-2025-11-20-0222.csv,1.481333333333323e-09,,52,,0,,50 ohms time 0.01
,SiC,1.0,Electron 85V,0.5,,0.0,40.0,/Users/rkfuentes/Documents/md_anderson_analysis/yepes_code/data/2025-11-20/scope-results-2025-11-20-0223.csv,7.590000000000173e-10,,28,,0,,50 ohms time 0.01
,SiC,1.0,Electron 85V,0.5,,0.0,40.0,/Users/rkfuentes/Documents/md_anderson_analysis/yepes_code/data/2025-11-20/scope-results-2025-11-20-0224.csv,3.0439999999999812e-09,,102,,0,,50 ohms time 0.01
,SiC,1.0,Electron 85V,0.5,,0.0,40.0,/Users/rkfuentes/Documents/md_anderson_analysis/yepes_code/data/2025-11-20/scope-results-2025-11-20-0225.csv,6.97999999999995e-10,,38,,0,,50 ohms time 0.01
,SiC,1.0,Electron 85V,0.5,,0.0,40.0,/Users/rkfuentes/Documents/md_anderson_analysis/yepes_code/data/2025-11-20/scope-results-2025-11-20-0226.csv,9.333333333331215e-12,,43,,0,,50 ohms time 0.01
,SiC,1.0,Electron 85V,0.5,,0.0,40.0,/Users/rkfuentes/Documents/md_anderson_analysis/yepes_code/data/2025-11-20/scope-results-2025-11-20-0227.csv,8.800000000000492e-11,,28,,0,,50 ohms time 0.01
,SiC,1.0,Electron 85V,0.5,,0.0,40.0,/Users/rkfuentes/Documents/md_anderson_analysis/yepes_code/data/2025-11-20/scope-results-2025-11-20-0228.csv,2.9800000000001303e-10,,33,,0,,50 ohms time 0.01
,SiC,1.0,Electron 85V,0.5,,0.0,40.0,/Users/rkfuentes/Documents/md_anderson_analysis/yepes_code/data/2025-11-20/scope-results-2025-11-20-0229.csv,8.093333333333338e-09,,55,,0,,50 ohms time 0.01
,SiC,1.0,Electron 85V,0.5,,0.0,40.0,/Users/rkfuentes/Documents/md_anderson_analysis/yepes_code/data/2025-11-20/scope-results-2025-11-20-0230.csv,1.291866666666668e-08,,278,,0,,50 ohms time 0.01
,SiC,1.0,Electron 85V,0.5,,0.0,40.0,/Users/rkfuentes/Documents/md_anderson_analysis/yepes_code/data/2025-11-20/scope-results-2025-11-20-0231.csv,1.484000000000001e-09,,50,,0,,50 ohms time 0.01
,SiC,1.0,Electron 85V,0.5,,0.0,40.0,/Users/rkfuentes/Documents/md_anderson_analysis/yepes_code/data/2025-11-20/scope-results-2025-11-20-0232.csv,5.233333333333574e-10,,34,,0,,50 ohms time 0.01
,SiC,1.0,Electron 85V,0.5,,0.0,40.0,/Users/rkfuentes/Documents/md_anderson_analysis/yepes_code/data/2025-11-20/scope-results-2025-11-20-0233.csv,8.233333333334008e-11,,27,,0,,50 ohms time 0.01
,SiC,1.0,Electron 85V,0.5,,0.0,40.0,/Users/rkfuentes/Documents/md_anderson_analysis/yepes_code/data/2025-11-20/scope-results-2025-11-20-0234.csv,1.270999999999989e-09,,35,,0,,50 ohms time 0.01
,SiC,1.0,Electron 85V,0.5,,0.0,40.0,/Users/rkfuentes/Documents/md_anderson_analysis/yepes_code/data/2025-11-20/scope-results-2025-11-20-0235.csv,2.090012837355241e-11,,23,,0,,50 ohms time 0.01
,SiC,1.0,Electron 85V,0.5,,0.0,40.0,/Users/rkfuentes/Documents/md_anderson_analysis/yepes_code/data/2025-11-20/scope-results-2025-11-20-0236.csv,2.2533333333333127e-09,,97,,0,,50 ohms time 0.01
,SiC,1.0,Electron 85V,0.5,,0.0,40.0,/Users/rkfuentes/Documents/md_anderson_analysis/yepes_code/data/2025-11-20/scope-results-2025-11-20-0237.csv,1.4043333333333451e-09,,109,,0,,50 ohms time 0.01
,SiC,1.0,Electron 85V,0.5,,0.0,40.0,/Users/rkfuentes/Documents/md_anderson_analysis/yepes_code/data/2025-11-20/scope-results-2025-11-20-0238.csv,5.575667950402267e-10,,29,,0,,50 ohms time 0.01
,SiC,1.0,Electron 85V,0.5,,0.0,40.0,/Users/rkfuentes/Documents/md_anderson_analysis/yepes_code/data/2025-11-20/scope-results-2025-11-20-0239.csv,6.706666666666664e-10,,32,,0,,50 ohms time 0.01
,SiC,1.0,Electron 85V,0.5,,0.0,40.0,/Users/rkfuentes/Documents/md_anderson_analysis/yepes_code/data/2025-11-20/scope-results-2025-11-20-0240.csv,6.666666666719376e-13,,34,,0,,50 ohms time 0.01
,SiC,1.0,Electron 85V,0.5,,0.0,40.0,/Users/rkfuentes/Documents/md_anderson_analysis/yepes_code/data/2025-11-20/scope-results-2025-11-20-0241.csv,1.7159666666666657e-08,,281,,0,,50 ohms time 0.01
,SiC,1.0,Electron 85V,0.5,,0.0,40.0,/Users/rkfuentes/Documents/md_anderson_analysis/yepes_code/data/2025-11-20/scope-results-2025-11-20-0242.csv,3.0173333333333366e-09,,65,,0,,50 ohms time 0.01
,SiC,1.0,Electron 85V,0.5,,0.0,40.0,/Users/rkfuentes/Documents/md_anderson_analysis/yepes_code/data/2025-11-20/scope-results-2025-11-20-0243.csv,7.767000000000013e-09,,290,,0,,50 ohms time 0.01
,SiC,1.0,Electron 85V,0.5,,0.0,40.0,/Users/rkfuentes/Documents/md_anderson_analysis/yepes_code/data/2025-11-20/scope-results-2025-11-20-0244.csv,3.333333333332962e-11,,35,,0,,50 ohms time 0.01
,SiC,1.0,Electron 85V,0.5,,0.0,40.0,/Users/rkfuentes/Documents/md_anderson_analysis/yepes_code/data/2025-11-20/scope-results-2025-11-20-0245.csv,6.123346170688594e-11,,23,,0,,50 ohms time 0.01
,SiC,1.0,Electron 85V,0.5,,0.0,40.0,/Users/rkfuentes/Documents/md_anderson_analysis/yepes_code/data/2025-11-20/scope-results-2025-11-20-0246.csv,4.2200000000000206e-09,,50,,0,,50 ohms time 0.01
,SiC,1.0,Electron 85V,0.5,,0.0,40.0,/Users/rkfuentes/Documents/md_anderson_analysis/yepes_code/data/2025-11-20/scope-results-2025-11-20-0247.csv,7.456679504022649e-11,,30,,0,,50 ohms time 0.01
,SiC,1.0,Electron 85V,0.5,,0.0,40.0,/Users/rkfuentes/Documents/md_anderson_analysis/yepes_code/data/2025-11-20/scope-results-2025-11-20-0248.csv,6.92999999999995e-10,,27,,0,,50 ohms time 0.01
,SiC,1.0,Electron 85V,0.5,,0.0,40.0,/Users/rkfuentes/Documents/md_anderson_analysis/yepes_code/data/2025-11-20/scope-results-2025-11-20-0249.csv,6.73923333333333e-08,,286,,0,,50 ohms time 0.01
,SiC,1.0,Electron 85V,0.5,,0.0,40.0,/Users/rkfuentes/Documents/md_anderson_analysis/yepes_code/data/2025-11-20/scope-results-2025-11-20-0250.csv,6.659999999999863e-10,,38,,0,,50 ohms time 0.01
,SiC,1.0,Electron 85V,0.5,,0.0,40.0,/Users/rkfuentes/Documents/md_anderson_analysis/yepes_code/data/2025-11-20/scope-results-2025-11-20-0251.csv,3.3166666666665404e-10,,51,,0,,50 ohms time 0.01
,SiC,1.0,Electron 110V,0.5,,0.0,40.0,/Users/rkfuentes/Documents/md_anderson_analysis/yepes_code/data/2025-11-20/scope-results-2025-11-20-0291.csv,6.174666666666646e-09,,87,,0,,50 ohms time 0.01
,SiC,1.0,Electron 110V,0.5,,0.0,40.0,/Users/rkfuentes/Documents/md_anderson_analysis/yepes_code/data/2025-11-20/scope-results-2025-11-20-0292.csv,6.354666666666654e-09,,84,,0,,50 ohms time 0.01
,SiC,1.0,Electron 110V,0.5,,0.0,40.0,/Users/rkfuentes/Documents/md_anderson_analysis/yepes_code/data/2025-11-20/scope-results-2025-11-20-0293.csv,6.337333333333308e-09,,78,,0,,50 ohms time 0.01
,SiC,1.0,Electron 110V,0.5,,0.0,40.0,/Users/rkfuentes/Documents/md_anderson_analysis/yepes_code/data/2025-11-20/scope-results-2025-11-20-0294.csv,4.909666666666666e-09,,55,,0,,50 ohms time 0.01
,SiC,1.0,Electron 110V,0.5,,0.0,40.0,/Users/rkfuentes/Documents/md_anderson_analysis/yepes_code/data/2025-11-20/scope-results-2025-11-20-0295.csv,7.72533333333333e-09,,81,,0,,50 ohms time 0.01
,SiC,1.0,Electron 110V,0.5,,0.0,40.0,/Users/rkfuentes/Documents/md_anderson_analysis/yepes_code/data/2025-11-20/scope-results-2025-11-20-0296.csv,5.982666666666666e-09,,81,,0,,50 ohms time 0.01
,SiC,1.0,Electron 110V,0.5,,0.0,40.0,/Users/rkfuentes/Documents/md_anderson_analysis/yepes_code/data/2025-11-20/scope-results-2025-11-20-0297.csv,4.857333333333337e-09,,76,,0,,50 ohms time 0.01
,SiC,1.0,Electron 110V,0.5,,0.0,40.0,/Users/rkfuentes/Documents/md_anderson_analysis/yepes_code/data/2025-11-20/scope-results-2025-11-20-0298.csv,4.606e-09,,75,,0,,50 ohms time 0.01
,SiC,1.0,Electron 110V,0.5,,0.0,40.0,/Users/rkfuentes/Documents/md_anderson_analysis/yepes_code/data/2025-11-20/scope-results-2025-11-20-0299.csv,6.032000000000003e-09,,66,,0,,50 ohms time 0.01
,SiC,1.0,Electron 110V,0.5,,0.0,40.0,/Users/rkfuentes/Documents/md_anderson_analysis/yepes_code/data/2025-11-20/scope-results-2025-11-20-0300.csv,6.219999999999989e-09,,83,,0,,50 ohms time 0.01
,SiC,1.0,Electron 110V,0.5,,0.0,40.0,/Users/rkfuentes/Documents/md_anderson_analysis/yepes_code/data/2025-11-20/scope-results-2025-11-20-0301.csv,6.099999999999985e-09,,86,,0,,50 ohms time 0.01
,SiC,1.0,Electron 110V,0.5,,0.0,40.0,/Users/rkfuentes/Documents/md_anderson_analysis/yepes_code/data/2025-11-20/scope-results-2025-11-20-0302.csv,4.730333333333345e-09,,74,,0,,50 ohms time 0.01
,SiC,1.0,Electron 110V,0.5,,0.0,40.0,/Users/rkfuentes/Documents/md_anderson_analysis/yepes_code/data/2025-11-20/scope-results-2025-11-20-0303.csv,6.072000000000019e-09,,74,,0,,50 ohms time 0.01
,SiC,1.0,Electron 110V,0.5,,0.0,40.0,/Users/rkfuentes/Documents/md_anderson_analysis/yepes_code/data/2025-11-20/scope-results-2025-11-20-0304.csv,4.758666666666671e-09,,71,,0,,50 ohms time 0.01
,SiC,1.0,Electron 110V,0.5,,0.0,40.0,/Users/rkfuentes/Documents/md_anderson_analysis/yepes_code/data/2025-11-20/scope-results-2025-11-20-0305.csv,6.03066666666666e-09,,76,,0,,50 ohms time 0.01
,SiC,1.0,Electron 110V,0.5,,0.0,40.0,/Users/rkfuentes/Documents/md_anderson_analysis/yepes_code/data/2025-11-20/scope-results-2025-11-20-0306.csv,4.80933333333333e-09,,46,,0,,50 ohms time 0.01
,SiC,1.0,Electron 110V,0.5,,0.0,40.0,/Users/rkfuentes/Documents/md_anderson_analysis/yepes_code/data/2025-11-20/scope-results-2025-11-20-0307.csv,4.553333333333346e-09,,82,,0,,50 ohms time 0.01
,SiC,1.0,Electron 110V,0.5,,0.0,40.0,/Users/rkfuentes/Documents/md_anderson_analysis/yepes_code/data/2025-11-20/scope-results-2025-11-20-0308.csv,6.118666666666674e-09,,78,,0,,50 ohms time 0.01
,SiC,1.0,Electron 191V,0.5,,0.0,40.0,/Users/rkfuentes/Documents/md_anderson_analysis/yepes_code/data/2025-11-20/scope-results-2025-11-20-0354.csv,2.8025666666666713e-08,,84,,0,,50 ohms time 0.01
,SiC,1.0,Electron 191V,0.5,,0.0,40.0,/Users/rkfuentes/Documents/md_anderson_analysis/yepes_code/data/2025-11-20/scope-results-2025-11-20-0355.csv,2.776133333333332e-08,,90,,0,,50 ohms time 0.01
,SiC,1.0,Electron 191V,0.5,,0.0,40.0,/Users/rkfuentes/Documents/md_anderson_analysis/yepes_code/data/2025-11-20/scope-results-2025-11-20-0356.csv,2.8364666666666667e-08,,86,,0,,50 ohms time 0.01
,SiC,1.0,Electron 191V,0.5,,0.0,40.0,/Users/rkfuentes/Documents/md_anderson_analysis/yepes_code/data/2025-11-20/scope-results-2025-11-20-0357.csv,2.6182666666666688e-08,,76,,0,,50 ohms time 0.01
,SiC,1.0,Electron 191V,0.5,,0.0,40.0,/Users/rkfuentes/Documents/md_anderson_analysis/yepes_code/data/2025-11-20/scope-results-2025-11-20-0358.csv,2.719733333333334e-08,,86,,0,,50 ohms time 0.01
,SiC,1.0,Electron 191V,0.5,,0.0,40.0,/Users/rkfuentes/Documents/md_anderson_analysis/yepes_code/data/2025-11-20/scope-results-2025-11-20-0359.csv,2.5815999999999988e-08,,90,,0,,50 ohms time 0.01
,SiC,1.0,Electron 191V,0.5,,0.0,40.0,/Users/rkfuentes/Documents/md_anderson_analysis/yepes_code/data/2025-11-20/scope-results-2025-11-20-0360.csv,2.7654999999999985e-08,,89,,0,,50 ohms time 0.01
,SiC,1.0,Electron 191V,0.5,,0.0,40.0,/Users/rkfuentes/Documents/md_anderson_analysis/yepes_code/data/2025-11-20/scope-results-2025-11-20-0361.csv,2.8691000000000012e-08,,86,,0,,50 ohms time 0.01
,SiC,1.0,Electron 191V,0.5,,0.0,40.0,/Users/rkfuentes/Documents/md_anderson_analysis/yepes_code/data/2025-11-20/scope-results-2025-11-20-0362.csv,2.7750666666666682e-08,,86,,0,,50 ohms time 0.01
,SiC,1.0,Electron 191V,0.5,,0.0,40.0,/Users/rkfuentes/Documents/md_anderson_analysis/yepes_code/data/2025-11-20/scope-results-2025-11-20-0363.csv,2.4244000000000015e-08,,87,,0,,50 ohms time 0.01
,SiC,1.0,Electron 191V,0.5,,0.0,40.0,/Users/rkfuentes/Documents/md_anderson_analysis/yepes_code/data/2025-11-20/scope-results-2025-11-20-0364.csv,2.7706333333333353e-08,,98,,0,,50 ohms time 0.01
,SiC,1.0,Electron 85V,0.5,,0.0,40.0,/Users/rkfuentes/Documents/md_anderson_analysis/yepes_code/data/2025-11-20/scope-results-2025-11-20-0627.csv,5.413333333334967e-10,,53,,0,,50 ohms time 0.01
,SiC,1.0,Electron 85V,0.5,,0.0,40.0,/Users/rkfuentes/Documents/md_anderson_analysis/yepes_code/data/2025-11-20/scope-results-2025-11-20-0628.csv,7.460000000000056e-10,,26,,0,,50 ohms time 0.01
,SiC,1.0,Electron 85V,0.5,,0.0,40.0,/Users/rkfuentes/Documents/md_anderson_analysis/yepes_code/data/2025-11-20/scope-results-2025-11-20-0629.csv,1.5040000000000051e-09,,56,,0,,50 ohms time 0.01
,SiC,1.0,Electron 85V,0.5,,0.0,40.0,/Users/rkfuentes/Documents/md_anderson_analysis/yepes_code/data/2025-11-20/scope-results-2025-11-20-0630.csv,1.6346666666667123e-09,,50,,0,,50 ohms time 0.01
,SiC,1.0,Electron 85V,0.5,,0.0,40.0,/Users/rkfuentes/Documents/md_anderson_analysis/yepes_code/data/2025-11-20/scope-results-2025-11-20-0631.csv,6.206666666666642e-10,,29,,0,,50 ohms time 0.01
,SiC,1.0,Electron 85V,0.5,,0.0,40.0,/Users/rkfuentes/Documents/md_anderson_analysis/yepes_code/data/2025-11-20/scope-results-2025-11-20-0632.csv,1.9266666666666926e-10,,79,,0,,50 ohms time 0.01
,SiC,1.0,Electron 85V,0.5,,0.0,40.0,/Users/rkfuentes/Documents/md_anderson_analysis/yepes_code/data/2025-11-20/scope-results-2025-11-20-0633.csv,1.0666666666664014e-10,,49,,0,,50 ohms time 0.01
,SiC,1.0,Electron 85V,0.5,,0.0,40.0,/Users/rkfuentes/Documents/md_anderson_analysis/yepes_code/data/2025-11-20/scope-results-2025-11-20-0634.csv,5.0666666666642226e-11,,29,,0,,50 ohms time 0.01
,SiC,1.0,Electron 85V,0.5,,0.0,40.0,/Users/rkfuentes/Documents/md_anderson_analysis/yepes_code/data/2025-11-20/scope-results-2025-11-20-0635.csv,4.027333333333307e-09,,63,,0,,50 ohms time 0.01
,SiC,1.0,Electron 85V,0.5,,0.0,40.0,/Users/rkfuentes/Documents/md_anderson_analysis/yepes_code/data/2025-11-20/scope-results-2025-11-20-0636.csv,1.8319999999999982e-09,,42,,0,,50 ohms time 0.01
,SiC,1.0,Electron 85V,0.5,,0.0,40.0,/Users/rkfuentes/Documents/md_anderson_analysis/yepes_code/data/2025-11-20/scope-results-2025-11-20-0637.csv,1.693333333333306e-09,,47,,0,,50 ohms time 0.01
,SiC,1.0,Electron 85V,0.5,,0.0,40.0,/Users/rkfuentes/Documents/md_anderson_analysis/yepes_code/data/2025-11-20/scope-results-2025-11-20-0638.csv,1.7966666666667574e-09,,53,,0,,50 ohms time 0.01
,SiC,1.0,Electron 85V,0.5,,0.0,40.0,/Users/rkfuentes/Documents/md_anderson_analysis/yepes_code/data/2025-11-20/scope-results-2025-11-20-0639.csv,1.076800000000002e-08,,38,,0,,50 ohms time 0.01
,SiC,1.0,Electron 85V,0.5,,0.0,40.0,/Users/rkfuentes/Documents/md_anderson_analysis/yepes_code/data/2025-11-20/scope-results-2025-11-20-0640.csv,1.2933333333333264e-09,,35,,0,,50 ohms time 0.01
,SiC,1.0,Electron 85V,0.5,,0.0,40.0,/Users/rkfuentes/Documents/md_anderson_analysis/yepes_code/data/2025-11-20/scope-results-2025-11-20-0641.csv,1.6799999999998401e-10,,54,,0,,50 ohms time 0.01
,SiC,1.0,Electron 85V,0.5,,0.0,40.0,/Users/rkfuentes/Documents/md_anderson_analysis/yepes_code/data/2025-11-20/scope-results-2025-11-20-0642.csv,8.320000000000229e-10,,26,,0,,50 ohms time 0.01
,SiC,1.0,Electron 85V,0.5,,0.0,40.0,/Users/rkfuentes/Documents/md_anderson_analysis/yepes_code/data/2025-11-20/scope-results-2025-11-20-0643.csv,2.6666666666666647e-10,,28,,0,,50 ohms time 0.01
,SiC,1.0,Electron 85V,0.5,,0.0,40.0,/Users/rkfuentes/Documents/md_anderson_analysis/yepes_code/data/2025-11-20/scope-results-2025-11-20-0644.csv,6.399999999999237e-11,,38,,0,,50 ohms time 0.01
,SiC,1.0,Electron 85V,0.5,,0.0,40.0,/Users/rkfuentes/Documents/md_anderson_analysis/yepes_code/data/2025-11-20/scope-results-2025-11-20-0645.csv,1.455999999999994e-09,,38,,0,,50 ohms time 0.01
,SiC,1.0,Electron 85V,0.5,,0.0,40.0,/Users/rkfuentes/Documents/md_anderson_analysis/yepes_code/data/2025-11-20/scope-results-2025-11-20-0646.csv,8.373333333333266e-10,,25,,0,,50 ohms time 0.01
,SiC,1.0,Electron 85V,0.5,,0.0,40.0,/Users/rkfuentes/Documents/md_anderson_analysis/yepes_code/data/2025-11-20/scope-results-2025-11-20-0647.csv,5.893333333333903e-10,,28,,0,,50 ohms time 0.01
,SiC,1.0,Electron 85V,0.5,,0.0,40.0,/Users/rkfuentes/Documents/md_anderson_analysis/yepes_code/data/2025-11-20/scope-results-2025-11-20-0648.csv,1.8399999999998895e-10,,46,,0,,50 ohms time 0.01
,SiC,1.0,Electron 85V,0.5,,0.0,40.0,/Users/rkfuentes/Documents/md_anderson_analysis/yepes_code/data/2025-11-20/scope-results-2025-11-20-0649.csv,1.2219974325288154e-10,,26,,0,,50 ohms time 0.01
,SiC,1.0,Electron 85V,0.5,,0.0,40.0,/Users/rkfuentes/Documents/md_anderson_analysis/yepes_code/data/2025-11-20/scope-results-2025-11-20-0650.csv,3.032000000000002e-09,,85,,0,,50 ohms time 0.01
,SiC,1.0,Electron 85V,0.5,,0.0,40.0,/Users/rkfuentes/Documents/md_anderson_analysis/yepes_code/data/2025-11-20/scope-results-2025-11-20-0651.csv,8.666666666660546e-12,,15,,0,,50 ohms time 0.01
,SiC,1.0,Electron 85V,0.5,,0.0,40.0,/Users/rkfuentes/Documents/md_anderson_analysis/yepes_code/data/2025-11-20/scope-results-2025-11-20-0652.csv,1.6533333333333407e-09,,57,,0,,50 ohms time 0.01
,SiC,1.0,Electron 110V,0.5,,0.0,40.0,/Users/rkfuentes/Documents/md_anderson_analysis/yepes_code/data/2025-11-20/scope-results-2025-11-20-0653.csv,1.736000000000009e-09,,38,,0,,50 ohms time 0.01
,SiC,1.0,Electron 110V,0.5,,0.0,40.0,/Users/rkfuentes/Documents/md_anderson_analysis/yepes_code/data/2025-11-20/scope-results-2025-11-20-0654.csv,5.9410666666666626e-08,,289,,0,,50 ohms time 0.01
,SiC,1.0,Electron 110V,0.5,,0.0,40.0,/Users/rkfuentes/Documents/md_anderson_analysis/yepes_code/data/2025-11-20/scope-results-2025-11-20-0655.csv,6.031999999999998e-09,,54,,0,,50 ohms time 0.01
,SiC,1.0,Electron 191V,0.5,,0.0,40.0,/Users/rkfuentes/Documents/md_anderson_analysis/yepes_code/data/2025-11-20/scope-results-2025-11-20-0656.csv,6.133333333333307e-10,,83,,0,,50 ohms time 0.01
,SiC,1.0,Electron 191V,0.5,,0.0,40.0,/Users/rkfuentes/Documents/md_anderson_analysis/yepes_code/data/2025-11-20/scope-results-2025-11-20-0657.csv,6.663999999999952e-09,,285,,0,,50 ohms time 0.01
,SiC,1.0,Electron 191V,0.5,,0.0,40.0,/Users/rkfuentes/Documents/md_anderson_analysis/yepes_code/data/2025-11-20/scope-results-2025-11-20-0658.csv,2.3973333333332787e-09,,59,,0,,50 ohms time 0.01
,SiC,1.0,Electron 85V,0.5,,0.0,40.0,/Users/rkfuentes/Documents/md_anderson_analysis/yepes_code/data/2025-11-20/scope-results-2025-11-20-0696.csv,1.0406666666665963e-10,,28,,0,,50 ohms time 0.01
,SiC,1.0,Electron 85V,0.5,,0.0,40.0,/Users/rkfuentes/Documents/md_anderson_analysis/yepes_code/data/2025-11-20/scope-results-2025-11-20-0697.csv,3.99713333333331e-09,,32,,0,,50 ohms time 0.01
,SiC,1.0,Electron 85V,0.5,,0.0,40.0,/Users/rkfuentes/Documents/md_anderson_analysis/yepes_code/data/2025-11-20/scope-results-2025-11-20-0698.csv,1.9093333333332423e-10,,37,,0,,50 ohms time 0.01
,SiC,1.0,Electron 85V,0.5,,0.0,40.0,/Users/rkfuentes/Documents/md_anderson_analysis/yepes_code/data/2025-11-20/scope-results-2025-11-20-0699.csv,1.691046666666671e-08,,31,,0,,50 ohms time 0.01
,SiC,1.0,Electron 85V,0.5,,0.0,40.0,/Users/rkfuentes/Documents/md_anderson_analysis/yepes_code/data/2025-11-20/scope-results-2025-11-20-0700.csv,1.2933333333339126e-11,,32,,0,,50 ohms time 0.01
,SiC,1.0,Electron 85V,0.5,,0.0,40.0,/Users/rkfuentes/Documents/md_anderson_analysis/yepes_code/data/2025-11-20/scope-results-2025-11-20-0701.csv,2.1029333333333204e-09,,45,,0,,50 ohms time 0.01
,SiC,1.0,Electron 85V,0.5,,0.0,40.0,/Users/rkfuentes/Documents/md_anderson_analysis/yepes_code/data/2025-11-20/scope-results-2025-11-20-0702.csv,6.438002567471353e-11,,30,,0,,50 ohms time 0.01
,SiC,1.0,Electron 85V,0.5,,0.0,40.0,/Users/rkfuentes/Documents/md_anderson_analysis/yepes_code/data/2025-11-20/scope-results-2025-11-20-0703.csv,7.833333333332647e-11,,29,,0,,50 ohms time 0.01
,SiC,1.0,Electron 85V,0.5,,0.0,40.0,/Users/rkfuentes/Documents/md_anderson_analysis/yepes_code/data/2025-11-20/scope-results-2025-11-20-0704.csv,3.333333333364396e-12,,30,,0,,50 ohms time 0.01
,SiC,1.0,Electron 85V,0.5,,0.0,40.0,/Users/rkfuentes/Documents/md_anderson_analysis/yepes_code/data/2025-11-20/scope-results-2025-11-20-0705.csv,9.993333333331513e-11,,29,,0,,50 ohms time 0.01
,SiC,1.0,Electron 85V,0.5,,0.0,40.0,/Users/rkfuentes/Documents/md_anderson_analysis/yepes_code/data/2025-11-20/scope-results-2025-11-20-0706.csv,5.520000000000645e-11,,27,,0,,50 ohms time 0.01
,SiC,1.0,Electron 85V,0.5,,0.0,40.0,/Users/rkfuentes/Documents/md_anderson_analysis/yepes_code/data/2025-11-20/scope-results-2025-11-20-0707.csv,6.986666666666932e-10,,49,,0,,50 ohms time 0.01
,SiC,1.0,Electron 85V,0.5,,0.0,40.0,/Users/rkfuentes/Documents/md_anderson_analysis/yepes_code/data/2025-11-20/scope-results-2025-11-20-0708.csv,5.086666666668478e-11,,31,,0,,50 ohms time 0.01
,SiC,1.0,Electron 85V,0.5,,0.0,40.0,/Users/rkfuentes/Documents/md_anderson_analysis/yepes_code/data/2025-11-20/scope-results-2025-11-20-0709.csv,2.7379999999997144e-10,,33,,0,,50 ohms time 0.01
,SiC,1.0,Electron 85V,0.5,,0.0,40.0,/Users/rkfuentes/Documents/md_anderson_analysis/yepes_code/data/2025-11-20/scope-results-2025-11-20-0710.csv,5.6466666666666e-11,,44,,0,,50 ohms time 0.01
,SiC,1.0,Electron 85V,0.5,,0.0,40.0,/Users/rkfuentes/Documents/md_anderson_analysis/yepes_code/data/2025-11-20/scope-results-2025-11-20-0711.csv,1.3706666666666704e-10,,58,,0,,50 ohms time 0.01
,SiC,1.0,Electron 85V,0.5,,0.0,40.0,/Users/rkfuentes/Documents/md_anderson_analysis/yepes_code/data/2025-11-20/scope-results-2025-11-20-0712.csv,3.0593333333339884e-10,,29,,0,,50 ohms time 0.01
,SiC,1.0,Electron 85V,0.5,,0.0,40.0,/Users/rkfuentes/Documents/md_anderson_analysis/yepes_code/data/2025-11-20/scope-results-2025-11-20-0713.csv,2.0886666666667069e-10,,35,,0,,50 ohms time 0.01
,SiC,1.0,Electron 110V,0.5,,0.0,40.0,/Users/rkfuentes/Documents/md_anderson_analysis/yepes_code/data/2025-11-20/scope-results-2025-11-20-0714.csv,6.619999999999933e-11,,27,,0,,50 ohms time 0.01
,SiC,1.0,Electron 110V,0.5,,0.0,40.0,/Users/rkfuentes/Documents/md_anderson_analysis/yepes_code/data/2025-11-20/scope-results-2025-11-20-0715.csv,8.726666666667074e-11,,26,,0,,50 ohms time 0.01
,SiC,1.0,Electron 110V,0.5,,0.0,40.0,/Users/rkfuentes/Documents/md_anderson_analysis/yepes_code/data/2025-11-20/scope-results-2025-11-20-0716.csv,1.3026666666666446e-10,,28,,0,,50 ohms time 0.01
,SiC,1.0,Electron 110V,0.5,,0.0,40.0,/Users/rkfuentes/Documents/md_anderson_analysis/yepes_code/data/2025-11-20/scope-results-2025-11-20-0717.csv,5.0533333333334985e-11,,26,,0,,50 ohms time 0.01
,SiC,1.0,Electron 110V,0.5,,0.0,40.0,/Users/rkfuentes/Documents/md_anderson_analysis/yepes_code/data/2025-11-20/scope-results-2025-11-20-0718.csv,2.850133333333322e-09,,310,,0,,50 ohms time 0.01
,SiC,1.0,Electron 110V,0.5,,0.0,40.0,/Users/rkfuentes/Documents/md_anderson_analysis/yepes_code/data/2025-11-20/scope-results-2025-11-20-0719.csv,2.2666666666670065e-12,,25,,0,,50 ohms time 0.01
,SiC,1.0,Electron 110V,0.5,,0.0,40.0,/Users/rkfuentes/Documents/md_anderson_analysis/yepes_code/data/2025-11-20/scope-results-2025-11-20-0720.csv,1.8446666666666292e-10,,24,,0,,50 ohms time 0.01
,SiC,1.0,Electron 110V,0.5,,0.0,40.0,/Users/rkfuentes/Documents/md_anderson_analysis/yepes_code/data/2025-11-20/scope-results-2025-11-20-0721.csv,2.1660000000000396e-10,,30,,0,,50 ohms time 0.01
,SiC,1.0,Electron 110V,0.5,,0.0,40.0,/Users/rkfuentes/Documents/md_anderson_analysis/yepes_code/data/2025-11-20/scope-results-2025-11-20-0722.csv,4.753333333333283e-11,,25,,0,,50 ohms time 0.01
,SiC,1.0,Electron 110V,0.5,,0.0,40.0,/Users/rkfuentes/Documents/md_anderson_analysis/yepes_code/data/2025-11-20/scope-results-2025-11-20-0723.csv,1.083999999999986e-10,,26,,0,,50 ohms time 0.01
,SiC,1.0,Electron 110V,0.5,,0.0,40.0,/Users/rkfuentes/Documents/md_anderson_analysis/yepes_code/data/2025-11-20/scope-results-2025-11-20-0724.csv,1.0566666666666588e-10,,26,,0,,50 ohms time 0.01
,SiC,1.0,Electron 110V,0.5,,0.0,40.0,/Users/rkfuentes/Documents/md_anderson_analysis/yepes_code/data/2025-11-20/scope-results-2025-11-20-0725.csv,7.946666666666619e-11,,25,,0,,50 ohms time 0.01
,SiC,1.0,Electron 110V,0.5,,0.0,40.0,/Users/rkfuentes/Documents/md_anderson_analysis/yepes_code/data/2025-11-20/scope-results-2025-11-20-0726.csv,1.6839999999999828e-10,,24,,0,,50 ohms time 0.01
,SiC,1.0,Electron 110V,0.5,,0.0,40.0,/Users/rkfuentes/Documents/md_anderson_analysis/yepes_code/data/2025-11-20/scope-results-2025-11-20-0727.csv,2.04666666666667e-10,,24,,0,,50 ohms time 0.01
,SiC,1.0,Electron 191V,0.5,,0.0,40.0,/Users/rkfuentes/Documents/md_anderson_analysis/yepes_code/data/2025-11-20/scope-results-2025-11-20-0728.csv,1.1489333333333329e-08,,77,,0,,50 ohms time 0.01
,SiC,1.0,Electron 191V,0.5,,0.0,40.0,/Users/rkfuentes/Documents/md_anderson_analysis/yepes_code/data/2025-11-20/scope-results-2025-11-20-0729.csv,9.143733333333344e-09,,90,,0,,50 ohms time 0.01
,SiC,1.0,Electron 191V,0.5,,0.0,40.0,/Users/rkfuentes/Documents/md_anderson_analysis/yepes_code/data/2025-11-20/scope-results-2025-11-20-0730.csv,1.1294000000000003e-08,,86,,0,,50 ohms time 0.01
,SiC,1.0,Electron 191V,0.5,,0.0,40.0,/Users/rkfuentes/Documents/md_anderson_analysis/yepes_code/data/2025-11-20/scope-results-2025-11-20-0731.csv,9.796000000000009e-09,,88,,0,,50 ohms time 0.01
,SiC,1.0,Electron 191V,0.5,,0.0,40.0,/Users/rkfuentes/Documents/md_anderson_analysis/yepes_code/data/2025-11-20/scope-results-2025-11-20-0732.csv,1.0323799999999998e-08,,81,,0,,50 ohms time 0.01
,SiC,1.0,Electron 191V,0.5,,0.0,40.0,/Users/rkfuentes/Documents/md_anderson_analysis/yepes_code/data/2025-11-20/scope-results-2025-11-20-0733.csv,1.0307733333333334e-08,,96,,0,,50 ohms time 0.01
,SiC,1.0,Electron 191V,0.5,,0.0,40.0,/Users/rkfuentes/Documents/md_anderson_analysis/yepes_code/data/2025-11-20/scope-results-2025-11-20-0734.csv,9.317333333333324e-09,,85,,0,,50 ohms time 0.01
,SiC,1.0,Electron 191V,0.5,,0.0,40.0,/Users/rkfuentes/Documents/md_anderson_analysis/yepes_code/data/2025-11-20/scope-results-2025-11-20-0735.csv,1.092826666666667e-08,,85,,0,,50 ohms time 0.01
,SiC,1.0,Electron 191V,0.5,,0.0,40.0,/Users/rkfuentes/Documents/md_anderson_analysis/yepes_code/data/2025-11-20/scope-results-2025-11-20-0736.csv,9.603200000000006e-09,,83,,0,,50 ohms time 0.01
,SiC,1.0,Electron 191V,0.5,,0.0,40.0,/Users/rkfuentes/Documents/md_anderson_analysis/yepes_code/data/2025-11-20/scope-results-2025-11-20-0737.csv,9.128666666666671e-09,,83,,0,,50 ohms time 0.01
,SiC,1.0,Electron 85V,0.5,,0.0,40.0,/Users/rkfuentes/Documents/md_anderson_analysis/yepes_code/data/2025-11-20/scope-results-2025-11-20-0848.csv,1.3300000000001523e-10,,29,,0,,50 ohms time 0.01
,SiC,1.0,Electron 85V,0.5,,0.0,40.0,/Users/rkfuentes/Documents/md_anderson_analysis/yepes_code/data/2025-11-20/scope-results-2025-11-20-0849.csv,5.251333333333338e-10,,31,,0,,50 ohms time 0.01
,SiC,1.0,Electron 85V,0.5,,0.0,40.0,/Users/rkfuentes/Documents/md_anderson_analysis/yepes_code/data/2025-11-20/scope-results-2025-11-20-0850.csv,4.3333333333333406e-10,,45,,0,,50 ohms time 0.01
,SiC,1.0,Electron 85V,0.5,,0.0,40.0,/Users/rkfuentes/Documents/md_anderson_analysis/yepes_code/data/2025-11-20/scope-results-2025-11-20-0851.csv,1.2140000000004249e-10,,34,,0,,50 ohms time 0.01
,SiC,1.0,Electron 85V,0.5,,0.0,40.0,/Users/rkfuentes/Documents/md_anderson_analysis/yepes_code/data/2025-11-20/scope-results-2025-11-20-0852.csv,1.5999999999996575e-11,,45,,0,,50 ohms time 0.01
,SiC,1.0,Electron 85V,0.5,,0.0,40.0,/Users/rkfuentes/Documents/md_anderson_analysis/yepes_code/data/2025-11-20/scope-results-2025-11-20-0853.csv,9.120000000000096e-11,,51,,0,,50 ohms time 0.01
,SiC,1.0,Electron 85V,0.5,,0.0,40.0,/Users/rkfuentes/Documents/md_anderson_analysis/yepes_code/data/2025-11-20/scope-results-2025-11-20-0854.csv,1.7073333333329334e-10,,30,,0,,50 ohms time 0.01
,SiC,1.0,Electron 85V,0.5,,0.0,40.0,/Users/rkfuentes/Documents/md_anderson_analysis/yepes_code/data/2025-11-20/scope-results-2025-11-20-0855.csv,1.333333333203815e-13,,78,,0,,50 ohms time 0.01
,SiC,1.0,Electron 85V,0.5,,0.0,40.0,/Users/rkfuentes/Documents/md_anderson_analysis/yepes_code/data/2025-11-20/scope-results-2025-11-20-0856.csv,1.9386666666666528e-10,,64,,0,,50 ohms time 0.01
,SiC,1.0,Electron 85V,0.5,,0.0,40.0,/Users/rkfuentes/Documents/md_anderson_analysis/yepes_code/data/2025-11-20/scope-results-2025-11-20-0857.csv,8.546666666659141e-11,,31,,0,,50 ohms time 0.01
,SiC,1.0,Electron 85V,0.5,,0.0,40.0,/Users/rkfuentes/Documents/md_anderson_analysis/yepes_code/data/2025-11-20/scope-results-2025-11-20-0858.csv,1.1789933333333347e-08,,55,,0,,50 ohms time 0.01
,SiC,1.0,Electron 85V,0.5,,0.0,40.0,/Users/rkfuentes/Documents/md_anderson_analysis/yepes_code/data/2025-11-20/scope-results-2025-11-20-0859.csv,1.4096133333333409e-08,,34,,0,,50 ohms time 0.01
,SiC,1.0,Electron 85V,0.5,,0.0,40.0,/Users/rkfuentes/Documents/md_anderson_analysis/yepes_code/data/2025-11-20/scope-results-2025-11-20-0860.csv,6.206666666666969e-11,,42,,0,,50 ohms time 0.01
,SiC,1.0,Electron 85V,0.5,,0.0,40.0,/Users/rkfuentes/Documents/md_anderson_analysis/yepes_code/data/2025-11-20/scope-results-2025-11-20-0861.csv,2.306666666672199e-11,,32,,0,,50 ohms time 0.01
,SiC,1.0,Electron 85V,0.5,,0.0,40.0,/Users/rkfuentes/Documents/md_anderson_analysis/yepes_code/data/2025-11-20/scope-results-2025-11-20-0862.csv,4.693333333337152e-11,,28,,0,,50 ohms time 0.01
,SiC,1.0,Electron 85V,0.5,,0.0,40.0,/Users/rkfuentes/Documents/md_anderson_analysis/yepes_code/data/2025-11-20/scope-results-2025-11-20-0863.csv,2.475333333333414e-10,,30,,0,,50 ohms time 0.01
,SiC,1.0,Electron 85V,0.5,,0.0,40.0,/Users/rkfuentes/Documents/md_anderson_analysis/yepes_code/data/2025-11-20/scope-results-2025-11-20-0864.csv,1.5326666666672187e-10,,31,,0,,50 ohms time 0.01
,SiC,1.0,Electron 85V,0.5,,0.0,40.0,/Users/rkfuentes/Documents/md_anderson_analysis/yepes_code/data/2025-11-20/scope-results-2025-11-20-0865.csv,2.6853333333334043e-10,,30,,0,,50 ohms time 0.01
,SiC,1.0,Electron 85V,0.5,,0.0,40.0,/Users/rkfuentes/Documents/md_anderson_analysis/yepes_code/data/2025-11-20/scope-results-2025-11-20-0866.csv,6.286666666665011e-11,,32,,0,,50 ohms time 0.01
,SiC,1.0,Electron 85V,0.5,,0.0,40.0,/Users/rkfuentes/Documents/md_anderson_analysis/yepes_code/data/2025-11-20/scope-results-2025-11-20-0867.csv,1.2159999999995096e-10,,70,,0,,50 ohms time 0.01
,SiC,1.0,Electron 110V,0.5,,0.0,40.0,/Users/rkfuentes/Documents/md_anderson_analysis/yepes_code/data/2025-11-20/scope-results-2025-11-20-0929.csv,3.077533333333399e-09,,49,,0,,50 ohms time 0.01
,SiC,1.0,Electron 110V,0.5,,0.0,40.0,/Users/rkfuentes/Documents/md_anderson_analysis/yepes_code/data/2025-11-20/scope-results-2025-11-20-0930.csv,3.949999999999996e-09,,49,,0,,50 ohms time 0.01
,SiC,1.0,Electron 110V,0.5,,0.0,40.0,/Users/rkfuentes/Documents/md_anderson_analysis/yepes_code/data/2025-11-20/scope-results-2025-11-20-0931.csv,7.333333333335761e-11,,64,,0,,50 ohms time 0.01
,SiC,1.0,Electron 110V,0.5,,0.0,40.0,/Users/rkfuentes/Documents/md_anderson_analysis/yepes_code/data/2025-11-20/scope-results-2025-11-20-0932.csv,1.960000000000071e-10,,68,,0,,50 ohms time 0.01
,SiC,1.0,Electron 110V,0.5,,0.0,40.0,/Users/rkfuentes/Documents/md_anderson_analysis/yepes_code/data/2025-11-20/scope-results-2025-11-20-0933.csv,5.077333333333351e-09,,45,,0,,50 ohms time 0.01
,SiC,1.0,Electron 110V,0.5,,0.0,40.0,/Users/rkfuentes/Documents/md_anderson_analysis/yepes_code/data/2025-11-20/scope-results-2025-11-20-0934.csv,1.1699999999999906e-09,,57,,0,,50 ohms time 0.01
,SiC,1.0,Electron 110V,0.5,,0.0,40.0,/Users/rkfuentes/Documents/md_anderson_analysis/yepes_code/data/2025-11-20/scope-results-2025-11-20-0935.csv,6.113999999999988e-10,,42,,0,,50 ohms time 0.01
,SiC,1.0,Electron 110V,0.5,,0.0,40.0,/Users/rkfuentes/Documents/md_anderson_analysis/yepes_code/data/2025-11-20/scope-results-2025-11-20-0936.csv,5.420000000004775e-11,,45,,0,,50 ohms time 0.01
,SiC,1.0,Electron 110V,0.5,,0.0,40.0,/Users/rkfuentes/Documents/md_anderson_analysis/yepes_code/data/2025-11-20/scope-results-2025-11-20-0937.csv,5.875333333333208e-10,,47,,0,,50 ohms time 0.01
,SiC,1.0,Electron 110V,0.5,,0.0,40.0,/Users/rkfuentes/Documents/md_anderson_analysis/yepes_code/data/2025-11-20/scope-results-2025-11-20-0938.csv,5.5466666666658135e-11,,70,,0,,50 ohms time 0.01
,SiC,1.0,Electron 110V,0.5,,0.0,40.0,/Users/rkfuentes/Documents/md_anderson_analysis/yepes_code/data/2025-11-20/scope-results-2025-11-20-0939.csv,7.389492116931624e-11,,27,,0,,50 ohms time 0.01
,SiC,1.0,Electron 110V,0.5,,0.0,40.0,/Users/rkfuentes/Documents/md_anderson_analysis/yepes_code/data/2025-11-20/scope-results-2025-11-20-0940.csv,1.0996005134942172e-10,,29,,0,,50 ohms time 0.01
,SiC,1.0,Electron 110V,0.5,,0.0,40.0,/Users/rkfuentes/Documents/md_anderson_analysis/yepes_code/data/2025-11-20/scope-results-2025-11-20-0941.csv,1.0409400000000044e-08,,43,,0,,50 ohms time 0.01
,SiC,1.0,Electron 191V,0.5,,0.0,40.0,/Users/rkfuentes/Documents/md_anderson_analysis/yepes_code/data/2025-11-20/scope-results-2025-11-20-0982.csv,7.501333333333331e-09,,89,,0,,50 ohms time 0.01
,SiC,1.0,Electron 191V,0.5,,0.0,40.0,/Users/rkfuentes/Documents/md_anderson_analysis/yepes_code/data/2025-11-20/scope-results-2025-11-20-0983.csv,6.774800000000003e-09,,78,,0,,50 ohms time 0.01
,SiC,1.0,Electron 191V,0.5,,0.0,40.0,/Users/rkfuentes/Documents/md_anderson_analysis/yepes_code/data/2025-11-20/scope-results-2025-11-20-0984.csv,5.9645333333333365e-09,,81,,0,,50 ohms time 0.01
,SiC,1.0,Electron 191V,0.5,,0.0,40.0,/Users/rkfuentes/Documents/md_anderson_analysis/yepes_code/data/2025-11-20/scope-results-2025-11-20-0985.csv,7.245866666666681e-09,,86,,0,,50 ohms time 0.01
,SiC,1.0,Electron 191V,0.5,,0.0,40.0,/Users/rkfuentes/Documents/md_anderson_analysis/yepes_code/data/2025-11-20/scope-results-2025-11-20-0986.csv,5.1698666666666684e-09,,92,,0,,50 ohms time 0.01
,SiC,1.0,Electron 191V,0.5,,0.0,40.0,/Users/rkfuentes/Documents/md_anderson_analysis/yepes_code/data/2025-11-20/scope-results-2025-11-20-0987.csv,5.4122666666666675e-09,,85,,0,,50 ohms time 0.01
,SiC,1.0,Electron 191V,0.5,,0.0,40.0,/Users/rkfuentes/Documents/md_anderson_analysis/yepes_code/data/2025-11-20/scope-results-2025-11-20-0988.csv,5.975733333333339e-09,,83,,0,,50 ohms time 0.01
,SiC,1.0,Electron 191V,0.5,,0.0,40.0,/Users/rkfuentes/Documents/md_anderson_analysis/yepes_code/data/2025-11-20/scope-results-2025-11-20-0989.csv,6.885866666666681e-09,,84,,0,,50 ohms time 0.01
,SiC,1.0,Electron 191V,0.5,,0.0,40.0,/Users/rkfuentes/Documents/md_anderson_analysis/yepes_code/data/2025-11-20/scope-results-2025-11-20-0990.csv,4.340266666666681e-09,,77,,0,,50 ohms time 0.01
,SiC,1.0,Electron 191V,0.5,,0.0,40.0,/Users/rkfuentes/Documents/md_anderson_analysis/yepes_code/data/2025-11-20/scope-results-2025-11-20-0991.csv,6.299200000000001e-09,,83,,0,,50 ohms time 0.01
,SiC,1.0,Electron 191V,0.5,,0.0,40.0,/Users/rkfuentes/Documents/md_anderson_analysis/yepes_code/data/2025-11-20/scope-results-2025-11-20-0992.csv,6.402133333333333e-09,,86,,0,,50 ohms time 0.01
,SiC,1.0,Electron 191V,0.5,,0.0,40.0,/Users/rkfuentes/Documents/md_anderson_analysis/yepes_code/data/2025-11-20/scope-results-2025-11-20-0993.csv,5.3074666666666726e-09,,76,,0,,50 ohms time 0.01
,SiC,1.0,Electron 191V,0.5,,0.0,40.0,/Users/rkfuentes/Documents/md_anderson_analysis/yepes_code/data/2025-11-20/scope-results-2025-11-20-0994.csv,7.070933333333341e-09,,89,,0,,50 ohms time 0.01
,SiC,1.0,Electron 85V,0.5,,0.0,40.0,/Users/rkfuentes/Documents/md_anderson_analysis/yepes_code/data/2025-11-20/scope-results-2025-11-20-1048.csv,7.093333333333277e-11,,47,,0,,50 ohms time 0.01
,SiC,1.0,Electron 85V,0.5,,0.0,40.0,/Users/rkfuentes/Documents/md_anderson_analysis/yepes_code/data/2025-11-20/scope-results-2025-11-20-1049.csv,1.1894066666666688e-08,,45,,0,,50 ohms time 0.01
,SiC,1.0,Electron 85V,0.5,,0.0,40.0,/Users/rkfuentes/Documents/md_anderson_analysis/yepes_code/data/2025-11-20/scope-results-2025-11-20-1050.csv,3.1312000000000013e-09,,35,,0,,50 ohms time 0.01
,SiC,1.0,Electron 85V,0.5,,0.0,40.0,/Users/rkfuentes/Documents/md_anderson_analysis/yepes_code/data/2025-11-20/scope-results-2025-11-20-1051.csv,3.3286666666671805e-10,,31,,0,,50 ohms time 0.01
,SiC,1.0,Electron 85V,0.5,,0.0,40.0,/Users/rkfuentes/Documents/md_anderson_analysis/yepes_code/data/2025-11-20/scope-results-2025-11-20-1052.csv,5.5533333333281175e-11,,32,,0,,50 ohms time 0.01
,SiC,1.0,Electron 85V,0.5,,0.0,40.0,/Users/rkfuentes/Documents/md_anderson_analysis/yepes_code/data/2025-11-20/scope-results-2025-11-20-1053.csv,4.019333333333141e-10,,29,,0,,50 ohms time 0.01
,SiC,1.0,Electron 85V,0.5,,0.0,40.0,/Users/rkfuentes/Documents/md_anderson_analysis/yepes_code/data/2025-11-20/scope-results-2025-11-20-1054.csv,1.4386666666665388e-10,,31,,0,,50 ohms time 0.01
,SiC,1.0,Electron 85V,0.5,,0.0,40.0,/Users/rkfuentes/Documents/md_anderson_analysis/yepes_code/data/2025-11-20/scope-results-2025-11-20-1055.csv,2.7679999999999454e-10,,32,,0,,50 ohms time 0.01
,SiC,1.0,Electron 85V,0.5,,0.0,40.0,/Users/rkfuentes/Documents/md_anderson_analysis/yepes_code/data/2025-11-20/scope-results-2025-11-20-1056.csv,3.038666666667023e-10,,30,,0,,50 ohms time 0.01
,SiC,1.0,Electron 85V,0.5,,0.0,40.0,/Users/rkfuentes/Documents/md_anderson_analysis/yepes_code/data/2025-11-20/scope-results-2025-11-20-1057.csv,8.779999999996378e-11,,32,,0,,50 ohms time 0.01
,SiC,1.0,Electron 85V,0.5,,0.0,40.0,/Users/rkfuentes/Documents/md_anderson_analysis/yepes_code/data/2025-11-20/scope-results-2025-11-20-1058.csv,8.453333333333115e-11,,52,,0,,50 ohms time 0.01
,SiC,1.0,Electron 85V,0.5,,0.0,40.0,/Users/rkfuentes/Documents/md_anderson_analysis/yepes_code/data/2025-11-20/scope-results-2025-11-20-1059.csv,3.4666666666665813e-12,,34,,0,,50 ohms time 0.01
,SiC,1.0,Electron 85V,0.5,,0.0,40.0,/Users/rkfuentes/Documents/md_anderson_analysis/yepes_code/data/2025-11-20/scope-results-2025-11-20-1060.csv,8.159999999998676e-11,,73,,0,,50 ohms time 0.01
,SiC,1.0,Electron 110V,0.5,,0.0,40.0,/Users/rkfuentes/Documents/md_anderson_analysis/yepes_code/data/2025-11-20/scope-results-2025-11-20-1105.csv,1.541997432528828e-11,,32,,0,,50 ohms time 0.01
,SiC,1.0,Electron 110V,0.5,,0.0,40.0,/Users/rkfuentes/Documents/md_anderson_analysis/yepes_code/data/2025-11-20/scope-results-2025-11-20-1106.csv,6.174720000000001e-08,,598,,0,,50 ohms time 0.01
,SiC,1.0,Electron 110V,0.5,,0.0,40.0,/Users/rkfuentes/Documents/md_anderson_analysis/yepes_code/data/2025-11-20/scope-results-2025-11-20-1107.csv,2.6530666666666607e-09,,40,,0,,50 ohms time 0.01
,SiC,1.0,Electron 110V,0.5,,0.0,40.0,/Users/rkfuentes/Documents/md_anderson_analysis/yepes_code/data/2025-11-20/scope-results-2025-11-20-1108.csv,2.533066666666652e-09,,57,,0,,50 ohms time 0.01
,SiC,1.0,Electron 110V,0.5,,0.0,40.0,/Users/rkfuentes/Documents/md_anderson_analysis/yepes_code/data/2025-11-20/scope-results-2025-11-20-1109.csv,6.022933333333358e-09,,40,,0,,50 ohms time 0.01
,SiC,1.0,Electron 110V,0.5,,0.0,40.0,/Users/rkfuentes/Documents/md_anderson_analysis/yepes_code/data/2025-11-20/scope-results-2025-11-20-1110.csv,1.3594666666666583e-09,,53,,0,,50 ohms time 0.01
,SiC,1.0,Electron 110V,0.5,,0.0,40.0,/Users/rkfuentes/Documents/md_anderson_analysis/yepes_code/data/2025-11-20/scope-results-2025-11-20-1111.csv,4.989066666666691e-09,,33,,0,,50 ohms time 0.01
,SiC,1.0,Electron 110V,0.5,,0.0,40.0,/Users/rkfuentes/Documents/md_anderson_analysis/yepes_code/data/2025-11-20/scope-results-2025-11-20-1112.csv,7.709333333333303e-10,,35,,0,,50 ohms time 0.01
,SiC,1.0,Electron 110V,0.5,,0.0,40.0,/Users/rkfuentes/Documents/md_anderson_analysis/yepes_code/data/2025-11-20/scope-results-2025-11-20-1113.csv,3.0488000000000075e-09,,37,,0,,50 ohms time 0.01
,SiC,1.0,Electron 110V,0.5,,0.0,40.0,/Users/rkfuentes/Documents/md_anderson_analysis/yepes_code/data/2025-11-20/scope-results-2025-11-20-1114.csv,1.6426666666666362e-10,,46,,0,,50 ohms time 0.01
,SiC,1.0,Electron 110V,0.5,,0.0,40.0,/Users/rkfuentes/Documents/md_anderson_analysis/yepes_code/data/2025-11-20/scope-results-2025-11-20-1115.csv,2.3626666666664686e-10,,75,,0,,50 ohms time 0.01
,SiC,1.0,Electron 110V,0.5,,0.0,40.0,/Users/rkfuentes/Documents/md_anderson_analysis/yepes_code/data/2025-11-20/scope-results-2025-11-20-1116.csv,7.396000000000013e-09,,43,,0,,50 ohms time 0.01
,SiC,1.0,Electron 191V,0.5,,0.0,40.0,/Users/rkfuentes/Documents/md_anderson_analysis/yepes_code/data/2025-11-20/scope-results-2025-11-20-1158.csv,4.4586666666667806e-10,,80,,0,,50 ohms time 0.01
,SiC,1.0,Electron 191V,0.5,,0.0,40.0,/Users/rkfuentes/Documents/md_anderson_analysis/yepes_code/data/2025-11-20/scope-results-2025-11-20-1159.csv,3.1258666666666726e-09,,88,,0,,50 ohms time 0.01
,SiC,1.0,Electron 191V,0.5,,0.0,40.0,/Users/rkfuentes/Documents/md_anderson_analysis/yepes_code/data/2025-11-20/scope-results-2025-11-20-1160.csv,3.437599999999999e-09,,84,,0,,50 ohms time 0.01
,SiC,1.0,Electron 191V,0.5,,0.0,0.4,/Users/rkfuentes/Documents/md_anderson_analysis/yepes_code/data/2025-11-20/scope-results-2025-11-20-1166.csv,3.299000000000003e-09,,86,,0,,50 ohms time 0.01
,SiC,1.0,Electron 191V,0.5,,0.0,0.4,/Users/rkfuentes/Documents/md_anderson_analysis/yepes_code/data/2025-11-20/scope-results-2025-11-20-1167.csv,3.4096000000000024e-09,,93,,0,,50 ohms time 0.01
,SiC,1.0,Electron 191V,0.5,,0.0,0.4,/Users/rkfuentes/Documents/md_anderson_analysis/yepes_code/data/2025-11-20/scope-results-2025-11-20-1168.csv,3.4922666666666543e-09,,83,,0,,50 ohms time 0.01
,SiC,1.0,Electron 191V,0.5,,0.0,0.4,/Users/rkfuentes/Documents/md_anderson_analysis/yepes_code/data/2025-11-20/scope-results-2025-11-20-1169.csv,1.9841333333333307e-09,,89,,0,,50 ohms time 0.01
,SiC,1.0,Electron 191V,0.5,,0.0,0.4,/Users/rkfuentes/Documents/md_anderson_analysis/yepes_code/data/2025-11-20/scope-results-2025-11-20-1170.csv,3.2729999999999998e-09,,79,,0,,50 ohms time 0.01
,SiC,1.0,Electron 191V,0.5,,0.0,0.4,/Users/rkfuentes/Documents/md_anderson_analysis/yepes_code/data/2025-11-20/scope-results-2025-11-20-1171.csv,2.201866666666661e-09,,88,,0,,50 ohms time 0.01
,SiC,1.0,Electron 191V,0.5,,0.0,0.4,/Users/rkfuentes/Documents/md_anderson_analysis/yepes_code/data/2025-11-20/scope-results-2025-11-20-1172.csv,3.258666666666663e-09,,78,,0,,50 ohms time 0.01
,SiC,1.0,Electron 191V,0.5,,0.0,0.4,/Users/rkfuentes/Documents/md_anderson_analysis/yepes_code/data/2025-11-20/scope-results-2025-11-20-1173.csv,2.779733333333327e-09,,74,,0,,50 ohms time 0.01
,SiC,1.0,Electron 191V,0.5,,0.0,0.4,/Users/rkfuentes/Documents/md_anderson_analysis/yepes_code/data/2025-11-20/scope-results-2025-11-20-1174.csv,3.881333333333338e-09,,80,,0,,50 ohms time 0.01
,SiC,1.0,Electron 191V,0.5,,0.0,0.4,/Users/rkfuentes/Documents/md_anderson_analysis/yepes_code/data/2025-11-20/scope-results-2025-11-20-1175.csv,3.593066666666667e-09,,86,,0,,50 ohms time 0.01
,SiC,1.0,Electron 191V,0.5,,0.0,0.4,/Users/rkfuentes/Documents/md_anderson_analysis/yepes_code/data/2025-11-20/scope-results-2025-11-20-1176.csv,3.3759333333333452e-09,,82,,0,,50 ohms time 0.01
,SiC,1.0,Electron 191V,0.5,,0.0,0.4,/Users/rkfuentes/Documents/md_anderson_analysis/yepes_code/data/2025-11-20/scope-results-2025-11-20-1177.csv,4.8968e-09,,76,,0,,50 ohms time 0.01
,SiC,1.0,Electron 191V,0.5,,0.0,0.4,/Users/rkfuentes/Documents/md_anderson_analysis/yepes_code/data/2025-11-20/scope-results-2025-11-20-1178.csv,3.6375999999999958e-09,,82,,0,,50 ohms time 0.01
,SiC,1.0,Electron 85V,0.5,,0.0,40.0,/Users/rkfuentes/Documents/md_anderson_analysis/yepes_code/data/2025-11-20/scope-results-2025-11-20-1227.csv,1.0079999999999943e-10,,35,,0,,50 ohms time 0.01
,SiC,1.0,Electron 85V,0.5,,0.0,40.0,/Users/rkfuentes/Documents/md_anderson_analysis/yepes_code/data/2025-11-20/scope-results-2025-11-20-1228.csv,1.4800000000000019e-10,,34,,0,,50 ohms time 0.01
,SiC,1.0,Electron 85V,0.5,,0.0,40.0,/Users/rkfuentes/Documents/md_anderson_analysis/yepes_code/data/2025-11-20/scope-results-2025-11-20-1229.csv,1.3733333333338043e-11,,32,,0,,50 ohms time 0.01
,SiC,1.0,Electron 85V,0.5,,0.0,40.0,/Users/rkfuentes/Documents/md_anderson_analysis/yepes_code/data/2025-11-20/scope-results-2025-11-20-1230.csv,3.849338468275498e-11,,25,,0,,50 ohms time 0.01
,SiC,1.0,Electron 85V,0.5,,0.0,40.0,/Users/rkfuentes/Documents/md_anderson_analysis/yepes_code/data/2025-11-20/scope-results-2025-11-20-1231.csv,7.599999999997168e-12,,80,,0,,50 ohms time 0.01
,SiC,1.0,Electron 85V,0.5,,0.0,40.0,/Users/rkfuentes/Documents/md_anderson_analysis/yepes_code/data/2025-11-20/scope-results-2025-11-20-1232.csv,2.2573333333334157e-10,,36,,0,,50 ohms time 0.01
,SiC,1.0,Electron 85V,0.5,,0.0,40.0,/Users/rkfuentes/Documents/md_anderson_analysis/yepes_code/data/2025-11-20/scope-results-2025-11-20-1233.csv,1.0512273333333333e-07,,652,,0,,50 ohms time 0.01
,SiC,1.0,Electron 85V,0.5,,0.0,40.0,/Users/rkfuentes/Documents/md_anderson_analysis/yepes_code/data/2025-11-20/scope-results-2025-11-20-1234.csv,1.2747533333333337e-08,,114,,0,,50 ohms time 0.01
,SiC,1.0,Electron 85V,0.5,,0.0,40.0,/Users/rkfuentes/Documents/md_anderson_analysis/yepes_code/data/2025-11-20/scope-results-2025-11-20-1235.csv,4.9066666666674906e-11,,43,,0,,50 ohms time 0.01
,SiC,1.0,Electron 85V,0.5,,0.0,40.0,/Users/rkfuentes/Documents/md_anderson_analysis/yepes_code/data/2025-11-20/scope-results-2025-11-20-1236.csv,2.2639999999999764e-10,,52,,0,,50 ohms time 0.01
,SiC,1.0,Electron 85V,0.5,,0.0,40.0,/Users/rkfuentes/Documents/md_anderson_analysis/yepes_code/data/2025-11-20/scope-results-2025-11-20-1237.csv,4.150000000000173e-10,,34,,0,,50 ohms time 0.01
,SiC,1.0,Electron 110V,0.5,,0.0,40.0,/Users/rkfuentes/Documents/md_anderson_analysis/yepes_code/data/2025-11-20/scope-results-2025-11-20-1275.csv,2.5773333333333563e-09,,39,,0,,50 ohms time 0.01
,SiC,1.0,Electron 110V,0.5,,0.0,40.0,/Users/rkfuentes/Documents/md_anderson_analysis/yepes_code/data/2025-11-20/scope-results-2025-11-20-1276.csv,8.84466666666656e-10,,62,,0,,50 ohms time 0.01
,SiC,1.0,Electron 110V,0.5,,0.0,40.0,/Users/rkfuentes/Documents/md_anderson_analysis/yepes_code/data/2025-11-20/scope-results-2025-11-20-1277.csv,1.051733333333329e-09,,51,,0,,50 ohms time 0.01
,SiC,1.0,Electron 110V,0.5,,0.0,40.0,/Users/rkfuentes/Documents/md_anderson_analysis/yepes_code/data/2025-11-20/scope-results-2025-11-20-1278.csv,1.1744533333333326e-08,,90,,0,,50 ohms time 0.01
,SiC,1.0,Electron 110V,0.5,,0.0,40.0,/Users/rkfuentes/Documents/md_anderson_analysis/yepes_code/data/2025-11-20/scope-results-2025-11-20-1279.csv,4.885600000000015e-09,,40,,0,,50 ohms time 0.01
,SiC,1.0,Electron 110V,0.5,,0.0,40.0,/Users/rkfuentes/Documents/md_anderson_analysis/yepes_code/data/2025-11-20/scope-results-2025-11-20-1280.csv,4.435200000000019e-09,,49,,0,,50 ohms time 0.01
,SiC,1.0,Electron 110V,0.5,,0.0,40.0,/Users/rkfuentes/Documents/md_anderson_analysis/yepes_code/data/2025-11-20/scope-results-2025-11-20-1281.csv,4.187199999999989e-09,,45,,0,,50 ohms time 0.01
,SiC,1.0,Electron 110V,0.5,,0.0,40.0,/Users/rkfuentes/Documents/md_anderson_analysis/yepes_code/data/2025-11-20/scope-results-2025-11-20-1282.csv,3.1429333333333346e-08,,323,,0,,50 ohms time 0.01
,SiC,1.0,Electron 110V,0.5,,0.0,40.0,/Users/rkfuentes/Documents/md_anderson_analysis/yepes_code/data/2025-11-20/scope-results-2025-11-20-1283.csv,3.777333333333322e-09,,56,,0,,50 ohms time 0.01
,SiC,1.0,Electron 110V,0.5,,0.0,40.0,/Users/rkfuentes/Documents/md_anderson_analysis/yepes_code/data/2025-11-20/scope-results-2025-11-20-1284.csv,2.1808000000000022e-09,,38,,0,,50 ohms time 0.01
,SiC,1.0,Electron 110V,0.5,,0.0,40.0,/Users/rkfuentes/Documents/md_anderson_analysis/yepes_code/data/2025-11-20/scope-results-2025-11-20-1285.csv,3.1440000000000633e-10,,32,,0,,50 ohms time 0.01
,SiC,1.0,Electron 110V,0.5,,0.0,40.0,/Users/rkfuentes/Documents/md_anderson_analysis/yepes_code/data/2025-11-20/scope-results-2025-11-20-1286.csv,2.708133333333333e-09,,36,,0,,50 ohms time 0.01
,SiC,1.0,Electron 191V,0.5,,0.0,40.0,/Users/rkfuentes/Documents/md_anderson_analysis/yepes_code/data/2025-11-20/scope-results-2025-11-20-1330.csv,2.3920000000004246e-10,,139,,0,,50 ohms time 0.01
,SiC,1.0,Electron 191V,0.5,,0.0,40.0,/Users/rkfuentes/Documents/md_anderson_analysis/yepes_code/data/2025-11-20/scope-results-2025-11-20-1331.csv,1.3771333333333335e-09,,80,,0,,50 ohms time 0.01
,SiC,1.0,Electron 191V,0.5,,0.0,40.0,/Users/rkfuentes/Documents/md_anderson_analysis/yepes_code/data/2025-11-20/scope-results-2025-11-20-1332.csv,6.638666666666611e-10,,79,,0,,50 ohms time 0.01
,SiC,1.0,Electron 191V,0.5,,0.0,40.0,/Users/rkfuentes/Documents/md_anderson_analysis/yepes_code/data/2025-11-20/scope-results-2025-11-20-1333.csv,1.563933333333333e-09,,67,,0,,50 ohms time 0.01
,SiC,1.0,Electron 191V,0.5,,0.0,40.0,/Users/rkfuentes/Documents/md_anderson_analysis/yepes_code/data/2025-11-20/scope-results-2025-11-20-1334.csv,1.2539999999999848e-10,,15,,0,,50 ohms time 0.01
,SiC,1.0,Electron 191V,0.5,,0.0,40.0,/Users/rkfuentes/Documents/md_anderson_analysis/yepes_code/data/2025-11-20/scope-results-2025-11-20-1335.csv,4.0940000000000584e-10,,70,,0,,50 ohms time 0.01
,SiC,1.0,Electron 191V,0.5,,0.0,40.0,/Users/rkfuentes/Documents/md_anderson_analysis/yepes_code/data/2025-11-20/scope-results-2025-11-20-1336.csv,1.930866666666669e-09,,79,,0,,50 ohms time 0.01
,SiC,1.0,Electron 191V,0.5,,0.0,40.0,/Users/rkfuentes/Documents/md_anderson_analysis/yepes_code/data/2025-11-20/scope-results-2025-11-20-1337.csv,9.783999999999982e-10,,67,,0,,50 ohms time 0.01
,SiC,1.0,Electron 191V,0.5,,0.0,40.0,/Users/rkfuentes/Documents/md_anderson_analysis/yepes_code/data/2025-11-20/scope-results-2025-11-20-1338.csv,2.053600000000001e-09,,77,,0,,50 ohms time 0.01
,SiC,1.0,Electron 191V,0.5,,0.0,40.0,/Users/rkfuentes/Documents/md_anderson_analysis/yepes_code/data/2025-11-20/scope-results-2025-11-20-1339.csv,3.76666666666668e-10,,17,,0,,50 ohms time 0.01
,SiC,1.0,Electron 191V,0.5,,0.0,40.0,/Users/rkfuentes/Documents/md_anderson_analysis/yepes_code/data/2025-11-20/scope-results-2025-11-20-1340.csv,1.2264000000000031e-09,,79,,0,,50 ohms time 0.01
,SiC,1.0,Electron 191V,0.5,,0.0,40.0,/Users/rkfuentes/Documents/md_anderson_analysis/yepes_code/data/2025-11-20/scope-results-2025-11-20-1341.csv,1.3176666666666775e-09,,84,,0,,50 ohms time 0.01
,SiC,1.0,Electron 191V,0.5,,0.0,40.0,/Users/rkfuentes/Documents/md_anderson_analysis/yepes_code/data/2025-11-20/scope-results-2025-11-20-1342.csv,1.6167333333333387e-09,,78,,0,,50 ohms time 0.01
,SiC,1.0,Electron 191V,0.5,,0.0,40.0,/Users/rkfuentes/Documents/md_anderson_analysis/yepes_code/data/2025-11-20/scope-results-2025-11-20-1343.csv,1.6489333333333364e-09,,80,,0,,50 ohms time 0.01
,SiC,1.0,Electron 85V,0.5,,0.0,40.0,/Users/rkfuentes/Documents/md_anderson_analysis/yepes_code/data/2025-11-20/scope-results-2025-11-20-1392.csv,8.864000000000145e-10,,58,,0,,50 ohms time 0.01
,SiC,1.0,Electron 85V,0.5,,0.0,40.0,/Users/rkfuentes/Documents/md_anderson_analysis/yepes_code/data/2025-11-20/scope-results-2025-11-20-1393.csv,1.6666666666651862e-11,,29,,0,,50 ohms time 0.01
,SiC,1.0,Electron 85V,0.5,,0.0,40.0,/Users/rkfuentes/Documents/md_anderson_analysis/yepes_code/data/2025-11-20/scope-results-2025-11-20-1394.csv,9.613333333337024e-11,,30,,0,,50 ohms time 0.01
,SiC,1.0,Electron 85V,0.5,,0.0,40.0,/Users/rkfuentes/Documents/md_anderson_analysis/yepes_code/data/2025-11-20/scope-results-2025-11-20-1395.csv,3.233333333333465e-10,,32,,0,,50 ohms time 0.01
,SiC,1.0,Electron 85V,0.5,,0.0,40.0,/Users/rkfuentes/Documents/md_anderson_analysis/yepes_code/data/2025-11-20/scope-results-2025-11-20-1396.csv,4.12000000000261e-11,,29,,0,,50 ohms time 0.01
,SiC,1.0,Electron 85V,0.5,,0.0,40.0,/Users/rkfuentes/Documents/md_anderson_analysis/yepes_code/data/2025-11-20/scope-results-2025-11-20-1397.csv,2.0479999999998512e-10,,74,,0,,50 ohms time 0.01
,SiC,1.0,Electron 85V,0.5,,0.0,40.0,/Users/rkfuentes/Documents/md_anderson_analysis/yepes_code/data/2025-11-20/scope-results-2025-11-20-1398.csv,8.919999999998492e-11,,31,,0,,50 ohms time 0.01
,SiC,1.0,Electron 85V,0.5,,0.0,40.0,/Users/rkfuentes/Documents/md_anderson_analysis/yepes_code/data/2025-11-20/scope-results-2025-11-20-1399.csv,1.2100000000001274e-10,,31,,0,,50 ohms time 0.01
,SiC,1.0,Electron 85V,0.5,,0.0,40.0,/Users/rkfuentes/Documents/md_anderson_analysis/yepes_code/data/2025-11-20/scope-results-2025-11-20-1400.csv,6.500000000002733e-11,,31,,0,,50 ohms time 0.01
,SiC,1.0,Electron 85V,0.5,,0.0,40.0,/Users/rkfuentes/Documents/md_anderson_analysis/yepes_code/data/2025-11-20/scope-results-2025-11-20-1401.csv,2.1986666666669438e-10,,32,,0,,50 ohms time 0.01
,SiC,1.0,Electron 85V,0.5,,0.0,40.0,/Users/rkfuentes/Documents/md_anderson_analysis/yepes_code/data/2025-11-20/scope-results-2025-11-20-1402.csv,3.018000000000326e-10,,28,,0,,50 ohms time 0.01
,SiC,1.0,Electron 110V,0.5,,0.0,40.0,/Users/rkfuentes/Documents/md_anderson_analysis/yepes_code/data/2025-11-20/scope-results-2025-11-20-1441.csv,5.25474e-08,,295,,0,,50 ohms time 0.01
,SiC,1.0,Electron 110V,0.5,,0.0,40.0,/Users/rkfuentes/Documents/md_anderson_analysis/yepes_code/data/2025-11-20/scope-results-2025-11-20-1442.csv,2.187199999999986e-09,,61,,0,,50 ohms time 0.01
,SiC,1.0,Electron 110V,0.5,,0.0,40.0,/Users/rkfuentes/Documents/md_anderson_analysis/yepes_code/data/2025-11-20/scope-results-2025-11-20-1443.csv,3.385400000000004e-09,,42,,0,,50 ohms time 0.01
,SiC,1.0,Electron 110V,0.5,,0.0,40.0,/Users/rkfuentes/Documents/md_anderson_analysis/yepes_code/data/2025-11-20/scope-results-2025-11-20-1444.csv,1.698733333333333e-08,,90,,0,,50 ohms time 0.01
,SiC,1.0,Electron 110V,0.5,,0.0,40.0,/Users/rkfuentes/Documents/md_anderson_analysis/yepes_code/data/2025-11-20/scope-results-2025-11-20-1445.csv,8.276533333333366e-09,,32,,0,,50 ohms time 0.01
,SiC,1.0,Electron 110V,0.5,,0.0,40.0,/Users/rkfuentes/Documents/md_anderson_analysis/yepes_code/data/2025-11-20/scope-results-2025-11-20-1446.csv,5.7794666666666925e-09,,41,,0,,50 ohms time 0.01
,SiC,1.0,Electron 110V,0.5,,0.0,40.0,/Users/rkfuentes/Documents/md_anderson_analysis/yepes_code/data/2025-11-20/scope-results-2025-11-20-1447.csv,7.357333333333312e-10,,334,,0,,50 ohms time 0.01
,SiC,1.0,Electron 110V,0.5,,0.0,40.0,/Users/rkfuentes/Documents/md_anderson_analysis/yepes_code/data/2025-11-20/scope-results-2025-11-20-1448.csv,5.585866666666668e-09,,46,,0,,50 ohms time 0.01
,SiC,1.0,Electron 110V,0.5,,0.0,40.0,/Users/rkfuentes/Documents/md_anderson_analysis/yepes_code/data/2025-11-20/scope-results-2025-11-20-1449.csv,1.7067066666666682e-08,,615,,0,,50 ohms time 0.01
,SiC,1.0,Electron 110V,0.5,,0.0,40.0,/Users/rkfuentes/Documents/md_anderson_analysis/yepes_code/data/2025-11-20/scope-results-2025-11-20-1450.csv,9.08426666666667e-09,,36,,0,,50 ohms time 0.01
,SiC,1.0,Electron 110V,0.5,,0.0,40.0,/Users/rkfuentes/Documents/md_anderson_analysis/yepes_code/data/2025-11-20/scope-results-2025-11-20-1451.csv,1.5402399999999993e-08,,89,,0,,50 ohms time 0.01
,SiC,1.0,Electron 110V,0.5,,0.0,40.0,/Users/rkfuentes/Documents/md_anderson_analysis/yepes_code/data/2025-11-20/scope-results-2025-11-20-1452.csv,2.436266666666666e-09,,52,,0,,50 ohms time 0.01
,SiC,1.0,Electron 191V,0.5,,0.0,40.0,/Users/rkfuentes/Documents/md_anderson_analysis/yepes_code/data/2025-11-20/scope-results-2025-11-20-1482.csv,8.029333333333353e-10,,73,,0,,50 ohms time 0.01
,SiC,1.0,Electron 191V,0.5,,0.0,40.0,/Users/rkfuentes/Documents/md_anderson_analysis/yepes_code/data/2025-11-20/scope-results-2025-11-20-1483.csv,1.0139200000000036e-08,,49,,0,,50 ohms time 0.01
,SiC,1.0,Electron 191V,0.5,,0.0,40.0,/Users/rkfuentes/Documents/md_anderson_analysis/yepes_code/data/2025-11-20/scope-results-2025-11-20-1484.csv,1.2378000000000126e-09,,54,,0,,50 ohms time 0.01
,SiC,1.0,Electron 191V,0.5,,0.0,40.0,/Users/rkfuentes/Documents/md_anderson_analysis/yepes_code/data/2025-11-20/scope-results-2025-11-20-1485.csv,2.011666666666666e-08,,136,,0,,50 ohms time 0.01
,SiC,1.0,Electron 191V,0.5,,0.0,40.0,/Users/rkfuentes/Documents/md_anderson_analysis/yepes_code/data/2025-11-20/scope-results-2025-11-20-1486.csv,1.4861999999999912e-09,,60,,0,,50 ohms time 0.01
,SiC,1.0,Electron 191V,0.5,,0.0,40.0,/Users/rkfuentes/Documents/md_anderson_analysis/yepes_code/data/2025-11-20/scope-results-2025-11-20-1487.csv,5.452599999999961e-09,,45,,0,,50 ohms time 0.01
,SiC,1.0,Electron 191V,0.5,,0.0,40.0,/Users/rkfuentes/Documents/md_anderson_analysis/yepes_code/data/2025-11-20/scope-results-2025-11-20-1488.csv,1.41476666666667e-08,,60,,0,,50 ohms time 0.01
,SiC,1.0,Electron 191V,0.5,,0.0,40.0,/Users/rkfuentes/Documents/md_anderson_analysis/yepes_code/data/2025-11-20/scope-results-2025-11-20-1489.csv,5.023333333333176e-10,,67,,0,,50 ohms time 0.01
,SiC,1.0,Electron 191V,0.5,,0.0,40.0,/Users/rkfuentes/Documents/md_anderson_analysis/yepes_code/data/2025-11-20/scope-results-2025-11-20-1490.csv,9.277333333333295e-10,,49,,0,,50 ohms time 0.01
,SiC,1.0,Electron 191V,0.5,,0.0,40.0,/Users/rkfuentes/Documents/md_anderson_analysis/yepes_code/data/2025-11-20/scope-results-2025-11-20-1491.csv,1.4293333333333502e-10,,46,,0,,50 ohms time 0.01
,SiC,1.0,Electron 191V,0.5,,0.0,40.0,/Users/rkfuentes/Documents/md_anderson_analysis/yepes_code/data/2025-11-20/scope-results-2025-11-20-1492.csv,1.3014400000000017e-08,,44,,0,,50 ohms time 0.01
,SiC,1.0,Electron 85V,0.5,,0.0,200.0,/Users/rkfuentes/Documents/md_anderson_analysis/yepes_code/data/2025-11-20/scope-results-2025-11-20-1591.csv,2.384000000000012e-09,,68,,0,,50 ohms time 0.01 no collimator
,SiC,1.0,Electron 85V,0.5,,0.0,200.0,/Users/rkfuentes/Documents/md_anderson_analysis/yepes_code/data/2025-11-20/scope-results-2025-11-20-1592.csv,6.906666666666774e-10,,62,,0,,50 ohms time 0.01 no collimator
,SiC,1.0,Electron 85V,0.5,,0.0,200.0,/Users/rkfuentes/Documents/md_anderson_analysis/yepes_code/data/2025-11-20/scope-results-2025-11-20-1593.csv,3.1999999999997595e-11,,20,,0,,50 ohms time 0.01 no collimator
,SiC,1.0,Electron 85V,0.5,,0.0,200.0,/Users/rkfuentes/Documents/md_anderson_analysis/yepes_code/data/2025-11-20/scope-results-2025-11-20-1594.csv,3.320000000000043e-10,,18,,0,,50 ohms time 0.01 no collimator
,SiC,1.0,Electron 85V,0.5,,0.0,200.0,/Users/rkfuentes/Documents/md_anderson_analysis/yepes_code/data/2025-11-20/scope-results-2025-11-20-1595.csv,1.0533333333333164e-10,,21,,0,,50 ohms time 0.01 no collimator
,SiC,1.0,Electron 85V,0.5,,0.0,200.0,/Users/rkfuentes/Documents/md_anderson_analysis/yepes_code/data/2025-11-20/scope-results-2025-11-20-1596.csv,6.033333333333222e-11,,18,,0,,50 ohms time 0.01 no collimator
,SiC,1.0,Electron 85V,0.5,,0.0,200.0,/Users/rkfuentes/Documents/md_anderson_analysis/yepes_code/data/2025-11-20/scope-results-2025-11-20-1597.csv,5.3666666666666746e-11,,30,,0,,50 ohms time 0.01 no collimator
,SiC,1.0,Electron 85V,0.5,,0.0,200.0,/Users/rkfuentes/Documents/md_anderson_analysis/yepes_code/data/2025-11-20/scope-results-2025-11-20-1598.csv,1.5999999999997815e-11,,26,,0,,50 ohms time 0.01 no collimator
,SiC,1.0,Electron 85V,0.5,,0.0,200.0,/Users/rkfuentes/Documents/md_anderson_analysis/yepes_code/data/2025-11-20/scope-results-2025-11-20-1599.csv,4.4933333333333235e-10,,27,,0,,50 ohms time 0.01 no collimator
,SiC,1.0,Electron 85V,0.5,,0.0,200.0,/Users/rkfuentes/Documents/md_anderson_analysis/yepes_code/data/2025-11-20/scope-results-2025-11-20-1600.csv,1.1333333333333902e-11,,22,,0,,50 ohms time 0.01 no collimator
,SiC,1.0,Electron 85V,0.5,,0.0,200.0,/Users/rkfuentes/Documents/md_anderson_analysis/yepes_code/data/2025-11-20/scope-results-2025-11-20-1601.csv,7.50000000000042e-11,,19,,0,,50 ohms time 0.01 no collimator
,SiC,1.0,Electron 85V,0.5,,0.0,200.0,/Users/rkfuentes/Documents/md_anderson_analysis/yepes_code/data/2025-11-20/scope-results-2025-11-20-1602.csv,5.366666666666448e-11,,17,,0,,50 ohms time 0.01 no collimator
,SiC,1.0,Electron 85V,0.5,,0.0,200.0,/Users/rkfuentes/Documents/md_anderson_analysis/yepes_code/data/2025-11-20/scope-results-2025-11-20-1603.csv,4.599999999999992e-10,,19,,0,,50 ohms time 0.01 no collimator
,SiC,1.0,Electron 85V,0.5,,0.0,200.0,/Users/rkfuentes/Documents/md_anderson_analysis/yepes_code/data/2025-11-20/scope-results-2025-11-20-1604.csv,4.353333333333422e-10,,28,,0,,50 ohms time 0.01 no collimator
,SiC,1.0,Electron 85V,0.5,,0.0,200.0,/Users/rkfuentes/Documents/md_anderson_analysis/yepes_code/data/2025-11-20/scope-results-2025-11-20-1605.csv,3.833333333332265e-11,,15,,0,,50 ohms time 0.01 no collimator
,SiC,1.0,Electron 85V,0.5,,0.0,200.0,/Users/rkfuentes/Documents/md_anderson_analysis/yepes_code/data/2025-11-20/scope-results-2025-11-20-1606.csv,3.1333333333333427e-10,,21,,0,,50 ohms time 0.01 no collimator
,SiC,1.0,Electron 110V,0.5,,0.0,200.0,/Users/rkfuentes/Documents/md_anderson_analysis/yepes_code/data/2025-11-20/scope-results-2025-11-20-1643.csv,1.010399999999999e-08,,59,,0,,50 ohms time 0.01 no collimator
,SiC,1.0,Electron 110V,0.5,,0.0,200.0,/Users/rkfuentes/Documents/md_anderson_analysis/yepes_code/data/2025-11-20/scope-results-2025-11-20-1644.csv,6.680000000000033e-10,,28,,0,,50 ohms time 0.01 no collimator
,SiC,1.0,Electron 110V,0.5,,0.0,200.0,/Users/rkfuentes/Documents/md_anderson_analysis/yepes_code/data/2025-11-20/scope-results-2025-11-20-1645.csv,2.96000000000003e-10,,30,,0,,50 ohms time 0.01 no collimator
,SiC,1.0,Electron 110V,0.5,,0.0,200.0,/Users/rkfuentes/Documents/md_anderson_analysis/yepes_code/data/2025-11-20/scope-results-2025-11-20-1646.csv,2.2533333333332904e-10,,26,,0,,50 ohms time 0.01 no collimator
,SiC,1.0,Electron 110V,0.5,,0.0,200.0,/Users/rkfuentes/Documents/md_anderson_analysis/yepes_code/data/2025-11-20/scope-results-2025-11-20-1647.csv,2.5466666666666966e-10,,24,,0,,50 ohms time 0.01 no collimator
,SiC,1.0,Electron 110V,0.5,,0.0,200.0,/Users/rkfuentes/Documents/md_anderson_analysis/yepes_code/data/2025-11-20/scope-results-2025-11-20-1648.csv,8.493333333333264e-10,,74,,0,,50 ohms time 0.01 no collimator
,SiC,1.0,Electron 110V,0.5,,0.0,200.0,/Users/rkfuentes/Documents/md_anderson_analysis/yepes_code/data/2025-11-20/scope-results-2025-11-20-1649.csv,1.7866666666666794e-10,,23,,0,,50 ohms time 0.01 no collimator
,SiC,1.0,Electron 110V,0.5,,0.0,200.0,/Users/rkfuentes/Documents/md_anderson_analysis/yepes_code/data/2025-11-20/scope-results-2025-11-20-1650.csv,1.1056333333333352e-08,,61,,0,,50 ohms time 0.01 no collimator
,SiC,1.0,Electron 110V,0.5,,0.0,200.0,/Users/rkfuentes/Documents/md_anderson_analysis/yepes_code/data/2025-11-20/scope-results-2025-11-20-1651.csv,1.0450666666666664e-08,,65,,0,,50 ohms time 0.01 no collimator
,SiC,1.0,Electron 110V,0.5,,0.0,200.0,/Users/rkfuentes/Documents/md_anderson_analysis/yepes_code/data/2025-11-20/scope-results-2025-11-20-1652.csv,1.0467999999999997e-08,,64,,0,,50 ohms time 0.01 no collimator
,SiC,1.0,Electron 110V,0.5,,0.0,200.0,/Users/rkfuentes/Documents/md_anderson_analysis/yepes_code/data/2025-11-20/scope-results-2025-11-20-1653.csv,2.5033333333333304e-10,,21,,0,,50 ohms time 0.01 no collimator
,SiC,1.0,Electron 110V,0.5,,0.0,200.0,/Users/rkfuentes/Documents/md_anderson_analysis/yepes_code/data/2025-11-20/scope-results-2025-11-20-1654.csv,1.2473000000000004e-08,,68,,0,,50 ohms time 0.01 no collimator
,SiC,1.0,Electron 85V,0.5,,0.0,100.0,/Users/rkfuentes/Documents/md_anderson_analysis/yepes_code/data/2025-11-20/scope-results-2025-11-20-1786.csv,9.653333333333269e-11,,23,,0,,50 ohms time 0.01 no collimator
,SiC,1.0,Electron 85V,0.5,,0.0,100.0,/Users/rkfuentes/Documents/md_anderson_analysis/yepes_code/data/2025-11-20/scope-results-2025-11-20-1787.csv,1.7560000000000015e-10,,27,,0,,50 ohms time 0.01 no collimator
,SiC,1.0,Electron 85V,0.5,,0.0,100.0,/Users/rkfuentes/Documents/md_anderson_analysis/yepes_code/data/2025-11-20/scope-results-2025-11-20-1788.csv,1.82666666666651e-11,,30,,0,,50 ohms time 0.01 no collimator
,SiC,1.0,Electron 85V,0.5,,0.0,100.0,/Users/rkfuentes/Documents/md_anderson_analysis/yepes_code/data/2025-11-20/scope-results-2025-11-20-1789.csv,7.466666666664514e-12,,28,,0,,50 ohms time 0.01 no collimator
,SiC,1.0,Electron 85V,0.5,,0.0,100.0,/Users/rkfuentes/Documents/md_anderson_analysis/yepes_code/data/2025-11-20/scope-results-2025-11-20-1790.csv,5.480000000000254e-11,,28,,0,,50 ohms time 0.01 no collimator
,SiC,1.0,Electron 85V,0.5,,0.0,100.0,/Users/rkfuentes/Documents/md_anderson_analysis/yepes_code/data/2025-11-20/scope-results-2025-11-20-1791.csv,2.1403500298201328e-24,,23,,0,,50 ohms time 0.01 no collimator
,SiC,1.0,Electron 85V,0.5,,0.0,100.0,/Users/rkfuentes/Documents/md_anderson_analysis/yepes_code/data/2025-11-20/scope-results-2025-11-20-1792.csv,1.0173333333333444e-10,,28,,0,,50 ohms time 0.01 no collimator
,SiC,1.0,Electron 85V,0.5,,0.0,100.0,/Users/rkfuentes/Documents/md_anderson_analysis/yepes_code/data/2025-11-20/scope-results-2025-11-20-1793.csv,1.3386666666666823e-10,,22,,0,,50 ohms time 0.01 no collimator
,SiC,1.0,Electron 85V,0.5,,0.0,100.0,/Users/rkfuentes/Documents/md_anderson_analysis/yepes_code/data/2025-11-20/scope-results-2025-11-20-1794.csv,1.3479999999999963e-10,,24,,0,,50 ohms time 0.01 no collimator
,SiC,1.0,Electron 85V,0.5,,0.0,100.0,/Users/rkfuentes/Documents/md_anderson_analysis/yepes_code/data/2025-11-20/scope-results-2025-11-20-1795.csv,1.3066666666666903e-10,,22,,0,,50 ohms time 0.01 no collimator
,SiC,1.0,Electron 85V,0.5,,0.0,100.0,/Users/rkfuentes/Documents/md_anderson_analysis/yepes_code/data/2025-11-20/scope-results-2025-11-20-1796.csv,1.5759999999999618e-10,,26,,0,,50 ohms time 0.01 no collimator
,SiC,1.0,Electron 85V,0.5,,0.0,100.0,/Users/rkfuentes/Documents/md_anderson_analysis/yepes_code/data/2025-11-20/scope-results-2025-11-20-1797.csv,1.2439999999999703e-10,,21,,0,,50 ohms time 0.01 no collimator
,SiC,1.0,Electron 110V,0.5,,0.0,100.0,/Users/rkfuentes/Documents/md_anderson_analysis/yepes_code/data/2025-11-20/scope-results-2025-11-20-1850.csv,9.70133333333334e-09,,80,,0,,50 ohms time 0.01
,SiC,1.0,Electron 110V,0.5,,0.0,100.0,/Users/rkfuentes/Documents/md_anderson_analysis/yepes_code/data/2025-11-20/scope-results-2025-11-20-1851.csv,9.32373333333334e-09,,85,,0,,50 ohms time 0.01
,SiC,1.0,Electron 110V,0.5,,0.0,100.0,/Users/rkfuentes/Documents/md_anderson_analysis/yepes_code/data/2025-11-20/scope-results-2025-11-20-1852.csv,8.8212e-09,,85,,0,,50 ohms time 0.01
,SiC,1.0,Electron 110V,0.5,,0.0,100.0,/Users/rkfuentes/Documents/md_anderson_analysis/yepes_code/data/2025-11-20/scope-results-2025-11-20-1853.csv,9.251858538535828e-27,,0,,0,,50 ohms time 0.01
,SiC,1.0,Electron 110V,0.5,,0.0,100.0,/Users/rkfuentes/Documents/md_anderson_analysis/yepes_code/data/2025-11-20/scope-results-2025-11-20-1854.csv,9.251858538535828e-27,,0,,0,,50 ohms time 0.01
,SiC,1.0,Electron 110V,0.5,,0.0,100.0,/Users/rkfuentes/Documents/md_anderson_analysis/yepes_code/data/2025-11-20/scope-results-2025-11-20-1855.csv,9.251858538535828e-27,,0,,0,,50 ohms time 0.01
,SiC,1.0,Electron 110V,0.5,,0.0,100.0,/Users/rkfuentes/Documents/md_anderson_analysis/yepes_code/data/2025-11-20/scope-results-2025-11-20-1856.csv,9.251858538535828e-27,,0,,0,,50 ohms time 0.01
,SiC,1.0,Electron 110V,0.5,,0.0,100.0,/Users/rkfuentes/Documents/md_anderson_analysis/yepes_code/data/2025-11-20/scope-results-2025-11-20-1857.csv,1.0151466666666669e-08,,88,,0,,50 ohms time 0.01
,SiC,1.0,Electron 110V,0.5,,0.0,100.0,/Users/rkfuentes/Documents/md_anderson_analysis/yepes_code/data/2025-11-20/scope-results-2025-11-20-1858.csv,9.01333333333333e-09,,89,,0,,50 ohms time 0.01
,SiC,1.0,Electron 110V,0.5,,0.0,100.0,/Users/rkfuentes/Documents/md_anderson_analysis/yepes_code/data/2025-11-20/scope-results-2025-11-20-1859.csv,9.70026666666668e-09,,71,,0,,50 ohms time 0.01
,SiC,1.0,Electron 110V,0.5,,0.0,100.0,/Users/rkfuentes/Documents/md_anderson_analysis/yepes_code/data/2025-11-20/scope-results-2025-11-20-1860.csv,3.022399999999998e-09,,48,,0,,50 ohms time 0.01
,SiC,1.0,Electron 110V,0.5,,0.0,100.0,/Users/rkfuentes/Documents/md_anderson_analysis/yepes_code/data/2025-11-20/scope-results-2025-11-20-1861.csv,9.37559999999999e-09,,79,,0,,50 ohms time 0.01
,SiC,1.0,Electron 110V,0.5,,0.0,100.0,/Users/rkfuentes/Documents/md_anderson_analysis/yepes_code/data/2025-11-20/scope-results-2025-11-20-1862.csv,9.659199999999983e-09,,79,,0,,50 ohms time 0.01
,SiC,1.0,Electron 110V,0.5,,0.0,100.0,/Users/rkfuentes/Documents/md_anderson_analysis/yepes_code/data/2025-11-20/scope-results-2025-11-20-1863.csv,9.688666666666669e-09,,78,,0,,50 ohms time 0.01
,SiC,1.0,Electron 110V,0.5,,0.0,100.0,/Users/rkfuentes/Documents/md_anderson_analysis/yepes_code/data/2025-11-20/scope-results-2025-11-20-1864.csv,9.318400000000006e-09,,81,,0,,50 ohms time 0.01
,SiC,1.0,Electron 110V,0.5,,0.0,100.0,/Users/rkfuentes/Documents/md_anderson_analysis/yepes_code/data/2025-11-20/scope-results-2025-11-20-1865.csv,9.440933333333336e-09,,82,,0,,50 ohms time 0.01
,SiC,1.0,Electron 110V,0.5,,0.0,100.0,/Users/rkfuentes/Documents/md_anderson_analysis/yepes_code/data/2025-11-20/scope-results-2025-11-20-1866.csv,9.06093333333334e-09,,71,,0,,50 ohms time 0.01
,SiC,1.0,Electron 110V,0.5,,0.0,100.0,/Users/rkfuentes/Documents/md_anderson_analysis/yepes_code/data/2025-11-20/scope-results-2025-11-20-1867.csv,9.844266666666689e-09,,82,,0,,50 ohms time 0.01
,SiC,1.0,Electron 110V,0.5,,0.0,100.0,/Users/rkfuentes/Documents/md_anderson_analysis/yepes_code/data/2025-11-20/scope-results-2025-11-20-1868.csv,9.380933333333349e-09,,80,,0,,50 ohms time 0.01
,SiC,1.0,Electron 110V,0.5,,0.0,10.0,/Users/rkfuentes/Documents/md_anderson_analysis/yepes_code/data/2025-11-20/scope-results-2025-11-20-1904.csv,4.348800000000008e-09,,88,,0,,50 ohms time 0.01
,SiC,1.0,Electron 110V,0.5,,0.0,10.0,/Users/rkfuentes/Documents/md_anderson_analysis/yepes_code/data/2025-11-20/scope-results-2025-11-20-1905.csv,4.810666666666686e-09,,80,,0,,50 ohms time 0.01
,SiC,1.0,Electron 85V,0.5,,0.0,10.0,/Users/rkfuentes/Documents/md_anderson_analysis/yepes_code/data/2025-11-20/scope-results-2025-11-20-1906.csv,6.293333333333219e-11,,37,,0,,50 ohms time 0.01
,SiC,1.0,Electron 85V,0.5,,0.0,10.0,/Users/rkfuentes/Documents/md_anderson_analysis/yepes_code/data/2025-11-20/scope-results-2025-11-20-1907.csv,5.7333333333319626e-12,,20,,0,,50 ohms time 0.01
,SiC,1.0,Electron 85V,0.5,,0.0,10.0,/Users/rkfuentes/Documents/md_anderson_analysis/yepes_code/data/2025-11-20/scope-results-2025-11-20-1908.csv,3.705333333333324e-10,,52,,0,,50 ohms time 0.01
,SiC,1.0,Electron 85V,0.5,,0.0,10.0,/Users/rkfuentes/Documents/md_anderson_analysis/yepes_code/data/2025-11-20/scope-results-2025-11-20-1909.csv,2.48533333333332e-10,,41,,0,,50 ohms time 0.01
,SiC,1.0,Electron 85V,0.5,,0.0,10.0,/Users/rkfuentes/Documents/md_anderson_analysis/yepes_code/data/2025-11-20/scope-results-2025-11-20-1910.csv,1.0293333333333519e-10,,25,,0,,50 ohms time 0.01
,SiC,1.0,Electron 85V,0.5,,0.0,10.0,/Users/rkfuentes/Documents/md_anderson_analysis/yepes_code/data/2025-11-20/scope-results-2025-11-20-1911.csv,9.489338468275715e-11,,23,,0,,50 ohms time 0.01
,SiC,1.0,Electron 110V,0.5,,0.0,10.0,/Users/rkfuentes/Documents/md_anderson_analysis/yepes_code/data/2025-11-20/scope-results-2025-11-20-1912.csv,6.059733333333324e-09,,88,,0,,50 ohms time 0.01
,SiC,1.0,Electron 110V,0.5,,0.0,10.0,/Users/rkfuentes/Documents/md_anderson_analysis/yepes_code/data/2025-11-20/scope-results-2025-11-20-1913.csv,4.689600000000002e-09,,86,,0,,50 ohms time 0.01
,SiC,1.0,Electron 110V,0.5,,0.0,10.0,/Users/rkfuentes/Documents/md_anderson_analysis/yepes_code/data/2025-11-20/scope-results-2025-11-20-1914.csv,4.866266666666655e-09,,83,,0,,50 ohms time 0.01
,SiC,1.0,Electron 110V,0.5,,0.0,10.0,/Users/rkfuentes/Documents/md_anderson_analysis/yepes_code/data/2025-11-20/scope-results-2025-11-20-1915.csv,5.202666666666671e-09,,95,,0,,50 ohms time 0.01
,SiC,1.0,Electron 110V,0.5,,0.0,10.0,/Users/rkfuentes/Documents/md_anderson_analysis/yepes_code/data/2025-11-20/scope-results-2025-11-20-1916.csv,4.772800000000006e-09,,77,,0,,50 ohms time 0.01
,SiC,1.0,Electron 110V,0.5,,0.0,10.0,/Users/rkfuentes/Documents/md_anderson_analysis/yepes_code/data/2025-11-20/scope-results-2025-11-20-1917.csv,4.146933333333346e-09,,99,,0,,50 ohms time 0.01
,SiC,1.0,Electron 110V,0.5,,0.0,10.0,/Users/rkfuentes/Documents/md_anderson_analysis/yepes_code/data/2025-11-20/scope-results-2025-11-20-1918.csv,3.965600000000002e-09,,81,,0,,50 ohms time 0.01
,SiC,1.0,Electron 110V,0.5,,0.0,10.0,/Users/rkfuentes/Documents/md_anderson_analysis/yepes_code/data/2025-11-20/scope-results-2025-11-20-1919.csv,1.0418666666666674e-09,,50,,0,,50 ohms time 0.01
,SiC,1.0,Electron 110V,0.5,,0.0,10.0,/Users/rkfuentes/Documents/md_anderson_analysis/yepes_code/data/2025-11-20/scope-results-2025-11-20-1920.csv,4.0176000000000114e-09,,82,,0,,50 ohms time 0.01
,SiC,1.0,Electron 110V,0.5,,0.0,10.0,/Users/rkfuentes/Documents/md_anderson_analysis/yepes_code/data/2025-11-20/scope-results-2025-11-20-1921.csv,3.3546666666666286e-10,,52,,0,,50 ohms time 0.01
,SiC,1.0,Electron 110V,0.5,,0.0,10.0,/Users/rkfuentes/Documents/md_anderson_analysis/yepes_code/data/2025-11-20/scope-results-2025-11-20-1922.csv,4.683733333333331e-09,,92,,0,,50 ohms time 0.01
,SiC,1.0,Electron 110V,0.5,,0.0,10.0,/Users/rkfuentes/Documents/md_anderson_analysis/yepes_code/data/2025-11-20/scope-results-2025-11-20-1923.csv,4.081733333333342e-09,,83,,0,,50 ohms time 0.01
,SiC,1.0,Electron 110V,0.5,,0.0,10.0,/Users/rkfuentes/Documents/md_anderson_analysis/yepes_code/data/2025-11-20/scope-results-2025-11-20-1924.csv,4.052000000000002e-09,,85,,0,,50 ohms time 0.01
,SiC,1.0,Electron 110V,0.5,,0.0,10.0,/Users/rkfuentes/Documents/md_anderson_analysis/yepes_code/data/2025-11-20/scope-results-2025-11-20-1925.csv,3.6386666666666773e-09,,92,,0,,50 ohms time 0.01
,SiC,1.0,Electron 110V,0.5,,0.0,10.0,/Users/rkfuentes/Documents/md_anderson_analysis/yepes_code/data/2025-11-20/scope-results-2025-11-20-1926.csv,2.148933333333322e-09,,44,,0,,50 ohms time 0.01
,SiC,1.0,Electron 110V,0.5,,0.0,10.0,/Users/rkfuentes/Documents/md_anderson_analysis/yepes_code/data/2025-11-20/scope-results-2025-11-20-1927.csv,1.0058666666666702e-09,,48,,0,,50 ohms time 0.01
,SiC,1.0,Electron 110V,0.5,,0.0,10.0,/Users/rkfuentes/Documents/md_anderson_analysis/yepes_code/data/2025-11-20/scope-results-2025-11-20-1928.csv,4.835333333333336e-09,,80,,0,,50 ohms time 0.01
,SiC,1.0,Electron 110V,0.5,,0.0,10.0,/Users/rkfuentes/Documents/md_anderson_analysis/yepes_code/data/2025-11-20/scope-results-2025-11-20-1929.csv,4.65653333333335e-09,,91,,0,,50 ohms time 0.01
,SiC,1.0,Electron 191V,0.5,,0.0,10.0,/Users/rkfuentes/Documents/md_anderson_analysis/yepes_code/data/2025-11-20/scope-results-2025-11-20-1962.csv,3.2023733333333346e-08,,86,,0,,50 ohms time 0.01
,SiC,1.0,Electron 191V,0.5,,0.0,10.0,/Users/rkfuentes/Documents/md_anderson_analysis/yepes_code/data/2025-11-20/scope-results-2025-11-20-1963.csv,2.7480933333333344e-08,,83,,0,,50 ohms time 0.01
,SiC,1.0,Electron 191V,0.5,,0.0,10.0,/Users/rkfuentes/Documents/md_anderson_analysis/yepes_code/data/2025-11-20/scope-results-2025-11-20-1964.csv,2.768186666666668e-08,,83,,0,,50 ohms time 0.01
,SiC,1.0,Electron 191V,0.5,,0.0,10.0,/Users/rkfuentes/Documents/md_anderson_analysis/yepes_code/data/2025-11-20/scope-results-2025-11-20-1965.csv,3.405759999999999e-08,,75,,0,,50 ohms time 0.01
,SiC,1.0,Electron 191V,0.5,,0.0,10.0,/Users/rkfuentes/Documents/md_anderson_analysis/yepes_code/data/2025-11-20/scope-results-2025-11-20-1966.csv,2.937706666666664e-08,,79,,0,,50 ohms time 0.01
,SiC,1.0,Electron 191V,0.5,,0.0,10.0,/Users/rkfuentes/Documents/md_anderson_analysis/yepes_code/data/2025-11-20/scope-results-2025-11-20-1967.csv,2.8658266666666668e-08,,90,,0,,50 ohms time 0.01
,SiC,1.0,Electron 85V,0.5,,0.0,10.0,/Users/rkfuentes/Documents/md_anderson_analysis/yepes_code/data/2025-11-20/scope-results-2025-11-20-1987.csv,2.2666666666666395e-10,,50,,0,,50 ohms time 0.01
,SiC,1.0,Electron 85V,0.5,,0.0,10.0,/Users/rkfuentes/Documents/md_anderson_analysis/yepes_code/data/2025-11-20/scope-results-2025-11-20-1988.csv,5.3253436032178686e-11,,24,,0,,50 ohms time 0.01
,SiC,1.0,Electron 85V,0.5,,0.0,10.0,/Users/rkfuentes/Documents/md_anderson_analysis/yepes_code/data/2025-11-20/scope-results-2025-11-20-1989.csv,4.7999999999999104e-11,,41,,0,,50 ohms time 0.01
,SiC,1.0,Electron 85V,0.5,,0.0,10.0,/Users/rkfuentes/Documents/md_anderson_analysis/yepes_code/data/2025-11-20/scope-results-2025-11-20-1990.csv,3.898666666666681e-10,,49,,0,,50 ohms time 0.01
,SiC,1.0,Electron 85V,0.5,,0.0,10.0,/Users/rkfuentes/Documents/md_anderson_analysis/yepes_code/data/2025-11-20/scope-results-2025-11-20-1991.csv,8.209378021395117e-11,,30,,0,,50 ohms time 0.01
,SiC,1.0,Electron 110V,0.5,,0.0,10.0,/Users/rkfuentes/Documents/md_anderson_analysis/yepes_code/data/2025-11-20/scope-results-2025-11-20-1992.csv,6.359999999999822e-11,,23,,0,,50 ohms time 0.01
,SiC,1.0,Electron 110V,0.5,,0.0,10.0,/Users/rkfuentes/Documents/md_anderson_analysis/yepes_code/data/2025-11-20/scope-results-2025-11-20-1993.csv,1.363200000000001e-09,,46,,0,,50 ohms time 0.01
,SiC,1.0,Electron 110V,0.5,,0.0,10.0,/Users/rkfuentes/Documents/md_anderson_analysis/yepes_code/data/2025-11-20/scope-results-2025-11-20-1994.csv,3.0373333333334047e-10,,86,,0,,50 ohms time 0.01
,SiC,1.0,Electron 110V,0.5,,0.0,10.0,/Users/rkfuentes/Documents/md_anderson_analysis/yepes_code/data/2025-11-20/scope-results-2025-11-20-1995.csv,2.425599999999994e-09,,61,,0,,50 ohms time 0.01
,SiC,1.0,Electron 191V,0.5,,0.0,10.0,/Users/rkfuentes/Documents/md_anderson_analysis/yepes_code/data/2025-11-20/scope-results-2025-11-20-2008.csv,1.633173333333333e-08,,83,,0,,50 ohms time 0.01
,SiC,1.0,Electron 191V,0.5,,0.0,10.0,/Users/rkfuentes/Documents/md_anderson_analysis/yepes_code/data/2025-11-20/scope-results-2025-11-20-2009.csv,1.0893333333333333e-08,,87,,0,,50 ohms time 0.01
,SiC,1.0,Electron 191V,0.5,,0.0,10.0,/Users/rkfuentes/Documents/md_anderson_analysis/yepes_code/data/2025-11-20/scope-results-2025-11-20-2010.csv,1.2003066666666666e-08,,92,,0,,50 ohms time 0.01
,SiC,1.0,Electron 191V,0.5,,0.0,10.0,/Users/rkfuentes/Documents/md_anderson_analysis/yepes_code/data/2025-11-20/scope-results-2025-11-20-2011.csv,1.2035733333333326e-08,,83,,0,,50 ohms time 0.01
,SiC,,Electron 85V,1.0,,,40.0,/Users/rkfuentes/Documents/md_anderson_analysis/yepes_code/data/2025-11-20/scope-results-2025-11-20-0001.csv,2.0133333333333432e-10,,29,,0,,RF noise
,SiC,,Electron 85V,1.0,,,40.0,/Users/rkfuentes/Documents/md_anderson_analysis/yepes_code/data/2025-11-20/scope-results-2025-11-20-0002.csv,2.3966666666666155e-10,,43,,0,,RF noise
,SiC,,Electron 85V,1.0,,,40.0,/Users/rkfuentes/Documents/md_anderson_analysis/yepes_code/data/2025-11-20/scope-results-2025-11-20-0003.csv,1.520000000000125e-10,,56,,0,,RF noise
,SiC,,Electron 85V,1.0,,,40.0,/Users/rkfuentes/Documents/md_anderson_analysis/yepes_code/data/2025-11-20/scope-results-2025-11-20-0004.csv,1.5906666666666752e-09,,87,,0,,RF noise
,SiC,,Electron 85V,1.0,,,40.0,/Users/rkfuentes/Documents/md_anderson_analysis/yepes_code/data/2025-11-20/scope-results-2025-11-20-0005.csv,2.9550000000000093e-09,,81,,0,,RF noise
,SiC,,Electron 85V,1.0,,,40.0,/Users/rkfuentes/Documents/md_anderson_analysis/yepes_code/data/2025-11-20/scope-results-2025-11-20-0006.csv,6.726666666666649e-09,,326,,0,,RF noise 50 ohm
,SiC,,Electron 85V,1.0,,,40.0,/Users/rkfuentes/Documents/md_anderson_analysis/yepes_code/data/2025-11-20/scope-results-2025-11-20-0007.csv,1.2333333333333392e-09,,82,,0,,RF noise 50 ohm
,SiC,,Electron 85V,1.0,,,40.0,/Users/rkfuentes/Documents/md_anderson_analysis/yepes_code/data/2025-11-20/scope-results-2025-11-20-0008.csv,1.4989333333333342e-08,,293,,0,,RF noise 50 ohm
,SiC,,Electron 85V,1.0,,,40.0,/Users/rkfuentes/Documents/md_anderson_analysis/yepes_code/data/2025-11-20/scope-results-2025-11-20-0009.csv,1.5076666666666572e-09,,91,,0,,RF noise 1M ohm
,SiC,,Electron 85V,1.0,,,40.0,/Users/rkfuentes/Documents/md_anderson_analysis/yepes_code/data/2025-11-20/scope-results-2025-11-20-0010.csv,9.756679504022482e-11,,27,,0,,RF noise 1M ohm
,SiC,,Electron 85V,1.0,,,40.0,/Users/rkfuentes/Documents/md_anderson_analysis/yepes_code/data/2025-11-20/scope-results-2025-11-20-0011.csv,1.6013333333333326e-09,,69,,0,,RF noise 1M ohm
,SiC,,Electron 85V,1.0,,,40.0,/Users/rkfuentes/Documents/md_anderson_analysis/yepes_code/data/2025-11-20/scope-results-2025-11-20-0012.csv,1.6186666666666547e-09,,75,,0,,RF noise 1M ohm
,SiC,,Electron 85V,1.0,,,40.0,/Users/rkfuentes/Documents/md_anderson_analysis/yepes_code/data/2025-11-20/scope-results-2025-11-20-0013.csv,2.882333333333338e-09,,77,,0,,RF noise 1M ohm
,SiC,,Electron 85V,1.0,,,40.0,/Users/rkfuentes/Documents/md_anderson_analysis/yepes_code/data/2025-11-20/scope-results-2025-11-20-0014.csv,3.008000000000011e-09,,92,,0,,RF noise 1M ohm
,SiC,,Electron 85V,1.0,,,40.0,/Users/rkfuentes/Documents/md_anderson_analysis/yepes_code/data/2025-11-20/scope-results-2025-11-20-0015.csv,1.482333333333339e-09,,81,,0,,RF noise 1M ohm
,SiC,,Electron 85V,1.0,,,40.0,/Users/rkfuentes/Documents/md_anderson_analysis/yepes_code/data/2025-11-20/scope-results-2025-11-20-0016.csv,1.5250000000000087e-09,,83,,0,,RF noise 1M ohm
,SiC,,Electron 85V,1.0,,,40.0,/Users/rkfuentes/Documents/md_anderson_analysis/yepes_code/data/2025-11-20/scope-results-2025-11-20-0017.csv,1.6560000000000063e-09,,93,,0,,RF noise 1M ohm
,SiC,,Electron 85V,1.0,,0.0,40.0,/Users/rkfuentes/Documents/md_anderson_analysis/yepes_code/data/2025-11-20/scope-results-2025-11-20-0018.csv,1.4036666666666623e-09,,87,,0,,50 ohms
,SiC,,Electron 85V,1.0,,0.0,40.0,/Users/rkfuentes/Documents/md_anderson_analysis/yepes_code/data/2025-11-20/scope-results-2025-11-20-0019.csv,1.667999999999999e-09,,85,,0,,50 ohms
,SiC,,Electron 85V,1.0,,0.0,40.0,/Users/rkfuentes/Documents/md_anderson_analysis/yepes_code/data/2025-11-20/scope-results-2025-11-20-0020.csv,5.966666666666154e-11,,23,,0,,50 ohms
,SiC,,Electron 85V,1.0,,0.0,40.0,/Users/rkfuentes/Documents/md_anderson_analysis/yepes_code/data/2025-11-20/scope-results-2025-11-20-0021.csv,1.5199999999999987e-09,,83,,0,,50 ohms
,SiC,,Electron 85V,1.0,,0.0,40.0,/Users/rkfuentes/Documents/md_anderson_analysis/yepes_code/data/2025-11-20/scope-results-2025-11-20-0022.csv,2.6306666666666733e-09,,141,,0,,50 ohms
,SiC,,Electron 85V,1.0,,0.0,40.0,/Users/rkfuentes/Documents/md_anderson_analysis/yepes_code/data/2025-11-20/scope-results-2025-11-20-0023.csv,2.4883333333333153e-09,,139,,0,,50 ohms
,SiC,,Electron 85V,1.0,,0.0,40.0,/Users/rkfuentes/Documents/md_anderson_analysis/yepes_code/data/2025-11-20/scope-results-2025-11-20-0024.csv,4.736000000000003e-09,,139,,0,,50 ohms
,SiC,,Electron 85V,1.0,,0.0,40.0,/Users/rkfuentes/Documents/md_anderson_analysis/yepes_code/data/2025-11-20/scope-results-2025-11-20-0025.csv,4.781666666666665e-09,,136,,0,,50 ohms
,SiC,,Electron 85V,1.0,,0.0,40.0,/Users/rkfuentes/Documents/md_anderson_analysis/yepes_code/data/2025-11-20/scope-results-2025-11-20-0026.csv,2.25199999999999e-09,,148,,0,,50 ohms
,SiC,,Electron 85V,1.0,,0.0,40.0,/Users/rkfuentes/Documents/md_anderson_analysis/yepes_code/data/2025-11-20/scope-results-2025-11-20-0027.csv,2.497333333333341e-09,,151,,0,,50 ohms
,SiC,,Electron 85V,1.0,,0.0,40.0,/Users/rkfuentes/Documents/md_anderson_analysis/yepes_code/data/2025-11-20/scope-results-2025-11-20-0028.csv,2.590000000000001e-09,,155,,0,,50 ohms
,SiC,,Electron 85V,1.0,,0.0,40.0,/Users/rkfuentes/Documents/md_anderson_analysis/yepes_code/data/2025-11-20/scope-results-2025-11-20-0029.csv,2.44100000000001e-09,,144,,0,,1M ohms
,SiC,,Electron 85V,1.0,,0.0,40.0,/Users/rkfuentes/Documents/md_anderson_analysis/yepes_code/data/2025-11-20/scope-results-2025-11-20-0030.csv,2.315999999999989e-09,,143,,0,,1M ohms
,SiC,,Electron 85V,1.0,,0.0,40.0,/Users/rkfuentes/Documents/md_anderson_analysis/yepes_code/data/2025-11-20/scope-results-2025-11-20-0031.csv,2.142666666666658e-09,,130,,0,,1M ohms
,SiC,,Electron 85V,1.0,,0.0,40.0,/Users/rkfuentes/Documents/md_anderson_analysis/yepes_code/data/2025-11-20/scope-results-2025-11-20-0032.csv,1.9866666666667084e-10,,32,,0,,1M ohms
,SiC,,Electron 85V,1.0,,0.0,40.0,/Users/rkfuentes/Documents/md_anderson_analysis/yepes_code/data/2025-11-20/scope-results-2025-11-20-0033.csv,2.4786666666666718e-09,,142,,0,,1M ohms
,SiC,,Electron 85V,1.0,,0.0,40.0,/Users/rkfuentes/Documents/md_anderson_analysis/yepes_code/data/2025-11-20/scope-results-2025-11-20-0034.csv,2.4813333333333496e-09,,143,,0,,1M ohms
,SiC,,Electron 85V,1.0,,0.0,40.0,/Users/rkfuentes/Documents/md_anderson_analysis/yepes_code/data/2025-11-20/scope-results-2025-11-20-0035.csv,1.2766666666667065e-10,,134,,0,,1M ohms
,SiC,,Electron 85V,1.0,,0.0,40.0,/Users/rkfuentes/Documents/md_anderson_analysis/yepes_code/data/2025-11-20/scope-results-2025-11-20-0036.csv,3.4033333333332084e-10,,156,,0,,1M ohms
,SiC,,Electron 85V,1.0,,0.0,40.0,/Users/rkfuentes/Documents/md_anderson_analysis/yepes_code/data/2025-11-20/scope-results-2025-11-20-0037.csv,4.584000000000015e-09,,138,,0,,1M ohms
,SiC,,Electron 85V,1.0,,0.0,40.0,/Users/rkfuentes/Documents/md_anderson_analysis/yepes_code/data/2025-11-20/scope-results-2025-11-20-0038.csv,2.1613333333333408e-09,,142,,0,,50 ohms
,SiC,,Electron 85V,1.0,,0.0,40.0,/Users/rkfuentes/Documents/md_anderson_analysis/yepes_code/data/2025-11-20/scope-results-2025-11-20-0039.csv,2.5266666666666732e-09,,158,,0,,50 ohms
,SiC,,Electron 85V,1.0,,0.0,40.0,/Users/rkfuentes/Documents/md_anderson_analysis/yepes_code/data/2025-11-20/scope-results-2025-11-20-0040.csv,2.677333333333328e-09,,120,,0,,50 ohms
,SiC,,Electron 85V,1.0,,0.0,40.0,/Users/rkfuentes/Documents/md_anderson_analysis/yepes_code/data/2025-11-20/scope-results-2025-11-20-0041.csv,4.924333333333334e-09,,132,,0,,50 ohms
,SiC,,Electron 85V,1.0,,0.0,40.0,/Users/rkfuentes/Documents/md_anderson_analysis/yepes_code/data/2025-11-20/scope-results-2025-11-20-0042.csv,2.3146666666666976e-09,,141,,0,,50 ohms
,SiC,,Electron 85V,1.0,,0.0,40.0,/Users/rkfuentes/Documents/md_anderson_analysis/yepes_code/data/2025-11-20/scope-results-2025-11-20-0043.csv,2.506666666666646e-09,,143,,0,,50 ohms
,SiC,,Electron 85V,1.0,,0.0,40.0,/Users/rkfuentes/Documents/md_anderson_analysis/yepes_code/data/2025-11-20/scope-results-2025-11-20-0044.csv,2.5156666666666686e-09,,129,,0,,50 ohms
,SiC,,Electron 85V,1.0,,0.0,40.0,/Users/rkfuentes/Documents/md_anderson_analysis/yepes_code/data/2025-11-20/scope-results-2025-11-20-0045.csv,7.559526674756294e-10,,50,,0,,50 ohms
,SiC,,Electron 85V,1.0,,0.0,40.0,/Users/rkfuentes/Documents/md_anderson_analysis/yepes_code/data/2025-11-20/scope-results-2025-11-20-0046.csv,2.5686666666666613e-09,,147,,0,,50 ohms
,SiC,,Electron 110V,1.0,,0.0,40.0,/Users/rkfuentes/Documents/md_anderson_analysis/yepes_code/data/2025-11-20/scope-results-2025-11-20-0047.csv,2.4880000000000055e-09,,139,,0,,50 ohms
,SiC,,Electron 191V,1.0,,0.0,40.0,/Users/rkfuentes/Documents/md_anderson_analysis/yepes_code/data/2025-11-20/scope-results-2025-11-20-0048.csv,4.45333333333332e-09,,263,,0,,50 ohms
,SiC,,Electron 191V,1.0,,0.0,40.0,/Users/rkfuentes/Documents/md_anderson_analysis/yepes_code/data/2025-11-20/scope-results-2025-11-20-0049.csv,4.6026666666666855e-09,,238,,0,,50 ohms
,SiC,,Electron 85V,1.0,,0.0,40.0,/Users/rkfuentes/Documents/md_anderson_analysis/yepes_code/data/2025-11-20/scope-results-2025-11-20-0050.csv,6.213333333333088e-10,,82,,0,,50 ohms
,SiC,,Electron 110V,1.0,,0.0,40.0,/Users/rkfuentes/Documents/md_anderson_analysis/yepes_code/data/2025-11-20/scope-results-2025-11-20-0051.csv,4.536000000000021e-09,,253,,0,,50 ohms
,SiC,1.0,Electron 85V,1.0,,0.0,40.0,/Users/rkfuentes/Documents/md_anderson_analysis/yepes_code/data/2025-11-20/scope-results-2025-11-20-0022.csv,2.6306666666666733e-09,,141,,0,,50 ohms
,SiC,1.0,Electron 85V,1.0,,0.0,40.0,/Users/rkfuentes/Documents/md_anderson_analysis/yepes_code/data/2025-11-20/scope-results-2025-11-20-0023.csv,2.4883333333333153e-09,,139,,0,,50 ohms
,SiC,1.0,Electron 85V,1.0,,0.0,40.0,/Users/rkfuentes/Documents/md_anderson_analysis/yepes_code/data/2025-11-20/scope-results-2025-11-20-0024.csv,4.736000000000003e-09,,139,,0,,50 ohms
,SiC,1.0,Electron 85V,1.0,,0.0,40.0,/Users/rkfuentes/Documents/md_anderson_analysis/yepes_code/data/2025-11-20/scope-results-2025-11-20-0025.csv,4.781666666666665e-09,,136,,0,,50 ohms
,SiC,1.0,Electron 85V,1.0,,0.0,40.0,/Users/rkfuentes/Documents/md_anderson_analysis/yepes_code/data/2025-11-20/scope-results-2025-11-20-0026.csv,2.25199999999999e-09,,148,,0,,50 ohms
,SiC,1.0,Electron 85V,1.0,,0.0,40.0,/Users/rkfuentes/Documents/md_anderson_analysis/yepes_code/data/2025-11-20/scope-results-2025-11-20-0027.csv,2.497333333333341e-09,,151,,0,,50 ohms
,SiC,1.0,Electron 85V,1.0,,0.0,40.0,/Users/rkfuentes/Documents/md_anderson_analysis/yepes_code/data/2025-11-20/scope-results-2025-11-20-0028.csv,2.590000000000001e-09,,155,,0,,50 ohms
,SiC,1.0,Electron 85V,1.0,,0.0,40.0,/Users/rkfuentes/Documents/md_anderson_analysis/yepes_code/data/2025-11-20/scope-results-2025-11-20-0029.csv,2.44100000000001e-09,,144,,0,,50 ohms
,SiC,1.0,Electron 85V,1.0,,0.0,40.0,/Users/rkfuentes/Documents/md_anderson_analysis/yepes_code/data/2025-11-20/scope-results-2025-11-20-0030.csv,2.315999999999989e-09,,143,,0,,50 ohms
,SiC,1.0,Electron 85V,1.0,,0.0,40.0,/Users/rkfuentes/Documents/md_anderson_analysis/yepes_code/data/2025-11-20/scope-results-2025-11-20-0031.csv,2.142666666666658e-09,,130,,0,,50 ohms
,SiC,1.0,Electron 85V,1.0,,0.0,40.0,/Users/rkfuentes/Documents/md_anderson_analysis/yepes_code/data/2025-11-20/scope-results-2025-11-20-0032.csv,1.9866666666667084e-10,,32,,0,,50 ohms
,SiC,1.0,Electron 85V,1.0,,0.0,40.0,/Users/rkfuentes/Documents/md_anderson_analysis/yepes_code/data/2025-11-20/scope-results-2025-11-20-0033.csv,2.4786666666666718e-09,,142,,0,,50 ohms
,SiC,1.0,Electron 85V,1.0,,0.0,40.0,/Users/rkfuentes/Documents/md_anderson_analysis/yepes_code/data/2025-11-20/scope-results-2025-11-20-0034.csv,2.4813333333333496e-09,,143,,0,,50 ohms
,SiC,1.0,Electron 85V,1.0,,0.0,40.0,/Users/rkfuentes/Documents/md_anderson_analysis/yepes_code/data/2025-11-20/scope-results-2025-11-20-0035.csv,1.2766666666667065e-10,,134,,0,,50 ohms
,SiC,1.0,Electron 85V,1.0,,0.0,40.0,/Users/rkfuentes/Documents/md_anderson_analysis/yepes_code/data/2025-11-20/scope-results-2025-11-20-0036.csv,3.4033333333332084e-10,,156,,0,,50 ohms
,SiC,1.0,Electron 85V,1.0,,0.0,40.0,/Users/rkfuentes/Documents/md_anderson_analysis/yepes_code/data/2025-11-20/scope-results-2025-11-20-0037.csv,4.584000000000015e-09,,138,,0,,50 ohms
,SiC,1.0,Electron 85V,1.0,,0.0,40.0,/Users/rkfuentes/Documents/md_anderson_analysis/yepes_code/data/2025-11-20/scope-results-2025-11-20-0038.csv,2.1613333333333408e-09,,142,,0,,50 ohms
,SiC,1.0,Electron 85V,1.0,,0.0,40.0,/Users/rkfuentes/Documents/md_anderson_analysis/yepes_code/data/2025-11-20/scope-results-2025-11-20-0039.csv,2.5266666666666732e-09,,158,,0,,50 ohms
,SiC,1.0,Electron 85V,1.0,,0.0,40.0,/Users/rkfuentes/Documents/md_anderson_analysis/yepes_code/data/2025-11-20/scope-results-2025-11-20-0040.csv,2.677333333333328e-09,,120,,0,,50 ohms
,SiC,1.0,Electron 85V,1.0,,0.0,40.0,/Users/rkfuentes/Documents/md_anderson_analysis/yepes_code/data/2025-11-20/scope-results-2025-11-20-0041.csv,4.924333333333334e-09,,132,,0,,50 ohms
,SiC,1.0,Electron 85V,1.0,,0.0,40.0,/Users/rkfuentes/Documents/md_anderson_analysis/yepes_code/data/2025-11-20/scope-results-2025-11-20-0042.csv,2.3146666666666976e-09,,141,,0,,50 ohms
,SiC,1.0,Electron 85V,1.0,,0.0,40.0,/Users/rkfuentes/Documents/md_anderson_analysis/yepes_code/data/2025-11-20/scope-results-2025-11-20-0043.csv,2.506666666666646e-09,,143,,0,,50 ohms
,SiC,1.0,Electron 85V,1.0,,0.0,40.0,/Users/rkfuentes/Documents/md_anderson_analysis/yepes_code/data/2025-11-20/scope-results-2025-11-20-0044.csv,2.5156666666666686e-09,,129,,0,,50 ohms
,SiC,1.0,Electron 85V,1.0,,0.0,40.0,/Users/rkfuentes/Documents/md_anderson_analysis/yepes_code/data/2025-11-20/scope-results-2025-11-20-0045.csv,7.559526674756294e-10,,50,,0,,50 ohms
,SiC,1.0,Electron 85V,1.0,,0.0,40.0,/Users/rkfuentes/Documents/md_anderson_analysis/yepes_code/data/2025-11-20/scope-results-2025-11-20-0046.csv,2.5686666666666613e-09,,147,,0,,50 ohms
,SiC,1.0,Electron 85V,1.0,,0.0,40.0,/Users/rkfuentes/Documents/md_anderson_analysis/yepes_code/data/2025-11-20/scope-results-2025-11-20-0047.csv,2.4880000000000055e-09,,139,,0,,50 ohms
,SiC,1.0,Electron 110V,1.0,,0.0,40.0,/Users/rkfuentes/Documents/md_anderson_analysis/yepes_code/data/2025-11-20/scope-results-2025-11-20-0101.csv,2.0263666666666643e-08,,144,,0,,50 ohms time 0.01
,SiC,1.0,Electron 110V,1.0,,0.0,40.0,/Users/rkfuentes/Documents/md_anderson_analysis/yepes_code/data/2025-11-20/scope-results-2025-11-20-0102.csv,1.7817333333333323e-08,,148,,0,,50 ohms time 0.01
,SiC,1.0,Electron 110V,1.0,,0.0,40.0,/Users/rkfuentes/Documents/md_anderson_analysis/yepes_code/data/2025-11-20/scope-results-2025-11-20-0103.csv,2.061566666666671e-08,,151,,0,,50 ohms time 0.01
,SiC,1.0,Electron 110V,1.0,,0.0,40.0,/Users/rkfuentes/Documents/md_anderson_analysis/yepes_code/data/2025-11-20/scope-results-2025-11-20-0104.csv,2.1040000000000002e-08,,150,,0,,50 ohms time 0.01
,SiC,1.0,Electron 110V,1.0,,0.0,40.0,/Users/rkfuentes/Documents/md_anderson_analysis/yepes_code/data/2025-11-20/scope-results-2025-11-20-0105.csv,2.0413333333333325e-08,,154,,0,,50 ohms time 0.01
,SiC,1.0,Electron 110V,1.0,,0.0,40.0,/Users/rkfuentes/Documents/md_anderson_analysis/yepes_code/data/2025-11-20/scope-results-2025-11-20-0106.csv,1.7869333333333322e-08,,144,,0,,50 ohms time 0.01
,SiC,1.0,Electron 110V,1.0,,0.0,40.0,/Users/rkfuentes/Documents/md_anderson_analysis/yepes_code/data/2025-11-20/scope-results-2025-11-20-0107.csv,2.0460000000000042e-08,,142,,0,,50 ohms time 0.01
,SiC,1.0,Electron 110V,1.0,,0.0,40.0,/Users/rkfuentes/Documents/md_anderson_analysis/yepes_code/data/2025-11-20/scope-results-2025-11-20-0108.csv,2.2897333333333313e-08,,149,,0,,50 ohms time 0.01
,SiC,1.0,Electron 110V,1.0,,0.0,40.0,/Users/rkfuentes/Documents/md_anderson_analysis/yepes_code/data/2025-11-20/scope-results-2025-11-20-0109.csv,2.0610333333333323e-08,,147,,0,,50 ohms time 0.01
,SiC,1.0,Electron 110V,1.0,,0.0,40.0,/Users/rkfuentes/Documents/md_anderson_analysis/yepes_code/data/2025-11-20/scope-results-2025-11-20-0110.csv,2.044233333333334e-08,,160,,0,,50 ohms time 0.01
,SiC,1.0,Electron 110V,1.0,,0.0,40.0,/Users/rkfuentes/Documents/md_anderson_analysis/yepes_code/data/2025-11-20/scope-results-2025-11-20-0111.csv,2.050633333333335e-08,,150,,0,,50 ohms time 0.01
,SiC,1.0,Electron 110V,1.0,,0.0,40.0,/Users/rkfuentes/Documents/md_anderson_analysis/yepes_code/data/2025-11-20/scope-results-2025-11-20-0112.csv,2.0768666666666673e-08,,147,,0,,50 ohms time 0.01
,SiC,1.0,Electron 191V,1.0,,0.0,40.0,/Users/rkfuentes/Documents/md_anderson_analysis/yepes_code/data/2025-11-20/scope-results-2025-11-20-0149.csv,1.0770399999999997e-07,,148,,0,,50 ohms time 0.01
,SiC,1.0,Electron 191V,1.0,,0.0,40.0,/Users/rkfuentes/Documents/md_anderson_analysis/yepes_code/data/2025-11-20/scope-results-2025-11-20-0150.csv,1.0630499999999998e-07,,152,,0,,50 ohms time 0.01
,SiC,1.0,Electron 191V,1.0,,0.0,40.0,/Users/rkfuentes/Documents/md_anderson_analysis/yepes_code/data/2025-11-20/scope-results-2025-11-20-0151.csv,1.0630766666666669e-07,,145,,0,,50 ohms time 0.01
,SiC,1.0,Electron 191V,1.0,,0.0,40.0,/Users/rkfuentes/Documents/md_anderson_analysis/yepes_code/data/2025-11-20/scope-results-2025-11-20-0152.csv,1.0421866666666665e-07,,150,,0,,50 ohms time 0.01
,SiC,1.0,Electron 191V,1.0,,0.0,40.0,/Users/rkfuentes/Documents/md_anderson_analysis/yepes_code/data/2025-11-20/scope-results-2025-11-20-0153.csv,1.0792200000000004e-07,,146,,0,,50 ohms time 0.01
,SiC,1.0,Electron 191V,1.0,,0.0,40.0,/Users/rkfuentes/Documents/md_anderson_analysis/yepes_code/data/2025-11-20/scope-results-2025-11-20-0154.csv,1.0592400000000003e-07,,148,,0,,50 ohms time 0.01
,SiC,1.0,Electron 191V,1.0,,0.0,40.0,/Users/rkfuentes/Documents/md_anderson_analysis/yepes_code/data/2025-11-20/scope-results-2025-11-20-0155.csv,1.0566366666666668e-07,,146,,0,,50 ohms time 0.01
,SiC,1.0,Electron 191V,1.0,,0.0,40.0,/Users/rkfuentes/Documents/md_anderson_analysis/yepes_code/data/2025-11-20/scope-results-2025-11-20-0156.csv,1.0584600000000007e-07,,156,,0,,50 ohms time 0.01
,SiC,1.0,Electron 191V,1.0,,0.0,40.0,/Users/rkfuentes/Documents/md_anderson_analysis/yepes_code/data/2025-11-20/scope-results-2025-11-20-0157.csv,1.0301333333333329e-07,,136,,0,,50 ohms time 0.01
,SiC,1.0,Electron 191V,1.0,,0.0,40.0,/Users/rkfuentes/Documents/md_anderson_analysis/yepes_code/data/2025-11-20/scope-results-2025-11-20-0158.csv,1.062786666666667e-07,,135,,0,,50 ohms time 0.01
,SiC,1.0,Electron 191V,1.0,,0.0,40.0,/Users/rkfuentes/Documents/md_anderson_analysis/yepes_code/data/2025-11-20/scope-results-2025-11-20-0159.csv,9.914533333333333e-08,,153,,0,,50 ohms time 0.01
,SiC,1.0,Electron 191V,1.0,,0.0,40.0,/Users/rkfuentes/Documents/md_anderson_analysis/yepes_code/data/2025-11-20/scope-results-2025-11-20-0160.csv,1.0375833333333328e-07,,145,,0,,50 ohms time 0.01
,SiC,1.0,Electron 85V,1.0,,0.0,40.0,/Users/rkfuentes/Documents/md_anderson_analysis/yepes_code/data/2025-11-20/scope-results-2025-11-20-0252.csv,2.2426666666666763e-09,,132,,0,,50 ohms time 0.01
,SiC,1.0,Electron 85V,1.0,,0.0,40.0,/Users/rkfuentes/Documents/md_anderson_analysis/yepes_code/data/2025-11-20/scope-results-2025-11-20-0253.csv,4.47066666666664e-09,,95,,0,,50 ohms time 0.01
,SiC,1.0,Electron 85V,1.0,,0.0,40.0,/Users/rkfuentes/Documents/md_anderson_analysis/yepes_code/data/2025-11-20/scope-results-2025-11-20-0254.csv,1.7373333333333627e-09,,67,,0,,50 ohms time 0.01
,SiC,1.0,Electron 85V,1.0,,0.0,40.0,/Users/rkfuentes/Documents/md_anderson_analysis/yepes_code/data/2025-11-20/scope-results-2025-11-20-0255.csv,5.063333333332944e-10,,37,,0,,50 ohms time 0.01
,SiC,1.0,Electron 85V,1.0,,0.0,40.0,/Users/rkfuentes/Documents/md_anderson_analysis/yepes_code/data/2025-11-20/scope-results-2025-11-20-0256.csv,7.901333333333304e-09,,100,,0,,50 ohms time 0.01
,SiC,1.0,Electron 85V,1.0,,0.0,40.0,/Users/rkfuentes/Documents/md_anderson_analysis/yepes_code/data/2025-11-20/scope-results-2025-11-20-0257.csv,3.2790012837355967e-10,,23,,0,,50 ohms time 0.01
,SiC,1.0,Electron 85V,1.0,,0.0,40.0,/Users/rkfuentes/Documents/md_anderson_analysis/yepes_code/data/2025-11-20/scope-results-2025-11-20-0258.csv,1.0699999999999644e-10,,35,,0,,50 ohms time 0.01
,SiC,1.0,Electron 85V,1.0,,0.0,40.0,/Users/rkfuentes/Documents/md_anderson_analysis/yepes_code/data/2025-11-20/scope-results-2025-11-20-0259.csv,4.878666666666669e-09,,110,,0,,50 ohms time 0.01
,SiC,1.0,Electron 85V,1.0,,0.0,40.0,/Users/rkfuentes/Documents/md_anderson_analysis/yepes_code/data/2025-11-20/scope-results-2025-11-20-0260.csv,1.6781499999999994e-07,,356,,0,,50 ohms time 0.01
,SiC,1.0,Electron 85V,1.0,,0.0,40.0,/Users/rkfuentes/Documents/md_anderson_analysis/yepes_code/data/2025-11-20/scope-results-2025-11-20-0261.csv,1.6516000000000034e-08,,58,,0,,50 ohms time 0.01
,SiC,1.0,Electron 85V,1.0,,0.0,40.0,/Users/rkfuentes/Documents/md_anderson_analysis/yepes_code/data/2025-11-20/scope-results-2025-11-20-0262.csv,5.987999999999981e-09,,107,,0,,50 ohms time 0.01
,SiC,1.0,Electron 85V,1.0,,0.0,40.0,/Users/rkfuentes/Documents/md_anderson_analysis/yepes_code/data/2025-11-20/scope-results-2025-11-20-0263.csv,2.305333333333334e-09,,48,,0,,50 ohms time 0.01
,SiC,1.0,Electron 85V,1.0,,0.0,40.0,/Users/rkfuentes/Documents/md_anderson_analysis/yepes_code/data/2025-11-20/scope-results-2025-11-20-0264.csv,2.8127999999999996e-08,,141,,0,,50 ohms time 0.01
,SiC,1.0,Electron 85V,1.0,,0.0,40.0,/Users/rkfuentes/Documents/md_anderson_analysis/yepes_code/data/2025-11-20/scope-results-2025-11-20-0265.csv,4.1599999999996884e-10,,70,,0,,50 ohms time 0.01
,SiC,1.0,Electron 85V,1.0,,0.0,40.0,/Users/rkfuentes/Documents/md_anderson_analysis/yepes_code/data/2025-11-20/scope-results-2025-11-20-0266.csv,2.9233461706892576e-11,,22,,0,,50 ohms time 0.01
,SiC,1.0,Electron 85V,1.0,,0.0,40.0,/Users/rkfuentes/Documents/md_anderson_analysis/yepes_code/data/2025-11-20/scope-results-2025-11-20-0267.csv,5.866666666666607e-10,,51,,0,,50 ohms time 0.01
,SiC,1.0,Electron 85V,1.0,,0.0,40.0,/Users/rkfuentes/Documents/md_anderson_analysis/yepes_code/data/2025-11-20/scope-results-2025-11-20-0268.csv,9.066666666666161e-11,,33,,0,,50 ohms time 0.01
,SiC,1.0,Electron 85V,1.0,,0.0,40.0,/Users/rkfuentes/Documents/md_anderson_analysis/yepes_code/data/2025-11-20/scope-results-2025-11-20-0269.csv,8.633333333332005e-11,,29,,0,,50 ohms time 0.01
,SiC,1.0,Electron 85V,1.0,,0.0,40.0,/Users/rkfuentes/Documents/md_anderson_analysis/yepes_code/data/2025-11-20/scope-results-2025-11-20-0270.csv,6.236666666666597e-10,,59,,0,,50 ohms time 0.01
,SiC,1.0,Electron 85V,1.0,,0.0,40.0,/Users/rkfuentes/Documents/md_anderson_analysis/yepes_code/data/2025-11-20/scope-results-2025-11-20-0271.csv,7.433333333332253e-11,,28,,0,,50 ohms time 0.01
,SiC,1.0,Electron 85V,1.0,,0.0,40.0,/Users/rkfuentes/Documents/md_anderson_analysis/yepes_code/data/2025-11-20/scope-results-2025-11-20-0272.csv,5.403333333333326e-10,,24,,0,,50 ohms time 0.01
,SiC,1.0,Electron 85V,1.0,,0.0,40.0,/Users/rkfuentes/Documents/md_anderson_analysis/yepes_code/data/2025-11-20/scope-results-2025-11-20-0273.csv,5.799999999999933e-10,,30,,0,,50 ohms time 0.01
,SiC,1.0,Electron 85V,1.0,,0.0,40.0,/Users/rkfuentes/Documents/md_anderson_analysis/yepes_code/data/2025-11-20/scope-results-2025-11-20-0274.csv,5.0333333333336255e-11,,49,,0,,50 ohms time 0.01
,SiC,1.0,Electron 85V,1.0,,0.0,40.0,/Users/rkfuentes/Documents/md_anderson_analysis/yepes_code/data/2025-11-20/scope-results-2025-11-20-0275.csv,5.586666666666995e-10,,112,,0,,50 ohms time 0.01
,SiC,1.0,Electron 85V,1.0,,0.0,40.0,/Users/rkfuentes/Documents/md_anderson_analysis/yepes_code/data/2025-11-20/scope-results-2025-11-20-0276.csv,1.600000000000524e-11,,36,,0,,50 ohms time 0.01
,SiC,1.0,Electron 110V,1.0,,0.0,40.0,/Users/rkfuentes/Documents/md_anderson_analysis/yepes_code/data/2025-11-20/scope-results-2025-11-20-0309.csv,5.851000000000011e-09,,142,,0,,50 ohms time 0.01
,SiC,1.0,Electron 110V,1.0,,0.0,40.0,/Users/rkfuentes/Documents/md_anderson_analysis/yepes_code/data/2025-11-20/scope-results-2025-11-20-0310.csv,6.02266666666667e-09,,132,,0,,50 ohms time 0.01
,SiC,1.0,Electron 110V,1.0,,0.0,40.0,/Users/rkfuentes/Documents/md_anderson_analysis/yepes_code/data/2025-11-20/scope-results-2025-11-20-0311.csv,1.1275333333333353e-08,,134,,0,,50 ohms time 0.01
,SiC,1.0,Electron 110V,1.0,,0.0,40.0,/Users/rkfuentes/Documents/md_anderson_analysis/yepes_code/data/2025-11-20/scope-results-2025-11-20-0312.csv,8.47866666666665e-09,,136,,0,,50 ohms time 0.01
,SiC,1.0,Electron 110V,1.0,,0.0,40.0,/Users/rkfuentes/Documents/md_anderson_analysis/yepes_code/data/2025-11-20/scope-results-2025-11-20-0313.csv,8.504000000000005e-09,,137,,0,,50 ohms time 0.01
,SiC,1.0,Electron 110V,1.0,,0.0,40.0,/Users/rkfuentes/Documents/md_anderson_analysis/yepes_code/data/2025-11-20/scope-results-2025-11-20-0314.csv,6.0649999999999934e-09,,134,,0,,50 ohms time 0.01
,SiC,1.0,Electron 110V,1.0,,0.0,40.0,/Users/rkfuentes/Documents/md_anderson_analysis/yepes_code/data/2025-11-20/scope-results-2025-11-20-0315.csv,5.846666666666663e-09,,138,,0,,50 ohms time 0.01
,SiC,1.0,Electron 110V,1.0,,0.0,40.0,/Users/rkfuentes/Documents/md_anderson_analysis/yepes_code/data/2025-11-20/scope-results-2025-11-20-0316.csv,8.634666666666695e-09,,141,,0,,50 ohms time 0.01
,SiC,1.0,Electron 110V,1.0,,0.0,40.0,/Users/rkfuentes/Documents/md_anderson_analysis/yepes_code/data/2025-11-20/scope-results-2025-11-20-0317.csv,8.366666666666652e-09,,142,,0,,50 ohms time 0.01
,SiC,1.0,Electron 110V,1.0,,0.0,40.0,/Users/rkfuentes/Documents/md_anderson_analysis/yepes_code/data/2025-11-20/scope-results-2025-11-20-0318.csv,8.83166666666666e-09,,143,,0,,50 ohms time 0.01
,SiC,1.0,Electron 110V,1.0,,0.0,40.0,/Users/rkfuentes/Documents/md_anderson_analysis/yepes_code/data/2025-11-20/scope-results-2025-11-20-0319.csv,8.569333333333335e-09,,148,,0,,50 ohms time 0.01
,SiC,1.0,Electron 110V,1.0,,0.0,40.0,/Users/rkfuentes/Documents/md_anderson_analysis/yepes_code/data/2025-11-20/scope-results-2025-11-20-0320.csv,8.610999999999992e-09,,141,,0,,50 ohms time 0.01
,SiC,1.0,Electron 191V,1.0,,0.0,40.0,/Users/rkfuentes/Documents/md_anderson_analysis/yepes_code/data/2025-11-20/scope-results-2025-11-20-0365.csv,4.0126333333333334e-08,,147,,0,,50 ohms time 0.01
,SiC,1.0,Electron 191V,1.0,,0.0,40.0,/Users/rkfuentes/Documents/md_anderson_analysis/yepes_code/data/2025-11-20/scope-results-2025-11-20-0366.csv,4.4516e-08,,153,,0,,50 ohms time 0.01
,SiC,1.0,Electron 191V,1.0,,0.0,40.0,/Users/rkfuentes/Documents/md_anderson_analysis/yepes_code/data/2025-11-20/scope-results-2025-11-20-0367.csv,4.161233333333337e-08,,159,,0,,50 ohms time 0.01
,SiC,1.0,Electron 191V,1.0,,0.0,40.0,/Users/rkfuentes/Documents/md_anderson_analysis/yepes_code/data/2025-11-20/scope-results-2025-11-20-0368.csv,4.480099999999997e-08,,154,,0,,50 ohms time 0.01
,SiC,1.0,Electron 191V,1.0,,0.0,40.0,/Users/rkfuentes/Documents/md_anderson_analysis/yepes_code/data/2025-11-20/scope-results-2025-11-20-0369.csv,4.4146666666666715e-08,,143,,0,,50 ohms time 0.01
,SiC,1.0,Electron 191V,1.0,,0.0,40.0,/Users/rkfuentes/Documents/md_anderson_analysis/yepes_code/data/2025-11-20/scope-results-2025-11-20-0370.csv,4.140866666666668e-08,,158,,0,,50 ohms time 0.01
,SiC,1.0,Electron 191V,1.0,,0.0,40.0,/Users/rkfuentes/Documents/md_anderson_analysis/yepes_code/data/2025-11-20/scope-results-2025-11-20-0371.csv,3.959866666666666e-08,,140,,0,,50 ohms time 0.01
,SiC,1.0,Electron 191V,1.0,,0.0,40.0,/Users/rkfuentes/Documents/md_anderson_analysis/yepes_code/data/2025-11-20/scope-results-2025-11-20-0372.csv,4.4423999999999995e-08,,145,,0,,50 ohms time 0.01
,SiC,1.0,Electron 191V,1.0,,0.0,40.0,/Users/rkfuentes/Documents/md_anderson_analysis/yepes_code/data/2025-11-20/scope-results-2025-11-20-0373.csv,4.10956666666667e-08,,150,,0,,50 ohms time 0.01
,SiC,1.0,Electron 191V,1.0,,0.0,40.0,/Users/rkfuentes/Documents/md_anderson_analysis/yepes_code/data/2025-11-20/scope-results-2025-11-20-0374.csv,4.132733333333337e-08,,158,,0,,50 ohms time 0.01
,SiC,1.0,Electron 191V,1.0,,0.0,40.0,/Users/rkfuentes/Documents/md_anderson_analysis/yepes_code/data/2025-11-20/scope-results-2025-11-20-0375.csv,4.3908000000000025e-08,,155,,0,,50 ohms time 0.01
,SiC,1.0,Electron 191V,1.0,,0.0,40.0,/Users/rkfuentes/Documents/md_anderson_analysis/yepes_code/data/2025-11-20/scope-results-2025-11-20-0376.csv,4.114e-08,,141,,0,,50 ohms time 0.01
,SiC,1.0,Electron 191V,1.0,,0.0,40.0,/Users/rkfuentes/Documents/md_anderson_analysis/yepes_code/data/2025-11-20/scope-results-2025-11-20-0377.csv,4.2191666666666676e-08,,158,,0,,50 ohms time 0.01
,SiC,1.0,Electron 191V,1.0,,0.0,40.0,/Users/rkfuentes/Documents/md_anderson_analysis/yepes_code/data/2025-11-20/scope-results-2025-11-20-0378.csv,4.4221333333333345e-08,,143,,0,,50 ohms time 0.01
,SiC,1.0,Electron 191V,1.0,,0.0,40.0,/Users/rkfuentes/Documents/md_anderson_analysis/yepes_code/data/2025-11-20/scope-results-2025-11-20-0379.csv,4.3229666666666675e-08,,152,,0,,50 ohms time 0.01
,SiC,1.0,Electron 85V,1.0,,0.0,40.0,/Users/rkfuentes/Documents/md_anderson_analysis/yepes_code/data/2025-11-20/scope-results-2025-11-20-0403.csv,2.144333333333347e-09,,56,,0,,50 ohms time 0.01
,SiC,1.0,Electron 85V,1.0,,0.0,40.0,/Users/rkfuentes/Documents/md_anderson_analysis/yepes_code/data/2025-11-20/scope-results-2025-11-20-0404.csv,4.1691945836577077e-10,,25,,0,,50 ohms time 0.01
,SiC,1.0,Electron 85V,1.0,,0.0,40.0,/Users/rkfuentes/Documents/md_anderson_analysis/yepes_code/data/2025-11-20/scope-results-2025-11-20-0405.csv,4.529000000000005e-09,,109,,0,,50 ohms time 0.01
,SiC,1.0,Electron 85V,1.0,,0.0,40.0,/Users/rkfuentes/Documents/md_anderson_analysis/yepes_code/data/2025-11-20/scope-results-2025-11-20-0406.csv,4.786666666666197e-10,,57,,0,,50 ohms time 0.01
,SiC,1.0,Electron 85V,1.0,,0.0,40.0,/Users/rkfuentes/Documents/md_anderson_analysis/yepes_code/data/2025-11-20/scope-results-2025-11-20-0407.csv,7.466666666667057e-11,,37,,0,,50 ohms time 0.01
,SiC,1.0,Electron 85V,1.0,,0.0,40.0,/Users/rkfuentes/Documents/md_anderson_analysis/yepes_code/data/2025-11-20/scope-results-2025-11-20-0408.csv,2.6472999999999995e-08,,358,,0,,50 ohms time 0.01
,SiC,1.0,Electron 85V,1.0,,0.0,40.0,/Users/rkfuentes/Documents/md_anderson_analysis/yepes_code/data/2025-11-20/scope-results-2025-11-20-0409.csv,2.633333333333366e-09,,223,,0,,50 ohms time 0.01
,SiC,1.0,Electron 85V,1.0,,0.0,40.0,/Users/rkfuentes/Documents/md_anderson_analysis/yepes_code/data/2025-11-20/scope-results-2025-11-20-0410.csv,1.034666666666664e-09,,50,,0,,50 ohms time 0.01
,SiC,1.0,Electron 85V,1.0,,0.0,40.0,/Users/rkfuentes/Documents/md_anderson_analysis/yepes_code/data/2025-11-20/scope-results-2025-11-20-0411.csv,3.956666666666739e-10,,57,,0,,50 ohms time 0.01
,SiC,1.0,Electron 85V,1.0,,0.0,40.0,/Users/rkfuentes/Documents/md_anderson_analysis/yepes_code/data/2025-11-20/scope-results-2025-11-20-0412.csv,1.5433333333333756e-10,,29,,0,,50 ohms time 0.01
,SiC,1.0,Electron 85V,1.0,,0.0,40.0,/Users/rkfuentes/Documents/md_anderson_analysis/yepes_code/data/2025-11-20/scope-results-2025-11-20-0413.csv,5.486666666666233e-10,,34,,0,,50 ohms time 0.01
,SiC,1.0,Electron 85V,1.0,,0.0,40.0,/Users/rkfuentes/Documents/md_anderson_analysis/yepes_code/data/2025-11-20/scope-results-2025-11-20-0414.csv,4.535499999999995e-08,,350,,0,,50 ohms time 0.01
,SiC,1.0,Electron 85V,1.0,,0.0,40.0,/Users/rkfuentes/Documents/md_anderson_analysis/yepes_code/data/2025-11-20/scope-results-2025-11-20-0415.csv,2.1501333333333348e-08,,350,,0,,50 ohms time 0.01
,SiC,1.0,Electron 85V,1.0,,0.0,40.0,/Users/rkfuentes/Documents/md_anderson_analysis/yepes_code/data/2025-11-20/scope-results-2025-11-20-0416.csv,3.1999999999999915e-10,,25,,0,,50 ohms time 0.01
,SiC,1.0,Electron 85V,1.0,,0.0,40.0,/Users/rkfuentes/Documents/md_anderson_analysis/yepes_code/data/2025-11-20/scope-results-2025-11-20-0417.csv,1.5351666666666688e-08,,377,,0,,50 ohms time 0.01
,SiC,1.0,Electron 85V,1.0,,0.0,40.0,/Users/rkfuentes/Documents/md_anderson_analysis/yepes_code/data/2025-11-20/scope-results-2025-11-20-0418.csv,2.2720000000000447e-09,,380,,0,,50 ohms time 0.01
,SiC,1.0,Electron 85V,1.0,,0.0,40.0,/Users/rkfuentes/Documents/md_anderson_analysis/yepes_code/data/2025-11-20/scope-results-2025-11-20-0419.csv,1.064666666666647e-09,,28,,0,,50 ohms time 0.01
,SiC,1.0,Electron 85V,1.0,,0.0,40.0,/Users/rkfuentes/Documents/md_anderson_analysis/yepes_code/data/2025-11-20/scope-results-2025-11-20-0420.csv,4.946666666666953e-10,,337,,0,,50 ohms time 0.01
,SiC,1.0,Electron 85V,1.0,,0.0,40.0,/Users/rkfuentes/Documents/md_anderson_analysis/yepes_code/data/2025-11-20/scope-results-2025-11-20-0421.csv,3.959999999999994e-10,,49,,0,,50 ohms time 0.01
,SiC,1.0,Electron 85V,1.0,,0.0,40.0,/Users/rkfuentes/Documents/md_anderson_analysis/yepes_code/data/2025-11-20/scope-results-2025-11-20-0422.csv,2.452333333333346e-09,,59,,0,,50 ohms time 0.01
,SiC,1.0,Electron 85V,1.0,,0.0,40.0,/Users/rkfuentes/Documents/md_anderson_analysis/yepes_code/data/2025-11-20/scope-results-2025-11-20-0423.csv,2.007066666666668e-08,,96,,0,,50 ohms time 0.01
,SiC,1.0,Electron 85V,1.0,,0.0,40.0,/Users/rkfuentes/Documents/md_anderson_analysis/yepes_code/data/2025-11-20/scope-results-2025-11-20-0424.csv,7.369999999999894e-10,,53,,0,,50 ohms time 0.01
,SiC,1.0,Electron 85V,1.0,,0.0,40.0,/Users/rkfuentes/Documents/md_anderson_analysis/yepes_code/data/2025-11-20/scope-results-2025-11-20-0425.csv,7.143333333333115e-10,,40,,0,,50 ohms time 0.01
,SiC,1.0,Electron 85V,1.0,,0.0,40.0,/Users/rkfuentes/Documents/md_anderson_analysis/yepes_code/data/2025-11-20/scope-results-2025-11-20-0426.csv,1.3156679504022004e-10,,26,,0,,50 ohms time 0.01
,SiC,1.0,Electron 85V,1.0,,0.0,40.0,/Users/rkfuentes/Documents/md_anderson_analysis/yepes_code/data/2025-11-20/scope-results-2025-11-20-0427.csv,1.132000000000001e-09,,104,,0,,50 ohms time 0.01
,SiC,1.0,Electron 85V,1.0,,0.0,40.0,/Users/rkfuentes/Documents/md_anderson_analysis/yepes_code/data/2025-11-20/scope-results-2025-11-20-0428.csv,3.3866666666666457e-11,,48,,0,,50 ohms time 0.01
,SiC,1.0,Electron 85V,1.0,,0.0,40.0,/Users/rkfuentes/Documents/md_anderson_analysis/yepes_code/data/2025-11-20/scope-results-2025-11-20-0429.csv,4.0960000000002255e-10,,61,,0,,50 ohms time 0.01
,SiC,1.0,Electron 85V,1.0,,0.0,40.0,/Users/rkfuentes/Documents/md_anderson_analysis/yepes_code/data/2025-11-20/scope-results-2025-11-20-0430.csv,1.129733333333362e-09,,31,,0,,50 ohms time 0.01
,SiC,1.0,Electron 85V,1.0,,0.0,40.0,/Users/rkfuentes/Documents/md_anderson_analysis/yepes_code/data/2025-11-20/scope-results-2025-11-20-0431.csv,1.7353333333331382e-10,,43,,0,,50 ohms time 0.01
,SiC,1.0,Electron 85V,1.0,,0.0,40.0,/Users/rkfuentes/Documents/md_anderson_analysis/yepes_code/data/2025-11-20/scope-results-2025-11-20-0432.csv,2.7486666666666795e-10,,57,,0,,50 ohms time 0.01
,SiC,1.0,Electron 85V,1.0,,0.0,40.0,/Users/rkfuentes/Documents/md_anderson_analysis/yepes_code/data/2025-11-20/scope-results-2025-11-20-0433.csv,1.4400000000002546e-11,,25,,0,,50 ohms time 0.01
,SiC,1.0,Electron 85V,1.0,,0.0,40.0,/Users/rkfuentes/Documents/md_anderson_analysis/yepes_code/data/2025-11-20/scope-results-2025-11-20-0434.csv,4.608600000000009e-09,,42,,0,,50 ohms time 0.01
,SiC,1.0,Electron 85V,1.0,,0.0,40.0,/Users/rkfuentes/Documents/md_anderson_analysis/yepes_code/data/2025-11-20/scope-results-2025-11-20-0435.csv,2.9466666666667857e-10,,85,,0,,50 ohms time 0.01
,SiC,1.0,Electron 85V,1.0,,0.0,40.0,/Users/rkfuentes/Documents/md_anderson_analysis/yepes_code/data/2025-11-20/scope-results-2025-11-20-0436.csv,3.281733333333312e-09,,365,,0,,50 ohms time 0.01
,SiC,1.0,Electron 85V,1.0,,0.0,40.0,/Users/rkfuentes/Documents/md_anderson_analysis/yepes_code/data/2025-11-20/scope-results-2025-11-20-0437.csv,8.586666666666576e-11,,45,,0,,50 ohms time 0.01
,SiC,1.0,Electron 85V,1.0,,0.0,40.0,/Users/rkfuentes/Documents/md_anderson_analysis/yepes_code/data/2025-11-20/scope-results-2025-11-20-0438.csv,1.155466666666646e-09,,44,,0,,50 ohms time 0.01
,SiC,1.0,Electron 85V,1.0,,0.0,40.0,/Users/rkfuentes/Documents/md_anderson_analysis/yepes_code/data/2025-11-20/scope-results-2025-11-20-0439.csv,3.6600000000000706e-11,,22,,0,,50 ohms time 0.01
,SiC,1.0,Electron 85V,1.0,,0.0,40.0,/Users/rkfuentes/Documents/md_anderson_analysis/yepes_code/data/2025-11-20/scope-results-2025-11-20-0440.csv,6.421333333333158e-10,,67,,0,,50 ohms time 0.01
,SiC,1.0,Electron 85V,1.0,,0.0,40.0,/Users/rkfuentes/Documents/md_anderson_analysis/yepes_code/data/2025-11-20/scope-results-2025-11-20-0441.csv,1.1274666666666543e-09,,58,,0,,50 ohms time 0.01
,SiC,1.0,Electron 85V,1.0,,0.0,40.0,/Users/rkfuentes/Documents/md_anderson_analysis/yepes_code/data/2025-11-20/scope-results-2025-11-20-0442.csv,5.541333333333242e-10,,51,,0,,50 ohms time 0.01
,SiC,1.0,Electron 85V,1.0,,0.0,40.0,/Users/rkfuentes/Documents/md_anderson_analysis/yepes_code/data/2025-11-20/scope-results-2025-11-20-0443.csv,5.196005134942515e-11,,25,,0,,50 ohms time 0.01
,SiC,1.0,Electron 85V,1.0,,0.0,40.0,/Users/rkfuentes/Documents/md_anderson_analysis/yepes_code/data/2025-11-20/scope-results-2025-11-20-0444.csv,1.0459999999999995e-10,,27,,0,,50 ohms time 0.01
,SiC,1.0,Electron 85V,1.0,,0.0,40.0,/Users/rkfuentes/Documents/md_anderson_analysis/yepes_code/data/2025-11-20/scope-results-2025-11-20-0445.csv,2.309866666666675e-09,,192,,0,,50 ohms time 0.01
,SiC,1.0,Electron 85V,1.0,,0.0,40.0,/Users/rkfuentes/Documents/md_anderson_analysis/yepes_code/data/2025-11-20/scope-results-2025-11-20-0446.csv,2.5199722578815863e-10,,208,,0,,50 ohms time 0.01
,SiC,1.0,Electron 85V,1.0,,0.0,40.0,/Users/rkfuentes/Documents/md_anderson_analysis/yepes_code/data/2025-11-20/scope-results-2025-11-20-0447.csv,1.1882000000000092e-09,,30,,0,,50 ohms time 0.01
,SiC,1.0,Electron 85V,1.0,,0.0,40.0,/Users/rkfuentes/Documents/md_anderson_analysis/yepes_code/data/2025-11-20/scope-results-2025-11-20-0448.csv,2.674666666666466e-10,,62,,0,,50 ohms time 0.01
,SiC,1.0,Electron 85V,1.0,,0.0,40.0,/Users/rkfuentes/Documents/md_anderson_analysis/yepes_code/data/2025-11-20/scope-results-2025-11-20-0449.csv,1.966666666666689e-09,,48,,0,,50 ohms time 0.01
,SiC,1.0,Electron 85V,1.0,,0.0,40.0,/Users/rkfuentes/Documents/md_anderson_analysis/yepes_code/data/2025-11-20/scope-results-2025-11-20-0450.csv,4.1893333333333255e-09,,379,,0,,50 ohms time 0.01
,SiC,1.0,Electron 85V,1.0,,0.0,40.0,/Users/rkfuentes/Documents/md_anderson_analysis/yepes_code/data/2025-11-20/scope-results-2025-11-20-0451.csv,1.8023521103629247e-10,,33,,0,,50 ohms time 0.01
,SiC,1.0,Electron 85V,1.0,,0.0,40.0,/Users/rkfuentes/Documents/md_anderson_analysis/yepes_code/data/2025-11-20/scope-results-2025-11-20-0452.csv,7.729999999999894e-10,,31,,0,,50 ohms time 0.01
,SiC,1.0,Electron 110V,1.0,,0.0,40.0,/Users/rkfuentes/Documents/md_anderson_analysis/yepes_code/data/2025-11-20/scope-results-2025-11-20-0453.csv,6.793600000000003e-09,,161,,0,,50 ohms time 0.01
,SiC,1.0,Electron 110V,1.0,,0.0,40.0,/Users/rkfuentes/Documents/md_anderson_analysis/yepes_code/data/2025-11-20/scope-results-2025-11-20-0454.csv,6.1125333333333165e-09,,146,,0,,50 ohms time 0.01
,SiC,1.0,Electron 110V,1.0,,0.0,40.0,/Users/rkfuentes/Documents/md_anderson_analysis/yepes_code/data/2025-11-20/scope-results-2025-11-20-0455.csv,6.34826666666666e-09,,153,,0,,50 ohms time 0.01
,SiC,1.0,Electron 110V,1.0,,0.0,40.0,/Users/rkfuentes/Documents/md_anderson_analysis/yepes_code/data/2025-11-20/scope-results-2025-11-20-0456.csv,7.664533333333325e-09,,164,,0,,50 ohms time 0.01
,SiC,1.0,Electron 110V,1.0,,0.0,40.0,/Users/rkfuentes/Documents/md_anderson_analysis/yepes_code/data/2025-11-20/scope-results-2025-11-20-0457.csv,6.787333333333327e-09,,151,,0,,50 ohms time 0.01
,SiC,1.0,Electron 110V,1.0,,0.0,40.0,/Users/rkfuentes/Documents/md_anderson_analysis/yepes_code/data/2025-11-20/scope-results-2025-11-20-0458.csv,7.427733333333335e-09,,157,,0,,50 ohms time 0.01
,SiC,1.0,Electron 110V,1.0,,0.0,40.0,/Users/rkfuentes/Documents/md_anderson_analysis/yepes_code/data/2025-11-20/scope-results-2025-11-20-0459.csv,6.807133333333313e-09,,162,,0,,50 ohms time 0.01
,SiC,1.0,Electron 110V,1.0,,0.0,40.0,/Users/rkfuentes/Documents/md_anderson_analysis/yepes_code/data/2025-11-20/scope-results-2025-11-20-0460.csv,6.348666666666683e-09,,156,,0,,50 ohms time 0.01
,SiC,1.0,Electron 191V,1.0,,0.0,40.0,/Users/rkfuentes/Documents/md_anderson_analysis/yepes_code/data/2025-11-20/scope-results-2025-11-20-0461.csv,3.4099733333333324e-08,,130,,0,,50 ohms time 0.01
,SiC,1.0,Electron 191V,1.0,,0.0,40.0,/Users/rkfuentes/Documents/md_anderson_analysis/yepes_code/data/2025-11-20/scope-results-2025-11-20-0462.csv,3.7662866666666686e-08,,135,,0,,50 ohms time 0.01
,SiC,1.0,Electron 191V,1.0,,0.0,40.0,/Users/rkfuentes/Documents/md_anderson_analysis/yepes_code/data/2025-11-20/scope-results-2025-11-20-0463.csv,3.8365400000000015e-08,,141,,0,,50 ohms time 0.01
,SiC,1.0,Electron 191V,1.0,,0.0,40.0,/Users/rkfuentes/Documents/md_anderson_analysis/yepes_code/data/2025-11-20/scope-results-2025-11-20-0464.csv,1.9855866666666684e-08,,143,,0,,50 ohms time 0.01
,SiC,1.0,Electron 191V,1.0,,0.0,40.0,/Users/rkfuentes/Documents/md_anderson_analysis/yepes_code/data/2025-11-20/scope-results-2025-11-20-0465.csv,3.7703466666666665e-08,,150,,0,,50 ohms time 0.01
,SiC,1.0,Electron 191V,1.0,,0.0,40.0,/Users/rkfuentes/Documents/md_anderson_analysis/yepes_code/data/2025-11-20/scope-results-2025-11-20-0466.csv,2.368000000000009e-10,,29,,0,,50 ohms time 0.01
,SiC,1.0,Electron 191V,1.0,,0.0,40.0,/Users/rkfuentes/Documents/md_anderson_analysis/yepes_code/data/2025-11-20/scope-results-2025-11-20-0467.csv,4.8750933333333345e-08,,256,,0,,50 ohms time 0.01
,SiC,1.0,Electron 191V,1.0,,0.0,40.0,/Users/rkfuentes/Documents/md_anderson_analysis/yepes_code/data/2025-11-20/scope-results-2025-11-20-0468.csv,3.7866666666665894e-11,,26,,0,,50 ohms time 0.01
,SiC,1.0,Electron 191V,1.0,,0.0,40.0,/Users/rkfuentes/Documents/md_anderson_analysis/yepes_code/data/2025-11-20/scope-results-2025-11-20-0469.csv,2.975999999999988e-10,,42,,0,,50 ohms time 0.01
,SiC,1.0,Electron 191V,1.0,,0.0,40.0,/Users/rkfuentes/Documents/md_anderson_analysis/yepes_code/data/2025-11-20/scope-results-2025-11-20-0470.csv,1.8133333333334692e-11,,41,,0,,50 ohms time 0.01
,SiC,1.0,Electron 191V,1.0,,0.0,40.0,/Users/rkfuentes/Documents/md_anderson_analysis/yepes_code/data/2025-11-20/scope-results-2025-11-20-0471.csv,4.6406799999999996e-08,,141,,0,,50 ohms time 0.01
,SiC,1.0,Electron 191V,1.0,,0.0,40.0,/Users/rkfuentes/Documents/md_anderson_analysis/yepes_code/data/2025-11-20/scope-results-2025-11-20-0472.csv,4.404053333333336e-08,,144,,0,,50 ohms time 0.01
,SiC,1.0,Electron 191V,1.0,,0.0,40.0,/Users/rkfuentes/Documents/md_anderson_analysis/yepes_code/data/2025-11-20/scope-results-2025-11-20-0473.csv,4.5805866666666655e-08,,143,,0,,50 ohms time 0.01
,SiC,1.0,Electron 85V,1.0,,0.0,100.0,/Users/rkfuentes/Documents/md_anderson_analysis/yepes_code/data/2025-11-20/scope-results-2025-11-20-0474.csv,6.943866666666651e-09,,369,,0,,50 ohms time 0.01
,SiC,1.0,Electron 85V,1.0,,0.0,100.0,/Users/rkfuentes/Documents/md_anderson_analysis/yepes_code/data/2025-11-20/scope-results-2025-11-20-0475.csv,3.317866666666666e-09,,339,,0,,50 ohms time 0.01
,SiC,1.0,Electron 85V,1.0,,0.0,100.0,/Users/rkfuentes/Documents/md_anderson_analysis/yepes_code/data/2025-11-20/scope-results-2025-11-20-0476.csv,1.2124000000000083e-09,,166,,0,,50 ohms time 0.01
,SiC,1.0,Electron 85V,1.0,,0.0,100.0,/Users/rkfuentes/Documents/md_anderson_analysis/yepes_code/data/2025-11-20/scope-results-2025-11-20-0477.csv,4.181866666666677e-09,,318,,0,,50 ohms time 0.01
,SiC,1.0,Electron 85V,1.0,,0.0,100.0,/Users/rkfuentes/Documents/md_anderson_analysis/yepes_code/data/2025-11-20/scope-results-2025-11-20-0478.csv,8.763493333333335e-08,,351,,0,,50 ohms time 0.01
,SiC,1.0,Electron 85V,1.0,,0.0,100.0,/Users/rkfuentes/Documents/md_anderson_analysis/yepes_code/data/2025-11-20/scope-results-2025-11-20-0479.csv,4.2749333333333304e-08,,368,,0,,50 ohms time 0.01
,SiC,1.0,Electron 85V,1.0,,0.0,100.0,/Users/rkfuentes/Documents/md_anderson_analysis/yepes_code/data/2025-11-20/scope-results-2025-11-20-0480.csv,1.8282666666666886e-09,,353,,0,,50 ohms time 0.01
,SiC,1.0,Electron 85V,1.0,,0.0,100.0,/Users/rkfuentes/Documents/md_anderson_analysis/yepes_code/data/2025-11-20/scope-results-2025-11-20-0481.csv,1.5031599999999993e-08,,342,,0,,50 ohms time 0.01
,SiC,1.0,Electron 85V,1.0,,0.0,100.0,/Users/rkfuentes/Documents/md_anderson_analysis/yepes_code/data/2025-11-20/scope-results-2025-11-20-0482.csv,1.1119466666666684e-08,,371,,0,,50 ohms time 0.01
,SiC,1.0,Electron 85V,1.0,,0.0,100.0,/Users/rkfuentes/Documents/md_anderson_analysis/yepes_code/data/2025-11-20/scope-results-2025-11-20-0483.csv,1.4170133333333329e-08,,337,,0,,50 ohms time 0.01
,SiC,1.0,Electron 85V,1.0,,0.0,100.0,/Users/rkfuentes/Documents/md_anderson_analysis/yepes_code/data/2025-11-20/scope-results-2025-11-20-0484.csv,1.951520000000002e-08,,337,,0,,50 ohms time 0.01
,SiC,1.0,Electron 85V,1.0,,0.0,100.0,/Users/rkfuentes/Documents/md_anderson_analysis/yepes_code/data/2025-11-20/scope-results-2025-11-20-0485.csv,2.268399999999997e-09,,373,,0,,50 ohms time 0.01
,SiC,1.0,Electron 85V,1.0,,0.0,100.0,/Users/rkfuentes/Documents/md_anderson_analysis/yepes_code/data/2025-11-20/scope-results-2025-11-20-0486.csv,1.9743999999999972e-09,,330,,0,,50 ohms time 0.01
,SiC,1.0,Electron 85V,1.0,,0.0,100.0,/Users/rkfuentes/Documents/md_anderson_analysis/yepes_code/data/2025-11-20/scope-results-2025-11-20-0487.csv,5.066666666666392e-11,,23,,0,,50 ohms time 0.01
,SiC,1.0,Electron 85V,1.0,,0.0,100.0,/Users/rkfuentes/Documents/md_anderson_analysis/yepes_code/data/2025-11-20/scope-results-2025-11-20-0488.csv,4.780799999999991e-09,,358,,0,,50 ohms time 0.01
,SiC,1.0,Electron 85V,1.0,,0.0,100.0,/Users/rkfuentes/Documents/md_anderson_analysis/yepes_code/data/2025-11-20/scope-results-2025-11-20-0489.csv,3.0024000000000005e-08,,344,,0,,50 ohms time 0.01
,SiC,1.0,Electron 85V,1.0,,0.0,100.0,/Users/rkfuentes/Documents/md_anderson_analysis/yepes_code/data/2025-11-20/scope-results-2025-11-20-0490.csv,2.6690533333333343e-08,,328,,0,,50 ohms time 0.01
,SiC,1.0,Electron 85V,1.0,,0.0,100.0,/Users/rkfuentes/Documents/md_anderson_analysis/yepes_code/data/2025-11-20/scope-results-2025-11-20-0491.csv,8.049599814588316e-11,,27,,0,,50 ohms time 0.01
,SiC,1.0,Electron 85V,1.0,,0.0,100.0,/Users/rkfuentes/Documents/md_anderson_analysis/yepes_code/data/2025-11-20/scope-results-2025-11-20-0492.csv,1.333333333374023e-13,,21,,0,,50 ohms time 0.01
,SiC,1.0,Electron 85V,1.0,,0.0,100.0,/Users/rkfuentes/Documents/md_anderson_analysis/yepes_code/data/2025-11-20/scope-results-2025-11-20-0493.csv,6.105706666666665e-08,,377,,0,,50 ohms time 0.01
,SiC,1.0,Electron 85V,1.0,,0.0,100.0,/Users/rkfuentes/Documents/md_anderson_analysis/yepes_code/data/2025-11-20/scope-results-2025-11-20-0494.csv,2.3952533333333312e-08,,340,,0,,50 ohms time 0.01
,SiC,1.0,Electron 85V,1.0,,0.0,100.0,/Users/rkfuentes/Documents/md_anderson_analysis/yepes_code/data/2025-11-20/scope-results-2025-11-20-0495.csv,2.6161599999999965e-08,,353,,0,,50 ohms time 0.01
,SiC,1.0,Electron 85V,1.0,,0.0,100.0,/Users/rkfuentes/Documents/md_anderson_analysis/yepes_code/data/2025-11-20/scope-results-2025-11-20-0496.csv,2.023333333333334e-09,,334,,0,,50 ohms time 0.01
,SiC,1.0,Electron 85V,1.0,,0.0,100.0,/Users/rkfuentes/Documents/md_anderson_analysis/yepes_code/data/2025-11-20/scope-results-2025-11-20-0497.csv,1.4036158783598718e-10,,36,,0,,50 ohms time 0.01
,SiC,1.0,Electron 85V,1.0,,0.0,100.0,/Users/rkfuentes/Documents/md_anderson_analysis/yepes_code/data/2025-11-20/scope-results-2025-11-20-0498.csv,1.857893333333333e-08,,339,,0,,50 ohms time 0.01
,SiC,1.0,Electron 85V,1.0,,0.0,100.0,/Users/rkfuentes/Documents/md_anderson_analysis/yepes_code/data/2025-11-20/scope-results-2025-11-20-0499.csv,5.429333333333131e-10,,85,,0,,50 ohms time 0.01
,SiC,1.0,Electron 85V,1.0,,0.0,100.0,/Users/rkfuentes/Documents/md_anderson_analysis/yepes_code/data/2025-11-20/scope-results-2025-11-20-0500.csv,2.364626666666668e-08,,378,,0,,50 ohms time 0.01
,SiC,1.0,Electron 85V,1.0,,0.0,100.0,/Users/rkfuentes/Documents/md_anderson_analysis/yepes_code/data/2025-11-20/scope-results-2025-11-20-0501.csv,6.074026666666665e-08,,363,,0,,50 ohms time 0.01
,SiC,1.0,Electron 85V,1.0,,0.0,100.0,/Users/rkfuentes/Documents/md_anderson_analysis/yepes_code/data/2025-11-20/scope-results-2025-11-20-0502.csv,2.078666666666638e-10,,21,,0,,50 ohms time 0.01
,SiC,1.0,Electron 85V,1.0,,0.0,100.0,/Users/rkfuentes/Documents/md_anderson_analysis/yepes_code/data/2025-11-20/scope-results-2025-11-20-0503.csv,2.5964799999999994e-08,,364,,0,,50 ohms time 0.01
,SiC,1.0,Electron 85V,1.0,,0.0,100.0,/Users/rkfuentes/Documents/md_anderson_analysis/yepes_code/data/2025-11-20/scope-results-2025-11-20-0504.csv,2.3284266666666705e-08,,360,,0,,50 ohms time 0.01
,SiC,1.0,Electron 85V,1.0,,0.0,100.0,/Users/rkfuentes/Documents/md_anderson_analysis/yepes_code/data/2025-11-20/scope-results-2025-11-20-0505.csv,1.4142671801609244e-10,,29,,0,,50 ohms time 0.01
,SiC,1.0,Electron 85V,1.0,,0.0,100.0,/Users/rkfuentes/Documents/md_anderson_analysis/yepes_code/data/2025-11-20/scope-results-2025-11-20-0506.csv,1.3439999999995874e-10,,54,,0,,50 ohms time 0.01
,SiC,1.0,Electron 85V,1.0,,0.0,200.0,/Users/rkfuentes/Documents/md_anderson_analysis/yepes_code/data/2025-11-20/scope-results-2025-11-20-0507.csv,1.654400000000005e-09,,170,,0,,50 ohms time 0.01
,SiC,1.0,Electron 85V,1.0,,0.0,200.0,/Users/rkfuentes/Documents/md_anderson_analysis/yepes_code/data/2025-11-20/scope-results-2025-11-20-0508.csv,2.579999999999996e-09,,156,,0,,50 ohms time 0.01
,SiC,1.0,Electron 85V,1.0,,0.0,200.0,/Users/rkfuentes/Documents/md_anderson_analysis/yepes_code/data/2025-11-20/scope-results-2025-11-20-0509.csv,1.988666666666667e-09,,151,,0,,50 ohms time 0.01
,SiC,1.0,Electron 85V,1.0,,0.0,200.0,/Users/rkfuentes/Documents/md_anderson_analysis/yepes_code/data/2025-11-20/scope-results-2025-11-20-0510.csv,2.566933333333334e-09,,164,,0,,50 ohms time 0.01
,SiC,1.0,Electron 85V,1.0,,0.0,200.0,/Users/rkfuentes/Documents/md_anderson_analysis/yepes_code/data/2025-11-20/scope-results-2025-11-20-0511.csv,1.332533333333282e-09,,358,,0,,50 ohms time 0.01
,SiC,1.0,Electron 85V,1.0,,0.0,200.0,/Users/rkfuentes/Documents/md_anderson_analysis/yepes_code/data/2025-11-20/scope-results-2025-11-20-0512.csv,4.79466666666667e-10,,158,,0,,50 ohms time 0.01
,SiC,1.0,Electron 85V,1.0,,0.0,200.0,/Users/rkfuentes/Documents/md_anderson_analysis/yepes_code/data/2025-11-20/scope-results-2025-11-20-0513.csv,2.1427999999999976e-09,,119,,0,,50 ohms time 0.01
,SiC,1.0,Electron 85V,1.0,,0.0,200.0,/Users/rkfuentes/Documents/md_anderson_analysis/yepes_code/data/2025-11-20/scope-results-2025-11-20-0514.csv,1.4062666666666662e-09,,151,,0,,50 ohms time 0.01
,SiC,1.0,Electron 85V,1.0,,0.0,200.0,/Users/rkfuentes/Documents/md_anderson_analysis/yepes_code/data/2025-11-20/scope-results-2025-11-20-0515.csv,1.9269333333333292e-09,,156,,0,,50 ohms time 0.01
,SiC,1.0,Electron 85V,1.0,,0.0,200.0,/Users/rkfuentes/Documents/md_anderson_analysis/yepes_code/data/2025-11-20/scope-results-2025-11-20-0516.csv,3.9921333333333055e-09,,344,,0,,50 ohms time 0.01
,SiC,1.0,Electron 85V,1.0,,0.0,200.0,/Users/rkfuentes/Documents/md_anderson_analysis/yepes_code/data/2025-11-20/scope-results-2025-11-20-0517.csv,1.1466666666673958e-11,,32,,0,,50 ohms time 0.01
,SiC,1.0,Electron 85V,1.0,,0.0,200.0,/Users/rkfuentes/Documents/md_anderson_analysis/yepes_code/data/2025-11-20/scope-results-2025-11-20-0518.csv,1.2384000000000252e-09,,154,,0,,50 ohms time 0.01
,SiC,1.0,Electron 85V,1.0,,0.0,200.0,/Users/rkfuentes/Documents/md_anderson_analysis/yepes_code/data/2025-11-20/scope-results-2025-11-20-0519.csv,5.035999999999988e-10,,163,,0,,50 ohms time 0.01
,SiC,1.0,Electron 85V,1.0,,0.0,200.0,/Users/rkfuentes/Documents/md_anderson_analysis/yepes_code/data/2025-11-20/scope-results-2025-11-20-0520.csv,1.6357333333333222e-09,,158,,0,,50 ohms time 0.01
,SiC,1.0,Electron 85V,1.0,,0.0,200.0,/Users/rkfuentes/Documents/md_anderson_analysis/yepes_code/data/2025-11-20/scope-results-2025-11-20-0521.csv,1.6564000000000124e-09,,167,,0,,50 ohms time 0.01
,SiC,1.0,Electron 85V,1.0,,0.0,200.0,/Users/rkfuentes/Documents/md_anderson_analysis/yepes_code/data/2025-11-20/scope-results-2025-11-20-0522.csv,8.632266666666664e-09,,359,,0,,50 ohms time 0.01
,SiC,1.0,Electron 85V,1.0,,0.0,200.0,/Users/rkfuentes/Documents/md_anderson_analysis/yepes_code/data/2025-11-20/scope-results-2025-11-20-0523.csv,1.4832000000000182e-09,,152,,0,,50 ohms time 0.01
,SiC,1.0,Electron 85V,1.0,,0.0,200.0,/Users/rkfuentes/Documents/md_anderson_analysis/yepes_code/data/2025-11-20/scope-results-2025-11-20-0524.csv,1.1622711354728367e-10,,33,,0,,50 ohms time 0.01
,SiC,1.0,Electron 85V,1.0,,0.0,200.0,/Users/rkfuentes/Documents/md_anderson_analysis/yepes_code/data/2025-11-20/scope-results-2025-11-20-0525.csv,2.0926666666666568e-09,,150,,0,,50 ohms time 0.01
,SiC,1.0,Electron 85V,1.0,,0.0,200.0,/Users/rkfuentes/Documents/md_anderson_analysis/yepes_code/data/2025-11-20/scope-results-2025-11-20-0526.csv,1.5290666666666702e-09,,158,,0,,50 ohms time 0.01
,SiC,1.0,Electron 85V,1.0,,0.0,200.0,/Users/rkfuentes/Documents/md_anderson_analysis/yepes_code/data/2025-11-20/scope-results-2025-11-20-0527.csv,8.823999999999996e-10,,62,,0,,50 ohms time 0.01
,SiC,1.0,Electron 85V,1.0,,0.0,200.0,/Users/rkfuentes/Documents/md_anderson_analysis/yepes_code/data/2025-11-20/scope-results-2025-11-20-0528.csv,2.282133333333315e-09,,144,,0,,50 ohms time 0.01
,SiC,1.0,Electron 85V,1.0,,0.0,200.0,/Users/rkfuentes/Documents/md_anderson_analysis/yepes_code/data/2025-11-20/scope-results-2025-11-20-0529.csv,2.271466666666674e-09,,150,,0,,50 ohms time 0.01
,SiC,1.0,Electron 85V,1.0,,0.0,200.0,/Users/rkfuentes/Documents/md_anderson_analysis/yepes_code/data/2025-11-20/scope-results-2025-11-20-0530.csv,1.0996005134942274e-10,,25,,0,,50 ohms time 0.01
,SiC,1.0,Electron 85V,1.0,,0.0,200.0,/Users/rkfuentes/Documents/md_anderson_analysis/yepes_code/data/2025-11-20/scope-results-2025-11-20-0531.csv,2.0594666666666606e-09,,155,,0,,50 ohms time 0.01
,SiC,1.0,Electron 85V,1.0,,0.0,200.0,/Users/rkfuentes/Documents/md_anderson_analysis/yepes_code/data/2025-11-20/scope-results-2025-11-20-0532.csv,1.3573333333333154e-09,,139,,0,,50 ohms time 0.01
,SiC,1.0,Electron 85V,1.0,,0.0,200.0,/Users/rkfuentes/Documents/md_anderson_analysis/yepes_code/data/2025-11-20/scope-results-2025-11-20-0533.csv,2.2026666666666418e-10,,31,,0,,50 ohms time 0.01
,SiC,1.0,Electron 85V,1.0,,0.0,200.0,/Users/rkfuentes/Documents/md_anderson_analysis/yepes_code/data/2025-11-20/scope-results-2025-11-20-0534.csv,1.5349333333333275e-09,,145,,0,,50 ohms time 0.01
,SiC,1.0,Electron 85V,1.0,,0.0,200.0,/Users/rkfuentes/Documents/md_anderson_analysis/yepes_code/data/2025-11-20/scope-results-2025-11-20-0535.csv,1.4991999999999935e-09,,140,,0,,50 ohms time 0.01
,SiC,1.0,Electron 85V,1.0,,0.0,200.0,/Users/rkfuentes/Documents/md_anderson_analysis/yepes_code/data/2025-11-20/scope-results-2025-11-20-0536.csv,1.2629333333333392e-09,,365,,0,,50 ohms time 0.01
,SiC,1.0,Electron 85V,1.0,,0.0,200.0,/Users/rkfuentes/Documents/md_anderson_analysis/yepes_code/data/2025-11-20/scope-results-2025-11-20-0537.csv,2.293866666666681e-09,,149,,0,,50 ohms time 0.01
,SiC,1.0,Electron 85V,1.0,,0.0,200.0,/Users/rkfuentes/Documents/md_anderson_analysis/yepes_code/data/2025-11-20/scope-results-2025-11-20-0538.csv,7.684266666666673e-09,,349,,0,,50 ohms time 0.01
,SiC,1.0,Electron 85V,1.0,,0.0,200.0,/Users/rkfuentes/Documents/md_anderson_analysis/yepes_code/data/2025-11-20/scope-results-2025-11-20-0539.csv,2.271600000000016e-09,,150,,0,,50 ohms time 0.01
,SiC,1.0,Electron 85V,1.0,,0.0,200.0,/Users/rkfuentes/Documents/md_anderson_analysis/yepes_code/data/2025-11-20/scope-results-2025-11-20-0540.csv,1.0687999999999848e-09,,138,,0,,50 ohms time 0.01
,SiC,1.0,Electron 85V,1.0,,0.0,200.0,/Users/rkfuentes/Documents/md_anderson_analysis/yepes_code/data/2025-11-20/scope-results-2025-11-20-0541.csv,1.6997333333333272e-09,,387,,0,,50 ohms time 0.01
,SiC,1.0,Electron 85V,1.0,,0.0,200.0,/Users/rkfuentes/Documents/md_anderson_analysis/yepes_code/data/2025-11-20/scope-results-2025-11-20-0542.csv,3.441600000000019e-09,,142,,0,,50 ohms time 0.01
,SiC,1.0,Electron 85V,1.0,,0.0,200.0,/Users/rkfuentes/Documents/md_anderson_analysis/yepes_code/data/2025-11-20/scope-results-2025-11-20-0543.csv,2.4325333333333367e-09,,150,,0,,50 ohms time 0.01
,SiC,1.0,Electron 85V,1.0,,0.0,200.0,/Users/rkfuentes/Documents/md_anderson_analysis/yepes_code/data/2025-11-20/scope-results-2025-11-20-0544.csv,3.113066666666686e-09,,145,,0,,50 ohms time 0.01
,SiC,1.0,Electron 85V,1.0,,0.0,200.0,/Users/rkfuentes/Documents/md_anderson_analysis/yepes_code/data/2025-11-20/scope-results-2025-11-20-0545.csv,7.270666666666472e-10,,156,,0,,50 ohms time 0.01
,SiC,1.0,Electron 85V,1.0,,0.0,200.0,/Users/rkfuentes/Documents/md_anderson_analysis/yepes_code/data/2025-11-20/scope-results-2025-11-20-0546.csv,1.386399999999998e-09,,152,,0,,50 ohms time 0.01
,SiC,1.0,Electron 85V,1.0,,0.0,200.0,/Users/rkfuentes/Documents/md_anderson_analysis/yepes_code/data/2025-11-20/scope-results-2025-11-20-0547.csv,1.250666666666411e-10,,28,,0,,50 ohms time 0.01
,SiC,1.0,Electron 85V,1.0,,0.0,200.0,/Users/rkfuentes/Documents/md_anderson_analysis/yepes_code/data/2025-11-20/scope-results-2025-11-20-0548.csv,2.4074666666666623e-09,,143,,0,,50 ohms time 0.01
,SiC,1.0,Electron 85V,1.0,,0.0,200.0,/Users/rkfuentes/Documents/md_anderson_analysis/yepes_code/data/2025-11-20/scope-results-2025-11-20-0549.csv,2.9760000000000867e-10,,149,,0,,50 ohms time 0.01
,SiC,1.0,Electron 85V,1.0,,0.0,200.0,/Users/rkfuentes/Documents/md_anderson_analysis/yepes_code/data/2025-11-20/scope-results-2025-11-20-0550.csv,1.7706666666666595e-10,,28,,0,,50 ohms time 0.01
,SiC,1.0,Electron 85V,1.0,,0.0,200.0,/Users/rkfuentes/Documents/md_anderson_analysis/yepes_code/data/2025-11-20/scope-results-2025-11-20-0551.csv,2.3598666666666763e-09,,152,,0,,50 ohms time 0.01
,SiC,1.0,Electron 85V,1.0,,0.0,200.0,/Users/rkfuentes/Documents/md_anderson_analysis/yepes_code/data/2025-11-20/scope-results-2025-11-20-0552.csv,2.4144000000000094e-09,,155,,0,,50 ohms time 0.01
,SiC,1.0,Electron 85V,1.0,,0.0,200.0,/Users/rkfuentes/Documents/md_anderson_analysis/yepes_code/data/2025-11-20/scope-results-2025-11-20-0553.csv,8.714666666666653e-09,,352,,0,,50 ohms time 0.01
,SiC,1.0,Electron 85V,1.0,,0.0,200.0,/Users/rkfuentes/Documents/md_anderson_analysis/yepes_code/data/2025-11-20/scope-results-2025-11-20-0554.csv,8.922666666666389e-10,,114,,0,,50 ohms time 0.01
,SiC,1.0,Electron 85V,1.0,,0.0,200.0,/Users/rkfuentes/Documents/md_anderson_analysis/yepes_code/data/2025-11-20/scope-results-2025-11-20-0555.csv,1.5720000000000064e-09,,141,,0,,50 ohms time 0.01
,SiC,1.0,Electron 85V,1.0,,0.0,200.0,/Users/rkfuentes/Documents/md_anderson_analysis/yepes_code/data/2025-11-20/scope-results-2025-11-20-0556.csv,1.5770666666666562e-09,,160,,0,,50 ohms time 0.01
,SiC,1.0,Electron 85V,1.0,,0.0,200.0,/Users/rkfuentes/Documents/md_anderson_analysis/yepes_code/data/2025-11-20/scope-results-2025-11-20-0557.csv,7.098666666666667e-10,,146,,0,,50 ohms time 0.01
,SiC,1.0,Electron 85V,1.0,,0.0,200.0,/Users/rkfuentes/Documents/md_anderson_analysis/yepes_code/data/2025-11-20/scope-results-2025-11-20-0558.csv,1.4781333333333274e-09,,157,,0,,50 ohms time 0.01
,SiC,1.0,Electron 85V,1.0,,0.0,200.0,/Users/rkfuentes/Documents/md_anderson_analysis/yepes_code/data/2025-11-20/scope-results-2025-11-20-0559.csv,1.536266666666668e-09,,162,,0,,50 ohms time 0.01
,SiC,1.0,Electron 85V,1.0,,0.0,200.0,/Users/rkfuentes/Documents/md_anderson_analysis/yepes_code/data/2025-11-20/scope-results-2025-11-20-0560.csv,1.6213333333333451e-09,,164,,0,,50 ohms time 0.01
,SiC,1.0,Electron 85V,1.0,,0.0,200.0,/Users/rkfuentes/Documents/md_anderson_analysis/yepes_code/data/2025-11-20/scope-results-2025-11-20-0561.csv,4.146133333333391e-09,,372,,0,,50 ohms time 0.01
,SiC,1.0,Electron 85V,1.0,,0.0,200.0,/Users/rkfuentes/Documents/md_anderson_analysis/yepes_code/data/2025-11-20/scope-results-2025-11-20-0562.csv,2.31986666666667e-09,,154,,0,,50 ohms time 0.01
,SiC,1.0,Electron 85V,1.0,,0.0,200.0,/Users/rkfuentes/Documents/md_anderson_analysis/yepes_code/data/2025-11-20/scope-results-2025-11-20-0563.csv,4.821333333333154e-10,,366,,0,,50 ohms time 0.01
,SiC,1.0,Electron 85V,1.0,,0.0,300.0,/Users/rkfuentes/Documents/md_anderson_analysis/yepes_code/data/2025-11-20/scope-results-2025-11-20-0564.csv,3.956799999999995e-09,,151,,0,,50 ohms time 0.01
,SiC,1.0,Electron 85V,1.0,,0.0,300.0,/Users/rkfuentes/Documents/md_anderson_analysis/yepes_code/data/2025-11-20/scope-results-2025-11-20-0565.csv,2.657066666666675e-09,,146,,0,,50 ohms time 0.01
,SiC,1.0,Electron 85V,1.0,,0.0,300.0,/Users/rkfuentes/Documents/md_anderson_analysis/yepes_code/data/2025-11-20/scope-results-2025-11-20-0566.csv,3.090000000000006e-09,,151,,0,,50 ohms time 0.01
,SiC,1.0,Electron 85V,1.0,,0.0,300.0,/Users/rkfuentes/Documents/md_anderson_analysis/yepes_code/data/2025-11-20/scope-results-2025-11-20-0567.csv,2.1836000000000023e-09,,154,,0,,50 ohms time 0.01
,SiC,1.0,Electron 85V,1.0,,0.0,300.0,/Users/rkfuentes/Documents/md_anderson_analysis/yepes_code/data/2025-11-20/scope-results-2025-11-20-0568.csv,1.554799999999971e-09,,369,,0,,50 ohms time 0.01
,SiC,1.0,Electron 85V,1.0,,0.0,300.0,/Users/rkfuentes/Documents/md_anderson_analysis/yepes_code/data/2025-11-20/scope-results-2025-11-20-0569.csv,2.0245333333333542e-09,,163,,0,,50 ohms time 0.01
,SiC,1.0,Electron 85V,1.0,,0.0,300.0,/Users/rkfuentes/Documents/md_anderson_analysis/yepes_code/data/2025-11-20/scope-results-2025-11-20-0570.csv,2.849599999999991e-09,,151,,0,,50 ohms time 0.01
,SiC,1.0,Electron 85V,1.0,,0.0,300.0,/Users/rkfuentes/Documents/md_anderson_analysis/yepes_code/data/2025-11-20/scope-results-2025-11-20-0571.csv,2.8506666666666614e-09,,142,,0,,50 ohms time 0.01
,SiC,1.0,Electron 85V,1.0,,0.0,300.0,/Users/rkfuentes/Documents/md_anderson_analysis/yepes_code/data/2025-11-20/scope-results-2025-11-20-0572.csv,1.099600000000001e-09,,157,,0,,50 ohms time 0.01
,SiC,1.0,Electron 85V,1.0,,0.0,300.0,/Users/rkfuentes/Documents/md_anderson_analysis/yepes_code/data/2025-11-20/scope-results-2025-11-20-0573.csv,2.0603999999999942e-09,,151,,0,,50 ohms time 0.01
,SiC,1.0,Electron 85V,1.0,,0.0,300.0,/Users/rkfuentes/Documents/md_anderson_analysis/yepes_code/data/2025-11-20/scope-results-2025-11-20-0574.csv,2.0746666666666446e-09,,143,,0,,50 ohms time 0.01
,SiC,1.0,Electron 85V,1.0,,0.0,300.0,/Users/rkfuentes/Documents/md_anderson_analysis/yepes_code/data/2025-11-20/scope-results-2025-11-20-0575.csv,1.5096000000000275e-09,,350,,0,,50 ohms time 0.01
,SiC,1.0,Electron 85V,1.0,,0.0,300.0,/Users/rkfuentes/Documents/md_anderson_analysis/yepes_code/data/2025-11-20/scope-results-2025-11-20-0576.csv,3.7226666666666542e-09,,141,,0,,50 ohms time 0.01
,SiC,1.0,Electron 85V,1.0,,0.0,300.0,/Users/rkfuentes/Documents/md_anderson_analysis/yepes_code/data/2025-11-20/scope-results-2025-11-20-0577.csv,1.1069333333333255e-09,,45,,0,,50 ohms time 0.01
,SiC,1.0,Electron 85V,1.0,,0.0,300.0,/Users/rkfuentes/Documents/md_anderson_analysis/yepes_code/data/2025-11-20/scope-results-2025-11-20-0578.csv,1.8234666666666246e-09,,142,,0,,50 ohms time 0.01
,SiC,1.0,Electron 85V,1.0,,0.0,300.0,/Users/rkfuentes/Documents/md_anderson_analysis/yepes_code/data/2025-11-20/scope-results-2025-11-20-0579.csv,2.198933333333342e-09,,156,,0,,50 ohms time 0.01
,SiC,1.0,Electron 85V,1.0,,0.0,300.0,/Users/rkfuentes/Documents/md_anderson_analysis/yepes_code/data/2025-11-20/scope-results-2025-11-20-0580.csv,2.063866666666674e-09,,151,,0,,50 ohms time 0.01
,SiC,1.0,Electron 85V,1.0,,0.0,300.0,/Users/rkfuentes/Documents/md_anderson_analysis/yepes_code/data/2025-11-20/scope-results-2025-11-20-0581.csv,4.967333333333342e-09,,381,,0,,50 ohms time 0.01
,SiC,1.0,Electron 85V,1.0,,0.0,300.0,/Users/rkfuentes/Documents/md_anderson_analysis/yepes_code/data/2025-11-20/scope-results-2025-11-20-0582.csv,7.858666666666686e-10,,27,,0,,50 ohms time 0.01
,SiC,1.0,Electron 85V,1.0,,0.0,300.0,/Users/rkfuentes/Documents/md_anderson_analysis/yepes_code/data/2025-11-20/scope-results-2025-11-20-0583.csv,3.157333333333328e-09,,169,,0,,50 ohms time 0.01
,SiC,1.0,Electron 85V,1.0,,0.0,300.0,/Users/rkfuentes/Documents/md_anderson_analysis/yepes_code/data/2025-11-20/scope-results-2025-11-20-0584.csv,2.000133333333347e-09,,151,,0,,50 ohms time 0.01
,SiC,1.0,Electron 85V,1.0,,0.0,300.0,/Users/rkfuentes/Documents/md_anderson_analysis/yepes_code/data/2025-11-20/scope-results-2025-11-20-0585.csv,1.288533333333308e-09,,354,,0,,50 ohms time 0.01
,SiC,1.0,Electron 85V,1.0,,0.0,300.0,/Users/rkfuentes/Documents/md_anderson_analysis/yepes_code/data/2025-11-20/scope-results-2025-11-20-0586.csv,3.747200000000006e-09,,146,,0,,50 ohms time 0.01
,SiC,1.0,Electron 85V,1.0,,0.0,300.0,/Users/rkfuentes/Documents/md_anderson_analysis/yepes_code/data/2025-11-20/scope-results-2025-11-20-0587.csv,2.0980000000000054e-09,,146,,0,,50 ohms time 0.01
,SiC,1.0,Electron 85V,1.0,,0.0,300.0,/Users/rkfuentes/Documents/md_anderson_analysis/yepes_code/data/2025-11-20/scope-results-2025-11-20-0588.csv,2.6433333333333343e-09,,153,,0,,50 ohms time 0.01
,SiC,1.0,Electron 85V,1.0,,0.0,300.0,/Users/rkfuentes/Documents/md_anderson_analysis/yepes_code/data/2025-11-20/scope-results-2025-11-20-0589.csv,1.8506666666666863e-09,,160,,0,,50 ohms time 0.01
,SiC,1.0,Electron 85V,1.0,,0.0,300.0,/Users/rkfuentes/Documents/md_anderson_analysis/yepes_code/data/2025-11-20/scope-results-2025-11-20-0590.csv,1.0780000000000122e-09,,162,,0,,50 ohms time 0.01
,SiC,1.0,Electron 85V,1.0,,0.0,300.0,/Users/rkfuentes/Documents/md_anderson_analysis/yepes_code/data/2025-11-20/scope-results-2025-11-20-0591.csv,4.28306666666667e-09,,372,,0,,50 ohms time 0.01
,SiC,1.0,Electron 85V,1.0,,0.0,300.0,/Users/rkfuentes/Documents/md_anderson_analysis/yepes_code/data/2025-11-20/scope-results-2025-11-20-0592.csv,2.764666666666661e-09,,145,,0,,50 ohms time 0.01
,SiC,1.0,Electron 85V,1.0,,0.0,300.0,/Users/rkfuentes/Documents/md_anderson_analysis/yepes_code/data/2025-11-20/scope-results-2025-11-20-0593.csv,2.836800000000002e-09,,145,,0,,50 ohms time 0.01
,SiC,1.0,Electron 85V,1.0,,0.0,300.0,/Users/rkfuentes/Documents/md_anderson_analysis/yepes_code/data/2025-11-20/scope-results-2025-11-20-0594.csv,1.3978666666666502e-09,,369,,0,,50 ohms time 0.01
,SiC,1.0,Electron 85V,1.0,,0.0,300.0,/Users/rkfuentes/Documents/md_anderson_analysis/yepes_code/data/2025-11-20/scope-results-2025-11-20-0595.csv,1.733333333333334e-09,,155,,0,,50 ohms time 0.01
,SiC,1.0,Electron 85V,1.0,,0.0,300.0,/Users/rkfuentes/Documents/md_anderson_analysis/yepes_code/data/2025-11-20/scope-results-2025-11-20-0596.csv,1.110399999999994e-09,,143,,0,,50 ohms time 0.01
,SiC,1.0,Electron 85V,1.0,,0.0,300.0,/Users/rkfuentes/Documents/md_anderson_analysis/yepes_code/data/2025-11-20/scope-results-2025-11-20-0597.csv,2.986666666666672e-09,,162,,0,,50 ohms time 0.01
,SiC,1.0,Electron 85V,1.0,,0.0,300.0,/Users/rkfuentes/Documents/md_anderson_analysis/yepes_code/data/2025-11-20/scope-results-2025-11-20-0598.csv,2.6842666666666587e-09,,153,,0,,50 ohms time 0.01
,SiC,1.0,Electron 85V,1.0,,0.0,300.0,/Users/rkfuentes/Documents/md_anderson_analysis/yepes_code/data/2025-11-20/scope-results-2025-11-20-0599.csv,1.0837333333333343e-09,,370,,0,,50 ohms time 0.01
,SiC,1.0,Electron 85V,1.0,,0.0,300.0,/Users/rkfuentes/Documents/md_anderson_analysis/yepes_code/data/2025-11-20/scope-results-2025-11-20-0600.csv,1.769466666666674e-09,,155,,0,,50 ohms time 0.01
,SiC,1.0,Electron 85V,1.0,,0.0,300.0,/Users/rkfuentes/Documents/md_anderson_analysis/yepes_code/data/2025-11-20/scope-results-2025-11-20-0601.csv,2.04799999999999e-09,,152,,0,,50 ohms time 0.01
,SiC,1.0,Electron 85V,1.0,,0.0,300.0,/Users/rkfuentes/Documents/md_anderson_analysis/yepes_code/data/2025-11-20/scope-results-2025-11-20-0602.csv,2.5950666666666512e-09,,141,,0,,50 ohms time 0.01
,SiC,1.0,Electron 85V,1.0,,0.0,300.0,/Users/rkfuentes/Documents/md_anderson_analysis/yepes_code/data/2025-11-20/scope-results-2025-11-20-0603.csv,2.703466666666675e-09,,141,,0,,50 ohms time 0.01
,SiC,1.0,Electron 85V,1.0,,0.0,300.0,/Users/rkfuentes/Documents/md_anderson_analysis/yepes_code/data/2025-11-20/scope-results-2025-11-20-0604.csv,1.942399999999998e-09,,155,,0,,50 ohms time 0.01
,SiC,1.0,Electron 85V,1.0,,0.0,300.0,/Users/rkfuentes/Documents/md_anderson_analysis/yepes_code/data/2025-11-20/scope-results-2025-11-20-0605.csv,1.807999999999983e-09,,147,,0,,50 ohms time 0.01
,SiC,1.0,Electron 85V,1.0,,0.0,300.0,/Users/rkfuentes/Documents/md_anderson_analysis/yepes_code/data/2025-11-20/scope-results-2025-11-20-0606.csv,2.665600000000004e-09,,147,,0,,50 ohms time 0.01
,SiC,1.0,Electron 110V,1.0,,0.0,300.0,/Users/rkfuentes/Documents/md_anderson_analysis/yepes_code/data/2025-11-20/scope-results-2025-11-20-0607.csv,2.7068800000000044e-08,,153,,0,,50 ohms time 0.01
,SiC,1.0,Electron 110V,1.0,,0.0,300.0,/Users/rkfuentes/Documents/md_anderson_analysis/yepes_code/data/2025-11-20/scope-results-2025-11-20-0608.csv,2.6592266666666648e-08,,154,,0,,50 ohms time 0.01
,SiC,1.0,Electron 110V,1.0,,0.0,300.0,/Users/rkfuentes/Documents/md_anderson_analysis/yepes_code/data/2025-11-20/scope-results-2025-11-20-0609.csv,2.5639066666666685e-08,,149,,0,,50 ohms time 0.01
,SiC,1.0,Electron 191V,1.0,,0.0,300.0,/Users/rkfuentes/Documents/md_anderson_analysis/yepes_code/data/2025-11-20/scope-results-2025-11-20-0611.csv,2.0048533333333335e-08,,56,,0,,50 ohms time 0.01
,SiC,1.0,Electron 191V,1.0,,0.0,300.0,/Users/rkfuentes/Documents/md_anderson_analysis/yepes_code/data/2025-11-20/scope-results-2025-11-20-0612.csv,1.685333333333321e-10,,27,,0,,50 ohms time 0.01
,SiC,1.0,Electron 191V,1.0,,0.0,300.0,/Users/rkfuentes/Documents/md_anderson_analysis/yepes_code/data/2025-11-20/scope-results-2025-11-20-0613.csv,3.5600000000000094e-10,,29,,0,,50 ohms time 0.01
,SiC,1.0,Electron 191V,1.0,,0.0,300.0,/Users/rkfuentes/Documents/md_anderson_analysis/yepes_code/data/2025-11-20/scope-results-2025-11-20-0614.csv,1.797333333333317e-10,,22,,0,,50 ohms time 0.01
,SiC,1.0,Electron 191V,1.0,,0.0,300.0,/Users/rkfuentes/Documents/md_anderson_analysis/yepes_code/data/2025-11-20/scope-results-2025-11-20-0615.csv,6.446666666666711e-10,,29,,0,,50 ohms time 0.01
,SiC,1.0,Electron 191V,1.0,,0.0,300.0,/Users/rkfuentes/Documents/md_anderson_analysis/yepes_code/data/2025-11-20/scope-results-2025-11-20-0616.csv,7.153333333333411e-10,,23,,0,,50 ohms time 0.01
,SiC,1.0,Electron 191V,1.0,,0.0,300.0,/Users/rkfuentes/Documents/md_anderson_analysis/yepes_code/data/2025-11-20/scope-results-2025-11-20-0617.csv,3.9999999999999e-11,,29,,0,,50 ohms time 0.01
,SiC,1.0,Electron 191V,1.0,,0.0,300.0,/Users/rkfuentes/Documents/md_anderson_analysis/yepes_code/data/2025-11-20/scope-results-2025-11-20-0618.csv,3.599999999999368e-11,,25,,0,,50 ohms time 0.01
,SiC,1.0,Electron 191V,1.0,,0.0,300.0,/Users/rkfuentes/Documents/md_anderson_analysis/yepes_code/data/2025-11-20/scope-results-2025-11-20-0619.csv,4.0666666666652063e-11,,21,,0,,50 ohms time 0.01
,SiC,1.0,Electron 191V,1.0,,0.0,300.0,/Users/rkfuentes/Documents/md_anderson_analysis/yepes_code/data/2025-11-20/scope-results-2025-11-20-0620.csv,6.640000000000029e-10,,27,,0,,50 ohms time 0.01
,SiC,1.0,Electron 191V,1.0,,0.0,300.0,/Users/rkfuentes/Documents/md_anderson_analysis/yepes_code/data/2025-11-20/scope-results-2025-11-20-0621.csv,1.366666666666724e-10,,31,,0,,50 ohms time 0.01
,SiC,1.0,Electron 191V,1.0,,0.0,300.0,/Users/rkfuentes/Documents/md_anderson_analysis/yepes_code/data/2025-11-20/scope-results-2025-11-20-0622.csv,7.160000000000085e-10,,28,,0,,50 ohms time 0.01
,SiC,1.0,Electron 191V,1.0,,0.0,300.0,/Users/rkfuentes/Documents/md_anderson_analysis/yepes_code/data/2025-11-20/scope-results-2025-11-20-0623.csv,1.34666666666668e-10,,24,,0,,50 ohms time 0.01
,SiC,1.0,Electron 191V,1.0,,0.0,40.0,/Users/rkfuentes/Documents/md_anderson_analysis/yepes_code/data/2025-11-20/scope-results-2025-11-20-0624.csv,2.0213333333333313e-08,,141,,0,,50 ohms time 0.01
,SiC,1.0,Electron 191V,1.0,,0.0,40.0,/Users/rkfuentes/Documents/md_anderson_analysis/yepes_code/data/2025-11-20/scope-results-2025-11-20-0625.csv,2.2837333333333357e-08,,117,,0,,50 ohms time 0.01
,SiC,1.0,Electron 191V,1.0,,0.0,40.0,/Users/rkfuentes/Documents/md_anderson_analysis/yepes_code/data/2025-11-20/scope-results-2025-11-20-0626.csv,2.2306666666666683e-08,,123,,0,,50 ohms time 0.01
,SiC,1.0,Electron 85V,1.0,,0.0,40.0,/Users/rkfuentes/Documents/md_anderson_analysis/yepes_code/data/2025-11-20/scope-results-2025-11-20-0738.csv,4.040000000001445e-11,,30,,0,,50 ohms time 0.01
,SiC,1.0,Electron 85V,1.0,,0.0,40.0,/Users/rkfuentes/Documents/md_anderson_analysis/yepes_code/data/2025-11-20/scope-results-2025-11-20-0739.csv,1.2058066666666664e-08,,60,,0,,50 ohms time 0.01
,SiC,1.0,Electron 85V,1.0,,0.0,40.0,/Users/rkfuentes/Documents/md_anderson_analysis/yepes_code/data/2025-11-20/scope-results-2025-11-20-0740.csv,4.3686640991955494e-11,,27,,0,,50 ohms time 0.01
,SiC,1.0,Electron 85V,1.0,,0.0,40.0,/Users/rkfuentes/Documents/md_anderson_analysis/yepes_code/data/2025-11-20/scope-results-2025-11-20-0741.csv,1.1973333333334499e-10,,32,,0,,50 ohms time 0.01
,SiC,1.0,Electron 85V,1.0,,0.0,40.0,/Users/rkfuentes/Documents/md_anderson_analysis/yepes_code/data/2025-11-20/scope-results-2025-11-20-0742.csv,1.1333333333334684e-10,,31,,0,,50 ohms time 0.01
,SiC,1.0,Electron 85V,1.0,,0.0,40.0,/Users/rkfuentes/Documents/md_anderson_analysis/yepes_code/data/2025-11-20/scope-results-2025-11-20-0743.csv,1.5013333333331316e-10,,28,,0,,50 ohms time 0.01
,SiC,1.0,Electron 85V,1.0,,0.0,40.0,/Users/rkfuentes/Documents/md_anderson_analysis/yepes_code/data/2025-11-20/scope-results-2025-11-20-0744.csv,1.8933333333333566e-09,,35,,0,,50 ohms time 0.01
,SiC,1.0,Electron 85V,1.0,,0.0,40.0,/Users/rkfuentes/Documents/md_anderson_analysis/yepes_code/data/2025-11-20/scope-results-2025-11-20-0745.csv,1.1060266666666638e-08,,34,,0,,50 ohms time 0.01
,SiC,1.0,Electron 85V,1.0,,0.0,40.0,/Users/rkfuentes/Documents/md_anderson_analysis/yepes_code/data/2025-11-20/scope-results-2025-11-20-0746.csv,1.2162066666666661e-08,,47,,0,,50 ohms time 0.01
,SiC,1.0,Electron 85V,1.0,,0.0,40.0,/Users/rkfuentes/Documents/md_anderson_analysis/yepes_code/data/2025-11-20/scope-results-2025-11-20-0747.csv,1.7734000000000034e-09,,44,,0,,50 ohms time 0.01
,SiC,1.0,Electron 85V,1.0,,0.0,40.0,/Users/rkfuentes/Documents/md_anderson_analysis/yepes_code/data/2025-11-20/scope-results-2025-11-20-0748.csv,3.800000000000155e-10,,28,,0,,50 ohms time 0.01
,SiC,1.0,Electron 85V,1.0,,0.0,40.0,/Users/rkfuentes/Documents/md_anderson_analysis/yepes_code/data/2025-11-20/scope-results-2025-11-20-0749.csv,4.27866666666669e-10,,31,,0,,50 ohms time 0.01
,SiC,1.0,Electron 110V,1.0,,0.0,40.0,/Users/rkfuentes/Documents/md_anderson_analysis/yepes_code/data/2025-11-20/scope-results-2025-11-20-0750.csv,2.4020000000000445e-10,,29,,0,,50 ohms time 0.01
,SiC,1.0,Electron 110V,1.0,,0.0,40.0,/Users/rkfuentes/Documents/md_anderson_analysis/yepes_code/data/2025-11-20/scope-results-2025-11-20-0751.csv,4.9466666666666615e-11,,29,,0,,50 ohms time 0.01
,SiC,1.0,Electron 110V,1.0,,0.0,40.0,/Users/rkfuentes/Documents/md_anderson_analysis/yepes_code/data/2025-11-20/scope-results-2025-11-20-0752.csv,1.9333333333333104e-10,,25,,0,,50 ohms time 0.01
,SiC,1.0,Electron 110V,1.0,,0.0,40.0,/Users/rkfuentes/Documents/md_anderson_analysis/yepes_code/data/2025-11-20/scope-results-2025-11-20-0753.csv,2.4639999999999364e-10,,38,,0,,50 ohms time 0.01
,SiC,1.0,Electron 110V,1.0,,0.0,40.0,/Users/rkfuentes/Documents/md_anderson_analysis/yepes_code/data/2025-11-20/scope-results-2025-11-20-0754.csv,1.7853333333333172e-10,,26,,0,,50 ohms time 0.01
,SiC,1.0,Electron 110V,1.0,,0.0,40.0,/Users/rkfuentes/Documents/md_anderson_analysis/yepes_code/data/2025-11-20/scope-results-2025-11-20-0755.csv,3.3226666666666085e-10,,35,,0,,50 ohms time 0.01
,SiC,1.0,Electron 110V,1.0,,0.0,40.0,/Users/rkfuentes/Documents/md_anderson_analysis/yepes_code/data/2025-11-20/scope-results-2025-11-20-0756.csv,2.176266666666664e-09,,156,,0,,50 ohms time 0.01
,SiC,1.0,Electron 110V,1.0,,0.0,40.0,/Users/rkfuentes/Documents/md_anderson_analysis/yepes_code/data/2025-11-20/scope-results-2025-11-20-0757.csv,3.275466666666666e-09,,154,,0,,50 ohms time 0.01
,SiC,1.0,Electron 110V,1.0,,0.0,40.0,/Users/rkfuentes/Documents/md_anderson_analysis/yepes_code/data/2025-11-20/scope-results-2025-11-20-0758.csv,3.106600000000003e-09,,159,,0,,50 ohms time 0.01
,SiC,1.0,Electron 110V,1.0,,0.0,40.0,/Users/rkfuentes/Documents/md_anderson_analysis/yepes_code/data/2025-11-20/scope-results-2025-11-20-0759.csv,3.1706666666666875e-10,,27,,0,,50 ohms time 0.01
,SiC,1.0,Electron 110V,1.0,,0.0,40.0,/Users/rkfuentes/Documents/md_anderson_analysis/yepes_code/data/2025-11-20/scope-results-2025-11-20-0760.csv,1.5130666666666703e-09,,352,,0,,50 ohms time 0.01
,SiC,1.0,Electron 110V,1.0,,0.0,40.0,/Users/rkfuentes/Documents/md_anderson_analysis/yepes_code/data/2025-11-20/scope-results-2025-11-20-0761.csv,1.4040000000000274e-10,,27,,0,,50 ohms time 0.01
,SiC,1.0,Electron 191V,1.0,,0.0,40.0,/Users/rkfuentes/Documents/md_anderson_analysis/yepes_code/data/2025-11-20/scope-results-2025-11-20-0762.csv,1.9844799999999986e-08,,141,,0,,50 ohms time 0.01
,SiC,1.0,Electron 191V,1.0,,0.0,40.0,/Users/rkfuentes/Documents/md_anderson_analysis/yepes_code/data/2025-11-20/scope-results-2025-11-20-0763.csv,1.7916000000000006e-08,,133,,0,,50 ohms time 0.01
,SiC,1.0,Electron 191V,1.0,,0.0,40.0,/Users/rkfuentes/Documents/md_anderson_analysis/yepes_code/data/2025-11-20/scope-results-2025-11-20-0764.csv,2.0127466666666663e-08,,130,,0,,50 ohms time 0.01
,SiC,1.0,Electron 191V,1.0,,0.0,40.0,/Users/rkfuentes/Documents/md_anderson_analysis/yepes_code/data/2025-11-20/scope-results-2025-11-20-0765.csv,1.578286666666667e-08,,142,,0,,50 ohms time 0.01
,SiC,1.0,Electron 191V,1.0,,0.0,40.0,/Users/rkfuentes/Documents/md_anderson_analysis/yepes_code/data/2025-11-20/scope-results-2025-11-20-0766.csv,8.533333333331823e-12,,60,,0,,50 ohms time 0.01
,SiC,1.0,Electron 191V,1.0,,0.0,40.0,/Users/rkfuentes/Documents/md_anderson_analysis/yepes_code/data/2025-11-20/scope-results-2025-11-20-0767.csv,1.8522533333333352e-08,,143,,0,,50 ohms time 0.01
,SiC,1.0,Electron 191V,1.0,,0.0,40.0,/Users/rkfuentes/Documents/md_anderson_analysis/yepes_code/data/2025-11-20/scope-results-2025-11-20-0768.csv,1.5874399999999992e-08,,143,,0,,50 ohms time 0.01
,SiC,1.0,Electron 191V,1.0,,0.0,40.0,/Users/rkfuentes/Documents/md_anderson_analysis/yepes_code/data/2025-11-20/scope-results-2025-11-20-0769.csv,1.7589000000000003e-08,,132,,0,,50 ohms time 0.01
,SiC,1.0,Electron 191V,1.0,,0.0,40.0,/Users/rkfuentes/Documents/md_anderson_analysis/yepes_code/data/2025-11-20/scope-results-2025-11-20-0770.csv,1.6836000000000013e-08,,149,,0,,50 ohms time 0.01
,SiC,1.0,Electron 191V,1.0,,0.0,40.0,/Users/rkfuentes/Documents/md_anderson_analysis/yepes_code/data/2025-11-20/scope-results-2025-11-20-0771.csv,1.9783466666666667e-08,,140,,0,,50 ohms time 0.01
,SiC,1.0,Electron 85V,1.0,,0.0,40.0,/Users/rkfuentes/Documents/md_anderson_analysis/yepes_code/data/2025-11-20/scope-results-2025-11-20-0877.csv,1.2729746666666673e-07,,604,,0,,50 ohms time 0.01
,SiC,1.0,Electron 85V,1.0,,0.0,40.0,/Users/rkfuentes/Documents/md_anderson_analysis/yepes_code/data/2025-11-20/scope-results-2025-11-20-0878.csv,3.8633333333330517e-10,,29,,0,,50 ohms time 0.01
,SiC,1.0,Electron 85V,1.0,,0.0,40.0,/Users/rkfuentes/Documents/md_anderson_analysis/yepes_code/data/2025-11-20/scope-results-2025-11-20-0879.csv,3.2546666666663906e-10,,28,,0,,50 ohms time 0.01
,SiC,1.0,Electron 85V,1.0,,0.0,40.0,/Users/rkfuentes/Documents/md_anderson_analysis/yepes_code/data/2025-11-20/scope-results-2025-11-20-0880.csv,1.0033333333333296e-10,,23,,0,,50 ohms time 0.01
,SiC,1.0,Electron 85V,1.0,,0.0,40.0,/Users/rkfuentes/Documents/md_anderson_analysis/yepes_code/data/2025-11-20/scope-results-2025-11-20-0881.csv,1.6233333333329922e-10,,31,,0,,50 ohms time 0.01
,SiC,1.0,Electron 85V,1.0,,0.0,40.0,/Users/rkfuentes/Documents/md_anderson_analysis/yepes_code/data/2025-11-20/scope-results-2025-11-20-0882.csv,6.006666666666194e-11,,30,,0,,50 ohms time 0.01
,SiC,1.0,Electron 85V,1.0,,0.0,40.0,/Users/rkfuentes/Documents/md_anderson_analysis/yepes_code/data/2025-11-20/scope-results-2025-11-20-0883.csv,7.781333333333708e-10,,28,,0,,50 ohms time 0.01
,SiC,1.0,Electron 85V,1.0,,0.0,40.0,/Users/rkfuentes/Documents/md_anderson_analysis/yepes_code/data/2025-11-20/scope-results-2025-11-20-0884.csv,3.80066666666681e-10,,32,,0,,50 ohms time 0.01
,SiC,1.0,Electron 85V,1.0,,0.0,40.0,/Users/rkfuentes/Documents/md_anderson_analysis/yepes_code/data/2025-11-20/scope-results-2025-11-20-0885.csv,4.273333333333992e-11,,67,,0,,50 ohms time 0.01
,SiC,1.0,Electron 85V,1.0,,0.0,40.0,/Users/rkfuentes/Documents/md_anderson_analysis/yepes_code/data/2025-11-20/scope-results-2025-11-20-0886.csv,4.0666666666654694e-11,,30,,0,,50 ohms time 0.01
,SiC,1.0,Electron 85V,1.0,,0.0,40.0,/Users/rkfuentes/Documents/md_anderson_analysis/yepes_code/data/2025-11-20/scope-results-2025-11-20-0887.csv,1.0045333333333383e-09,,52,,0,,50 ohms time 0.01
,SiC,1.0,Electron 85V,1.0,,0.0,40.0,/Users/rkfuentes/Documents/md_anderson_analysis/yepes_code/data/2025-11-20/scope-results-2025-11-20-0888.csv,1.307333333333425e-10,,32,,0,,50 ohms time 0.01
,SiC,1.0,Electron 85V,1.0,,0.0,40.0,/Users/rkfuentes/Documents/md_anderson_analysis/yepes_code/data/2025-11-20/scope-results-2025-11-20-0889.csv,1.4882666666666591e-09,,57,,0,,50 ohms time 0.01
,SiC,1.0,Electron 85V,1.0,,0.0,40.0,/Users/rkfuentes/Documents/md_anderson_analysis/yepes_code/data/2025-11-20/scope-results-2025-11-20-0890.csv,4.8342733333333315e-08,,608,,0,,50 ohms time 0.01
,SiC,1.0,Electron 85V,1.0,,0.0,40.0,/Users/rkfuentes/Documents/md_anderson_analysis/yepes_code/data/2025-11-20/scope-results-2025-11-20-0891.csv,8.37333333333333e-11,,47,,0,,50 ohms time 0.01
,SiC,1.0,Electron 85V,1.0,,0.0,40.0,/Users/rkfuentes/Documents/md_anderson_analysis/yepes_code/data/2025-11-20/scope-results-2025-11-20-0892.csv,5.213333333333149e-11,,27,,0,,50 ohms time 0.01
,SiC,1.0,Electron 85V,1.0,,0.0,40.0,/Users/rkfuentes/Documents/md_anderson_analysis/yepes_code/data/2025-11-20/scope-results-2025-11-20-0893.csv,1.1499999999998364e-10,,31,,0,,50 ohms time 0.01
,SiC,1.0,Electron 85V,1.0,,0.0,40.0,/Users/rkfuentes/Documents/md_anderson_analysis/yepes_code/data/2025-11-20/scope-results-2025-11-20-0894.csv,1.2217133333333306e-08,,39,,0,,50 ohms time 0.01
,SiC,1.0,Electron 85V,1.0,,0.0,40.0,/Users/rkfuentes/Documents/md_anderson_analysis/yepes_code/data/2025-11-20/scope-results-2025-11-20-0895.csv,2.1286666666667494e-10,,29,,0,,50 ohms time 0.01
,SiC,1.0,Electron 85V,1.0,,0.0,40.0,/Users/rkfuentes/Documents/md_anderson_analysis/yepes_code/data/2025-11-20/scope-results-2025-11-20-0896.csv,4.100000000000695e-11,,32,,0,,50 ohms time 0.01
,SiC,1.0,Electron 85V,1.0,,0.0,40.0,/Users/rkfuentes/Documents/md_anderson_analysis/yepes_code/data/2025-11-20/scope-results-2025-11-20-0897.csv,6.033333333334862e-11,,73,,0,,50 ohms time 0.01
,SiC,1.0,Electron 110V,1.0,,0.0,40.0,/Users/rkfuentes/Documents/md_anderson_analysis/yepes_code/data/2025-11-20/scope-results-2025-11-20-0942.csv,7.651517485580184e-11,,36,,0,,50 ohms time 0.01
,SiC,1.0,Electron 110V,1.0,,0.0,40.0,/Users/rkfuentes/Documents/md_anderson_analysis/yepes_code/data/2025-11-20/scope-results-2025-11-20-0943.csv,3.8880000000001136e-10,,56,,0,,50 ohms time 0.01
,SiC,1.0,Electron 110V,1.0,,0.0,40.0,/Users/rkfuentes/Documents/md_anderson_analysis/yepes_code/data/2025-11-20/scope-results-2025-11-20-0944.csv,3.382133333333333e-09,,369,,0,,50 ohms time 0.01
,SiC,1.0,Electron 110V,1.0,,0.0,40.0,/Users/rkfuentes/Documents/md_anderson_analysis/yepes_code/data/2025-11-20/scope-results-2025-11-20-0945.csv,1.273866666666675e-09,,125,,0,,50 ohms time 0.01
,SiC,1.0,Electron 110V,1.0,,0.0,40.0,/Users/rkfuentes/Documents/md_anderson_analysis/yepes_code/data/2025-11-20/scope-results-2025-11-20-0946.csv,2.1639999999999847e-09,,126,,0,,50 ohms time 0.01
,SiC,1.0,Electron 110V,1.0,,0.0,40.0,/Users/rkfuentes/Documents/md_anderson_analysis/yepes_code/data/2025-11-20/scope-results-2025-11-20-0947.csv,2.17599999999993e-10,,54,,0,,50 ohms time 0.01
,SiC,1.0,Electron 110V,1.0,,0.0,40.0,/Users/rkfuentes/Documents/md_anderson_analysis/yepes_code/data/2025-11-20/scope-results-2025-11-20-0948.csv,1.2578666666666195e-09,,47,,0,,50 ohms time 0.01
,SiC,1.0,Electron 110V,1.0,,0.0,40.0,/Users/rkfuentes/Documents/md_anderson_analysis/yepes_code/data/2025-11-20/scope-results-2025-11-20-0949.csv,2.054240000000003e-08,,341,,0,,50 ohms time 0.01
,SiC,1.0,Electron 110V,1.0,,0.0,40.0,/Users/rkfuentes/Documents/md_anderson_analysis/yepes_code/data/2025-11-20/scope-results-2025-11-20-0950.csv,1.1526000000000252e-09,,70,,0,,50 ohms time 0.01
,SiC,1.0,Electron 110V,1.0,,0.0,40.0,/Users/rkfuentes/Documents/md_anderson_analysis/yepes_code/data/2025-11-20/scope-results-2025-11-20-0951.csv,4.104669234137947e-11,,23,,0,,50 ohms time 0.01
,SiC,1.0,Electron 110V,1.0,,0.0,40.0,/Users/rkfuentes/Documents/md_anderson_analysis/yepes_code/data/2025-11-20/scope-results-2025-11-20-0952.csv,1.078666666666648e-09,,50,,0,,50 ohms time 0.01
,SiC,1.0,Electron 110V,1.0,,0.0,40.0,/Users/rkfuentes/Documents/md_anderson_analysis/yepes_code/data/2025-11-20/scope-results-2025-11-20-0953.csv,1.852800000000005e-09,,131,,0,,50 ohms time 0.01
,SiC,1.0,Electron 110V,1.0,,0.0,40.0,/Users/rkfuentes/Documents/md_anderson_analysis/yepes_code/data/2025-11-20/scope-results-2025-11-20-0954.csv,2.8549999999999915e-09,,134,,0,,50 ohms time 0.01
,SiC,1.0,Electron 110V,1.0,,0.0,40.0,/Users/rkfuentes/Documents/md_anderson_analysis/yepes_code/data/2025-11-20/scope-results-2025-11-20-0955.csv,4.153333333331547e-11,,55,,0,,50 ohms time 0.01
,SiC,1.0,Electron 191V,1.0,,0.0,40.0,/Users/rkfuentes/Documents/md_anderson_analysis/yepes_code/data/2025-11-20/scope-results-2025-11-20-0995.csv,8.635600000000002e-09,,148,,0,,50 ohms time 0.01
,SiC,1.0,Electron 191V,1.0,,0.0,40.0,/Users/rkfuentes/Documents/md_anderson_analysis/yepes_code/data/2025-11-20/scope-results-2025-11-20-0996.csv,1.045919999999999e-08,,145,,0,,50 ohms time 0.01
,SiC,1.0,Electron 191V,1.0,,0.0,40.0,/Users/rkfuentes/Documents/md_anderson_analysis/yepes_code/data/2025-11-20/scope-results-2025-11-20-0997.csv,6.500866666666662e-09,,144,,0,,50 ohms time 0.01
,SiC,1.0,Electron 191V,1.0,,0.0,40.0,/Users/rkfuentes/Documents/md_anderson_analysis/yepes_code/data/2025-11-20/scope-results-2025-11-20-0998.csv,8.906933333333334e-09,,137,,0,,50 ohms time 0.01
,SiC,1.0,Electron 191V,1.0,,0.0,40.0,/Users/rkfuentes/Documents/md_anderson_analysis/yepes_code/data/2025-11-20/scope-results-2025-11-20-0999.csv,6.8488666666666565e-09,,134,,0,,50 ohms time 0.01
,SiC,1.0,Electron 191V,1.0,,0.0,40.0,/Users/rkfuentes/Documents/md_anderson_analysis/yepes_code/data/2025-11-20/scope-results-2025-11-20-1000.csv,1.1670133333333353e-08,,148,,0,,50 ohms time 0.01
,SiC,1.0,Electron 191V,1.0,,0.0,40.0,/Users/rkfuentes/Documents/md_anderson_analysis/yepes_code/data/2025-11-20/scope-results-2025-11-20-1001.csv,1.1605333333333331e-08,,139,,0,,50 ohms time 0.01
,SiC,1.0,Electron 191V,1.0,,0.0,40.0,/Users/rkfuentes/Documents/md_anderson_analysis/yepes_code/data/2025-11-20/scope-results-2025-11-20-1002.csv,3.4039999999999704e-10,,26,,0,,50 ohms time 0.01
,SiC,1.0,Electron 191V,1.0,,0.0,40.0,/Users/rkfuentes/Documents/md_anderson_analysis/yepes_code/data/2025-11-20/scope-results-2025-11-20-1003.csv,9.943866666666673e-09,,129,,0,,50 ohms time 0.01
,SiC,1.0,Electron 191V,1.0,,0.0,40.0,/Users/rkfuentes/Documents/md_anderson_analysis/yepes_code/data/2025-11-20/scope-results-2025-11-20-1004.csv,8.756866666666664e-09,,134,,0,,50 ohms time 0.01
,SiC,1.0,Electron 191V,1.0,,0.0,40.0,/Users/rkfuentes/Documents/md_anderson_analysis/yepes_code/data/2025-11-20/scope-results-2025-11-20-1005.csv,1.1046999999999985e-08,,148,,0,,50 ohms time 0.01
,SiC,1.0,Electron 191V,1.0,,0.0,40.0,/Users/rkfuentes/Documents/md_anderson_analysis/yepes_code/data/2025-11-20/scope-results-2025-11-20-1006.csv,6.765866666666666e-09,,146,,0,,50 ohms time 0.01
,SiC,1.0,Electron 191V,1.0,,0.0,40.0,/Users/rkfuentes/Documents/md_anderson_analysis/yepes_code/data/2025-11-20/scope-results-2025-11-20-1007.csv,1.0651533333333342e-08,,138,,0,,50 ohms time 0.01
,SiC,1.0,Electron 85V,1.0,,0.0,40.0,/Users/rkfuentes/Documents/md_anderson_analysis/yepes_code/data/2025-11-20/scope-results-2025-11-20-1065.csv,8.453333333330861e-11,,32,,0,,50 ohms time 0.01
,SiC,1.0,Electron 85V,1.0,,0.0,40.0,/Users/rkfuentes/Documents/md_anderson_analysis/yepes_code/data/2025-11-20/scope-results-2025-11-20-1066.csv,5.799200000000005e-09,,47,,0,,50 ohms time 0.01
,SiC,1.0,Electron 85V,1.0,,0.0,40.0,/Users/rkfuentes/Documents/md_anderson_analysis/yepes_code/data/2025-11-20/scope-results-2025-11-20-1067.csv,1.841999999999927e-10,,35,,0,,50 ohms time 0.01
,SiC,1.0,Electron 85V,1.0,,0.0,40.0,/Users/rkfuentes/Documents/md_anderson_analysis/yepes_code/data/2025-11-20/scope-results-2025-11-20-1068.csv,4.851999999999841e-10,,32,,0,,50 ohms time 0.01
,SiC,1.0,Electron 85V,1.0,,0.0,40.0,/Users/rkfuentes/Documents/md_anderson_analysis/yepes_code/data/2025-11-20/scope-results-2025-11-20-1069.csv,3.0406666666667003e-10,,30,,0,,50 ohms time 0.01
,SiC,1.0,Electron 85V,1.0,,0.0,40.0,/Users/rkfuentes/Documents/md_anderson_analysis/yepes_code/data/2025-11-20/scope-results-2025-11-20-1070.csv,2.989200000000009e-09,,43,,0,,50 ohms time 0.01
,SiC,1.0,Electron 85V,1.0,,0.0,40.0,/Users/rkfuentes/Documents/md_anderson_analysis/yepes_code/data/2025-11-20/scope-results-2025-11-20-1071.csv,1.8559999999999887e-10,,37,,0,,50 ohms time 0.01
,SiC,1.0,Electron 85V,1.0,,0.0,40.0,/Users/rkfuentes/Documents/md_anderson_analysis/yepes_code/data/2025-11-20/scope-results-2025-11-20-1072.csv,2.200666666666488e-10,,30,,0,,50 ohms time 0.01
,SiC,1.0,Electron 85V,1.0,,0.0,40.0,/Users/rkfuentes/Documents/md_anderson_analysis/yepes_code/data/2025-11-20/scope-results-2025-11-20-1073.csv,3.420000000000478e-11,,34,,0,,50 ohms time 0.01
,SiC,1.0,Electron 85V,1.0,,0.0,40.0,/Users/rkfuentes/Documents/md_anderson_analysis/yepes_code/data/2025-11-20/scope-results-2025-11-20-1074.csv,2.429333333333207e-10,,34,,0,,50 ohms time 0.01
,SiC,1.0,Electron 85V,1.0,,0.0,40.0,/Users/rkfuentes/Documents/md_anderson_analysis/yepes_code/data/2025-11-20/scope-results-2025-11-20-1075.csv,1.4090600000000017e-08,,36,,0,,50 ohms time 0.01
,SiC,1.0,Electron 110V,1.0,,0.0,40.0,/Users/rkfuentes/Documents/md_anderson_analysis/yepes_code/data/2025-11-20/scope-results-2025-11-20-1121.csv,4.035999999999981e-09,,35,,0,,50 ohms time 0.01
,SiC,1.0,Electron 110V,1.0,,0.0,40.0,/Users/rkfuentes/Documents/md_anderson_analysis/yepes_code/data/2025-11-20/scope-results-2025-11-20-1122.csv,4.043400000000024e-09,,51,,0,,50 ohms time 0.01
,SiC,1.0,Electron 110V,1.0,,0.0,40.0,/Users/rkfuentes/Documents/md_anderson_analysis/yepes_code/data/2025-11-20/scope-results-2025-11-20-1123.csv,4.423733333333356e-09,,44,,0,,50 ohms time 0.01
,SiC,1.0,Electron 110V,1.0,,0.0,40.0,/Users/rkfuentes/Documents/md_anderson_analysis/yepes_code/data/2025-11-20/scope-results-2025-11-20-1124.csv,4.53953333333331e-09,,45,,0,,50 ohms time 0.01
,SiC,1.0,Electron 110V,1.0,,0.0,40.0,/Users/rkfuentes/Documents/md_anderson_analysis/yepes_code/data/2025-11-20/scope-results-2025-11-20-1125.csv,2.7874666666666643e-09,,39,,0,,50 ohms time 0.01
,SiC,1.0,Electron 110V,1.0,,0.0,40.0,/Users/rkfuentes/Documents/md_anderson_analysis/yepes_code/data/2025-11-20/scope-results-2025-11-20-1126.csv,8.8172e-09,,39,,0,,50 ohms time 0.01
,SiC,1.0,Electron 110V,1.0,,0.0,40.0,/Users/rkfuentes/Documents/md_anderson_analysis/yepes_code/data/2025-11-20/scope-results-2025-11-20-1127.csv,6.906200000000027e-09,,59,,0,,50 ohms time 0.01
,SiC,1.0,Electron 110V,1.0,,0.0,40.0,/Users/rkfuentes/Documents/md_anderson_analysis/yepes_code/data/2025-11-20/scope-results-2025-11-20-1128.csv,1.7397333333333403e-09,,51,,0,,50 ohms time 0.01
,SiC,1.0,Electron 110V,1.0,,0.0,40.0,/Users/rkfuentes/Documents/md_anderson_analysis/yepes_code/data/2025-11-20/scope-results-2025-11-20-1129.csv,1.5735466666666692e-08,,67,,0,,50 ohms time 0.01
,SiC,1.0,Electron 110V,1.0,,0.0,40.0,/Users/rkfuentes/Documents/md_anderson_analysis/yepes_code/data/2025-11-20/scope-results-2025-11-20-1130.csv,3.5770666666666662e-09,,49,,0,,50 ohms time 0.01
,SiC,1.0,Electron 110V,1.0,,0.0,40.0,/Users/rkfuentes/Documents/md_anderson_analysis/yepes_code/data/2025-11-20/scope-results-2025-11-20-1131.csv,5.5177333333333525e-09,,38,,0,,50 ohms time 0.01
,SiC,1.0,Electron 110V,1.0,,0.0,40.0,/Users/rkfuentes/Documents/md_anderson_analysis/yepes_code/data/2025-11-20/scope-results-2025-11-20-1132.csv,3.916466666666688e-09,,39,,0,,50 ohms time 0.01
,SiC,1.0,Electron 110V,1.0,,0.0,40.0,/Users/rkfuentes/Documents/md_anderson_analysis/yepes_code/data/2025-11-20/scope-results-2025-11-20-1133.csv,2.212559999999999e-08,,365,,0,,50 ohms time 0.01
,SiC,1.0,Electron 110V,1.0,,0.0,40.0,/Users/rkfuentes/Documents/md_anderson_analysis/yepes_code/data/2025-11-20/scope-results-2025-11-20-1134.csv,2.0722666666666526e-09,,37,,0,,50 ohms time 0.01
,SiC,1.0,Electron 191V,1.0,,0.0,40.0,/Users/rkfuentes/Documents/md_anderson_analysis/yepes_code/data/2025-11-20/scope-results-2025-11-20-1179.csv,5.4133333333334946e-11,,122,,0,,50 ohms time 0.01
,SiC,1.0,Electron 191V,1.0,,0.0,40.0,/Users/rkfuentes/Documents/md_anderson_analysis/yepes_code/data/2025-11-20/scope-results-2025-11-20-1180.csv,3.6620000000000397e-10,,29,,0,,50 ohms time 0.01
,SiC,1.0,Electron 191V,1.0,,0.0,40.0,/Users/rkfuentes/Documents/md_anderson_analysis/yepes_code/data/2025-11-20/scope-results-2025-11-20-1181.csv,8.546666666666966e-11,,27,,0,,50 ohms time 0.01
,SiC,1.0,Electron 191V,1.0,,0.0,40.0,/Users/rkfuentes/Documents/md_anderson_analysis/yepes_code/data/2025-11-20/scope-results-2025-11-20-1182.csv,2.285066666666659e-09,,134,,0,,50 ohms time 0.01
,SiC,1.0,Electron 191V,1.0,,0.0,40.0,/Users/rkfuentes/Documents/md_anderson_analysis/yepes_code/data/2025-11-20/scope-results-2025-11-20-1183.csv,1.3639999999999808e-10,,27,,0,,50 ohms time 0.01
,SiC,1.0,Electron 191V,1.0,,0.0,40.0,/Users/rkfuentes/Documents/md_anderson_analysis/yepes_code/data/2025-11-20/scope-results-2025-11-20-1184.csv,4.989333333333274e-10,,35,,0,,50 ohms time 0.01
,SiC,1.0,Electron 191V,1.0,,0.0,40.0,/Users/rkfuentes/Documents/md_anderson_analysis/yepes_code/data/2025-11-20/scope-results-2025-11-20-1185.csv,2.4778666666666653e-09,,116,,0,,50 ohms time 0.01
,SiC,1.0,Electron 191V,1.0,,0.0,40.0,/Users/rkfuentes/Documents/md_anderson_analysis/yepes_code/data/2025-11-20/scope-results-2025-11-20-1186.csv,2.216666666666664e-10,,27,,0,,50 ohms time 0.01
,SiC,1.0,Electron 191V,1.0,,0.0,40.0,/Users/rkfuentes/Documents/md_anderson_analysis/yepes_code/data/2025-11-20/scope-results-2025-11-20-1187.csv,1.3800000000000107e-09,,119,,0,,50 ohms time 0.01
,SiC,1.0,Electron 191V,1.0,,0.0,40.0,/Users/rkfuentes/Documents/md_anderson_analysis/yepes_code/data/2025-11-20/scope-results-2025-11-20-1188.csv,5.751733333333327e-09,,136,,0,,50 ohms time 0.01
,SiC,1.0,Electron 191V,1.0,,0.0,40.0,/Users/rkfuentes/Documents/md_anderson_analysis/yepes_code/data/2025-11-20/scope-results-2025-11-20-1189.csv,3.1546666666666433e-10,,31,,0,,50 ohms time 0.01
,SiC,1.0,Electron 191V,1.0,,0.0,40.0,/Users/rkfuentes/Documents/md_anderson_analysis/yepes_code/data/2025-11-20/scope-results-2025-11-20-1190.csv,1.406400000000012e-09,,126,,0,,50 ohms time 0.01
,SiC,1.0,Electron 191V,1.0,,0.0,40.0,/Users/rkfuentes/Documents/md_anderson_analysis/yepes_code/data/2025-11-20/scope-results-2025-11-20-1191.csv,7.526666666666565e-11,,27,,0,,50 ohms time 0.01
,SiC,1.0,Electron 191V,1.0,,0.0,40.0,/Users/rkfuentes/Documents/md_anderson_analysis/yepes_code/data/2025-11-20/scope-results-2025-11-20-1192.csv,1.845599999999992e-09,,121,,0,,50 ohms time 0.01
,SiC,1.0,Electron 191V,1.0,,0.0,40.0,/Users/rkfuentes/Documents/md_anderson_analysis/yepes_code/data/2025-11-20/scope-results-2025-11-20-1193.csv,4.770666666666659e-10,,28,,0,,50 ohms time 0.01
,SiC,1.0,Electron 85V,1.0,,0.0,40.0,/Users/rkfuentes/Documents/md_anderson_analysis/yepes_code/data/2025-11-20/scope-results-2025-11-20-1238.csv,1.2266666666668248e-10,,29,,0,,50 ohms time 0.01
,SiC,1.0,Electron 85V,1.0,,0.0,40.0,/Users/rkfuentes/Documents/md_anderson_analysis/yepes_code/data/2025-11-20/scope-results-2025-11-20-1239.csv,6.9466666666673e-10,,57,,0,,50 ohms time 0.01
,SiC,1.0,Electron 85V,1.0,,0.0,40.0,/Users/rkfuentes/Documents/md_anderson_analysis/yepes_code/data/2025-11-20/scope-results-2025-11-20-1240.csv,1.1313333333335126e-10,,28,,0,,50 ohms time 0.01
,SiC,1.0,Electron 85V,1.0,,0.0,40.0,/Users/rkfuentes/Documents/md_anderson_analysis/yepes_code/data/2025-11-20/scope-results-2025-11-20-1241.csv,1.7626666666663515e-10,,33,,0,,50 ohms time 0.01
,SiC,1.0,Electron 85V,1.0,,0.0,40.0,/Users/rkfuentes/Documents/md_anderson_analysis/yepes_code/data/2025-11-20/scope-results-2025-11-20-1242.csv,1.9619999999999432e-10,,37,,0,,50 ohms time 0.01
,SiC,1.0,Electron 85V,1.0,,0.0,40.0,/Users/rkfuentes/Documents/md_anderson_analysis/yepes_code/data/2025-11-20/scope-results-2025-11-20-1243.csv,1.1293333333333145e-10,,98,,0,,50 ohms time 0.01
,SiC,1.0,Electron 85V,1.0,,0.0,40.0,/Users/rkfuentes/Documents/md_anderson_analysis/yepes_code/data/2025-11-20/scope-results-2025-11-20-1244.csv,3.7866666666666966e-11,,50,,0,,50 ohms time 0.01
,SiC,1.0,Electron 85V,1.0,,0.0,40.0,/Users/rkfuentes/Documents/md_anderson_analysis/yepes_code/data/2025-11-20/scope-results-2025-11-20-1245.csv,1.1626666666666728e-10,,45,,0,,50 ohms time 0.01
,SiC,1.0,Electron 85V,1.0,,0.0,40.0,/Users/rkfuentes/Documents/md_anderson_analysis/yepes_code/data/2025-11-20/scope-results-2025-11-20-1246.csv,1.3166666666667128e-10,,34,,0,,50 ohms time 0.01
,SiC,1.0,Electron 85V,1.0,,0.0,40.0,/Users/rkfuentes/Documents/md_anderson_analysis/yepes_code/data/2025-11-20/scope-results-2025-11-20-1247.csv,3.3653333333330447e-10,,32,,0,,50 ohms time 0.01
,SiC,1.0,Electron 85V,1.0,,0.0,40.0,/Users/rkfuentes/Documents/md_anderson_analysis/yepes_code/data/2025-11-20/scope-results-2025-11-20-1248.csv,5.2000000000000745e-11,,57,,0,,50 ohms time 0.01
,SiC,1.0,Electron 85V,1.0,,0.0,40.0,/Users/rkfuentes/Documents/md_anderson_analysis/yepes_code/data/2025-11-20/scope-results-2025-11-20-1249.csv,1.3013333333332843e-10,,36,,0,,50 ohms time 0.01
,SiC,1.0,Electron 85V,1.0,,0.0,40.0,/Users/rkfuentes/Documents/md_anderson_analysis/yepes_code/data/2025-11-20/scope-results-2025-11-20-1250.csv,9.06666666667734e-12,,38,,0,,50 ohms time 0.01
,SiC,1.0,Electron 110V,1.0,,0.0,40.0,/Users/rkfuentes/Documents/md_anderson_analysis/yepes_code/data/2025-11-20/scope-results-2025-11-20-1287.csv,5.558933333333328e-09,,68,,0,,50 ohms time 0.01
,SiC,1.0,Electron 110V,1.0,,0.0,40.0,/Users/rkfuentes/Documents/md_anderson_analysis/yepes_code/data/2025-11-20/scope-results-2025-11-20-1288.csv,1.5718666666666647e-09,,53,,0,,50 ohms time 0.01
,SiC,1.0,Electron 110V,1.0,,0.0,40.0,/Users/rkfuentes/Documents/md_anderson_analysis/yepes_code/data/2025-11-20/scope-results-2025-11-20-1289.csv,3.675173333333332e-08,,391,,0,,50 ohms time 0.01
,SiC,1.0,Electron 110V,1.0,,0.0,40.0,/Users/rkfuentes/Documents/md_anderson_analysis/yepes_code/data/2025-11-20/scope-results-2025-11-20-1290.csv,3.6904000000000012e-09,,64,,0,,50 ohms time 0.01
,SiC,1.0,Electron 110V,1.0,,0.0,40.0,/Users/rkfuentes/Documents/md_anderson_analysis/yepes_code/data/2025-11-20/scope-results-2025-11-20-1291.csv,8.430933333333342e-09,,62,,0,,50 ohms time 0.01
,SiC,1.0,Electron 110V,1.0,,0.0,40.0,/Users/rkfuentes/Documents/md_anderson_analysis/yepes_code/data/2025-11-20/scope-results-2025-11-20-1292.csv,3.4613999999999823e-09,,37,,0,,50 ohms time 0.01
,SiC,1.0,Electron 110V,1.0,,0.0,40.0,/Users/rkfuentes/Documents/md_anderson_analysis/yepes_code/data/2025-11-20/scope-results-2025-11-20-1293.csv,1.0991999999999943e-09,,55,,0,,50 ohms time 0.01
,SiC,1.0,Electron 110V,1.0,,0.0,40.0,/Users/rkfuentes/Documents/md_anderson_analysis/yepes_code/data/2025-11-20/scope-results-2025-11-20-1294.csv,8.671466666666675e-09,,34,,0,,50 ohms time 0.01
,SiC,1.0,Electron 110V,1.0,,0.0,40.0,/Users/rkfuentes/Documents/md_anderson_analysis/yepes_code/data/2025-11-20/scope-results-2025-11-20-1295.csv,2.9505333333333533e-09,,63,,0,,50 ohms time 0.01
,SiC,1.0,Electron 110V,1.0,,0.0,40.0,/Users/rkfuentes/Documents/md_anderson_analysis/yepes_code/data/2025-11-20/scope-results-2025-11-20-1296.csv,2.207199999999981e-09,,37,,0,,50 ohms time 0.01
,SiC,1.0,Electron 110V,1.0,,0.0,40.0,/Users/rkfuentes/Documents/md_anderson_analysis/yepes_code/data/2025-11-20/scope-results-2025-11-20-1297.csv,4.158666666666315e-10,,31,,0,,50 ohms time 0.01
,SiC,1.0,Electron 110V,1.0,,0.0,40.0,/Users/rkfuentes/Documents/md_anderson_analysis/yepes_code/data/2025-11-20/scope-results-2025-11-20-1298.csv,1.740799999999989e-09,,38,,0,,50 ohms time 0.01
,SiC,1.0,Electron 110V,1.0,,0.0,40.0,/Users/rkfuentes/Documents/md_anderson_analysis/yepes_code/data/2025-11-20/scope-results-2025-11-20-1299.csv,1.19904e-08,,65,,0,,50 ohms time 0.01
,SiC,1.0,Electron 191V,1.0,,0.0,40.0,/Users/rkfuentes/Documents/md_anderson_analysis/yepes_code/data/2025-11-20/scope-results-2025-11-20-1344.csv,9.039999999999892e-11,,23,,0,,50 ohms time 0.01
,SiC,1.0,Electron 191V,1.0,,0.0,40.0,/Users/rkfuentes/Documents/md_anderson_analysis/yepes_code/data/2025-11-20/scope-results-2025-11-20-1345.csv,4.0906666666666176e-10,,110,,0,,50 ohms time 0.01
,SiC,1.0,Electron 191V,1.0,,0.0,40.0,/Users/rkfuentes/Documents/md_anderson_analysis/yepes_code/data/2025-11-20/scope-results-2025-11-20-1346.csv,2.823333333333336e-10,,27,,0,,50 ohms time 0.01
,SiC,1.0,Electron 191V,1.0,,0.0,40.0,/Users/rkfuentes/Documents/md_anderson_analysis/yepes_code/data/2025-11-20/scope-results-2025-11-20-1347.csv,2.3466666666661777e-11,,25,,0,,50 ohms time 0.01
,SiC,1.0,Electron 191V,1.0,,0.0,40.0,/Users/rkfuentes/Documents/md_anderson_analysis/yepes_code/data/2025-11-20/scope-results-2025-11-20-1348.csv,1.4735999999999915e-09,,129,,0,,50 ohms time 0.01
,SiC,1.0,Electron 191V,1.0,,0.0,40.0,/Users/rkfuentes/Documents/md_anderson_analysis/yepes_code/data/2025-11-20/scope-results-2025-11-20-1349.csv,5.926666666666343e-11,,26,,0,,50 ohms time 0.01
,SiC,1.0,Electron 191V,1.0,,0.0,40.0,/Users/rkfuentes/Documents/md_anderson_analysis/yepes_code/data/2025-11-20/scope-results-2025-11-20-1350.csv,2.6313333333333097e-10,,34,,0,,50 ohms time 0.01
,SiC,1.0,Electron 191V,1.0,,0.0,40.0,/Users/rkfuentes/Documents/md_anderson_analysis/yepes_code/data/2025-11-20/scope-results-2025-11-20-1351.csv,3.65333333333334e-10,,23,,0,,50 ohms time 0.01
,SiC,1.0,Electron 191V,1.0,,0.0,40.0,/Users/rkfuentes/Documents/md_anderson_analysis/yepes_code/data/2025-11-20/scope-results-2025-11-20-1352.csv,8.485333333333388e-10,,118,,0,,50 ohms time 0.01
,SiC,1.0,Electron 191V,1.0,,0.0,40.0,/Users/rkfuentes/Documents/md_anderson_analysis/yepes_code/data/2025-11-20/scope-results-2025-11-20-1353.csv,3.434666666666643e-10,,114,,0,,50 ohms time 0.01
,SiC,1.0,Electron 191V,1.0,,0.0,40.0,/Users/rkfuentes/Documents/md_anderson_analysis/yepes_code/data/2025-11-20/scope-results-2025-11-20-1354.csv,2.058666666666683e-10,,27,,0,,50 ohms time 0.01
,SiC,1.0,Electron 191V,1.0,,0.0,40.0,/Users/rkfuentes/Documents/md_anderson_analysis/yepes_code/data/2025-11-20/scope-results-2025-11-20-1355.csv,1.1126666666666263e-10,,25,,0,,50 ohms time 0.01
,SiC,1.0,Electron 191V,1.0,,0.0,40.0,/Users/rkfuentes/Documents/md_anderson_analysis/yepes_code/data/2025-11-20/scope-results-2025-11-20-1356.csv,6.333333333335719e-12,,19,,0,,50 ohms time 0.01
,SiC,1.0,Electron 85V,1.0,,0.0,40.0,/Users/rkfuentes/Documents/md_anderson_analysis/yepes_code/data/2025-11-20/scope-results-2025-11-20-1403.csv,1.9839999999998318e-10,,31,,0,,50 ohms time 0.01
,SiC,1.0,Electron 85V,1.0,,0.0,40.0,/Users/rkfuentes/Documents/md_anderson_analysis/yepes_code/data/2025-11-20/scope-results-2025-11-20-1404.csv,1.0839999999999843e-10,,32,,0,,50 ohms time 0.01
,SiC,1.0,Electron 85V,1.0,,0.0,40.0,/Users/rkfuentes/Documents/md_anderson_analysis/yepes_code/data/2025-11-20/scope-results-2025-11-20-1405.csv,4.2933333333325455e-11,,33,,0,,50 ohms time 0.01
,SiC,1.0,Electron 85V,1.0,,0.0,40.0,/Users/rkfuentes/Documents/md_anderson_analysis/yepes_code/data/2025-11-20/scope-results-2025-11-20-1406.csv,7.480000000001542e-11,,32,,0,,50 ohms time 0.01
,SiC,1.0,Electron 85V,1.0,,0.0,40.0,/Users/rkfuentes/Documents/md_anderson_analysis/yepes_code/data/2025-11-20/scope-results-2025-11-20-1407.csv,1.0926666666666558e-10,,54,,0,,50 ohms time 0.01
,SiC,1.0,Electron 85V,1.0,,0.0,40.0,/Users/rkfuentes/Documents/md_anderson_analysis/yepes_code/data/2025-11-20/scope-results-2025-11-20-1408.csv,1.0673333333334114e-10,,35,,0,,50 ohms time 0.01
,SiC,1.0,Electron 85V,1.0,,0.0,40.0,/Users/rkfuentes/Documents/md_anderson_analysis/yepes_code/data/2025-11-20/scope-results-2025-11-20-1409.csv,3.6393333333337667e-10,,30,,0,,50 ohms time 0.01
,SiC,1.0,Electron 85V,1.0,,0.0,40.0,/Users/rkfuentes/Documents/md_anderson_analysis/yepes_code/data/2025-11-20/scope-results-2025-11-20-1410.csv,3.0253333333334326e-10,,35,,0,,50 ohms time 0.01
,SiC,1.0,Electron 85V,1.0,,0.0,40.0,/Users/rkfuentes/Documents/md_anderson_analysis/yepes_code/data/2025-11-20/scope-results-2025-11-20-1411.csv,1.6766666666666658e-10,,35,,0,,50 ohms time 0.01
,SiC,1.0,Electron 85V,1.0,,0.0,40.0,/Users/rkfuentes/Documents/md_anderson_analysis/yepes_code/data/2025-11-20/scope-results-2025-11-20-1412.csv,3.7933333333311416e-11,,34,,0,,50 ohms time 0.01
,SiC,1.0,Electron 85V,1.0,,0.0,40.0,/Users/rkfuentes/Documents/md_anderson_analysis/yepes_code/data/2025-11-20/scope-results-2025-11-20-1413.csv,1.0626666666664e-10,,30,,0,,50 ohms time 0.01
,SiC,1.0,Electron 110V,1.0,,0.0,40.0,/Users/rkfuentes/Documents/md_anderson_analysis/yepes_code/data/2025-11-20/scope-results-2025-11-20-1453.csv,8.992266666666687e-09,,42,,0,,50 ohms time 0.01
,SiC,1.0,Electron 110V,1.0,,0.0,40.0,/Users/rkfuentes/Documents/md_anderson_analysis/yepes_code/data/2025-11-20/scope-results-2025-11-20-1454.csv,9.717519999999997e-08,,606,,0,,50 ohms time 0.01
,SiC,1.0,Electron 110V,1.0,,0.0,40.0,/Users/rkfuentes/Documents/md_anderson_analysis/yepes_code/data/2025-11-20/scope-results-2025-11-20-1455.csv,1.3934666666666666e-08,,389,,0,,50 ohms time 0.01
,SiC,1.0,Electron 110V,1.0,,0.0,40.0,/Users/rkfuentes/Documents/md_anderson_analysis/yepes_code/data/2025-11-20/scope-results-2025-11-20-1456.csv,1.1560051349422898e-11,,21,,0,,50 ohms time 0.01
,SiC,1.0,Electron 110V,1.0,,0.0,40.0,/Users/rkfuentes/Documents/md_anderson_analysis/yepes_code/data/2025-11-20/scope-results-2025-11-20-1457.csv,3.922933333333344e-09,,101,,0,,50 ohms time 0.01
,SiC,1.0,Electron 110V,1.0,,0.0,40.0,/Users/rkfuentes/Documents/md_anderson_analysis/yepes_code/data/2025-11-20/scope-results-2025-11-20-1458.csv,4.514133333333338e-09,,65,,0,,50 ohms time 0.01
,SiC,1.0,Electron 110V,1.0,,0.0,40.0,/Users/rkfuentes/Documents/md_anderson_analysis/yepes_code/data/2025-11-20/scope-results-2025-11-20-1459.csv,9.736966666666666e-08,,623,,0,,50 ohms time 0.01
,SiC,1.0,Electron 110V,1.0,,0.0,40.0,/Users/rkfuentes/Documents/md_anderson_analysis/yepes_code/data/2025-11-20/scope-results-2025-11-20-1460.csv,2.7780025674708073e-11,,28,,0,,50 ohms time 0.01
,SiC,1.0,Electron 110V,1.0,,0.0,40.0,/Users/rkfuentes/Documents/md_anderson_analysis/yepes_code/data/2025-11-20/scope-results-2025-11-20-1461.csv,1.005066666666688e-09,,74,,0,,50 ohms time 0.01
,SiC,1.0,Electron 191V,1.0,,0.0,40.0,/Users/rkfuentes/Documents/md_anderson_analysis/yepes_code/data/2025-11-20/scope-results-2025-11-20-1493.csv,2.0953333333333448e-10,,23,,0,,50 ohms time 0.01
,SiC,1.0,Electron 191V,1.0,,0.0,40.0,/Users/rkfuentes/Documents/md_anderson_analysis/yepes_code/data/2025-11-20/scope-results-2025-11-20-1494.csv,7.834666666666689e-10,,87,,0,,50 ohms time 0.01
,SiC,1.0,Electron 191V,1.0,,0.0,40.0,/Users/rkfuentes/Documents/md_anderson_analysis/yepes_code/data/2025-11-20/scope-results-2025-11-20-1495.csv,2.1513333333332852e-10,,25,,0,,50 ohms time 0.01
,SiC,1.0,Electron 191V,1.0,,0.0,40.0,/Users/rkfuentes/Documents/md_anderson_analysis/yepes_code/data/2025-11-20/scope-results-2025-11-20-1496.csv,6.003333333333301e-10,,86,,0,,50 ohms time 0.01
,SiC,1.0,Electron 191V,1.0,,0.0,40.0,/Users/rkfuentes/Documents/md_anderson_analysis/yepes_code/data/2025-11-20/scope-results-2025-11-20-1497.csv,3.233333333333308e-11,,27,,0,,50 ohms time 0.01
,SiC,1.0,Electron 191V,1.0,,0.0,40.0,/Users/rkfuentes/Documents/md_anderson_analysis/yepes_code/data/2025-11-20/scope-results-2025-11-20-1498.csv,3.923999999999993e-10,,26,,0,,50 ohms time 0.01
,SiC,1.0,Electron 191V,1.0,,0.0,40.0,/Users/rkfuentes/Documents/md_anderson_analysis/yepes_code/data/2025-11-20/scope-results-2025-11-20-1499.csv,1.8593333333333414e-10,,27,,0,,50 ohms time 0.01
,SiC,1.0,Electron 191V,1.0,,0.0,40.0,/Users/rkfuentes/Documents/md_anderson_analysis/yepes_code/data/2025-11-20/scope-results-2025-11-20-1500.csv,2.626266666666675e-09,,143,,0,,50 ohms time 0.01
,SiC,1.0,Electron 191V,1.0,,0.0,40.0,/Users/rkfuentes/Documents/md_anderson_analysis/yepes_code/data/2025-11-20/scope-results-2025-11-20-1501.csv,2.9506666666667053e-10,,28,,0,,50 ohms time 0.01
,SiC,1.0,Electron 191V,1.0,,0.0,40.0,/Users/rkfuentes/Documents/md_anderson_analysis/yepes_code/data/2025-11-20/scope-results-2025-11-20-1502.csv,8.013333333333571e-11,,29,,0,,50 ohms time 0.01
,SiC,1.0,Electron 191V,1.0,,0.0,40.0,/Users/rkfuentes/Documents/md_anderson_analysis/yepes_code/data/2025-11-20/scope-results-2025-11-20-1503.csv,3.0813333333333303e-10,,30,,0,,50 ohms time 0.01
,SiC,1.0,Electron 191V,1.0,,0.0,40.0,/Users/rkfuentes/Documents/md_anderson_analysis/yepes_code/data/2025-11-20/scope-results-2025-11-20-1504.csv,1.8979999999999871e-10,,30,,0,,50 ohms time 0.01
,SiC,1.0,Electron 191V,1.0,,0.0,40.0,/Users/rkfuentes/Documents/md_anderson_analysis/yepes_code/data/2025-11-20/scope-results-2025-11-20-1574.csv,4.1066666666666437e-10,,21,,0,,50 ohms time 0.01 no collimator
,SiC,1.0,Electron 191V,1.0,,0.0,40.0,/Users/rkfuentes/Documents/md_anderson_analysis/yepes_code/data/2025-11-20/scope-results-2025-11-20-1575.csv,3.840000000000067e-10,,20,,0,,50 ohms time 0.01 no collimator
,SiC,1.0,Electron 191V,1.0,,0.0,40.0,/Users/rkfuentes/Documents/md_anderson_analysis/yepes_code/data/2025-11-20/scope-results-2025-11-20-1576.csv,4.1300000000000137e-10,,22,,0,,50 ohms time 0.01 no collimator
,SiC,1.0,Electron 110V,1.0,,0.0,40.0,/Users/rkfuentes/Documents/md_anderson_analysis/yepes_code/data/2025-11-20/scope-results-2025-11-20-1577.csv,1.7289e-08,,137,,0,,50 ohms time 0.01 no collimator
,SiC,1.0,Electron 110V,1.0,,0.0,40.0,/Users/rkfuentes/Documents/md_anderson_analysis/yepes_code/data/2025-11-20/scope-results-2025-11-20-1578.csv,1.4603666666666698e-08,,133,,0,,50 ohms time 0.01 no collimator
,SiC,1.0,Electron 110V,1.0,,0.0,40.0,/Users/rkfuentes/Documents/md_anderson_analysis/yepes_code/data/2025-11-20/scope-results-2025-11-20-1579.csv,1.2446333333333349e-08,,134,,0,,50 ohms time 0.01 no collimator
,SiC,1.0,Electron 110V,1.0,,0.0,40.0,/Users/rkfuentes/Documents/md_anderson_analysis/yepes_code/data/2025-11-20/scope-results-2025-11-20-1580.csv,1.247066666666668e-08,,127,,0,,50 ohms time 0.01 no collimator
,SiC,1.0,Electron 85V,1.0,,0.0,200.0,/Users/rkfuentes/Documents/md_anderson_analysis/yepes_code/data/2025-11-20/scope-results-2025-11-20-1607.csv,6.766666666666729e-11,,22,,0,,50 ohms time 0.01 no collimator
,SiC,1.0,Electron 85V,1.0,,0.0,200.0,/Users/rkfuentes/Documents/md_anderson_analysis/yepes_code/data/2025-11-20/scope-results-2025-11-20-1608.csv,4.9666666666662766e-11,,22,,0,,50 ohms time 0.01 no collimator
,SiC,1.0,Electron 85V,1.0,,0.0,200.0,/Users/rkfuentes/Documents/md_anderson_analysis/yepes_code/data/2025-11-20/scope-results-2025-11-20-1609.csv,6.633333333333809e-11,,17,,0,,50 ohms time 0.01 no collimator
,SiC,1.0,Electron 85V,1.0,,0.0,200.0,/Users/rkfuentes/Documents/md_anderson_analysis/yepes_code/data/2025-11-20/scope-results-2025-11-20-1610.csv,7.600000000000062e-11,,24,,0,,50 ohms time 0.01 no collimator
,SiC,1.0,Electron 85V,1.0,,0.0,200.0,/Users/rkfuentes/Documents/md_anderson_analysis/yepes_code/data/2025-11-20/scope-results-2025-11-20-1611.csv,7.366666666666259e-11,,26,,0,,50 ohms time 0.01 no collimator
,SiC,1.0,Electron 85V,1.0,,0.0,200.0,/Users/rkfuentes/Documents/md_anderson_analysis/yepes_code/data/2025-11-20/scope-results-2025-11-20-1612.csv,2.8333333333331788e-11,,21,,0,,50 ohms time 0.01 no collimator
,SiC,1.0,Electron 85V,1.0,,0.0,200.0,/Users/rkfuentes/Documents/md_anderson_analysis/yepes_code/data/2025-11-20/scope-results-2025-11-20-1613.csv,3.966666666666711e-11,,17,,0,,50 ohms time 0.01 no collimator
,SiC,1.0,Electron 85V,1.0,,0.0,200.0,/Users/rkfuentes/Documents/md_anderson_analysis/yepes_code/data/2025-11-20/scope-results-2025-11-20-1614.csv,3.5666666666666616e-10,,18,,0,,50 ohms time 0.01 no collimator
,SiC,1.0,Electron 85V,1.0,,0.0,200.0,/Users/rkfuentes/Documents/md_anderson_analysis/yepes_code/data/2025-11-20/scope-results-2025-11-20-1615.csv,2.2666666666669496e-11,,23,,0,,50 ohms time 0.01 no collimator
,SiC,1.0,Electron 85V,1.0,,0.0,200.0,/Users/rkfuentes/Documents/md_anderson_analysis/yepes_code/data/2025-11-20/scope-results-2025-11-20-1616.csv,9.1999999999999e-11,,23,,0,,50 ohms time 0.01 no collimator
,SiC,1.0,Electron 110V,1.0,,0.0,200.0,/Users/rkfuentes/Documents/md_anderson_analysis/yepes_code/data/2025-11-20/scope-results-2025-11-20-1655.csv,4.216000000000042e-09,,46,,0,,50 ohms time 0.01 no collimator
,SiC,1.0,Electron 110V,1.0,,0.0,200.0,/Users/rkfuentes/Documents/md_anderson_analysis/yepes_code/data/2025-11-20/scope-results-2025-11-20-1656.csv,1.6799999999999394e-10,,22,,0,,50 ohms time 0.01 no collimator
,SiC,1.0,Electron 110V,1.0,,0.0,200.0,/Users/rkfuentes/Documents/md_anderson_analysis/yepes_code/data/2025-11-20/scope-results-2025-11-20-1657.csv,4.0233333333333386e-10,,18,,0,,50 ohms time 0.01 no collimator
,SiC,1.0,Electron 110V,1.0,,0.0,200.0,/Users/rkfuentes/Documents/md_anderson_analysis/yepes_code/data/2025-11-20/scope-results-2025-11-20-1658.csv,2.3066666666668735e-10,,29,,0,,50 ohms time 0.01 no collimator
,SiC,1.0,Electron 110V,1.0,,0.0,200.0,/Users/rkfuentes/Documents/md_anderson_analysis/yepes_code/data/2025-11-20/scope-results-2025-11-20-1659.csv,3.3599999999999527e-10,,15,,0,,50 ohms time 0.01 no collimator
,SiC,1.0,Electron 110V,1.0,,0.0,200.0,/Users/rkfuentes/Documents/md_anderson_analysis/yepes_code/data/2025-11-20/scope-results-2025-11-20-1660.csv,3.69333333333335e-10,,32,,0,,50 ohms time 0.01 no collimator
,SiC,1.0,Electron 110V,1.0,,0.0,200.0,/Users/rkfuentes/Documents/md_anderson_analysis/yepes_code/data/2025-11-20/scope-results-2025-11-20-1661.csv,1.5433333333333707e-10,,24,,0,,50 ohms time 0.01 no collimator
,SiC,1.0,Electron 110V,1.0,,0.0,200.0,/Users/rkfuentes/Documents/md_anderson_analysis/yepes_code/data/2025-11-20/scope-results-2025-11-20-1662.csv,3.5999999999999503e-10,,23,,0,,50 ohms time 0.01 no collimator
,SiC,1.0,Electron 110V,1.0,,0.0,200.0,/Users/rkfuentes/Documents/md_anderson_analysis/yepes_code/data/2025-11-20/scope-results-2025-11-20-1663.csv,1.936666666666693e-10,,30,,0,,50 ohms time 0.01 no collimator
,SiC,1.0,Electron 110V,1.0,,0.0,200.0,/Users/rkfuentes/Documents/md_anderson_analysis/yepes_code/data/2025-11-20/scope-results-2025-11-20-1664.csv,5.893333333333307e-10,,29,,0,,50 ohms time 0.01 no collimator
,SiC,1.0,Electron 110V,1.0,,0.0,200.0,/Users/rkfuentes/Documents/md_anderson_analysis/yepes_code/data/2025-11-20/scope-results-2025-11-20-1665.csv,1.1466666666666959e-10,,27,,0,,50 ohms time 0.01 no collimator
,SiC,1.0,Electron 110V,1.0,,0.0,200.0,/Users/rkfuentes/Documents/md_anderson_analysis/yepes_code/data/2025-11-20/scope-results-2025-11-20-1666.csv,2.3699999999999913e-10,,29,,0,,50 ohms time 0.01 no collimator
,SiC,1.0,Electron 110V,1.0,,0.0,200.0,/Users/rkfuentes/Documents/md_anderson_analysis/yepes_code/data/2025-11-20/scope-results-2025-11-20-1667.csv,1.6399999999999814e-10,,29,,0,,50 ohms time 0.01 no collimator
,SiC,1.0,Electron 110V,1.0,,0.0,200.0,/Users/rkfuentes/Documents/md_anderson_analysis/yepes_code/data/2025-11-20/scope-results-2025-11-20-1668.csv,4.156000000000037e-09,,48,,0,,50 ohms time 0.01 no collimator
,SiC,1.0,Electron 85V,1.0,,0.0,100.0,/Users/rkfuentes/Documents/md_anderson_analysis/yepes_code/data/2025-11-20/scope-results-2025-11-20-1798.csv,1.0053333333333027e-10,,28,,0,,50 ohms time 0.01 no collimator
,SiC,1.0,Electron 85V,1.0,,0.0,100.0,/Users/rkfuentes/Documents/md_anderson_analysis/yepes_code/data/2025-11-20/scope-results-2025-11-20-1799.csv,5.1866666666669206e-11,,26,,0,,50 ohms time 0.01 no collimator
,SiC,1.0,Electron 85V,1.0,,0.0,100.0,/Users/rkfuentes/Documents/md_anderson_analysis/yepes_code/data/2025-11-20/scope-results-2025-11-20-1800.csv,1.5520000000000183e-10,,28,,0,,50 ohms time 0.01 no collimator
,SiC,1.0,Electron 85V,1.0,,0.0,100.0,/Users/rkfuentes/Documents/md_anderson_analysis/yepes_code/data/2025-11-20/scope-results-2025-11-20-1801.csv,3.8933333333333437e-11,,23,,0,,50 ohms time 0.01 no collimator
,SiC,1.0,Electron 85V,1.0,,0.0,100.0,/Users/rkfuentes/Documents/md_anderson_analysis/yepes_code/data/2025-11-20/scope-results-2025-11-20-1802.csv,5.2133333333336045e-11,,20,,0,,50 ohms time 0.01 no collimator
,SiC,1.0,Electron 85V,1.0,,0.0,100.0,/Users/rkfuentes/Documents/md_anderson_analysis/yepes_code/data/2025-11-20/scope-results-2025-11-20-1803.csv,9.560000000000279e-11,,26,,0,,50 ohms time 0.01 no collimator
,SiC,1.0,Electron 85V,1.0,,0.0,100.0,/Users/rkfuentes/Documents/md_anderson_analysis/yepes_code/data/2025-11-20/scope-results-2025-11-20-1804.csv,3.693333333333137e-11,,26,,0,,50 ohms time 0.01 no collimator
,SiC,1.0,Electron 85V,1.0,,0.0,100.0,/Users/rkfuentes/Documents/md_anderson_analysis/yepes_code/data/2025-11-20/scope-results-2025-11-20-1805.csv,3.768000000000044e-10,,28,,0,,50 ohms time 0.01 no collimator
,SiC,1.0,Electron 85V,1.0,,0.0,100.0,/Users/rkfuentes/Documents/md_anderson_analysis/yepes_code/data/2025-11-20/scope-results-2025-11-20-1806.csv,7.106666666666815e-11,,24,,0,,50 ohms time 0.01 no collimator
,SiC,1.0,Electron 85V,1.0,,0.0,100.0,/Users/rkfuentes/Documents/md_anderson_analysis/yepes_code/data/2025-11-20/scope-results-2025-11-20-1807.csv,6.266666666665692e-12,,22,,0,,50 ohms time 0.01 no collimator
,SiC,1.0,Electron 85V,1.0,,0.0,100.0,/Users/rkfuentes/Documents/md_anderson_analysis/yepes_code/data/2025-11-20/scope-results-2025-11-20-1808.csv,2.5573333333333206e-10,,28,,0,,50 ohms time 0.01 no collimator
,SiC,1.0,Electron 110V,1.0,,0.0,100.0,/Users/rkfuentes/Documents/md_anderson_analysis/yepes_code/data/2025-11-20/scope-results-2025-11-20-1869.csv,1.0828266666666658e-08,,90,,0,,50 ohms time 0.01
,SiC,1.0,Electron 110V,1.0,,0.0,100.0,/Users/rkfuentes/Documents/md_anderson_analysis/yepes_code/data/2025-11-20/scope-results-2025-11-20-1870.csv,9.474666666666676e-09,,89,,0,,50 ohms time 0.01
,SiC,1.0,Electron 110V,1.0,,0.0,100.0,/Users/rkfuentes/Documents/md_anderson_analysis/yepes_code/data/2025-11-20/scope-results-2025-11-20-1871.csv,3.036800000000006e-09,,59,,0,,50 ohms time 0.01
,SiC,1.0,Electron 110V,1.0,,0.0,100.0,/Users/rkfuentes/Documents/md_anderson_analysis/yepes_code/data/2025-11-20/scope-results-2025-11-20-1872.csv,9.861333333333349e-09,,94,,0,,50 ohms time 0.01
,SiC,1.0,Electron 110V,1.0,,0.0,100.0,/Users/rkfuentes/Documents/md_anderson_analysis/yepes_code/data/2025-11-20/scope-results-2025-11-20-1873.csv,9.46199999999999e-09,,86,,0,,50 ohms time 0.01
,SiC,1.0,Electron 110V,1.0,,0.0,100.0,/Users/rkfuentes/Documents/md_anderson_analysis/yepes_code/data/2025-11-20/scope-results-2025-11-20-1874.csv,8.858133333333336e-09,,80,,0,,50 ohms time 0.01
,SiC,1.0,Electron 110V,1.0,,0.0,100.0,/Users/rkfuentes/Documents/md_anderson_analysis/yepes_code/data/2025-11-20/scope-results-2025-11-20-1875.csv,1.0027200000000012e-08,,90,,0,,50 ohms time 0.01
,SiC,1.0,Electron 110V,1.0,,0.0,100.0,/Users/rkfuentes/Documents/md_anderson_analysis/yepes_code/data/2025-11-20/scope-results-2025-11-20-1876.csv,2.917200000000008e-09,,52,,0,,50 ohms time 0.01
,SiC,1.0,Electron 110V,1.0,,0.0,100.0,/Users/rkfuentes/Documents/md_anderson_analysis/yepes_code/data/2025-11-20/scope-results-2025-11-20-1877.csv,9.498133333333338e-09,,81,,0,,50 ohms time 0.01
,SiC,1.0,Electron 110V,1.0,,0.0,100.0,/Users/rkfuentes/Documents/md_anderson_analysis/yepes_code/data/2025-11-20/scope-results-2025-11-20-1878.csv,9.539866666666673e-09,,90,,0,,50 ohms time 0.01
,SiC,1.0,Electron 110V,1.0,,0.0,100.0,/Users/rkfuentes/Documents/md_anderson_analysis/yepes_code/data/2025-11-20/scope-results-2025-11-20-1879.csv,8.926799999999972e-09,,84,,0,,50 ohms time 0.01
,SiC,1.0,Electron 110V,1.0,,0.0,100.0,/Users/rkfuentes/Documents/md_anderson_analysis/yepes_code/data/2025-11-20/scope-results-2025-11-20-1880.csv,9.193599999999968e-09,,89,,0,,50 ohms time 0.01
,SiC,1.0,Electron 110V,1.0,,0.0,100.0,/Users/rkfuentes/Documents/md_anderson_analysis/yepes_code/data/2025-11-20/scope-results-2025-11-20-1881.csv,1.0196000000000016e-08,,91,,0,,50 ohms time 0.01
,SiC,1.0,Electron 110V,1.0,,0.0,10.0,/Users/rkfuentes/Documents/md_anderson_analysis/yepes_code/data/2025-11-20/scope-results-2025-11-20-1930.csv,7.061599999999991e-09,,130,,0,,50 ohms time 0.01
,SiC,1.0,Electron 110V,1.0,,0.0,10.0,/Users/rkfuentes/Documents/md_anderson_analysis/yepes_code/data/2025-11-20/scope-results-2025-11-20-1931.csv,6.828133333333314e-09,,140,,0,,50 ohms time 0.01
,SiC,1.0,Electron 110V,1.0,,0.0,10.0,/Users/rkfuentes/Documents/md_anderson_analysis/yepes_code/data/2025-11-20/scope-results-2025-11-20-1932.csv,5.7946666666666806e-09,,156,,0,,50 ohms time 0.01
,SiC,1.0,Electron 110V,1.0,,0.0,10.0,/Users/rkfuentes/Documents/md_anderson_analysis/yepes_code/data/2025-11-20/scope-results-2025-11-20-1933.csv,6.881466666666638e-09,,139,,0,,50 ohms time 0.01
,SiC,1.0,Electron 110V,1.0,,0.0,10.0,/Users/rkfuentes/Documents/md_anderson_analysis/yepes_code/data/2025-11-20/scope-results-2025-11-20-1934.csv,6.229599999999992e-09,,133,,0,,50 ohms time 0.01
,SiC,1.0,Electron 110V,1.0,,0.0,10.0,/Users/rkfuentes/Documents/md_anderson_analysis/yepes_code/data/2025-11-20/scope-results-2025-11-20-1935.csv,6.979466666666696e-09,,138,,0,,50 ohms time 0.01
,SiC,1.0,Electron 110V,1.0,,0.0,10.0,/Users/rkfuentes/Documents/md_anderson_analysis/yepes_code/data/2025-11-20/scope-results-2025-11-20-1936.csv,6.9802666666666604e-09,,147,,0,,50 ohms time 0.01
,SiC,1.0,Electron 110V,1.0,,0.0,10.0,/Users/rkfuentes/Documents/md_anderson_analysis/yepes_code/data/2025-11-20/scope-results-2025-11-20-1937.csv,6.7344000000000085e-09,,148,,0,,50 ohms time 0.01
,SiC,1.0,Electron 110V,1.0,,0.0,10.0,/Users/rkfuentes/Documents/md_anderson_analysis/yepes_code/data/2025-11-20/scope-results-2025-11-20-1938.csv,6.857600000000004e-09,,150,,0,,50 ohms time 0.01
,SiC,1.0,Electron 110V,1.0,,0.0,10.0,/Users/rkfuentes/Documents/md_anderson_analysis/yepes_code/data/2025-11-20/scope-results-2025-11-20-1939.csv,5.917733333333332e-09,,142,,0,,50 ohms time 0.01
,SiC,1.0,Electron 110V,1.0,,0.0,10.0,/Users/rkfuentes/Documents/md_anderson_analysis/yepes_code/data/2025-11-20/scope-results-2025-11-20-1940.csv,7.139200000000023e-09,,139,,0,,50 ohms time 0.01
,SiC,1.0,Electron 191V,1.0,,0.0,10.0,/Users/rkfuentes/Documents/md_anderson_analysis/yepes_code/data/2025-11-20/scope-results-2025-11-20-1968.csv,4.756853333333333e-08,,148,,0,,50 ohms time 0.01
,SiC,1.0,Electron 191V,1.0,,0.0,10.0,/Users/rkfuentes/Documents/md_anderson_analysis/yepes_code/data/2025-11-20/scope-results-2025-11-20-1969.csv,4.1100266666666674e-08,,133,,0,,50 ohms time 0.01
,SiC,1.0,Electron 191V,1.0,,0.0,10.0,/Users/rkfuentes/Documents/md_anderson_analysis/yepes_code/data/2025-11-20/scope-results-2025-11-20-1970.csv,3.996853333333333e-08,,141,,0,,50 ohms time 0.01
,SiC,1.0,Electron 191V,1.0,,0.0,10.0,/Users/rkfuentes/Documents/md_anderson_analysis/yepes_code/data/2025-11-20/scope-results-2025-11-20-1971.csv,4.6976533333333343e-08,,146,,0,,50 ohms time 0.01
,SiC,1.0,Electron 191V,1.0,,0.0,10.0,/Users/rkfuentes/Documents/md_anderson_analysis/yepes_code/data/2025-11-20/scope-results-2025-11-20-1972.csv,4.240480000000003e-08,,131,,0,,50 ohms time 0.01
,SiC,1.0,Electron 191V,1.0,,0.0,10.0,/Users/rkfuentes/Documents/md_anderson_analysis/yepes_code/data/2025-11-20/scope-results-2025-11-20-1973.csv,4.1971866666666675e-08,,149,,0,,50 ohms time 0.01
,SiC,1.0,Electron 191V,1.0,,0.0,10.0,/Users/rkfuentes/Documents/md_anderson_analysis/yepes_code/data/2025-11-20/scope-results-2025-11-20-1974.csv,3.9432533333333345e-08,,140,,0,,50 ohms time 0.01
,SiC,1.0,Electron 110V,1.0,,0.0,10.0,/Users/rkfuentes/Documents/md_anderson_analysis/yepes_code/data/2025-11-20/scope-results-2025-11-20-1996.csv,4.093333333333327e-09,,142,,0,,50 ohms time 0.01
,SiC,1.0,Electron 110V,1.0,,0.0,10.0,/Users/rkfuentes/Documents/md_anderson_analysis/yepes_code/data/2025-11-20/scope-results-2025-11-20-1997.csv,2.3082666666666807e-09,,149,,0,,50 ohms time 0.01
,SiC,1.0,Electron 110V,1.0,,0.0,10.0,/Users/rkfuentes/Documents/md_anderson_analysis/yepes_code/data/2025-11-20/scope-results-2025-11-20-1998.csv,4.027733333333328e-09,,158,,0,,50 ohms time 0.01
,SiC,1.0,Electron 110V,1.0,,0.0,10.0,/Users/rkfuentes/Documents/md_anderson_analysis/yepes_code/data/2025-11-20/scope-results-2025-11-20-1999.csv,4.201600000000005e-09,,143,,0,,50 ohms time 0.01
,SiC,1.0,Electron 110V,1.0,,0.0,10.0,/Users/rkfuentes/Documents/md_anderson_analysis/yepes_code/data/2025-11-20/scope-results-2025-11-20-2000.csv,3.124000000000004e-09,,139,,0,,50 ohms time 0.01
,SiC,1.0,Electron 110V,1.0,,0.0,10.0,/Users/rkfuentes/Documents/md_anderson_analysis/yepes_code/data/2025-11-20/scope-results-2025-11-20-2001.csv,2.310400000000001e-09,,145,,0,,50 ohms time 0.01
,SiC,1.0,Electron 191V,1.0,,0.0,10.0,/Users/rkfuentes/Documents/md_anderson_analysis/yepes_code/data/2025-11-20/scope-results-2025-11-20-2012.csv,2.6126933333333354e-08,,143,,0,,50 ohms time 0.01
,SiC,1.0,Electron 191V,1.0,,0.0,10.0,/Users/rkfuentes/Documents/md_anderson_analysis/yepes_code/data/2025-11-20/scope-results-2025-11-20-2013.csv,2.018053333333333e-08,,144,,0,,50 ohms time 0.01
,SiC,1.0,Electron 191V,1.0,,0.0,10.0,/Users/rkfuentes/Documents/md_anderson_analysis/yepes_code/data/2025-11-20/scope-results-2025-11-20-2014.csv,2.07892e-08,,147,,0,,50 ohms time 0.01
,SiC,1.0,Electron 191V,1.0,,0.0,10.0,/Users/rkfuentes/Documents/md_anderson_analysis/yepes_code/data/2025-11-20/scope-results-2025-11-20-2015.csv,2.0263066666666663e-08,,147,,0,,50 ohms time 0.01
,SiC,1.0,Electron 191V,1.0,,0.0,10.0,/Users/rkfuentes/Documents/md_anderson_analysis/yepes_code/data/2025-11-20/scope-results-2025-11-20-2016.csv,2.0036933333333327e-08,,145,,0,,50 ohms time 0.01
,SiC,1.0,Electron 191V,1.0,,0.0,10.0,/Users/rkfuentes/Documents/md_anderson_analysis/yepes_code/data/2025-11-20/scope-results-2025-11-20-2017.csv,1.909773333333333e-08,,150,,0,,50 ohms time 0.01
,SiC,1.0,Electron 85V,2.0,,0.0,40.0,/Users/rkfuentes/Documents/md_anderson_analysis/yepes_code/data/2025-11-20/scope-results-2025-11-20-0048.csv,4.45333333333332e-09,,263,,0,,50 ohms
,SiC,1.0,Electron 85V,2.0,,0.0,40.0,/Users/rkfuentes/Documents/md_anderson_analysis/yepes_code/data/2025-11-20/scope-results-2025-11-20-0049.csv,4.6026666666666855e-09,,238,,0,,50 ohms
,SiC,1.0,Electron 85V,2.0,,0.0,40.0,/Users/rkfuentes/Documents/md_anderson_analysis/yepes_code/data/2025-11-20/scope-results-2025-11-20-0050.csv,6.213333333333088e-10,,82,,0,,50 ohms
,SiC,1.0,Electron 85V,2.0,,0.0,40.0,/Users/rkfuentes/Documents/md_anderson_analysis/yepes_code/data/2025-11-20/scope-results-2025-11-20-0051.csv,4.536000000000021e-09,,253,,0,,50 ohms
,SiC,1.0,Electron 85V,2.0,,0.0,40.0,/Users/rkfuentes/Documents/md_anderson_analysis/yepes_code/data/2025-11-20/scope-results-2025-11-20-0052.csv,4.206666666666665e-09,,248,,0,,50 ohms
,SiC,1.0,Electron 85V,2.0,,0.0,40.0,/Users/rkfuentes/Documents/md_anderson_analysis/yepes_code/data/2025-11-20/scope-results-2025-11-20-0053.csv,2.696666666666672e-10,,247,,0,,50 ohms
,SiC,1.0,Electron 85V,2.0,,0.0,40.0,/Users/rkfuentes/Documents/md_anderson_analysis/yepes_code/data/2025-11-20/scope-results-2025-11-20-0054.csv,4.229333333333335e-09,,267,,0,,50 ohms
,SiC,1.0,Electron 85V,2.0,,0.0,40.0,/Users/rkfuentes/Documents/md_anderson_analysis/yepes_code/data/2025-11-20/scope-results-2025-11-20-0055.csv,4.230666666666675e-09,,242,,0,,50 ohms
,SiC,1.0,Electron 85V,2.0,,0.0,40.0,/Users/rkfuentes/Documents/md_anderson_analysis/yepes_code/data/2025-11-20/scope-results-2025-11-20-0056.csv,4.181333333333308e-09,,239,,0,,50 ohms
,SiC,1.0,Electron 85V,2.0,,0.0,40.0,/Users/rkfuentes/Documents/md_anderson_analysis/yepes_code/data/2025-11-20/scope-results-2025-11-20-0057.csv,8.575666666666677e-09,,244,,0,,50 ohms
,SiC,1.0,Electron 85V,2.0,,0.0,40.0,/Users/rkfuentes/Documents/md_anderson_analysis/yepes_code/data/2025-11-20/scope-results-2025-11-20-0058.csv,8.606666666666676e-09,,248,,0,,50 ohms
,SiC,1.0,Electron 85V,2.0,,0.0,40.0,/Users/rkfuentes/Documents/md_anderson_analysis/yepes_code/data/2025-11-20/scope-results-2025-11-20-0059.csv,9.333333333347631e-12,,263,,0,,50 ohms
,SiC,1.0,Electron 85V,2.0,,0.0,40.0,/Users/rkfuentes/Documents/md_anderson_analysis/yepes_code/data/2025-11-20/scope-results-2025-11-20-0060.csv,2.2933333333333303e-10,,20,,0,,50 ohms
,SiC,1.0,Electron 85V,2.0,,0.0,40.0,/Users/rkfuentes/Documents/md_anderson_analysis/yepes_code/data/2025-11-20/scope-results-2025-11-20-0061.csv,7.890666666666663e-09,,259,,0,,50 ohms
,SiC,1.0,Electron 85V,2.0,,0.0,40.0,/Users/rkfuentes/Documents/md_anderson_analysis/yepes_code/data/2025-11-20/scope-results-2025-11-20-0062.csv,1.70666666666658e-10,,29,,0,,50 ohms
,SiC,1.0,Electron 85V,2.0,,0.0,40.0,/Users/rkfuentes/Documents/md_anderson_analysis/yepes_code/data/2025-11-20/scope-results-2025-11-20-0063.csv,3.933333333333365e-09,,246,,0,,50 ohms
,SiC,1.0,Electron 85V,2.0,,0.0,40.0,/Users/rkfuentes/Documents/md_anderson_analysis/yepes_code/data/2025-11-20/scope-results-2025-11-20-0064.csv,4.73333333333335e-10,,293,,0,,50 ohms
,SiC,1.0,Electron 110V,2.0,,0.0,40.0,/Users/rkfuentes/Documents/md_anderson_analysis/yepes_code/data/2025-11-20/scope-results-2025-11-20-0113.csv,1.2771999999999984e-08,,82,,0,,50 ohms time 0.01
,SiC,1.0,Electron 110V,2.0,,0.0,40.0,/Users/rkfuentes/Documents/md_anderson_analysis/yepes_code/data/2025-11-20/scope-results-2025-11-20-0114.csv,2.5012000000000012e-08,,255,,0,,50 ohms time 0.01
,SiC,1.0,Electron 110V,2.0,,0.0,40.0,/Users/rkfuentes/Documents/md_anderson_analysis/yepes_code/data/2025-11-20/scope-results-2025-11-20-0115.csv,2.914300000000002e-08,,255,,0,,50 ohms time 0.01
,SiC,1.0,Electron 110V,2.0,,0.0,40.0,/Users/rkfuentes/Documents/md_anderson_analysis/yepes_code/data/2025-11-20/scope-results-2025-11-20-0116.csv,2.5092666666666672e-08,,255,,0,,50 ohms time 0.01
,SiC,1.0,Electron 110V,2.0,,0.0,40.0,/Users/rkfuentes/Documents/md_anderson_analysis/yepes_code/data/2025-11-20/scope-results-2025-11-20-0117.csv,2.927333333333333e-08,,263,,0,,50 ohms time 0.01
,SiC,1.0,Electron 110V,2.0,,0.0,40.0,/Users/rkfuentes/Documents/md_anderson_analysis/yepes_code/data/2025-11-20/scope-results-2025-11-20-0118.csv,2.9838333333333375e-08,,261,,0,,50 ohms time 0.01
,SiC,1.0,Electron 110V,2.0,,0.0,40.0,/Users/rkfuentes/Documents/md_anderson_analysis/yepes_code/data/2025-11-20/scope-results-2025-11-20-0119.csv,2.8742666666666682e-08,,277,,0,,50 ohms time 0.01
,SiC,1.0,Electron 110V,2.0,,0.0,40.0,/Users/rkfuentes/Documents/md_anderson_analysis/yepes_code/data/2025-11-20/scope-results-2025-11-20-0120.csv,2.8910666666666734e-08,,280,,0,,50 ohms time 0.01
,SiC,1.0,Electron 110V,2.0,,0.0,40.0,/Users/rkfuentes/Documents/md_anderson_analysis/yepes_code/data/2025-11-20/scope-results-2025-11-20-0121.csv,2.8752000000000008e-08,,270,,0,,50 ohms time 0.01
,SiC,1.0,Electron 110V,2.0,,0.0,40.0,/Users/rkfuentes/Documents/md_anderson_analysis/yepes_code/data/2025-11-20/scope-results-2025-11-20-0122.csv,2.9262666666666712e-08,,279,,0,,50 ohms time 0.01
,SiC,1.0,Electron 110V,2.0,,0.0,40.0,/Users/rkfuentes/Documents/md_anderson_analysis/yepes_code/data/2025-11-20/scope-results-2025-11-20-0123.csv,2.9255999999999997e-08,,260,,0,,50 ohms time 0.01
,SiC,1.0,Electron 110V,2.0,,0.0,40.0,/Users/rkfuentes/Documents/md_anderson_analysis/yepes_code/data/2025-11-20/scope-results-2025-11-20-0124.csv,2.8630666666666704e-08,,249,,0,,50 ohms time 0.01
,SiC,1.0,Electron 191V,2.0,,0.0,40.0,/Users/rkfuentes/Documents/md_anderson_analysis/yepes_code/data/2025-11-20/scope-results-2025-11-20-0161.csv,1.143706666666667e-07,,178,,0,,50 ohms time 0.01
,SiC,1.0,Electron 191V,2.0,,0.0,40.0,/Users/rkfuentes/Documents/md_anderson_analysis/yepes_code/data/2025-11-20/scope-results-2025-11-20-0162.csv,1.109193333333334e-07,,163,,0,,50 ohms time 0.01
,SiC,1.0,Electron 191V,2.0,,0.0,40.0,/Users/rkfuentes/Documents/md_anderson_analysis/yepes_code/data/2025-11-20/scope-results-2025-11-20-0163.csv,1.0781433333333334e-07,,191,,0,,50 ohms time 0.01
,SiC,1.0,Electron 191V,2.0,,0.0,40.0,/Users/rkfuentes/Documents/md_anderson_analysis/yepes_code/data/2025-11-20/scope-results-2025-11-20-0164.csv,1.1279866666666669e-07,,182,,0,,50 ohms time 0.01
,SiC,1.0,Electron 191V,2.0,,0.0,40.0,/Users/rkfuentes/Documents/md_anderson_analysis/yepes_code/data/2025-11-20/scope-results-2025-11-20-0165.csv,1.0672266666666665e-07,,188,,0,,50 ohms time 0.01
,SiC,1.0,Electron 191V,2.0,,0.0,40.0,/Users/rkfuentes/Documents/md_anderson_analysis/yepes_code/data/2025-11-20/scope-results-2025-11-20-0166.csv,9.992966666666661e-08,,180,,0,,50 ohms time 0.01
,SiC,1.0,Electron 191V,2.0,,0.0,40.0,/Users/rkfuentes/Documents/md_anderson_analysis/yepes_code/data/2025-11-20/scope-results-2025-11-20-0167.csv,1.0266533333333333e-07,,181,,0,,50 ohms time 0.01
,SiC,1.0,Electron 191V,2.0,,0.0,40.0,/Users/rkfuentes/Documents/md_anderson_analysis/yepes_code/data/2025-11-20/scope-results-2025-11-20-0168.csv,1.0088933333333335e-07,,192,,0,,50 ohms time 0.01
,SiC,1.0,Electron 191V,2.0,,0.0,40.0,/Users/rkfuentes/Documents/md_anderson_analysis/yepes_code/data/2025-11-20/scope-results-2025-11-20-0169.csv,1.0474533333333337e-07,,187,,0,,50 ohms time 0.01
,SiC,1.0,Electron 191V,2.0,,0.0,40.0,/Users/rkfuentes/Documents/md_anderson_analysis/yepes_code/data/2025-11-20/scope-results-2025-11-20-0170.csv,1.0109433333333333e-07,,175,,0,,50 ohms time 0.01
,SiC,1.0,Electron 191V,2.0,,0.0,40.0,/Users/rkfuentes/Documents/md_anderson_analysis/yepes_code/data/2025-11-20/scope-results-2025-11-20-0171.csv,1.043306666666667e-07,,186,,0,,50 ohms time 0.01
,SiC,1.0,Electron 191V,2.0,,0.0,40.0,/Users/rkfuentes/Documents/md_anderson_analysis/yepes_code/data/2025-11-20/scope-results-2025-11-20-0172.csv,1.0330666666666668e-07,,188,,0,,50 ohms time 0.01
,SiC,1.0,Electron 110V,2.0,,0.0,40.0,/Users/rkfuentes/Documents/md_anderson_analysis/yepes_code/data/2025-11-20/scope-results-2025-11-20-0321.csv,8.658666666666687e-09,,265,,0,,50 ohms time 0.01
,SiC,1.0,Electron 110V,2.0,,0.0,40.0,/Users/rkfuentes/Documents/md_anderson_analysis/yepes_code/data/2025-11-20/scope-results-2025-11-20-0322.csv,1.257400000000002e-08,,270,,0,,50 ohms time 0.01
,SiC,1.0,Electron 110V,2.0,,0.0,40.0,/Users/rkfuentes/Documents/md_anderson_analysis/yepes_code/data/2025-11-20/scope-results-2025-11-20-0323.csv,1.2057333333333298e-08,,263,,0,,50 ohms time 0.01
,SiC,1.0,Electron 110V,2.0,,0.0,40.0,/Users/rkfuentes/Documents/md_anderson_analysis/yepes_code/data/2025-11-20/scope-results-2025-11-20-0324.csv,1.2604333333333328e-08,,248,,0,,50 ohms time 0.01
,SiC,1.0,Electron 110V,2.0,,0.0,40.0,/Users/rkfuentes/Documents/md_anderson_analysis/yepes_code/data/2025-11-20/scope-results-2025-11-20-0325.csv,8.359333333333325e-09,,253,,0,,50 ohms time 0.01
,SiC,1.0,Electron 110V,2.0,,0.0,40.0,/Users/rkfuentes/Documents/md_anderson_analysis/yepes_code/data/2025-11-20/scope-results-2025-11-20-0326.csv,1.2566666666666688e-08,,255,,0,,50 ohms time 0.01
,SiC,1.0,Electron 110V,2.0,,0.0,40.0,/Users/rkfuentes/Documents/md_anderson_analysis/yepes_code/data/2025-11-20/scope-results-2025-11-20-0327.csv,8.372000000000025e-09,,264,,0,,50 ohms time 0.01
,SiC,1.0,Electron 110V,2.0,,0.0,40.0,/Users/rkfuentes/Documents/md_anderson_analysis/yepes_code/data/2025-11-20/scope-results-2025-11-20-0328.csv,1.2026666666666662e-08,,291,,0,,50 ohms time 0.01
,SiC,1.0,Electron 110V,2.0,,0.0,40.0,/Users/rkfuentes/Documents/md_anderson_analysis/yepes_code/data/2025-11-20/scope-results-2025-11-20-0329.csv,8.475999999999991e-09,,260,,0,,50 ohms time 0.01
,SiC,1.0,Electron 110V,2.0,,0.0,40.0,/Users/rkfuentes/Documents/md_anderson_analysis/yepes_code/data/2025-11-20/scope-results-2025-11-20-0330.csv,1.2641333333333353e-08,,257,,0,,50 ohms time 0.01
,SiC,1.0,Electron 191V,2.0,,0.0,40.0,/Users/rkfuentes/Documents/md_anderson_analysis/yepes_code/data/2025-11-20/scope-results-2025-11-20-0380.csv,5.837600000000003e-08,,282,,0,,50 ohms time 0.01
,SiC,1.0,Electron 191V,2.0,,0.0,40.0,/Users/rkfuentes/Documents/md_anderson_analysis/yepes_code/data/2025-11-20/scope-results-2025-11-20-0381.csv,6.685166666666668e-08,,268,,0,,50 ohms time 0.01
,SiC,1.0,Electron 191V,2.0,,0.0,40.0,/Users/rkfuentes/Documents/md_anderson_analysis/yepes_code/data/2025-11-20/scope-results-2025-11-20-0382.csv,5.8322666666666696e-08,,274,,0,,50 ohms time 0.01
,SiC,1.0,Electron 191V,2.0,,0.0,40.0,/Users/rkfuentes/Documents/md_anderson_analysis/yepes_code/data/2025-11-20/scope-results-2025-11-20-0383.csv,5.8323000000000025e-08,,278,,0,,50 ohms time 0.01
,SiC,1.0,Electron 191V,2.0,,0.0,40.0,/Users/rkfuentes/Documents/md_anderson_analysis/yepes_code/data/2025-11-20/scope-results-2025-11-20-0384.csv,5.7736000000000015e-08,,257,,0,,50 ohms time 0.01
,SiC,1.0,Electron 191V,2.0,,0.0,40.0,/Users/rkfuentes/Documents/md_anderson_analysis/yepes_code/data/2025-11-20/scope-results-2025-11-20-0385.csv,6.122733333333339e-08,,266,,0,,50 ohms time 0.01
,SiC,1.0,Electron 191V,2.0,,0.0,40.0,/Users/rkfuentes/Documents/md_anderson_analysis/yepes_code/data/2025-11-20/scope-results-2025-11-20-0386.csv,6.193333333333337e-08,,264,,0,,50 ohms time 0.01
,SiC,1.0,Electron 191V,2.0,,0.0,40.0,/Users/rkfuentes/Documents/md_anderson_analysis/yepes_code/data/2025-11-20/scope-results-2025-11-20-0387.csv,6.551733333333333e-08,,276,,0,,50 ohms time 0.01
,SiC,1.0,Electron 191V,2.0,,0.0,40.0,/Users/rkfuentes/Documents/md_anderson_analysis/yepes_code/data/2025-11-20/scope-results-2025-11-20-0388.csv,5.715166666666669e-08,,270,,0,,50 ohms time 0.01
,SiC,1.0,Electron 191V,2.0,,0.0,40.0,/Users/rkfuentes/Documents/md_anderson_analysis/yepes_code/data/2025-11-20/scope-results-2025-11-20-0389.csv,5.696266666666668e-08,,259,,0,,50 ohms time 0.01
,SiC,1.0,Electron 191V,2.0,,0.0,40.0,/Users/rkfuentes/Documents/md_anderson_analysis/yepes_code/data/2025-11-20/scope-results-2025-11-20-0390.csv,5.582000000000003e-08,,279,,0,,50 ohms time 0.01
,SiC,1.0,Electron 191V,2.0,,0.0,40.0,/Users/rkfuentes/Documents/md_anderson_analysis/yepes_code/data/2025-11-20/scope-results-2025-11-20-0391.csv,5.5102666666666665e-08,,264,,0,,50 ohms time 0.01
,SiC,1.0,Electron 191V,2.0,,0.0,40.0,/Users/rkfuentes/Documents/md_anderson_analysis/yepes_code/data/2025-11-20/scope-results-2025-11-20-0673.csv,7.333333333333306e-10,,34,,0,,50 ohms time 0.01
,SiC,1.0,Electron 191V,2.0,,0.0,40.0,/Users/rkfuentes/Documents/md_anderson_analysis/yepes_code/data/2025-11-20/scope-results-2025-11-20-0674.csv,2.137999999999988e-09,,146,,0,,50 ohms time 0.01
,SiC,1.0,Electron 191V,2.0,,0.0,40.0,/Users/rkfuentes/Documents/md_anderson_analysis/yepes_code/data/2025-11-20/scope-results-2025-11-20-0675.csv,6.264000000000007e-09,,27,,0,,50 ohms time 0.01
,SiC,1.0,Electron 191V,2.0,,0.0,40.0,/Users/rkfuentes/Documents/md_anderson_analysis/yepes_code/data/2025-11-20/scope-results-2025-11-20-0676.csv,3.086666666667333e-11,,14,,0,,50 ohms time 0.01
,SiC,1.0,Electron 191V,2.0,,0.0,40.0,/Users/rkfuentes/Documents/md_anderson_analysis/yepes_code/data/2025-11-20/scope-results-2025-11-20-0677.csv,2.186933333333337e-09,,200,,0,,50 ohms time 0.01
,SiC,1.0,Electron 191V,2.0,,0.0,40.0,/Users/rkfuentes/Documents/md_anderson_analysis/yepes_code/data/2025-11-20/scope-results-2025-11-20-0678.csv,4.679999999999996e-10,,31,,0,,50 ohms time 0.01
,SiC,1.0,Electron 85V,2.0,,0.0,40.0,/Users/rkfuentes/Documents/md_anderson_analysis/yepes_code/data/2025-11-20/scope-results-2025-11-20-0679.csv,2.6000000000017168e-12,,42,,0,,50 ohms time 0.01
,SiC,1.0,Electron 85V,2.0,,0.0,40.0,/Users/rkfuentes/Documents/md_anderson_analysis/yepes_code/data/2025-11-20/scope-results-2025-11-20-0680.csv,1.971333333333328e-09,,601,,0,,50 ohms time 0.01
,SiC,1.0,Electron 85V,2.0,,0.0,40.0,/Users/rkfuentes/Documents/md_anderson_analysis/yepes_code/data/2025-11-20/scope-results-2025-11-20-0681.csv,1.5953333333330728e-10,,34,,0,,50 ohms time 0.01
,SiC,1.0,Electron 85V,2.0,,0.0,40.0,/Users/rkfuentes/Documents/md_anderson_analysis/yepes_code/data/2025-11-20/scope-results-2025-11-20-0682.csv,2.433333333330567e-11,,27,,0,,50 ohms time 0.01
,SiC,1.0,Electron 85V,2.0,,0.0,40.0,/Users/rkfuentes/Documents/md_anderson_analysis/yepes_code/data/2025-11-20/scope-results-2025-11-20-0683.csv,9.081333333333321e-09,,41,,0,,50 ohms time 0.01
,SiC,1.0,Electron 85V,2.0,,0.0,40.0,/Users/rkfuentes/Documents/md_anderson_analysis/yepes_code/data/2025-11-20/scope-results-2025-11-20-0684.csv,9.780000000002134e-11,,32,,0,,50 ohms time 0.01
,SiC,1.0,Electron 85V,2.0,,0.0,40.0,/Users/rkfuentes/Documents/md_anderson_analysis/yepes_code/data/2025-11-20/scope-results-2025-11-20-0685.csv,2.91133590080449e-11,,24,,0,,50 ohms time 0.01
,SiC,1.0,Electron 85V,2.0,,0.0,40.0,/Users/rkfuentes/Documents/md_anderson_analysis/yepes_code/data/2025-11-20/scope-results-2025-11-20-0686.csv,1.0133333333311964e-11,,32,,0,,50 ohms time 0.01
,SiC,1.0,Electron 110V,2.0,,0.0,40.0,/Users/rkfuentes/Documents/md_anderson_analysis/yepes_code/data/2025-11-20/scope-results-2025-11-20-0687.csv,3.2946666666667684e-10,,43,,0,,50 ohms time 0.01
,SiC,1.0,Electron 110V,2.0,,0.0,40.0,/Users/rkfuentes/Documents/md_anderson_analysis/yepes_code/data/2025-11-20/scope-results-2025-11-20-0688.csv,1.3489333333333767e-09,,49,,0,,50 ohms time 0.01
,SiC,1.0,Electron 191V,2.0,,0.0,40.0,/Users/rkfuentes/Documents/md_anderson_analysis/yepes_code/data/2025-11-20/scope-results-2025-11-20-0689.csv,1.0476466666666672e-08,,201,,0,,50 ohms time 0.01
,SiC,1.0,Electron 191V,2.0,,0.0,40.0,/Users/rkfuentes/Documents/md_anderson_analysis/yepes_code/data/2025-11-20/scope-results-2025-11-20-0690.csv,1.2058400000000024e-08,,202,,0,,50 ohms time 0.01
,SiC,1.0,Electron 191V,2.0,,0.0,40.0,/Users/rkfuentes/Documents/md_anderson_analysis/yepes_code/data/2025-11-20/scope-results-2025-11-20-0691.csv,8.704266666666681e-09,,172,,0,,50 ohms time 0.01
,SiC,1.0,Electron 191V,2.0,,0.0,40.0,/Users/rkfuentes/Documents/md_anderson_analysis/yepes_code/data/2025-11-20/scope-results-2025-11-20-0692.csv,5.873333333333261e-10,,244,,0,,50 ohms time 0.01
,SiC,1.0,Electron 191V,2.0,,0.0,40.0,/Users/rkfuentes/Documents/md_anderson_analysis/yepes_code/data/2025-11-20/scope-results-2025-11-20-0693.csv,4.4533333333334314e-11,,39,,0,,50 ohms time 0.01
,SiC,1.0,Electron 191V,2.0,,0.0,40.0,/Users/rkfuentes/Documents/md_anderson_analysis/yepes_code/data/2025-11-20/scope-results-2025-11-20-0694.csv,6.597066666666639e-09,,120,,0,,50 ohms time 0.01
,SiC,1.0,Electron 191V,2.0,,0.0,40.0,/Users/rkfuentes/Documents/md_anderson_analysis/yepes_code/data/2025-11-20/scope-results-2025-11-20-0695.csv,1.0800000000000436e-10,,23,,0,,50 ohms time 0.01
,SiC,1.0,Electron 85V,2.0,,0.0,40.0,/Users/rkfuentes/Documents/md_anderson_analysis/yepes_code/data/2025-11-20/scope-results-2025-11-20-0772.csv,7.079999999999115e-11,,31,,0,,50 ohms time 0.01
,SiC,1.0,Electron 85V,2.0,,0.0,40.0,/Users/rkfuentes/Documents/md_anderson_analysis/yepes_code/data/2025-11-20/scope-results-2025-11-20-0773.csv,1.970666666666092e-10,,31,,0,,50 ohms time 0.01
,SiC,1.0,Electron 85V,2.0,,0.0,40.0,/Users/rkfuentes/Documents/md_anderson_analysis/yepes_code/data/2025-11-20/scope-results-2025-11-20-0774.csv,3.011466666666682e-09,,39,,0,,50 ohms time 0.01
,SiC,1.0,Electron 85V,2.0,,0.0,40.0,/Users/rkfuentes/Documents/md_anderson_analysis/yepes_code/data/2025-11-20/scope-results-2025-11-20-0775.csv,2.702666666666362e-10,,31,,0,,50 ohms time 0.01
,SiC,1.0,Electron 85V,2.0,,0.0,40.0,/Users/rkfuentes/Documents/md_anderson_analysis/yepes_code/data/2025-11-20/scope-results-2025-11-20-0776.csv,6.046666666665099e-11,,34,,0,,50 ohms time 0.01
,SiC,1.0,Electron 85V,2.0,,0.0,40.0,/Users/rkfuentes/Documents/md_anderson_analysis/yepes_code/data/2025-11-20/scope-results-2025-11-20-0777.csv,2.7554666666666847e-09,,38,,0,,50 ohms time 0.01
,SiC,1.0,Electron 85V,2.0,,0.0,40.0,/Users/rkfuentes/Documents/md_anderson_analysis/yepes_code/data/2025-11-20/scope-results-2025-11-20-0778.csv,4.908666666667037e-10,,31,,0,,50 ohms time 0.01
,SiC,1.0,Electron 85V,2.0,,0.0,40.0,/Users/rkfuentes/Documents/md_anderson_analysis/yepes_code/data/2025-11-20/scope-results-2025-11-20-0779.csv,3.9126666666666524e-10,,33,,0,,50 ohms time 0.01
,SiC,1.0,Electron 85V,2.0,,0.0,40.0,/Users/rkfuentes/Documents/md_anderson_analysis/yepes_code/data/2025-11-20/scope-results-2025-11-20-0780.csv,2.926666666667064e-10,,30,,0,,50 ohms time 0.01
,SiC,1.0,Electron 85V,2.0,,0.0,40.0,/Users/rkfuentes/Documents/md_anderson_analysis/yepes_code/data/2025-11-20/scope-results-2025-11-20-0781.csv,3.826666666666667e-10,,52,,0,,50 ohms time 0.01
,SiC,1.0,Electron 85V,2.0,,0.0,40.0,/Users/rkfuentes/Documents/md_anderson_analysis/yepes_code/data/2025-11-20/scope-results-2025-11-20-0782.csv,2.2219999999998927e-10,,32,,0,,50 ohms time 0.01
,SiC,1.0,Electron 85V,2.0,,0.0,40.0,/Users/rkfuentes/Documents/md_anderson_analysis/yepes_code/data/2025-11-20/scope-results-2025-11-20-0783.csv,2.4733333333360456e-11,,26,,0,,50 ohms time 0.01
,SiC,1.0,Electron 110V,2.0,,0.0,40.0,/Users/rkfuentes/Documents/md_anderson_analysis/yepes_code/data/2025-11-20/scope-results-2025-11-20-0784.csv,2.6338666666666747e-09,,120,,0,,50 ohms time 0.01
,SiC,1.0,Electron 110V,2.0,,0.0,40.0,/Users/rkfuentes/Documents/md_anderson_analysis/yepes_code/data/2025-11-20/scope-results-2025-11-20-0785.csv,6.273333333333316e-11,,23,,0,,50 ohms time 0.01
,SiC,1.0,Electron 110V,2.0,,0.0,40.0,/Users/rkfuentes/Documents/md_anderson_analysis/yepes_code/data/2025-11-20/scope-results-2025-11-20-0786.csv,1.2413333333333442e-10,,20,,0,,50 ohms time 0.01
,SiC,1.0,Electron 110V,2.0,,0.0,40.0,/Users/rkfuentes/Documents/md_anderson_analysis/yepes_code/data/2025-11-20/scope-results-2025-11-20-0787.csv,6.0724666666666806e-09,,285,,0,,50 ohms time 0.01
,SiC,1.0,Electron 110V,2.0,,0.0,40.0,/Users/rkfuentes/Documents/md_anderson_analysis/yepes_code/data/2025-11-20/scope-results-2025-11-20-0788.csv,3.7383999999999895e-09,,285,,0,,50 ohms time 0.01
,SiC,1.0,Electron 110V,2.0,,0.0,40.0,/Users/rkfuentes/Documents/md_anderson_analysis/yepes_code/data/2025-11-20/scope-results-2025-11-20-0789.csv,5.33413333333333e-09,,298,,0,,50 ohms time 0.01
,SiC,1.0,Electron 110V,2.0,,0.0,40.0,/Users/rkfuentes/Documents/md_anderson_analysis/yepes_code/data/2025-11-20/scope-results-2025-11-20-0790.csv,1.952000000000004e-10,,24,,0,,50 ohms time 0.01
,SiC,1.0,Electron 110V,2.0,,0.0,40.0,/Users/rkfuentes/Documents/md_anderson_analysis/yepes_code/data/2025-11-20/scope-results-2025-11-20-0791.csv,2.3589333333333348e-09,,123,,0,,50 ohms time 0.01
,SiC,1.0,Electron 110V,2.0,,0.0,40.0,/Users/rkfuentes/Documents/md_anderson_analysis/yepes_code/data/2025-11-20/scope-results-2025-11-20-0792.csv,6.966666666666959e-11,,30,,0,,50 ohms time 0.01
,SiC,1.0,Electron 110V,2.0,,0.0,40.0,/Users/rkfuentes/Documents/md_anderson_analysis/yepes_code/data/2025-11-20/scope-results-2025-11-20-0793.csv,1.0850666666666583e-09,,291,,0,,50 ohms time 0.01
,SiC,1.0,Electron 110V,2.0,,0.0,40.0,/Users/rkfuentes/Documents/md_anderson_analysis/yepes_code/data/2025-11-20/scope-results-2025-11-20-0794.csv,3.733866666666679e-09,,277,,0,,50 ohms time 0.01
,SiC,1.0,Electron 191V,2.0,,0.0,40.0,/Users/rkfuentes/Documents/md_anderson_analysis/yepes_code/data/2025-11-20/scope-results-2025-11-20-0795.csv,1.6919466666666662e-08,,169,,0,,50 ohms time 0.01
,SiC,1.0,Electron 191V,2.0,,0.0,40.0,/Users/rkfuentes/Documents/md_anderson_analysis/yepes_code/data/2025-11-20/scope-results-2025-11-20-0796.csv,1.8260933333333358e-08,,167,,0,,50 ohms time 0.01
,SiC,1.0,Electron 191V,2.0,,0.0,40.0,/Users/rkfuentes/Documents/md_anderson_analysis/yepes_code/data/2025-11-20/scope-results-2025-11-20-0797.csv,1.532853333333333e-08,,190,,0,,50 ohms time 0.01
,SiC,1.0,Electron 191V,2.0,,0.0,40.0,/Users/rkfuentes/Documents/md_anderson_analysis/yepes_code/data/2025-11-20/scope-results-2025-11-20-0798.csv,1.7121466666666656e-08,,170,,0,,50 ohms time 0.01
,SiC,1.0,Electron 191V,2.0,,0.0,40.0,/Users/rkfuentes/Documents/md_anderson_analysis/yepes_code/data/2025-11-20/scope-results-2025-11-20-0799.csv,1.5401200000000017e-08,,181,,0,,50 ohms time 0.01
,SiC,1.0,Electron 191V,2.0,,0.0,40.0,/Users/rkfuentes/Documents/md_anderson_analysis/yepes_code/data/2025-11-20/scope-results-2025-11-20-0800.csv,1.7148799999999993e-08,,178,,0,,50 ohms time 0.01
,SiC,1.0,Electron 191V,2.0,,0.0,40.0,/Users/rkfuentes/Documents/md_anderson_analysis/yepes_code/data/2025-11-20/scope-results-2025-11-20-0801.csv,1.7161666666666676e-08,,162,,0,,50 ohms time 0.01
,SiC,1.0,Electron 191V,2.0,,0.0,40.0,/Users/rkfuentes/Documents/md_anderson_analysis/yepes_code/data/2025-11-20/scope-results-2025-11-20-0802.csv,1.7109866666666674e-08,,206,,0,,50 ohms time 0.01
,SiC,1.0,Electron 191V,2.0,,0.0,40.0,/Users/rkfuentes/Documents/md_anderson_analysis/yepes_code/data/2025-11-20/scope-results-2025-11-20-0803.csv,1.5753466666666653e-08,,180,,0,,50 ohms time 0.01
,SiC,1.0,Electron 191V,2.0,,0.0,40.0,/Users/rkfuentes/Documents/md_anderson_analysis/yepes_code/data/2025-11-20/scope-results-2025-11-20-0804.csv,1.7333066666666676e-08,,181,,0,,50 ohms time 0.01
,SiC,1.0,Electron 191V,2.0,,0.0,40.0,/Users/rkfuentes/Documents/md_anderson_analysis/yepes_code/data/2025-11-20/scope-results-2025-11-20-0805.csv,1.5482800000000003e-08,,174,,0,,50 ohms time 0.01
,SiC,1.0,Electron 191V,2.0,,0.0,40.0,/Users/rkfuentes/Documents/md_anderson_analysis/yepes_code/data/2025-11-20/scope-results-2025-11-20-0806.csv,1.5358933333333343e-08,,176,,0,,50 ohms time 0.01
,SiC,1.0,Electron 191V,2.0,,0.0,40.0,/Users/rkfuentes/Documents/md_anderson_analysis/yepes_code/data/2025-11-20/scope-results-2025-11-20-0807.csv,1.3020266666666677e-08,,167,,0,,50 ohms time 0.01
,SiC,1.0,Electron 85V,2.0,,0.0,40.0,/Users/rkfuentes/Documents/md_anderson_analysis/yepes_code/data/2025-11-20/scope-results-2025-11-20-0898.csv,3.0000000000141042e-12,,34,,0,,50 ohms time 0.01
,SiC,1.0,Electron 85V,2.0,,0.0,40.0,/Users/rkfuentes/Documents/md_anderson_analysis/yepes_code/data/2025-11-20/scope-results-2025-11-20-0899.csv,1.2453333333333242e-10,,47,,0,,50 ohms time 0.01
,SiC,1.0,Electron 85V,2.0,,0.0,40.0,/Users/rkfuentes/Documents/md_anderson_analysis/yepes_code/data/2025-11-20/scope-results-2025-11-20-0900.csv,5.040000000002029e-11,,31,,0,,50 ohms time 0.01
,SiC,1.0,Electron 85V,2.0,,0.0,40.0,/Users/rkfuentes/Documents/md_anderson_analysis/yepes_code/data/2025-11-20/scope-results-2025-11-20-0901.csv,7.066666666666538e-11,,28,,0,,50 ohms time 0.01
,SiC,1.0,Electron 85V,2.0,,0.0,40.0,/Users/rkfuentes/Documents/md_anderson_analysis/yepes_code/data/2025-11-20/scope-results-2025-11-20-0902.csv,1.0713333333334438e-10,,31,,0,,50 ohms time 0.01
,SiC,1.0,Electron 85V,2.0,,0.0,40.0,/Users/rkfuentes/Documents/md_anderson_analysis/yepes_code/data/2025-11-20/scope-results-2025-11-20-0903.csv,2.1013333333331564e-10,,29,,0,,50 ohms time 0.01
,SiC,1.0,Electron 85V,2.0,,0.0,40.0,/Users/rkfuentes/Documents/md_anderson_analysis/yepes_code/data/2025-11-20/scope-results-2025-11-20-0904.csv,2.393333333330534e-11,,31,,0,,50 ohms time 0.01
,SiC,1.0,Electron 85V,2.0,,0.0,40.0,/Users/rkfuentes/Documents/md_anderson_analysis/yepes_code/data/2025-11-20/scope-results-2025-11-20-0905.csv,1.9826666666666755e-09,,39,,0,,50 ohms time 0.01
,SiC,1.0,Electron 85V,2.0,,0.0,40.0,/Users/rkfuentes/Documents/md_anderson_analysis/yepes_code/data/2025-11-20/scope-results-2025-11-20-0906.csv,5.17333333333253e-11,,35,,0,,50 ohms time 0.01
,SiC,1.0,Electron 85V,2.0,,0.0,40.0,/Users/rkfuentes/Documents/md_anderson_analysis/yepes_code/data/2025-11-20/scope-results-2025-11-20-0907.csv,4.589999999999675e-10,,35,,0,,50 ohms time 0.01
,SiC,1.0,Electron 85V,2.0,,0.0,40.0,/Users/rkfuentes/Documents/md_anderson_analysis/yepes_code/data/2025-11-20/scope-results-2025-11-20-0908.csv,2.586666666666268e-10,,33,,0,,50 ohms time 0.01
,SiC,1.0,Electron 110V,2.0,,0.0,40.0,/Users/rkfuentes/Documents/md_anderson_analysis/yepes_code/data/2025-11-20/scope-results-2025-11-20-0956.csv,3.690666666666017e-10,,36,,0,,50 ohms time 0.01
,SiC,1.0,Electron 110V,2.0,,0.0,40.0,/Users/rkfuentes/Documents/md_anderson_analysis/yepes_code/data/2025-11-20/scope-results-2025-11-20-0957.csv,1.599999999999911e-10,,45,,0,,50 ohms time 0.01
,SiC,1.0,Electron 110V,2.0,,0.0,40.0,/Users/rkfuentes/Documents/md_anderson_analysis/yepes_code/data/2025-11-20/scope-results-2025-11-20-0958.csv,1.3000000000000391e-09,,50,,0,,50 ohms time 0.01
,SiC,1.0,Electron 110V,2.0,,0.0,40.0,/Users/rkfuentes/Documents/md_anderson_analysis/yepes_code/data/2025-11-20/scope-results-2025-11-20-0959.csv,1.8471335900804628e-10,,26,,0,,50 ohms time 0.01
,SiC,1.0,Electron 110V,2.0,,0.0,40.0,/Users/rkfuentes/Documents/md_anderson_analysis/yepes_code/data/2025-11-20/scope-results-2025-11-20-0960.csv,3.9580000000000056e-09,,38,,0,,50 ohms time 0.01
,SiC,1.0,Electron 110V,2.0,,0.0,40.0,/Users/rkfuentes/Documents/md_anderson_analysis/yepes_code/data/2025-11-20/scope-results-2025-11-20-0961.csv,1.623199999999992e-09,,187,,0,,50 ohms time 0.01
,SiC,1.0,Electron 110V,2.0,,0.0,40.0,/Users/rkfuentes/Documents/md_anderson_analysis/yepes_code/data/2025-11-20/scope-results-2025-11-20-0962.csv,2.620600000000014e-09,,41,,0,,50 ohms time 0.01
,SiC,1.0,Electron 110V,2.0,,0.0,40.0,/Users/rkfuentes/Documents/md_anderson_analysis/yepes_code/data/2025-11-20/scope-results-2025-11-20-0963.csv,1.4606666666666714e-10,,22,,0,,50 ohms time 0.01
,SiC,1.0,Electron 110V,2.0,,0.0,40.0,/Users/rkfuentes/Documents/md_anderson_analysis/yepes_code/data/2025-11-20/scope-results-2025-11-20-0964.csv,4.066133333333341e-09,,42,,0,,50 ohms time 0.01
,SiC,1.0,Electron 110V,2.0,,0.0,40.0,/Users/rkfuentes/Documents/md_anderson_analysis/yepes_code/data/2025-11-20/scope-results-2025-11-20-0965.csv,6.415999999999887e-10,,50,,0,,50 ohms time 0.01
,SiC,1.0,Electron 110V,2.0,,0.0,40.0,/Users/rkfuentes/Documents/md_anderson_analysis/yepes_code/data/2025-11-20/scope-results-2025-11-20-0966.csv,1.1869999999999983e-09,,51,,0,,50 ohms time 0.01
,SiC,1.0,Electron 110V,2.0,,0.0,40.0,/Users/rkfuentes/Documents/md_anderson_analysis/yepes_code/data/2025-11-20/scope-results-2025-11-20-0967.csv,6.441333333333305e-10,,68,,0,,50 ohms time 0.01
,SiC,1.0,Electron 110V,2.0,,0.0,40.0,/Users/rkfuentes/Documents/md_anderson_analysis/yepes_code/data/2025-11-20/scope-results-2025-11-20-0968.csv,3.877733333333322e-09,,279,,0,,50 ohms time 0.01
,SiC,1.0,Electron 191V,2.0,,0.0,40.0,/Users/rkfuentes/Documents/md_anderson_analysis/yepes_code/data/2025-11-20/scope-results-2025-11-20-1008.csv,1.2884533333333338e-08,,234,,0,,50 ohms time 0.01
,SiC,1.0,Electron 191V,2.0,,0.0,40.0,/Users/rkfuentes/Documents/md_anderson_analysis/yepes_code/data/2025-11-20/scope-results-2025-11-20-1009.csv,1.2884866666666648e-08,,200,,0,,50 ohms time 0.01
,SiC,1.0,Electron 191V,2.0,,0.0,40.0,/Users/rkfuentes/Documents/md_anderson_analysis/yepes_code/data/2025-11-20/scope-results-2025-11-20-1010.csv,9.94833333333331e-09,,210,,0,,50 ohms time 0.01
,SiC,1.0,Electron 191V,2.0,,0.0,40.0,/Users/rkfuentes/Documents/md_anderson_analysis/yepes_code/data/2025-11-20/scope-results-2025-11-20-1011.csv,1.1060000000000004e-08,,265,,0,,50 ohms time 0.01
,SiC,1.0,Electron 191V,2.0,,0.0,40.0,/Users/rkfuentes/Documents/md_anderson_analysis/yepes_code/data/2025-11-20/scope-results-2025-11-20-1012.csv,9.822533333333335e-09,,205,,0,,50 ohms time 0.01
,SiC,1.0,Electron 191V,2.0,,0.0,40.0,/Users/rkfuentes/Documents/md_anderson_analysis/yepes_code/data/2025-11-20/scope-results-2025-11-20-1013.csv,1.3189866666666646e-08,,264,,0,,50 ohms time 0.01
,SiC,1.0,Electron 191V,2.0,,0.0,40.0,/Users/rkfuentes/Documents/md_anderson_analysis/yepes_code/data/2025-11-20/scope-results-2025-11-20-1014.csv,1.2274666666666685e-08,,264,,0,,50 ohms time 0.01
,SiC,1.0,Electron 191V,2.0,,0.0,40.0,/Users/rkfuentes/Documents/md_anderson_analysis/yepes_code/data/2025-11-20/scope-results-2025-11-20-1015.csv,9.942399999999966e-09,,274,,0,,50 ohms time 0.01
,SiC,1.0,Electron 191V,2.0,,0.0,40.0,/Users/rkfuentes/Documents/md_anderson_analysis/yepes_code/data/2025-11-20/scope-results-2025-11-20-1016.csv,1.7162399999999994e-08,,262,,0,,50 ohms time 0.01
,SiC,1.0,Electron 191V,2.0,,0.0,40.0,/Users/rkfuentes/Documents/md_anderson_analysis/yepes_code/data/2025-11-20/scope-results-2025-11-20-1017.csv,1.5080866666666676e-08,,270,,0,,50 ohms time 0.01
,SiC,1.0,Electron 191V,2.0,,0.0,40.0,/Users/rkfuentes/Documents/md_anderson_analysis/yepes_code/data/2025-11-20/scope-results-2025-11-20-1018.csv,1.361586666666668e-08,,269,,0,,50 ohms time 0.01
,SiC,1.0,Electron 85V,2.0,,0.0,40.0,/Users/rkfuentes/Documents/md_anderson_analysis/yepes_code/data/2025-11-20/scope-results-2025-11-20-1076.csv,1.8600000000000435e-10,,29,,0,,50 ohms time 0.01
,SiC,1.0,Electron 85V,2.0,,0.0,40.0,/Users/rkfuentes/Documents/md_anderson_analysis/yepes_code/data/2025-11-20/scope-results-2025-11-20-1077.csv,3.886666666667946e-11,,28,,0,,50 ohms time 0.01
,SiC,1.0,Electron 85V,2.0,,0.0,40.0,/Users/rkfuentes/Documents/md_anderson_analysis/yepes_code/data/2025-11-20/scope-results-2025-11-20-1078.csv,4.5600000000002846e-11,,29,,0,,50 ohms time 0.01
,SiC,1.0,Electron 85V,2.0,,0.0,40.0,/Users/rkfuentes/Documents/md_anderson_analysis/yepes_code/data/2025-11-20/scope-results-2025-11-20-1079.csv,2.3273333333333842e-10,,36,,0,,50 ohms time 0.01
,SiC,1.0,Electron 85V,2.0,,0.0,40.0,/Users/rkfuentes/Documents/md_anderson_analysis/yepes_code/data/2025-11-20/scope-results-2025-11-20-1080.csv,3.07400000000023e-10,,30,,0,,50 ohms time 0.01
,SiC,1.0,Electron 85V,2.0,,0.0,40.0,/Users/rkfuentes/Documents/md_anderson_analysis/yepes_code/data/2025-11-20/scope-results-2025-11-20-1081.csv,3.993333333332562e-11,,32,,0,,50 ohms time 0.01
,SiC,1.0,Electron 85V,2.0,,0.0,40.0,/Users/rkfuentes/Documents/md_anderson_analysis/yepes_code/data/2025-11-20/scope-results-2025-11-20-1082.csv,1.4753333333333015e-10,,32,,0,,50 ohms time 0.01
,SiC,1.0,Electron 85V,2.0,,0.0,40.0,/Users/rkfuentes/Documents/md_anderson_analysis/yepes_code/data/2025-11-20/scope-results-2025-11-20-1083.csv,9.440000000000984e-11,,30,,0,,50 ohms time 0.01
,SiC,1.0,Electron 85V,2.0,,0.0,40.0,/Users/rkfuentes/Documents/md_anderson_analysis/yepes_code/data/2025-11-20/scope-results-2025-11-20-1084.csv,2.367333333333551e-10,,31,,0,,50 ohms time 0.01
,SiC,1.0,Electron 85V,2.0,,0.0,40.0,/Users/rkfuentes/Documents/md_anderson_analysis/yepes_code/data/2025-11-20/scope-results-2025-11-20-1085.csv,2.6766666666668167e-10,,29,,0,,50 ohms time 0.01
,SiC,1.0,Electron 85V,2.0,,0.0,40.0,/Users/rkfuentes/Documents/md_anderson_analysis/yepes_code/data/2025-11-20/scope-results-2025-11-20-1086.csv,2.261333333333147e-10,,38,,0,,50 ohms time 0.01
,SiC,1.0,Electron 85V,2.0,,0.0,40.0,/Users/rkfuentes/Documents/md_anderson_analysis/yepes_code/data/2025-11-20/scope-results-2025-11-20-1087.csv,1.5223999999999918e-09,,39,,0,,50 ohms time 0.01
,SiC,1.0,Electron 85V,2.0,,0.0,40.0,/Users/rkfuentes/Documents/md_anderson_analysis/yepes_code/data/2025-11-20/scope-results-2025-11-20-1088.csv,6.620000000000035e-11,,24,,0,,50 ohms time 0.01
,SiC,1.0,Electron 110V,2.0,,0.0,40.0,/Users/rkfuentes/Documents/md_anderson_analysis/yepes_code/data/2025-11-20/scope-results-2025-11-20-1135.csv,7.124933333333309e-09,,46,,0,,50 ohms time 0.01
,SiC,1.0,Electron 110V,2.0,,0.0,40.0,/Users/rkfuentes/Documents/md_anderson_analysis/yepes_code/data/2025-11-20/scope-results-2025-11-20-1136.csv,3.1030400000000035e-08,,208,,0,,50 ohms time 0.01
,SiC,1.0,Electron 110V,2.0,,0.0,40.0,/Users/rkfuentes/Documents/md_anderson_analysis/yepes_code/data/2025-11-20/scope-results-2025-11-20-1137.csv,1.0525593333333337e-07,,478,,0,,50 ohms time 0.01
,SiC,1.0,Electron 110V,2.0,,0.0,40.0,/Users/rkfuentes/Documents/md_anderson_analysis/yepes_code/data/2025-11-20/scope-results-2025-11-20-1138.csv,1.7191466666666676e-08,,519,,0,,50 ohms time 0.01
,SiC,1.0,Electron 110V,2.0,,0.0,40.0,/Users/rkfuentes/Documents/md_anderson_analysis/yepes_code/data/2025-11-20/scope-results-2025-11-20-1139.csv,9.072000000000301e-10,,42,,0,,50 ohms time 0.01
,SiC,1.0,Electron 110V,2.0,,0.0,40.0,/Users/rkfuentes/Documents/md_anderson_analysis/yepes_code/data/2025-11-20/scope-results-2025-11-20-1140.csv,3.8860000000003446e-10,,32,,0,,50 ohms time 0.01
,SiC,1.0,Electron 110V,2.0,,0.0,40.0,/Users/rkfuentes/Documents/md_anderson_analysis/yepes_code/data/2025-11-20/scope-results-2025-11-20-1141.csv,1.0355666666666653e-08,,57,,0,,50 ohms time 0.01
,SiC,1.0,Electron 110V,2.0,,0.0,40.0,/Users/rkfuentes/Documents/md_anderson_analysis/yepes_code/data/2025-11-20/scope-results-2025-11-20-1142.csv,4.4941251984445296e-11,,26,,0,,50 ohms time 0.01
,SiC,1.0,Electron 110V,2.0,,0.0,40.0,/Users/rkfuentes/Documents/md_anderson_analysis/yepes_code/data/2025-11-20/scope-results-2025-11-20-1143.csv,3.6353333333333344e-08,,487,,0,,50 ohms time 0.01
,SiC,1.0,Electron 110V,2.0,,0.0,40.0,/Users/rkfuentes/Documents/md_anderson_analysis/yepes_code/data/2025-11-20/scope-results-2025-11-20-1144.csv,3.3972666666666566e-09,,49,,0,,50 ohms time 0.01
,SiC,1.0,Electron 110V,2.0,,0.0,40.0,/Users/rkfuentes/Documents/md_anderson_analysis/yepes_code/data/2025-11-20/scope-results-2025-11-20-1145.csv,5.6047083994812757e-11,,28,,0,,50 ohms time 0.01
,SiC,1.0,Electron 110V,2.0,,0.0,40.0,/Users/rkfuentes/Documents/md_anderson_analysis/yepes_code/data/2025-11-20/scope-results-2025-11-20-1146.csv,4.484669234137794e-11,,27,,0,,50 ohms time 0.01
,SiC,1.0,Electron 191V,2.0,,0.0,40.0,/Users/rkfuentes/Documents/md_anderson_analysis/yepes_code/data/2025-11-20/scope-results-2025-11-20-1194.csv,6.948666666666613e-10,,143,,0,,50 ohms time 0.01
,SiC,1.0,Electron 191V,2.0,,0.0,40.0,/Users/rkfuentes/Documents/md_anderson_analysis/yepes_code/data/2025-11-20/scope-results-2025-11-20-1195.csv,3.1675999999999927e-09,,155,,0,,50 ohms time 0.01
,SiC,1.0,Electron 191V,2.0,,0.0,40.0,/Users/rkfuentes/Documents/md_anderson_analysis/yepes_code/data/2025-11-20/scope-results-2025-11-20-1196.csv,1.3180666666666551e-09,,134,,0,,50 ohms time 0.01
,SiC,1.0,Electron 191V,2.0,,0.0,40.0,/Users/rkfuentes/Documents/md_anderson_analysis/yepes_code/data/2025-11-20/scope-results-2025-11-20-1197.csv,8.976666666666663e-10,,39,,0,,50 ohms time 0.01
,SiC,1.0,Electron 191V,2.0,,0.0,40.0,/Users/rkfuentes/Documents/md_anderson_analysis/yepes_code/data/2025-11-20/scope-results-2025-11-20-1198.csv,1.1893333333333487e-10,,138,,0,,50 ohms time 0.01
,SiC,1.0,Electron 191V,2.0,,0.0,40.0,/Users/rkfuentes/Documents/md_anderson_analysis/yepes_code/data/2025-11-20/scope-results-2025-11-20-1199.csv,8.875333333333363e-10,,147,,0,,50 ohms time 0.01
,SiC,1.0,Electron 191V,2.0,,0.0,40.0,/Users/rkfuentes/Documents/md_anderson_analysis/yepes_code/data/2025-11-20/scope-results-2025-11-20-1200.csv,1.5815999999999915e-09,,141,,0,,50 ohms time 0.01
,SiC,1.0,Electron 191V,2.0,,0.0,40.0,/Users/rkfuentes/Documents/md_anderson_analysis/yepes_code/data/2025-11-20/scope-results-2025-11-20-1201.csv,1.1253333333332591e-10,,129,,0,,50 ohms time 0.01
,SiC,1.0,Electron 191V,2.0,,0.0,40.0,/Users/rkfuentes/Documents/md_anderson_analysis/yepes_code/data/2025-11-20/scope-results-2025-11-20-1202.csv,3.0645333333333283e-09,,130,,0,,50 ohms time 0.01
,SiC,1.0,Electron 191V,2.0,,0.0,40.0,/Users/rkfuentes/Documents/md_anderson_analysis/yepes_code/data/2025-11-20/scope-results-2025-11-20-1203.csv,2.9034666666666747e-09,,172,,0,,50 ohms time 0.01
,SiC,1.0,Electron 191V,2.0,,0.0,40.0,/Users/rkfuentes/Documents/md_anderson_analysis/yepes_code/data/2025-11-20/scope-results-2025-11-20-1204.csv,2.468800000000004e-09,,123,,0,,50 ohms time 0.01
,SiC,1.0,Electron 191V,2.0,,0.0,40.0,/Users/rkfuentes/Documents/md_anderson_analysis/yepes_code/data/2025-11-20/scope-results-2025-11-20-1205.csv,2.000066666666663e-09,,140,,0,,50 ohms time 0.01
,SiC,1.0,Electron 85V,2.0,,0.0,40.0,/Users/rkfuentes/Documents/md_anderson_analysis/yepes_code/data/2025-11-20/scope-results-2025-11-20-1251.csv,2.7333333333574592e-12,,33,,0,,50 ohms time 0.01
,SiC,1.0,Electron 85V,2.0,,0.0,40.0,/Users/rkfuentes/Documents/md_anderson_analysis/yepes_code/data/2025-11-20/scope-results-2025-11-20-1252.csv,2.4000000000006396e-11,,31,,0,,50 ohms time 0.01
,SiC,1.0,Electron 85V,2.0,,0.0,40.0,/Users/rkfuentes/Documents/md_anderson_analysis/yepes_code/data/2025-11-20/scope-results-2025-11-20-1253.csv,6.639999999998302e-11,,37,,0,,50 ohms time 0.01
,SiC,1.0,Electron 85V,2.0,,0.0,40.0,/Users/rkfuentes/Documents/md_anderson_analysis/yepes_code/data/2025-11-20/scope-results-2025-11-20-1254.csv,4.266666666668512e-12,,60,,0,,50 ohms time 0.01
,SiC,1.0,Electron 85V,2.0,,0.0,40.0,/Users/rkfuentes/Documents/md_anderson_analysis/yepes_code/data/2025-11-20/scope-results-2025-11-20-1255.csv,2.1339999999995255e-10,,27,,0,,50 ohms time 0.01
,SiC,1.0,Electron 85V,2.0,,0.0,40.0,/Users/rkfuentes/Documents/md_anderson_analysis/yepes_code/data/2025-11-20/scope-results-2025-11-20-1256.csv,1.4379999999999874e-10,,47,,0,,50 ohms time 0.01
,SiC,1.0,Electron 85V,2.0,,0.0,40.0,/Users/rkfuentes/Documents/md_anderson_analysis/yepes_code/data/2025-11-20/scope-results-2025-11-20-1257.csv,7.680000000000986e-11,,32,,0,,50 ohms time 0.01
,SiC,1.0,Electron 85V,2.0,,0.0,40.0,/Users/rkfuentes/Documents/md_anderson_analysis/yepes_code/data/2025-11-20/scope-results-2025-11-20-1258.csv,3.120000000000037e-11,,57,,0,,50 ohms time 0.01
,SiC,1.0,Electron 85V,2.0,,0.0,40.0,/Users/rkfuentes/Documents/md_anderson_analysis/yepes_code/data/2025-11-20/scope-results-2025-11-20-1259.csv,4.508666666666807e-10,,39,,0,,50 ohms time 0.01
,SiC,1.0,Electron 85V,2.0,,0.0,40.0,/Users/rkfuentes/Documents/md_anderson_analysis/yepes_code/data/2025-11-20/scope-results-2025-11-20-1260.csv,2.2426666666673634e-10,,29,,0,,50 ohms time 0.01
,SiC,1.0,Electron 85V,2.0,,0.0,40.0,/Users/rkfuentes/Documents/md_anderson_analysis/yepes_code/data/2025-11-20/scope-results-2025-11-20-1261.csv,4.2806666666668237e-10,,34,,0,,50 ohms time 0.01
,SiC,1.0,Electron 85V,2.0,,0.0,40.0,/Users/rkfuentes/Documents/md_anderson_analysis/yepes_code/data/2025-11-20/scope-results-2025-11-20-1262.csv,6.453333333335119e-11,,30,,0,,50 ohms time 0.01
,SiC,1.0,Electron 110V,2.0,,0.0,40.0,/Users/rkfuentes/Documents/md_anderson_analysis/yepes_code/data/2025-11-20/scope-results-2025-11-20-1300.csv,1.4977333333333338e-08,,43,,0,,50 ohms time 0.01
,SiC,1.0,Electron 110V,2.0,,0.0,40.0,/Users/rkfuentes/Documents/md_anderson_analysis/yepes_code/data/2025-11-20/scope-results-2025-11-20-1301.csv,1.062800000000015e-09,,59,,0,,50 ohms time 0.01
,SiC,1.0,Electron 110V,2.0,,0.0,40.0,/Users/rkfuentes/Documents/md_anderson_analysis/yepes_code/data/2025-11-20/scope-results-2025-11-20-1302.csv,1.2580025674711003e-11,,26,,0,,50 ohms time 0.01
,SiC,1.0,Electron 110V,2.0,,0.0,40.0,/Users/rkfuentes/Documents/md_anderson_analysis/yepes_code/data/2025-11-20/scope-results-2025-11-20-1303.csv,6.451733333333331e-09,,38,,0,,50 ohms time 0.01
,SiC,1.0,Electron 110V,2.0,,0.0,40.0,/Users/rkfuentes/Documents/md_anderson_analysis/yepes_code/data/2025-11-20/scope-results-2025-11-20-1304.csv,5.25600000000012e-10,,35,,0,,50 ohms time 0.01
,SiC,1.0,Electron 110V,2.0,,0.0,40.0,/Users/rkfuentes/Documents/md_anderson_analysis/yepes_code/data/2025-11-20/scope-results-2025-11-20-1305.csv,1.0794666666666719e-09,,44,,0,,50 ohms time 0.01
,SiC,1.0,Electron 110V,2.0,,0.0,40.0,/Users/rkfuentes/Documents/md_anderson_analysis/yepes_code/data/2025-11-20/scope-results-2025-11-20-1306.csv,1.2951199999999982e-08,,40,,0,,50 ohms time 0.01
,SiC,1.0,Electron 110V,2.0,,0.0,40.0,/Users/rkfuentes/Documents/md_anderson_analysis/yepes_code/data/2025-11-20/scope-results-2025-11-20-1307.csv,1.642850666666667e-07,,603,,0,,50 ohms time 0.01
,SiC,1.0,Electron 110V,2.0,,0.0,40.0,/Users/rkfuentes/Documents/md_anderson_analysis/yepes_code/data/2025-11-20/scope-results-2025-11-20-1308.csv,1.8348533333333327e-08,,106,,0,,50 ohms time 0.01
,SiC,1.0,Electron 110V,2.0,,0.0,40.0,/Users/rkfuentes/Documents/md_anderson_analysis/yepes_code/data/2025-11-20/scope-results-2025-11-20-1309.csv,1.687901333333334e-07,,530,,0,,50 ohms time 0.01
,SiC,1.0,Electron 110V,2.0,,0.0,40.0,/Users/rkfuentes/Documents/md_anderson_analysis/yepes_code/data/2025-11-20/scope-results-2025-11-20-1310.csv,5.633466666666671e-09,,93,,0,,50 ohms time 0.01
,SiC,1.0,Electron 110V,2.0,,0.0,40.0,/Users/rkfuentes/Documents/md_anderson_analysis/yepes_code/data/2025-11-20/scope-results-2025-11-20-1311.csv,1.4516933333333306e-08,,42,,0,,50 ohms time 0.01
,SiC,1.0,Electron 110V,2.0,,0.0,40.0,/Users/rkfuentes/Documents/md_anderson_analysis/yepes_code/data/2025-11-20/scope-results-2025-11-20-1312.csv,3.439099999999996e-08,,532,,0,,50 ohms time 0.01
,SiC,1.0,Electron 191V,2.0,,0.0,40.0,/Users/rkfuentes/Documents/md_anderson_analysis/yepes_code/data/2025-11-20/scope-results-2025-11-20-1357.csv,1.4790000000000004e-09,,100,,0,,50 ohms time 0.01
,SiC,1.0,Electron 191V,2.0,,0.0,40.0,/Users/rkfuentes/Documents/md_anderson_analysis/yepes_code/data/2025-11-20/scope-results-2025-11-20-1358.csv,6.768000000000008e-10,,163,,0,,50 ohms time 0.01
,SiC,1.0,Electron 191V,2.0,,0.0,40.0,/Users/rkfuentes/Documents/md_anderson_analysis/yepes_code/data/2025-11-20/scope-results-2025-11-20-1359.csv,5.28600000000021e-10,,132,,0,,50 ohms time 0.01
,SiC,1.0,Electron 191V,2.0,,0.0,40.0,/Users/rkfuentes/Documents/md_anderson_analysis/yepes_code/data/2025-11-20/scope-results-2025-11-20-1360.csv,3.609333333333344e-10,,26,,0,,50 ohms time 0.01
,SiC,1.0,Electron 191V,2.0,,0.0,40.0,/Users/rkfuentes/Documents/md_anderson_analysis/yepes_code/data/2025-11-20/scope-results-2025-11-20-1361.csv,1.0496666666666547e-09,,140,,0,,50 ohms time 0.01
,SiC,1.0,Electron 191V,2.0,,0.0,40.0,/Users/rkfuentes/Documents/md_anderson_analysis/yepes_code/data/2025-11-20/scope-results-2025-11-20-1362.csv,8.362666666666687e-10,,96,,0,,50 ohms time 0.01
,SiC,1.0,Electron 191V,2.0,,0.0,40.0,/Users/rkfuentes/Documents/md_anderson_analysis/yepes_code/data/2025-11-20/scope-results-2025-11-20-1363.csv,2.9593333333332955e-10,,37,,0,,50 ohms time 0.01
,SiC,1.0,Electron 191V,2.0,,0.0,40.0,/Users/rkfuentes/Documents/md_anderson_analysis/yepes_code/data/2025-11-20/scope-results-2025-11-20-1364.csv,2.9089333333333327e-09,,147,,0,,50 ohms time 0.01
,SiC,1.0,Electron 191V,2.0,,0.0,40.0,/Users/rkfuentes/Documents/md_anderson_analysis/yepes_code/data/2025-11-20/scope-results-2025-11-20-1365.csv,4.2719999999999936e-10,,25,,0,,50 ohms time 0.01
,SiC,1.0,Electron 191V,2.0,,0.0,40.0,/Users/rkfuentes/Documents/md_anderson_analysis/yepes_code/data/2025-11-20/scope-results-2025-11-20-1366.csv,4.733333333334415e-12,,27,,0,,50 ohms time 0.01
,SiC,1.0,Electron 191V,2.0,,0.0,40.0,/Users/rkfuentes/Documents/md_anderson_analysis/yepes_code/data/2025-11-20/scope-results-2025-11-20-1367.csv,6.475999999999971e-10,,26,,0,,50 ohms time 0.01
,SiC,1.0,Electron 191V,2.0,,0.0,40.0,/Users/rkfuentes/Documents/md_anderson_analysis/yepes_code/data/2025-11-20/scope-results-2025-11-20-1368.csv,2.2013333333333967e-10,,84,,0,,50 ohms time 0.01
,SiC,1.0,Electron 191V,2.0,,0.0,40.0,/Users/rkfuentes/Documents/md_anderson_analysis/yepes_code/data/2025-11-20/scope-results-2025-11-20-1369.csv,1.5159999999999987e-09,,173,,0,,50 ohms time 0.01
,SiC,1.0,Electron 191V,2.0,,0.0,40.0,/Users/rkfuentes/Documents/md_anderson_analysis/yepes_code/data/2025-11-20/scope-results-2025-11-20-1370.csv,5.3133333333343156e-11,,94,,0,,50 ohms time 0.01
,SiC,1.0,Electron 191V,2.0,,0.0,40.0,/Users/rkfuentes/Documents/md_anderson_analysis/yepes_code/data/2025-11-20/scope-results-2025-11-20-1371.csv,8.800000000000157e-11,,32,,0,,50 ohms time 0.01
,SiC,1.0,Electron 191V,2.0,,0.0,40.0,/Users/rkfuentes/Documents/md_anderson_analysis/yepes_code/data/2025-11-20/scope-results-2025-11-20-1372.csv,1.8944666666666592e-09,,150,,0,,50 ohms time 0.01
,SiC,1.0,Electron 191V,2.0,,0.0,40.0,/Users/rkfuentes/Documents/md_anderson_analysis/yepes_code/data/2025-11-20/scope-results-2025-11-20-1373.csv,1.0938666666666726e-09,,113,,0,,50 ohms time 0.01
,SiC,1.0,Electron 191V,2.0,,0.0,40.0,/Users/rkfuentes/Documents/md_anderson_analysis/yepes_code/data/2025-11-20/scope-results-2025-11-20-1374.csv,8.928000000000031e-10,,142,,0,,50 ohms time 0.01
,SiC,1.0,Electron 191V,2.0,,0.0,40.0,/Users/rkfuentes/Documents/md_anderson_analysis/yepes_code/data/2025-11-20/scope-results-2025-11-20-1375.csv,3.231666666666661e-09,,140,,0,,50 ohms time 0.01
,SiC,1.0,Electron 191V,2.0,,0.0,40.0,/Users/rkfuentes/Documents/md_anderson_analysis/yepes_code/data/2025-11-20/scope-results-2025-11-20-1376.csv,4.749333333333286e-10,,92,,0,,50 ohms time 0.01
,SiC,1.0,Electron 191V,2.0,,0.0,40.0,/Users/rkfuentes/Documents/md_anderson_analysis/yepes_code/data/2025-11-20/scope-results-2025-11-20-1377.csv,1.2144000000000023e-09,,148,,0,,50 ohms time 0.01
,SiC,1.0,Electron 191V,2.0,,0.0,40.0,/Users/rkfuentes/Documents/md_anderson_analysis/yepes_code/data/2025-11-20/scope-results-2025-11-20-1378.csv,2.5222000000000052e-09,,142,,0,,50 ohms time 0.01
,SiC,1.0,Electron 85V,2.0,,0.0,40.0,/Users/rkfuentes/Documents/md_anderson_analysis/yepes_code/data/2025-11-20/scope-results-2025-11-20-1414.csv,2.4986666666663355e-10,,57,,0,,50 ohms time 0.01
,SiC,1.0,Electron 85V,2.0,,0.0,40.0,/Users/rkfuentes/Documents/md_anderson_analysis/yepes_code/data/2025-11-20/scope-results-2025-11-20-1415.csv,1.0853333333332193e-10,,28,,0,,50 ohms time 0.01
,SiC,1.0,Electron 85V,2.0,,0.0,40.0,/Users/rkfuentes/Documents/md_anderson_analysis/yepes_code/data/2025-11-20/scope-results-2025-11-20-1416.csv,9.920000000001554e-11,,30,,0,,50 ohms time 0.01
,SiC,1.0,Electron 85V,2.0,,0.0,40.0,/Users/rkfuentes/Documents/md_anderson_analysis/yepes_code/data/2025-11-20/scope-results-2025-11-20-1417.csv,3.718666666666395e-10,,40,,0,,50 ohms time 0.01
,SiC,1.0,Electron 85V,2.0,,0.0,40.0,/Users/rkfuentes/Documents/md_anderson_analysis/yepes_code/data/2025-11-20/scope-results-2025-11-20-1418.csv,3.533333333333447e-10,,36,,0,,50 ohms time 0.01
,SiC,1.0,Electron 85V,2.0,,0.0,40.0,/Users/rkfuentes/Documents/md_anderson_analysis/yepes_code/data/2025-11-20/scope-results-2025-11-20-1419.csv,9.173333333333168e-11,,31,,0,,50 ohms time 0.01
,SiC,1.0,Electron 85V,2.0,,0.0,40.0,/Users/rkfuentes/Documents/md_anderson_analysis/yepes_code/data/2025-11-20/scope-results-2025-11-20-1420.csv,2.4359999999996584e-10,,34,,0,,50 ohms time 0.01
,SiC,1.0,Electron 85V,2.0,,0.0,40.0,/Users/rkfuentes/Documents/md_anderson_analysis/yepes_code/data/2025-11-20/scope-results-2025-11-20-1421.csv,2.0813333333333584e-10,,27,,0,,50 ohms time 0.01
,SiC,1.0,Electron 85V,2.0,,0.0,40.0,/Users/rkfuentes/Documents/md_anderson_analysis/yepes_code/data/2025-11-20/scope-results-2025-11-20-1422.csv,9.060000000001339e-11,,37,,0,,50 ohms time 0.01
,SiC,1.0,Electron 85V,2.0,,0.0,40.0,/Users/rkfuentes/Documents/md_anderson_analysis/yepes_code/data/2025-11-20/scope-results-2025-11-20-1423.csv,6.16666666667062e-11,,29,,0,,50 ohms time 0.01
,SiC,1.0,Electron 85V,2.0,,0.0,40.0,/Users/rkfuentes/Documents/md_anderson_analysis/yepes_code/data/2025-11-20/scope-results-2025-11-20-1424.csv,3.4686666666666455e-10,,37,,0,,50 ohms time 0.01
,SiC,1.0,Electron 110V,2.0,,0.0,40.0,/Users/rkfuentes/Documents/md_anderson_analysis/yepes_code/data/2025-11-20/scope-results-2025-11-20-1462.csv,2.4973333333333413e-09,,51,,0,,50 ohms time 0.01
,SiC,1.0,Electron 110V,2.0,,0.0,40.0,/Users/rkfuentes/Documents/md_anderson_analysis/yepes_code/data/2025-11-20/scope-results-2025-11-20-1463.csv,7.456933333333335e-08,,614,,0,,50 ohms time 0.01
,SiC,1.0,Electron 110V,2.0,,0.0,40.0,/Users/rkfuentes/Documents/md_anderson_analysis/yepes_code/data/2025-11-20/scope-results-2025-11-20-1464.csv,1.0369199999999994e-08,,37,,0,,50 ohms time 0.01
,SiC,1.0,Electron 110V,2.0,,0.0,40.0,/Users/rkfuentes/Documents/md_anderson_analysis/yepes_code/data/2025-11-20/scope-results-2025-11-20-1465.csv,7.418666666666597e-10,,59,,0,,50 ohms time 0.01
,SiC,1.0,Electron 110V,2.0,,0.0,40.0,/Users/rkfuentes/Documents/md_anderson_analysis/yepes_code/data/2025-11-20/scope-results-2025-11-20-1466.csv,9.954266666666674e-09,,51,,0,,50 ohms time 0.01
,SiC,1.0,Electron 110V,2.0,,0.0,40.0,/Users/rkfuentes/Documents/md_anderson_analysis/yepes_code/data/2025-11-20/scope-results-2025-11-20-1467.csv,7.040000000000673e-11,,40,,0,,50 ohms time 0.01
,SiC,1.0,Electron 110V,2.0,,0.0,40.0,/Users/rkfuentes/Documents/md_anderson_analysis/yepes_code/data/2025-11-20/scope-results-2025-11-20-1468.csv,8.673333333333356e-10,,54,,0,,50 ohms time 0.01
,SiC,1.0,Electron 110V,2.0,,0.0,40.0,/Users/rkfuentes/Documents/md_anderson_analysis/yepes_code/data/2025-11-20/scope-results-2025-11-20-1469.csv,4.748533333333332e-09,,47,,0,,50 ohms time 0.01
,SiC,1.0,Electron 110V,2.0,,0.0,40.0,/Users/rkfuentes/Documents/md_anderson_analysis/yepes_code/data/2025-11-20/scope-results-2025-11-20-1470.csv,1.6791999999999987e-09,,45,,0,,50 ohms time 0.01
,SiC,1.0,Electron 191V,2.0,,0.0,40.0,/Users/rkfuentes/Documents/md_anderson_analysis/yepes_code/data/2025-11-20/scope-results-2025-11-20-1505.csv,2.9506666666666846e-10,,43,,0,,50 ohms time 0.01
,SiC,1.0,Electron 191V,2.0,,0.0,40.0,/Users/rkfuentes/Documents/md_anderson_analysis/yepes_code/data/2025-11-20/scope-results-2025-11-20-1506.csv,2.1386666666667592e-10,,217,,0,,50 ohms time 0.01
,SiC,1.0,Electron 191V,2.0,,0.0,40.0,/Users/rkfuentes/Documents/md_anderson_analysis/yepes_code/data/2025-11-20/scope-results-2025-11-20-1507.csv,2.002933333333327e-09,,222,,0,,50 ohms time 0.01
,SiC,1.0,Electron 191V,2.0,,0.0,40.0,/Users/rkfuentes/Documents/md_anderson_analysis/yepes_code/data/2025-11-20/scope-results-2025-11-20-1508.csv,2.5333333333333323e-10,,44,,0,,50 ohms time 0.01
,SiC,1.0,Electron 191V,2.0,,0.0,40.0,/Users/rkfuentes/Documents/md_anderson_analysis/yepes_code/data/2025-11-20/scope-results-2025-11-20-1509.csv,1.213600000000007e-09,,201,,0,,50 ohms time 0.01
,SiC,1.0,Electron 191V,2.0,,0.0,40.0,/Users/rkfuentes/Documents/md_anderson_analysis/yepes_code/data/2025-11-20/scope-results-2025-11-20-1510.csv,1.389333333333347e-10,,37,,0,,50 ohms time 0.01
,SiC,1.0,Electron 191V,2.0,,0.0,40.0,/Users/rkfuentes/Documents/md_anderson_analysis/yepes_code/data/2025-11-20/scope-results-2025-11-20-1511.csv,2.0626666666667028e-10,,27,,0,,50 ohms time 0.01
,SiC,1.0,Electron 191V,2.0,,0.0,40.0,/Users/rkfuentes/Documents/md_anderson_analysis/yepes_code/data/2025-11-20/scope-results-2025-11-20-1512.csv,2.0960000000000202e-10,,20,,0,,50 ohms time 0.01
,SiC,1.0,Electron 191V,2.0,,0.0,40.0,/Users/rkfuentes/Documents/md_anderson_analysis/yepes_code/data/2025-11-20/scope-results-2025-11-20-1513.csv,2.3229333333333287e-09,,147,,0,,50 ohms time 0.01
,SiC,1.0,Electron 191V,2.0,,0.0,40.0,/Users/rkfuentes/Documents/md_anderson_analysis/yepes_code/data/2025-11-20/scope-results-2025-11-20-1514.csv,1.6426666666666218e-10,,41,,0,,50 ohms time 0.01
,SiC,1.0,Electron 191V,2.0,,0.0,40.0,/Users/rkfuentes/Documents/md_anderson_analysis/yepes_code/data/2025-11-20/scope-results-2025-11-20-1515.csv,6.879999999998897e-11,,140,,0,,50 ohms time 0.01
,SiC,1.0,Electron 85V,2.0,,0.0,40.0,/Users/rkfuentes/Documents/md_anderson_analysis/yepes_code/data/2025-11-20/scope-results-2025-11-20-1532.csv,6.346666666666787e-11,,48,,0,,50 ohms time 0.01 no collimator
,SiC,1.0,Electron 85V,2.0,,0.0,40.0,/Users/rkfuentes/Documents/md_anderson_analysis/yepes_code/data/2025-11-20/scope-results-2025-11-20-1533.csv,7.33065507390676e-10,,476,,0,,50 ohms time 0.01 no collimator
,SiC,1.0,Electron 85V,2.0,,0.0,40.0,/Users/rkfuentes/Documents/md_anderson_analysis/yepes_code/data/2025-11-20/scope-results-2025-11-20-1534.csv,2.2800000000001035e-11,,31,,0,,50 ohms time 0.01 no collimator
,SiC,1.0,Electron 85V,2.0,,0.0,40.0,/Users/rkfuentes/Documents/md_anderson_analysis/yepes_code/data/2025-11-20/scope-results-2025-11-20-1535.csv,3.1386666666666606e-10,,41,,0,,50 ohms time 0.01 no collimator
,SiC,1.0,Electron 85V,2.0,,0.0,40.0,/Users/rkfuentes/Documents/md_anderson_analysis/yepes_code/data/2025-11-20/scope-results-2025-11-20-1536.csv,7.993333333333291e-11,,28,,0,,50 ohms time 0.01 no collimator
,SiC,1.0,Electron 85V,2.0,,0.0,40.0,/Users/rkfuentes/Documents/md_anderson_analysis/yepes_code/data/2025-11-20/scope-results-2025-11-20-1537.csv,4.469999999999916e-10,,60,,0,,50 ohms time 0.01 no collimator
,SiC,1.0,Electron 85V,2.0,,0.0,40.0,/Users/rkfuentes/Documents/md_anderson_analysis/yepes_code/data/2025-11-20/scope-results-2025-11-20-1538.csv,2.5553307658620905e-11,,34,,0,,50 ohms time 0.01 no collimator
,SiC,1.0,Electron 85V,2.0,,0.0,40.0,/Users/rkfuentes/Documents/md_anderson_analysis/yepes_code/data/2025-11-20/scope-results-2025-11-20-1539.csv,1.0394007702413615e-10,,27,,0,,50 ohms time 0.01 no collimator
,SiC,1.0,Electron 85V,2.0,,0.0,40.0,/Users/rkfuentes/Documents/md_anderson_analysis/yepes_code/data/2025-11-20/scope-results-2025-11-20-1540.csv,4.0999999999986145e-11,,46,,0,,50 ohms time 0.01 no collimator
,SiC,1.0,Electron 85V,2.0,,0.0,40.0,/Users/rkfuentes/Documents/md_anderson_analysis/yepes_code/data/2025-11-20/scope-results-2025-11-20-1541.csv,1.1440000000000136e-10,,29,,0,,50 ohms time 0.01 no collimator
,SiC,1.0,Electron 85V,2.0,,0.0,40.0,/Users/rkfuentes/Documents/md_anderson_analysis/yepes_code/data/2025-11-20/scope-results-2025-11-20-1542.csv,1.8506666666666938e-10,,51,,0,,50 ohms time 0.01 no collimator
,SiC,1.0,Electron 85V,2.0,,0.0,40.0,/Users/rkfuentes/Documents/md_anderson_analysis/yepes_code/data/2025-11-20/scope-results-2025-11-20-1543.csv,1.9498002567471328e-10,,27,,0,,50 ohms time 0.01 no collimator
,SiC,1.0,Electron 85V,2.0,,0.0,40.0,/Users/rkfuentes/Documents/md_anderson_analysis/yepes_code/data/2025-11-20/scope-results-2025-11-20-1544.csv,7.440000000002736e-11,,63,,0,,50 ohms time 0.01 no collimator
,SiC,1.0,Electron 85V,2.0,,0.0,40.0,/Users/rkfuentes/Documents/md_anderson_analysis/yepes_code/data/2025-11-20/scope-results-2025-11-20-1545.csv,1.8506666666670219e-10,,75,,0,,50 ohms time 0.01 no collimator
,SiC,1.0,Electron 85V,2.0,,0.0,40.0,/Users/rkfuentes/Documents/md_anderson_analysis/yepes_code/data/2025-11-20/scope-results-2025-11-20-1546.csv,9.99999999999815e-12,,29,,0,,50 ohms time 0.01 no collimator
,SiC,1.0,Electron 110V,2.0,,0.0,40.0,/Users/rkfuentes/Documents/md_anderson_analysis/yepes_code/data/2025-11-20/scope-results-2025-11-20-1547.csv,9.176533333333352e-09,,275,,0,,50 ohms time 0.01 no collimator
,SiC,1.0,Electron 110V,2.0,,0.0,40.0,/Users/rkfuentes/Documents/md_anderson_analysis/yepes_code/data/2025-11-20/scope-results-2025-11-20-1548.csv,6.452133333333336e-09,,283,,0,,50 ohms time 0.01 no collimator
,SiC,1.0,Electron 191V,2.0,,0.0,40.0,/Users/rkfuentes/Documents/md_anderson_analysis/yepes_code/data/2025-11-20/scope-results-2025-11-20-1549.csv,2.5370400000000023e-08,,137,,0,,50 ohms time 0.01 no collimator
,SiC,1.0,Electron 191V,2.0,,0.0,40.0,/Users/rkfuentes/Documents/md_anderson_analysis/yepes_code/data/2025-11-20/scope-results-2025-11-20-1550.csv,2.1052466666666673e-08,,132,,0,,50 ohms time 0.01 no collimator
,SiC,1.0,Electron 110V,2.0,,0.0,40.0,/Users/rkfuentes/Documents/md_anderson_analysis/yepes_code/data/2025-11-20/scope-results-2025-11-20-1551.csv,1.7525799999999983e-08,,157,,0,,50 ohms time 0.01 no collimator
,SiC,1.0,Electron 110V,2.0,,0.0,40.0,/Users/rkfuentes/Documents/md_anderson_analysis/yepes_code/data/2025-11-20/scope-results-2025-11-20-1552.csv,1.6384000000000033e-08,,139,,0,,50 ohms time 0.01 no collimator
,SiC,1.0,Electron 110V,2.0,,0.0,40.0,/Users/rkfuentes/Documents/md_anderson_analysis/yepes_code/data/2025-11-20/scope-results-2025-11-20-1553.csv,1.4919266666666676e-08,,146,,0,,50 ohms time 0.01 no collimator
,SiC,1.0,Electron 110V,2.0,,0.0,40.0,/Users/rkfuentes/Documents/md_anderson_analysis/yepes_code/data/2025-11-20/scope-results-2025-11-20-1560.csv,1.7461600000000003e-08,,144,,0,,50 ohms time 0.01 no collimator
,SiC,1.0,Electron 110V,2.0,,0.0,40.0,/Users/rkfuentes/Documents/md_anderson_analysis/yepes_code/data/2025-11-20/scope-results-2025-11-20-1561.csv,1.347333333333331e-08,,142,,0,,50 ohms time 0.01 no collimator
,SiC,1.0,Electron 110V,2.0,,0.0,40.0,/Users/rkfuentes/Documents/md_anderson_analysis/yepes_code/data/2025-11-20/scope-results-2025-11-20-1562.csv,1.4585066666666684e-08,,144,,0,,50 ohms time 0.01 no collimator
,SiC,1.0,Electron 110V,2.0,,0.0,40.0,/Users/rkfuentes/Documents/md_anderson_analysis/yepes_code/data/2025-11-20/scope-results-2025-11-20-1563.csv,1.5294266666666678e-08,,135,,0,,50 ohms time 0.01 no collimator
,SiC,1.0,Electron 191V,2.0,,0.0,40.0,/Users/rkfuentes/Documents/md_anderson_analysis/yepes_code/data/2025-11-20/scope-results-2025-11-20-1564.csv,1.7818133333333346e-08,,31,,0,,50 ohms time 0.01 no collimator
,SiC,1.0,Electron 191V,2.0,,0.0,40.0,/Users/rkfuentes/Documents/md_anderson_analysis/yepes_code/data/2025-11-20/scope-results-2025-11-20-1565.csv,1.828693333333332e-08,,21,,0,,50 ohms time 0.01 no collimator
,SiC,1.0,Electron 191V,2.0,,0.0,40.0,/Users/rkfuentes/Documents/md_anderson_analysis/yepes_code/data/2025-11-20/scope-results-2025-11-20-1566.csv,1.667653333333333e-08,,30,,0,,50 ohms time 0.01 no collimator
,SiC,1.0,Electron 191V,2.0,,0.0,40.0,/Users/rkfuentes/Documents/md_anderson_analysis/yepes_code/data/2025-11-20/scope-results-2025-11-20-1567.csv,3.1530133333333343e-08,,34,,0,,50 ohms time 0.01 no collimator
,SiC,1.0,Electron 191V,2.0,,0.0,40.0,/Users/rkfuentes/Documents/md_anderson_analysis/yepes_code/data/2025-11-20/scope-results-2025-11-20-1568.csv,3.204e-08,,34,,0,,50 ohms time 0.01 no collimator
,SiC,1.0,Electron 191V,2.0,,0.0,40.0,/Users/rkfuentes/Documents/md_anderson_analysis/yepes_code/data/2025-11-20/scope-results-2025-11-20-1569.csv,3.7260133333333336e-08,,28,,0,,50 ohms time 0.01 no collimator
,SiC,1.0,Electron 191V,2.0,,0.0,40.0,/Users/rkfuentes/Documents/md_anderson_analysis/yepes_code/data/2025-11-20/scope-results-2025-11-20-1570.csv,3.2247466666666685e-08,,37,,0,,50 ohms time 0.01 no collimator
,SiC,1.0,Electron 191V,2.0,,0.0,40.0,/Users/rkfuentes/Documents/md_anderson_analysis/yepes_code/data/2025-11-20/scope-results-2025-11-20-1571.csv,3.1968666666666684e-08,,23,,0,,50 ohms time 0.01 no collimator
,SiC,1.0,Electron 191V,2.0,,0.0,40.0,/Users/rkfuentes/Documents/md_anderson_analysis/yepes_code/data/2025-11-20/scope-results-2025-11-20-1572.csv,2.9813333333333415e-10,,18,,0,,50 ohms time 0.01 no collimator
,SiC,1.0,Electron 191V,2.0,,0.0,40.0,/Users/rkfuentes/Documents/md_anderson_analysis/yepes_code/data/2025-11-20/scope-results-2025-11-20-1573.csv,4.000000000010748e-12,,23,,0,,50 ohms time 0.01 no collimator
,SiC,1.0,Electron 110V,2.0,,0.0,40.0,/Users/rkfuentes/Documents/md_anderson_analysis/yepes_code/data/2025-11-20/scope-results-2025-11-20-1581.csv,1.3897333333333338e-08,,130,,0,,50 ohms time 0.01 no collimator
,SiC,1.0,Electron 110V,2.0,,0.0,40.0,/Users/rkfuentes/Documents/md_anderson_analysis/yepes_code/data/2025-11-20/scope-results-2025-11-20-1582.csv,1.2533333333333326e-08,,120,,0,,50 ohms time 0.01 no collimator
,SiC,1.0,Electron 110V,2.0,,0.0,40.0,/Users/rkfuentes/Documents/md_anderson_analysis/yepes_code/data/2025-11-20/scope-results-2025-11-20-1583.csv,9.531999999999996e-09,,142,,0,,50 ohms time 0.01 no collimator
,SiC,1.0,Electron 85V,2.0,,0.0,200.0,/Users/rkfuentes/Documents/md_anderson_analysis/yepes_code/data/2025-11-20/scope-results-2025-11-20-1617.csv,5.133333333333436e-11,,26,,0,,50 ohms time 0.01 no collimator
,SiC,1.0,Electron 85V,2.0,,0.0,200.0,/Users/rkfuentes/Documents/md_anderson_analysis/yepes_code/data/2025-11-20/scope-results-2025-11-20-1618.csv,3.3666666666665174e-11,,30,,0,,50 ohms time 0.01 no collimator
,SiC,1.0,Electron 85V,2.0,,0.0,200.0,/Users/rkfuentes/Documents/md_anderson_analysis/yepes_code/data/2025-11-20/scope-results-2025-11-20-1619.csv,4.3933333333333306e-10,,26,,0,,50 ohms time 0.01 no collimator
,SiC,1.0,Electron 85V,2.0,,0.0,200.0,/Users/rkfuentes/Documents/md_anderson_analysis/yepes_code/data/2025-11-20/scope-results-2025-11-20-1620.csv,1.600000000000148e-11,,21,,0,,50 ohms time 0.01 no collimator
,SiC,1.0,Electron 85V,2.0,,0.0,200.0,/Users/rkfuentes/Documents/md_anderson_analysis/yepes_code/data/2025-11-20/scope-results-2025-11-20-1621.csv,1.0666666666663804e-11,,22,,0,,50 ohms time 0.01 no collimator
,SiC,1.0,Electron 85V,2.0,,0.0,200.0,/Users/rkfuentes/Documents/md_anderson_analysis/yepes_code/data/2025-11-20/scope-results-2025-11-20-1622.csv,3.113666666666643e-09,,46,,0,,50 ohms time 0.01 no collimator
,SiC,1.0,Electron 85V,2.0,,0.0,200.0,/Users/rkfuentes/Documents/md_anderson_analysis/yepes_code/data/2025-11-20/scope-results-2025-11-20-1623.csv,1.6333333333333148e-11,,19,,0,,50 ohms time 0.01 no collimator
,SiC,1.0,Electron 85V,2.0,,0.0,200.0,/Users/rkfuentes/Documents/md_anderson_analysis/yepes_code/data/2025-11-20/scope-results-2025-11-20-1624.csv,5.3666666666660536e-11,,25,,0,,50 ohms time 0.01 no collimator
,SiC,1.0,Electron 85V,2.0,,0.0,200.0,/Users/rkfuentes/Documents/md_anderson_analysis/yepes_code/data/2025-11-20/scope-results-2025-11-20-1625.csv,1.069999999999993e-10,,33,,0,,50 ohms time 0.01 no collimator
,SiC,1.0,Electron 85V,2.0,,0.0,200.0,/Users/rkfuentes/Documents/md_anderson_analysis/yepes_code/data/2025-11-20/scope-results-2025-11-20-1626.csv,3.3366666666666495e-10,,18,,0,,50 ohms time 0.01 no collimator
,SiC,1.0,Electron 85V,2.0,,0.0,200.0,/Users/rkfuentes/Documents/md_anderson_analysis/yepes_code/data/2025-11-20/scope-results-2025-11-20-1627.csv,3.4666666666669274e-11,,25,,0,,50 ohms time 0.01 no collimator
,SiC,1.0,Electron 85V,2.0,,0.0,200.0,/Users/rkfuentes/Documents/md_anderson_analysis/yepes_code/data/2025-11-20/scope-results-2025-11-20-1628.csv,8.933333333333608e-11,,18,,0,,50 ohms time 0.01 no collimator
,SiC,1.0,Electron 85V,2.0,,0.0,200.0,/Users/rkfuentes/Documents/md_anderson_analysis/yepes_code/data/2025-11-20/scope-results-2025-11-20-1629.csv,2.133333333332703e-11,,17,,0,,50 ohms time 0.01 no collimator
,SiC,1.0,Electron 110V,2.0,,0.0,200.0,/Users/rkfuentes/Documents/md_anderson_analysis/yepes_code/data/2025-11-20/scope-results-2025-11-20-1670.csv,3.3426666666666543e-09,,45,,0,,50 ohms time 0.01 no collimator
,SiC,1.0,Electron 110V,2.0,,0.0,200.0,/Users/rkfuentes/Documents/md_anderson_analysis/yepes_code/data/2025-11-20/scope-results-2025-11-20-1671.csv,8.033333333334217e-11,,27,,0,,50 ohms time 0.01 no collimator
,SiC,1.0,Electron 110V,2.0,,0.0,200.0,/Users/rkfuentes/Documents/md_anderson_analysis/yepes_code/data/2025-11-20/scope-results-2025-11-20-1672.csv,1.8766666666666607e-10,,25,,0,,50 ohms time 0.01 no collimator
,SiC,1.0,Electron 110V,2.0,,0.0,200.0,/Users/rkfuentes/Documents/md_anderson_analysis/yepes_code/data/2025-11-20/scope-results-2025-11-20-1673.csv,9.466666666666276e-11,,25,,0,,50 ohms time 0.01 no collimator
,SiC,1.0,Electron 110V,2.0,,0.0,200.0,/Users/rkfuentes/Documents/md_anderson_analysis/yepes_code/data/2025-11-20/scope-results-2025-11-20-1674.csv,2.5900000000000055e-10,,32,,0,,50 ohms time 0.01 no collimator
,SiC,1.0,Electron 110V,2.0,,0.0,200.0,/Users/rkfuentes/Documents/md_anderson_analysis/yepes_code/data/2025-11-20/scope-results-2025-11-20-1675.csv,2.7299999999999755e-09,,50,,0,,50 ohms time 0.01 no collimator
,SiC,1.0,Electron 110V,2.0,,0.0,200.0,/Users/rkfuentes/Documents/md_anderson_analysis/yepes_code/data/2025-11-20/scope-results-2025-11-20-1676.csv,3.03966666666667e-09,,51,,0,,50 ohms time 0.01 no collimator
,SiC,1.0,Electron 110V,2.0,,0.0,200.0,/Users/rkfuentes/Documents/md_anderson_analysis/yepes_code/data/2025-11-20/scope-results-2025-11-20-1677.csv,2.735999999999993e-09,,52,,0,,50 ohms time 0.01 no collimator
,SiC,1.0,Electron 110V,2.0,,0.0,200.0,/Users/rkfuentes/Documents/md_anderson_analysis/yepes_code/data/2025-11-20/scope-results-2025-11-20-1678.csv,2.6666666666670927e-11,,15,,0,,50 ohms time 0.01 no collimator
,SiC,1.0,Electron 110V,2.0,,0.0,200.0,/Users/rkfuentes/Documents/md_anderson_analysis/yepes_code/data/2025-11-20/scope-results-2025-11-20-1679.csv,6.533333333332976e-11,,26,,0,,50 ohms time 0.01 no collimator
,SiC,1.0,Electron 110V,2.0,,0.0,200.0,/Users/rkfuentes/Documents/md_anderson_analysis/yepes_code/data/2025-11-20/scope-results-2025-11-20-1680.csv,2.9866666666666646e-10,,32,,0,,50 ohms time 0.01 no collimator
,SiC,1.0,Electron 110V,2.0,,0.0,200.0,/Users/rkfuentes/Documents/md_anderson_analysis/yepes_code/data/2025-11-20/scope-results-2025-11-20-1681.csv,4.486666666666688e-09,,43,,0,,50 ohms time 0.01 no collimator
,SiC,1.0,Electron 110V,2.0,,0.0,200.0,/Users/rkfuentes/Documents/md_anderson_analysis/yepes_code/data/2025-11-20/scope-results-2025-11-20-1682.csv,2.9510000000000387e-09,,49,,0,,50 ohms time 0.01 no collimator
,SiC,1.0,Electron 110V,2.0,,0.0,200.0,/Users/rkfuentes/Documents/md_anderson_analysis/yepes_code/data/2025-11-20/scope-results-2025-11-20-1683.csv,1.8163333333333375e-09,,50,,0,,50 ohms time 0.01 no collimator
,SiC,1.0,Electron 110V,2.0,,0.0,200.0,/Users/rkfuentes/Documents/md_anderson_analysis/yepes_code/data/2025-11-20/scope-results-2025-11-20-1684.csv,1.233333333332995e-11,,27,,0,,50 ohms time 0.01 no collimator
,SiC,1.0,Electron 110V,2.0,,0.0,200.0,/Users/rkfuentes/Documents/md_anderson_analysis/yepes_code/data/2025-11-20/scope-results-2025-11-20-1685.csv,5.466666666666118e-11,,83,,0,,50 ohms time 0.01 no collimator
,SiC,1.0,Electron 110V,2.0,,0.0,200.0,/Users/rkfuentes/Documents/md_anderson_analysis/yepes_code/data/2025-11-20/scope-results-2025-11-20-1686.csv,4.5333333333331096e-11,,22,,0,,50 ohms time 0.01 no collimator
,SiC,1.0,Electron 110V,2.0,,0.0,200.0,/Users/rkfuentes/Documents/md_anderson_analysis/yepes_code/data/2025-11-20/scope-results-2025-11-20-1687.csv,5.599999999999997e-11,,24,,0,,50 ohms time 0.01 no collimator
,SiC,1.0,Electron 110V,2.0,,0.0,200.0,/Users/rkfuentes/Documents/md_anderson_analysis/yepes_code/data/2025-11-20/scope-results-2025-11-20-1688.csv,1.6586666666666614e-09,,32,,0,,50 ohms time 0.01 no collimator
,SiC,1.0,Electron 110V,2.0,,0.0,200.0,/Users/rkfuentes/Documents/md_anderson_analysis/yepes_code/data/2025-11-20/scope-results-2025-11-20-1689.csv,3.466666666666842e-11,,28,,0,,50 ohms time 0.01 no collimator
,SiC,1.0,Electron 110V,2.0,,0.0,200.0,/Users/rkfuentes/Documents/md_anderson_analysis/yepes_code/data/2025-11-20/scope-results-2025-11-20-1690.csv,7.013333333333298e-10,,24,,0,,50 ohms time 0.01 no collimator
,SiC,1.0,Electron 110V,2.0,,0.0,200.0,/Users/rkfuentes/Documents/md_anderson_analysis/yepes_code/data/2025-11-20/scope-results-2025-11-20-1691.csv,1.2233333333333694e-10,,22,,0,,50 ohms time 0.01 no collimator
,SiC,1.0,Electron 110V,2.0,,0.0,200.0,/Users/rkfuentes/Documents/md_anderson_analysis/yepes_code/data/2025-11-20/scope-results-2025-11-20-1692.csv,3.266666666666602e-11,,26,,0,,50 ohms time 0.01 no collimator
,SiC,1.0,Electron 110V,2.0,,0.0,200.0,/Users/rkfuentes/Documents/md_anderson_analysis/yepes_code/data/2025-11-20/scope-results-2025-11-20-1693.csv,1.3066666666666632e-10,,29,,0,,50 ohms time 0.01 no collimator
,SiC,1.0,Electron 110V,2.0,,0.0,200.0,/Users/rkfuentes/Documents/md_anderson_analysis/yepes_code/data/2025-11-20/scope-results-2025-11-20-1694.csv,1.903333333333369e-10,,26,,0,,50 ohms time 0.01 no collimator
,SiC,1.0,Electron 110V,2.0,,0.0,200.0,/Users/rkfuentes/Documents/md_anderson_analysis/yepes_code/data/2025-11-20/scope-results-2025-11-20-1695.csv,1.130666666666669e-09,,23,,0,,50 ohms time 0.01 no collimator
,SiC,1.0,Electron 110V,2.0,,0.0,200.0,/Users/rkfuentes/Documents/md_anderson_analysis/yepes_code/data/2025-11-20/scope-results-2025-11-20-1696.csv,2.8426666666666693e-09,,37,,0,,50 ohms time 0.01 no collimator
,SiC,1.0,Electron 110V,2.0,,0.0,200.0,/Users/rkfuentes/Documents/md_anderson_analysis/yepes_code/data/2025-11-20/scope-results-2025-11-20-1697.csv,7.166666666666639e-11,,21,,0,,50 ohms time 0.01 no collimator
,SiC,1.0,Electron 110V,2.0,,0.0,200.0,/Users/rkfuentes/Documents/md_anderson_analysis/yepes_code/data/2025-11-20/scope-results-2025-11-20-1698.csv,7.066666666666319e-11,,28,,0,,50 ohms time 0.01 no collimator
,SiC,1.0,Electron 110V,2.0,,0.0,200.0,/Users/rkfuentes/Documents/md_anderson_analysis/yepes_code/data/2025-11-20/scope-results-2025-11-20-1699.csv,2.298666666666661e-09,,32,,0,,50 ohms time 0.01 no collimator
,SiC,1.0,Electron 110V,2.0,,0.0,200.0,/Users/rkfuentes/Documents/md_anderson_analysis/yepes_code/data/2025-11-20/scope-results-2025-11-20-1700.csv,2.508000000000003e-09,,49,,0,,50 ohms time 0.01 no collimator
,SiC,1.0,Electron 110V,2.0,,0.0,200.0,/Users/rkfuentes/Documents/md_anderson_analysis/yepes_code/data/2025-11-20/scope-results-2025-11-20-1701.csv,1.4366666666666534e-10,,29,,0,,50 ohms time 0.01 no collimator
,SiC,1.0,Electron 110V,2.0,,0.0,200.0,/Users/rkfuentes/Documents/md_anderson_analysis/yepes_code/data/2025-11-20/scope-results-2025-11-20-1702.csv,1.7800000000000075e-09,,120,,0,,50 ohms time 0.01 no collimator
,SiC,1.0,Electron 85V,2.0,,0.0,100.0,/Users/rkfuentes/Documents/md_anderson_analysis/yepes_code/data/2025-11-20/scope-results-2025-11-20-1809.csv,2.0946666666666826e-10,,28,,0,,50 ohms time 0.01 no collimator
,SiC,1.0,Electron 85V,2.0,,0.0,100.0,/Users/rkfuentes/Documents/md_anderson_analysis/yepes_code/data/2025-11-20/scope-results-2025-11-20-1810.csv,5.4133333333334416e-11,,26,,0,,50 ohms time 0.01 no collimator
,SiC,1.0,Electron 85V,2.0,,0.0,100.0,/Users/rkfuentes/Documents/md_anderson_analysis/yepes_code/data/2025-11-20/scope-results-2025-11-20-1811.csv,1.973333333333313e-10,,26,,0,,50 ohms time 0.01 no collimator
,SiC,1.0,Electron 85V,2.0,,0.0,100.0,/Users/rkfuentes/Documents/md_anderson_analysis/yepes_code/data/2025-11-20/scope-results-2025-11-20-1812.csv,2.824000000000001e-10,,25,,0,,50 ohms time 0.01 no collimator
,SiC,1.0,Electron 85V,2.0,,0.0,100.0,/Users/rkfuentes/Documents/md_anderson_analysis/yepes_code/data/2025-11-20/scope-results-2025-11-20-1813.csv,5.453333333333516e-11,,25,,0,,50 ohms time 0.01 no collimator
,SiC,1.0,Electron 85V,2.0,,0.0,100.0,/Users/rkfuentes/Documents/md_anderson_analysis/yepes_code/data/2025-11-20/scope-results-2025-11-20-1814.csv,3.6133333333335945e-11,,26,,0,,50 ohms time 0.01 no collimator
,SiC,1.0,Electron 85V,2.0,,0.0,100.0,/Users/rkfuentes/Documents/md_anderson_analysis/yepes_code/data/2025-11-20/scope-results-2025-11-20-1815.csv,8.266666666666813e-11,,27,,0,,50 ohms time 0.01 no collimator
,SiC,1.0,Electron 85V,2.0,,0.0,100.0,/Users/rkfuentes/Documents/md_anderson_analysis/yepes_code/data/2025-11-20/scope-results-2025-11-20-1816.csv,9.293333333333536e-11,,26,,0,,50 ohms time 0.01 no collimator
,SiC,1.0,Electron 85V,2.0,,0.0,100.0,/Users/rkfuentes/Documents/md_anderson_analysis/yepes_code/data/2025-11-20/scope-results-2025-11-20-1817.csv,8.786666666666551e-11,,26,,0,,50 ohms time 0.01 no collimator
,SiC,1.0,Electron 85V,2.0,,0.0,100.0,/Users/rkfuentes/Documents/md_anderson_analysis/yepes_code/data/2025-11-20/scope-results-2025-11-20-1818.csv,2.1800000000000168e-10,,24,,0,,50 ohms time 0.01 no collimator
,SiC,1.0,Electron 85V,2.0,,0.0,100.0,/Users/rkfuentes/Documents/md_anderson_analysis/yepes_code/data/2025-11-20/scope-results-2025-11-20-1819.csv,8.999999999999637e-11,,34,,0,,50 ohms time 0.01 no collimator
,SiC,1.0,Electron 85V,2.0,,0.0,100.0,/Users/rkfuentes/Documents/md_anderson_analysis/yepes_code/data/2025-11-20/scope-results-2025-11-20-1820.csv,1.9173333333333587e-10,,24,,0,,50 ohms time 0.01 no collimator
,SiC,1.0,Electron 85V,2.0,,0.0,100.0,/Users/rkfuentes/Documents/md_anderson_analysis/yepes_code/data/2025-11-20/scope-results-2025-11-20-1821.csv,5.880000000000157e-11,,27,,0,,50 ohms time 0.01 no collimator
,SiC,1.0,Electron 85V,2.0,,0.0,100.0,/Users/rkfuentes/Documents/md_anderson_analysis/yepes_code/data/2025-11-20/scope-results-2025-11-20-1822.csv,1.834666666666667e-10,,23,,0,,50 ohms time 0.01 no collimator
,SiC,1.0,Electron 85V,2.0,,0.0,100.0,/Users/rkfuentes/Documents/md_anderson_analysis/yepes_code/data/2025-11-20/scope-results-2025-11-20-1823.csv,2.581333333333343e-10,,25,,0,,50 ohms time 0.01 no collimator
,SiC,1.0,Electron 85V,2.0,,0.0,100.0,/Users/rkfuentes/Documents/md_anderson_analysis/yepes_code/data/2025-11-20/scope-results-2025-11-20-1824.csv,4.266666666667436e-12,,18,,0,,50 ohms time 0.01 no collimator
,SiC,1.0,Electron 85V,2.0,,0.0,100.0,/Users/rkfuentes/Documents/md_anderson_analysis/yepes_code/data/2025-11-20/scope-results-2025-11-20-1825.csv,1.0519999999999984e-10,,27,,0,,50 ohms time 0.01 no collimator
,SiC,1.0,Electron 85V,2.0,,0.0,100.0,/Users/rkfuentes/Documents/md_anderson_analysis/yepes_code/data/2025-11-20/scope-results-2025-11-20-1826.csv,8.373333333333309e-11,,27,,0,,50 ohms time 0.01 no collimator
,SiC,1.0,Electron 110V,2.0,,0.0,100.0,/Users/rkfuentes/Documents/md_anderson_analysis/yepes_code/data/2025-11-20/scope-results-2025-11-20-1882.csv,9.826666666666672e-09,,103,,0,,50 ohms time 0.01
,SiC,1.0,Electron 110V,2.0,,0.0,100.0,/Users/rkfuentes/Documents/md_anderson_analysis/yepes_code/data/2025-11-20/scope-results-2025-11-20-1883.csv,8.540800000000011e-09,,86,,0,,50 ohms time 0.01
,SiC,1.0,Electron 110V,2.0,,0.0,100.0,/Users/rkfuentes/Documents/md_anderson_analysis/yepes_code/data/2025-11-20/scope-results-2025-11-20-1884.csv,9.282666666666672e-09,,93,,0,,50 ohms time 0.01
,SiC,1.0,Electron 110V,2.0,,0.0,100.0,/Users/rkfuentes/Documents/md_anderson_analysis/yepes_code/data/2025-11-20/scope-results-2025-11-20-1885.csv,9.365866666666692e-09,,89,,0,,50 ohms time 0.01
,SiC,1.0,Electron 110V,2.0,,0.0,100.0,/Users/rkfuentes/Documents/md_anderson_analysis/yepes_code/data/2025-11-20/scope-results-2025-11-20-1886.csv,9.787733333333326e-09,,94,,0,,50 ohms time 0.01
,SiC,1.0,Electron 110V,2.0,,0.0,100.0,/Users/rkfuentes/Documents/md_anderson_analysis/yepes_code/data/2025-11-20/scope-results-2025-11-20-1887.csv,8.498800000000013e-09,,96,,0,,50 ohms time 0.01
,SiC,1.0,Electron 110V,2.0,,0.0,40.0,/Users/rkfuentes/Documents/md_anderson_analysis/yepes_code/data/2025-11-20/scope-results-2025-11-20-1888.csv,1.0026133333333332e-08,,259,,0,,50 ohms time 0.01
,SiC,1.0,Electron 110V,2.0,,0.0,40.0,/Users/rkfuentes/Documents/md_anderson_analysis/yepes_code/data/2025-11-20/scope-results-2025-11-20-1889.csv,9.765333333333338e-09,,274,,0,,50 ohms time 0.01
,SiC,1.0,Electron 110V,2.0,,0.0,40.0,/Users/rkfuentes/Documents/md_anderson_analysis/yepes_code/data/2025-11-20/scope-results-2025-11-20-1890.csv,8.897066666666681e-09,,271,,0,,50 ohms time 0.01
,SiC,1.0,Electron 110V,2.0,,0.0,40.0,/Users/rkfuentes/Documents/md_anderson_analysis/yepes_code/data/2025-11-20/scope-results-2025-11-20-1891.csv,1.2556799999999992e-08,,276,,0,,50 ohms time 0.01
,SiC,1.0,Electron 110V,2.0,,0.0,20.0,/Users/rkfuentes/Documents/md_anderson_analysis/yepes_code/data/2025-11-20/scope-results-2025-11-20-1892.csv,1.1888666666666669e-08,,257,,0,,50 ohms time 0.01
,SiC,1.0,Electron 110V,2.0,,0.0,20.0,/Users/rkfuentes/Documents/md_anderson_analysis/yepes_code/data/2025-11-20/scope-results-2025-11-20-1893.csv,1.1444800000000012e-08,,264,,0,,50 ohms time 0.01
,SiC,1.0,Electron 110V,2.0,,0.0,20.0,/Users/rkfuentes/Documents/md_anderson_analysis/yepes_code/data/2025-11-20/scope-results-2025-11-20-1894.csv,1.2883866666666676e-08,,282,,0,,50 ohms time 0.01
,SiC,1.0,Electron 110V,2.0,,0.0,0.0,/Users/rkfuentes/Documents/md_anderson_analysis/yepes_code/data/2025-11-20/scope-results-2025-11-20-1895.csv,8.980000000000031e-09,,267,,0,,50 ohms time 0.01
,SiC,1.0,Electron 110V,2.0,,0.0,0.0,/Users/rkfuentes/Documents/md_anderson_analysis/yepes_code/data/2025-11-20/scope-results-2025-11-20-1896.csv,8.930133333333323e-09,,253,,0,,50 ohms time 0.01
,SiC,1.0,Electron 110V,2.0,,0.0,0.0,/Users/rkfuentes/Documents/md_anderson_analysis/yepes_code/data/2025-11-20/scope-results-2025-11-20-1897.csv,8.612800000000011e-09,,285,,0,,50 ohms time 0.01
,SiC,1.0,Electron 110V,2.0,,0.0,0.0,/Users/rkfuentes/Documents/md_anderson_analysis/yepes_code/data/2025-11-20/scope-results-2025-11-20-1898.csv,8.135999999999981e-09,,277,,0,,50 ohms time 0.01
,SiC,1.0,Electron 110V,2.0,,0.0,0.0,/Users/rkfuentes/Documents/md_anderson_analysis/yepes_code/data/2025-11-20/scope-results-2025-11-20-1899.csv,6.866133333333351e-09,,255,,0,,50 ohms time 0.01
,SiC,1.0,Electron 110V,2.0,,0.0,0.0,/Users/rkfuentes/Documents/md_anderson_analysis/yepes_code/data/2025-11-20/scope-results-2025-11-20-1900.csv,8.400933333333305e-09,,266,,0,,50 ohms time 0.01
,SiC,1.0,Electron 110V,2.0,,0.0,0.0,/Users/rkfuentes/Documents/md_anderson_analysis/yepes_code/data/2025-11-20/scope-results-2025-11-20-1901.csv,1.0177466666666658e-08,,268,,0,,50 ohms time 0.01
,SiC,1.0,Electron 110V,2.0,,0.0,10.0,/Users/rkfuentes/Documents/md_anderson_analysis/yepes_code/data/2025-11-20/scope-results-2025-11-20-1902.csv,1.0773333333333336e-08,,278,,0,,50 ohms time 0.01
,SiC,1.0,Electron 110V,2.0,,0.0,10.0,/Users/rkfuentes/Documents/md_anderson_analysis/yepes_code/data/2025-11-20/scope-results-2025-11-20-1903.csv,9.154266666666664e-09,,268,,0,,50 ohms time 0.01
,SiC,1.0,Electron 110V,2.0,,0.0,10.0,/Users/rkfuentes/Documents/md_anderson_analysis/yepes_code/data/2025-11-20/scope-results-2025-11-20-1941.csv,9.568133333333357e-09,,271,,0,,50 ohms time 0.01
,SiC,1.0,Electron 110V,2.0,,0.0,10.0,/Users/rkfuentes/Documents/md_anderson_analysis/yepes_code/data/2025-11-20/scope-results-2025-11-20-1942.csv,8.613333333333322e-09,,271,,0,,50 ohms time 0.01
,SiC,1.0,Electron 110V,2.0,,0.0,10.0,/Users/rkfuentes/Documents/md_anderson_analysis/yepes_code/data/2025-11-20/scope-results-2025-11-20-1943.csv,1.0328266666666685e-08,,278,,0,,50 ohms time 0.01
,SiC,1.0,Electron 110V,2.0,,0.0,10.0,/Users/rkfuentes/Documents/md_anderson_analysis/yepes_code/data/2025-11-20/scope-results-2025-11-20-1944.csv,9.706666666666673e-09,,259,,0,,50 ohms time 0.01
,SiC,1.0,Electron 110V,2.0,,0.0,10.0,/Users/rkfuentes/Documents/md_anderson_analysis/yepes_code/data/2025-11-20/scope-results-2025-11-20-1945.csv,8.123200000000047e-09,,263,,0,,50 ohms time 0.01
,SiC,1.0,Electron 191V,2.0,,0.0,10.0,/Users/rkfuentes/Documents/md_anderson_analysis/yepes_code/data/2025-11-20/scope-results-2025-11-20-1975.csv,5.326773333333337e-08,,232,,0,,50 ohms time 0.01
,SiC,1.0,Electron 191V,2.0,,0.0,10.0,/Users/rkfuentes/Documents/md_anderson_analysis/yepes_code/data/2025-11-20/scope-results-2025-11-20-1976.csv,5.181066666666668e-08,,194,,0,,50 ohms time 0.01
,SiC,1.0,Electron 191V,2.0,,0.0,10.0,/Users/rkfuentes/Documents/md_anderson_analysis/yepes_code/data/2025-11-20/scope-results-2025-11-20-1977.csv,4.852373333333334e-08,,201,,0,,50 ohms time 0.01
,SiC,1.0,Electron 191V,2.0,,0.0,10.0,/Users/rkfuentes/Documents/md_anderson_analysis/yepes_code/data/2025-11-20/scope-results-2025-11-20-1978.csv,5.4247466666666664e-08,,246,,0,,50 ohms time 0.01
,SiC,1.0,Electron 191V,2.0,,0.0,10.0,/Users/rkfuentes/Documents/md_anderson_analysis/yepes_code/data/2025-11-20/scope-results-2025-11-20-1979.csv,4.900786666666667e-08,,203,,0,,50 ohms time 0.01
,SiC,1.0,Electron 191V,2.0,,0.0,10.0,/Users/rkfuentes/Documents/md_anderson_analysis/yepes_code/data/2025-11-20/scope-results-2025-11-20-1980.csv,4.516213333333336e-08,,194,,0,,50 ohms time 0.01
,SiC,1.0,Electron 110V,2.0,,0.0,10.0,/Users/rkfuentes/Documents/md_anderson_analysis/yepes_code/data/2025-11-20/scope-results-2025-11-20-2002.csv,3.541333333333337e-09,,276,,0,,50 ohms time 0.01
,SiC,1.0,Electron 110V,2.0,,0.0,10.0,/Users/rkfuentes/Documents/md_anderson_analysis/yepes_code/data/2025-11-20/scope-results-2025-11-20-2003.csv,2.4250666666666628e-09,,277,,0,,50 ohms time 0.01
,SiC,1.0,Electron 110V,2.0,,0.0,10.0,/Users/rkfuentes/Documents/md_anderson_analysis/yepes_code/data/2025-11-20/scope-results-2025-11-20-2004.csv,3.459733333333323e-09,,305,,0,,50 ohms time 0.01
,SiC,1.0,Electron 191V,2.0,,0.0,10.0,/Users/rkfuentes/Documents/md_anderson_analysis/yepes_code/data/2025-11-20/scope-results-2025-11-20-2018.csv,2.5730533333333366e-08,,287,,0,,50 ohms time 0.01
,SiC,1.0,Electron 191V,2.0,,0.0,10.0,/Users/rkfuentes/Documents/md_anderson_analysis/yepes_code/data/2025-11-20/scope-results-2025-11-20-2019.csv,2.2236266666666685e-08,,271,,0,,50 ohms time 0.01
,SiC,1.0,Electron 191V,2.0,,0.0,10.0,/Users/rkfuentes/Documents/md_anderson_analysis/yepes_code/data/2025-11-20/scope-results-2025-11-20-2020.csv,2.2996800000000013e-08,,273,,0,,50 ohms time 0.01
,SiC,1.0,Electron 191V,2.0,,0.0,10.0,/Users/rkfuentes/Documents/md_anderson_analysis/yepes_code/data/2025-11-20/scope-results-2025-11-20-2021.csv,2.541760000000004e-08,,276,,0,,50 ohms time 0.01
,SiC,1.0,Electron 191V,2.0,,0.0,10.0,/Users/rkfuentes/Documents/md_anderson_analysis/yepes_code/data/2025-11-20/scope-results-2025-11-20-2022.csv,2.8953333333333354e-08,,264,,0,,50 ohms time 0.01
,SiC,1.0,Electron 191V,2.0,,0.0,10.0,/Users/rkfuentes/Documents/md_anderson_analysis/yepes_code/data/2025-11-20/scope-results-2025-11-20-2023.csv,2.148586666666669e-08,,266,,0,,50 ohms time 0.01
,SiC,1.0,Electron 191V,2.0,,0.0,10.0,/Users/rkfuentes/Documents/md_anderson_analysis/yepes_code/data/2025-11-20/scope-results-2025-11-20-2024.csv,2.1666133333333342e-08,,265,,0,,50 ohms time 0.01
,SiC,1.0,Electron 85V,3.0,,0.0,40.0,/Users/rkfuentes/Documents/md_anderson_analysis/yepes_code/data/2025-11-20/scope-results-2025-11-20-0065.csv,5.726666666666665e-09,,422,,0,,50 ohms
,SiC,1.0,Electron 85V,3.0,,0.0,40.0,/Users/rkfuentes/Documents/md_anderson_analysis/yepes_code/data/2025-11-20/scope-results-2025-11-20-0066.csv,5.7933333333333675e-09,,382,,0,,50 ohms
,SiC,1.0,Electron 85V,3.0,,0.0,40.0,/Users/rkfuentes/Documents/md_anderson_analysis/yepes_code/data/2025-11-20/scope-results-2025-11-20-0067.csv,6.107999999999996e-09,,398,,0,,50 ohms
,SiC,1.0,Electron 85V,3.0,,0.0,40.0,/Users/rkfuentes/Documents/md_anderson_analysis/yepes_code/data/2025-11-20/scope-results-2025-11-20-0068.csv,5.990666666666682e-09,,404,,0,,50 ohms
,SiC,1.0,Electron 85V,3.0,,0.0,40.0,/Users/rkfuentes/Documents/md_anderson_analysis/yepes_code/data/2025-11-20/scope-results-2025-11-20-0069.csv,6.898666666666656e-09,,375,,0,,50 ohms
,SiC,1.0,Electron 85V,3.0,,0.0,40.0,/Users/rkfuentes/Documents/md_anderson_analysis/yepes_code/data/2025-11-20/scope-results-2025-11-20-0070.csv,1.3273666666666656e-08,,391,,0,,50 ohms
,SiC,1.0,Electron 85V,3.0,,0.0,40.0,/Users/rkfuentes/Documents/md_anderson_analysis/yepes_code/data/2025-11-20/scope-results-2025-11-20-0071.csv,5.681333333333329e-09,,375,,0,,50 ohms
,SiC,1.0,Electron 85V,3.0,,0.0,40.0,/Users/rkfuentes/Documents/md_anderson_analysis/yepes_code/data/2025-11-20/scope-results-2025-11-20-0072.csv,6.134333333333273e-09,,379,,0,,50 ohms
,SiC,1.0,Electron 85V,3.0,,0.0,40.0,/Users/rkfuentes/Documents/md_anderson_analysis/yepes_code/data/2025-11-20/scope-results-2025-11-20-0073.csv,6.098666666666698e-09,,384,,0,,50 ohms
,SiC,1.0,Electron 85V,3.0,,0.0,40.0,/Users/rkfuentes/Documents/md_anderson_analysis/yepes_code/data/2025-11-20/scope-results-2025-11-20-0074.csv,6.322999999999968e-09,,377,,0,,50 ohms
,SiC,1.0,Electron 85V,3.0,,0.0,40.0,/Users/rkfuentes/Documents/md_anderson_analysis/yepes_code/data/2025-11-20/scope-results-2025-11-20-0075.csv,6.410666666666696e-09,,380,,0,,50 ohms
,SiC,1.0,Electron 85V,3.0,,0.0,40.0,/Users/rkfuentes/Documents/md_anderson_analysis/yepes_code/data/2025-11-20/scope-results-2025-11-20-0076.csv,1.2638333333333358e-08,,385,,0,,50 ohms
,SiC,1.0,Electron 85V,3.0,,0.0,40.0,/Users/rkfuentes/Documents/md_anderson_analysis/yepes_code/data/2025-11-20/scope-results-2025-11-20-0077.csv,6.044000000000016e-09,,386,,0,,50 ohms
,SiC,1.0,Electron 85V,3.0,,0.0,40.0,/Users/rkfuentes/Documents/md_anderson_analysis/yepes_code/data/2025-11-20/scope-results-2025-11-20-0078.csv,1.8133333333333847e-10,,23,,0,,50 ohms
,SiC,1.0,Electron 85V,3.0,,0.0,40.0,/Users/rkfuentes/Documents/md_anderson_analysis/yepes_code/data/2025-11-20/scope-results-2025-11-20-0079.csv,6.148000000000041e-09,,372,,0,,50 ohms
,SiC,1.0,Electron 85V,3.0,,0.0,40.0,/Users/rkfuentes/Documents/md_anderson_analysis/yepes_code/data/2025-11-20/scope-results-2025-11-20-0080.csv,1.3241333333333358e-08,,410,,0,,50 ohms
,SiC,1.0,Electron 85V,3.0,,0.0,40.0,/Users/rkfuentes/Documents/md_anderson_analysis/yepes_code/data/2025-11-20/scope-results-2025-11-20-0081.csv,6.250666666666678e-09,,396,,0,,50 ohms
,SiC,1.0,Electron 85V,3.0,,0.0,40.0,/Users/rkfuentes/Documents/md_anderson_analysis/yepes_code/data/2025-11-20/scope-results-2025-11-20-0082.csv,5.943999999999969e-09,,384,,0,,50 ohms
,SiC,1.0,Electron 85V,3.0,,0.0,40.0,/Users/rkfuentes/Documents/md_anderson_analysis/yepes_code/data/2025-11-20/scope-results-2025-11-20-0083.csv,6.314666666666688e-09,,391,,0,,50 ohms
,SiC,1.0,Electron 85V,3.0,,0.0,40.0,/Users/rkfuentes/Documents/md_anderson_analysis/yepes_code/data/2025-11-20/scope-results-2025-11-20-0084.csv,1.2889333333333412e-08,,365,,0,,50 ohms
,SiC,1.0,Electron 110V,3.0,,0.0,40.0,/Users/rkfuentes/Documents/md_anderson_analysis/yepes_code/data/2025-11-20/scope-results-2025-11-20-0125.csv,4.345066666666666e-08,,405,,0,,50 ohms time 0.01
,SiC,1.0,Electron 110V,3.0,,0.0,40.0,/Users/rkfuentes/Documents/md_anderson_analysis/yepes_code/data/2025-11-20/scope-results-2025-11-20-0126.csv,3.6680333333333423e-08,,413,,0,,50 ohms time 0.01
,SiC,1.0,Electron 110V,3.0,,0.0,40.0,/Users/rkfuentes/Documents/md_anderson_analysis/yepes_code/data/2025-11-20/scope-results-2025-11-20-0127.csv,3.692800000000003e-08,,416,,0,,50 ohms time 0.01
,SiC,1.0,Electron 110V,3.0,,0.0,40.0,/Users/rkfuentes/Documents/md_anderson_analysis/yepes_code/data/2025-11-20/scope-results-2025-11-20-0128.csv,2.9998333333333304e-08,,406,,0,,50 ohms time 0.01
,SiC,1.0,Electron 110V,3.0,,0.0,40.0,/Users/rkfuentes/Documents/md_anderson_analysis/yepes_code/data/2025-11-20/scope-results-2025-11-20-0129.csv,3.6149333333333364e-08,,413,,0,,50 ohms time 0.01
,SiC,1.0,Electron 110V,3.0,,0.0,40.0,/Users/rkfuentes/Documents/md_anderson_analysis/yepes_code/data/2025-11-20/scope-results-2025-11-20-0130.csv,3.6653333333333366e-08,,391,,0,,50 ohms time 0.01
,SiC,1.0,Electron 110V,3.0,,0.0,40.0,/Users/rkfuentes/Documents/md_anderson_analysis/yepes_code/data/2025-11-20/scope-results-2025-11-20-0131.csv,3.595066666666665e-08,,412,,0,,50 ohms time 0.01
,SiC,1.0,Electron 110V,3.0,,0.0,40.0,/Users/rkfuentes/Documents/md_anderson_analysis/yepes_code/data/2025-11-20/scope-results-2025-11-20-0132.csv,3.5888999999999985e-08,,397,,0,,50 ohms time 0.01
,SiC,1.0,Electron 110V,3.0,,0.0,40.0,/Users/rkfuentes/Documents/md_anderson_analysis/yepes_code/data/2025-11-20/scope-results-2025-11-20-0133.csv,3.62063333333333e-08,,399,,0,,50 ohms time 0.01
,SiC,1.0,Electron 110V,3.0,,0.0,40.0,/Users/rkfuentes/Documents/md_anderson_analysis/yepes_code/data/2025-11-20/scope-results-2025-11-20-0134.csv,2.9056000000000015e-08,,391,,0,,50 ohms time 0.01
,SiC,1.0,Electron 110V,3.0,,0.0,40.0,/Users/rkfuentes/Documents/md_anderson_analysis/yepes_code/data/2025-11-20/scope-results-2025-11-20-0135.csv,2.9133999999999975e-08,,406,,0,,50 ohms time 0.01
,SiC,1.0,Electron 110V,3.0,,0.0,40.0,/Users/rkfuentes/Documents/md_anderson_analysis/yepes_code/data/2025-11-20/scope-results-2025-11-20-0136.csv,3.5265999999999967e-08,,399,,0,,50 ohms time 0.01
,SiC,1.0,Electron 191V,3.0,,0.0,40.0,/Users/rkfuentes/Documents/md_anderson_analysis/yepes_code/data/2025-11-20/scope-results-2025-11-20-0173.csv,4.2133333333333503e-10,,25,,0,,50 ohms time 0.01
,SiC,1.0,Electron 191V,3.0,,0.0,40.0,/Users/rkfuentes/Documents/md_anderson_analysis/yepes_code/data/2025-11-20/scope-results-2025-11-20-0174.csv,4.0266666666666383e-10,,25,,0,,50 ohms time 0.01
,SiC,1.0,Electron 191V,3.0,,0.0,40.0,/Users/rkfuentes/Documents/md_anderson_analysis/yepes_code/data/2025-11-20/scope-results-2025-11-20-0175.csv,5.043333333333249e-10,,22,,0,,50 ohms time 0.01
,SiC,1.0,Electron 191V,3.0,,0.0,40.0,/Users/rkfuentes/Documents/md_anderson_analysis/yepes_code/data/2025-11-20/scope-results-2025-11-20-0176.csv,4.133333333333389e-11,,25,,0,,50 ohms time 0.01
,SiC,1.0,Electron 191V,3.0,,0.0,40.0,/Users/rkfuentes/Documents/md_anderson_analysis/yepes_code/data/2025-11-20/scope-results-2025-11-20-0177.csv,3.8100000000000365e-10,,26,,0,,50 ohms time 0.01
,SiC,1.0,Electron 191V,3.0,,0.0,40.0,/Users/rkfuentes/Documents/md_anderson_analysis/yepes_code/data/2025-11-20/scope-results-2025-11-20-0178.csv,4.4266666666666736e-10,,22,,0,,50 ohms time 0.01
,SiC,1.0,Electron 191V,3.0,,0.0,40.0,/Users/rkfuentes/Documents/md_anderson_analysis/yepes_code/data/2025-11-20/scope-results-2025-11-20-0179.csv,8.333333333334513e-12,,24,,0,,50 ohms time 0.01
,SiC,1.0,Electron 191V,3.0,,0.0,40.0,/Users/rkfuentes/Documents/md_anderson_analysis/yepes_code/data/2025-11-20/scope-results-2025-11-20-0180.csv,4.640000000000038e-10,,27,,0,,50 ohms time 0.01
,SiC,1.0,Electron 191V,3.0,,0.0,40.0,/Users/rkfuentes/Documents/md_anderson_analysis/yepes_code/data/2025-11-20/scope-results-2025-11-20-0181.csv,4.800000000000003e-10,,20,,0,,50 ohms time 0.01
,SiC,1.0,Electron 191V,3.0,,0.0,40.0,/Users/rkfuentes/Documents/md_anderson_analysis/yepes_code/data/2025-11-20/scope-results-2025-11-20-0182.csv,4.623333333333339e-10,,18,,0,,50 ohms time 0.01
,SiC,1.0,Electron 191V,3.0,,0.0,40.0,/Users/rkfuentes/Documents/md_anderson_analysis/yepes_code/data/2025-11-20/scope-results-2025-11-20-0183.csv,3.6666666666661655e-11,,17,,0,,50 ohms time 0.01
,SiC,1.0,Electron 191V,3.0,,0.0,20.0,/Users/rkfuentes/Documents/md_anderson_analysis/yepes_code/data/2025-11-20/scope-results-2025-11-20-0194.csv,8.126533333333336e-08,,242,,0,,50 ohms time 0.01
,SiC,1.0,Electron 191V,3.0,,0.0,20.0,/Users/rkfuentes/Documents/md_anderson_analysis/yepes_code/data/2025-11-20/scope-results-2025-11-20-0195.csv,8.4288e-08,,232,,0,,50 ohms time 0.01
,SiC,1.0,Electron 191V,3.0,,0.0,40.0,/Users/rkfuentes/Documents/md_anderson_analysis/yepes_code/data/2025-11-20/scope-results-2025-11-20-0196.csv,7.533333333333659e-11,,20,,0,,50 ohms time 0.01
,SiC,1.0,Electron 191V,3.0,,0.0,40.0,/Users/rkfuentes/Documents/md_anderson_analysis/yepes_code/data/2025-11-20/scope-results-2025-11-20-0197.csv,5.556666666666701e-10,,17,,0,,50 ohms time 0.01
,SiC,1.0,Electron 191V,3.0,,0.0,10.0,/Users/rkfuentes/Documents/md_anderson_analysis/yepes_code/data/2025-11-20/scope-results-2025-11-20-0198.csv,7.911733333333336e-08,,263,,0,,50 ohms time 0.01
,SiC,1.0,Electron 191V,3.0,,0.0,10.0,/Users/rkfuentes/Documents/md_anderson_analysis/yepes_code/data/2025-11-20/scope-results-2025-11-20-0199.csv,7.771199999999996e-08,,274,,0,,50 ohms time 0.01
,SiC,1.0,Electron 191V,3.0,,0.0,1.0,/Users/rkfuentes/Documents/md_anderson_analysis/yepes_code/data/2025-11-20/scope-results-2025-11-20-0200.csv,7.184666666666669e-08,,336,,0,,50 ohms time 0.01
,SiC,1.0,Electron 191V,3.0,,0.0,1.0,/Users/rkfuentes/Documents/md_anderson_analysis/yepes_code/data/2025-11-20/scope-results-2025-11-20-0201.csv,6.514933333333335e-08,,338,,0,,50 ohms time 0.01
,SiC,1.0,Electron 191V,3.0,,0.0,1.0,/Users/rkfuentes/Documents/md_anderson_analysis/yepes_code/data/2025-11-20/scope-results-2025-11-20-0202.csv,1.599999999999556e-11,,25,,0,,50 ohms time 0.01
,SiC,1.0,Electron 85V,3.0,,0.0,40.0,/Users/rkfuentes/Documents/md_anderson_analysis/yepes_code/data/2025-11-20/scope-results-2025-11-20-0277.csv,6.519999999999897e-10,,65,,0,,50 ohms time 0.01
,SiC,1.0,Electron 85V,3.0,,0.0,40.0,/Users/rkfuentes/Documents/md_anderson_analysis/yepes_code/data/2025-11-20/scope-results-2025-11-20-0278.csv,2.3758666666666672e-08,,100,,0,,50 ohms time 0.01
,SiC,1.0,Electron 85V,3.0,,0.0,40.0,/Users/rkfuentes/Documents/md_anderson_analysis/yepes_code/data/2025-11-20/scope-results-2025-11-20-0279.csv,7.586666666666625e-10,,36,,0,,50 ohms time 0.01
,SiC,1.0,Electron 85V,3.0,,0.0,40.0,/Users/rkfuentes/Documents/md_anderson_analysis/yepes_code/data/2025-11-20/scope-results-2025-11-20-0280.csv,2.998666666666672e-09,,98,,0,,50 ohms time 0.01
,SiC,1.0,Electron 85V,3.0,,0.0,40.0,/Users/rkfuentes/Documents/md_anderson_analysis/yepes_code/data/2025-11-20/scope-results-2025-11-20-0281.csv,1.103000000000006e-09,,34,,0,,50 ohms time 0.01
,SiC,1.0,Electron 85V,3.0,,0.0,40.0,/Users/rkfuentes/Documents/md_anderson_analysis/yepes_code/data/2025-11-20/scope-results-2025-11-20-0282.csv,7.266666666665056e-11,,30,,0,,50 ohms time 0.01
,SiC,1.0,Electron 85V,3.0,,0.0,40.0,/Users/rkfuentes/Documents/md_anderson_analysis/yepes_code/data/2025-11-20/scope-results-2025-11-20-0283.csv,6.106666666666677e-09,,61,,0,,50 ohms time 0.01
,SiC,1.0,Electron 85V,3.0,,0.0,40.0,/Users/rkfuentes/Documents/md_anderson_analysis/yepes_code/data/2025-11-20/scope-results-2025-11-20-0284.csv,5.989999999999864e-10,,110,,0,,50 ohms time 0.01
,SiC,1.0,Electron 85V,3.0,,0.0,40.0,/Users/rkfuentes/Documents/md_anderson_analysis/yepes_code/data/2025-11-20/scope-results-2025-11-20-0285.csv,1.0332868814140483e-09,,61,,0,,50 ohms time 0.01
,SiC,1.0,Electron 85V,3.0,,0.0,40.0,/Users/rkfuentes/Documents/md_anderson_analysis/yepes_code/data/2025-11-20/scope-results-2025-11-20-0286.csv,3.6000000000001007e-11,,26,,0,,50 ohms time 0.01
,SiC,1.0,Electron 85V,3.0,,0.0,40.0,/Users/rkfuentes/Documents/md_anderson_analysis/yepes_code/data/2025-11-20/scope-results-2025-11-20-0287.csv,9.343333333333246e-10,,35,,0,,50 ohms time 0.01
,SiC,1.0,Electron 85V,3.0,,0.0,40.0,/Users/rkfuentes/Documents/md_anderson_analysis/yepes_code/data/2025-11-20/scope-results-2025-11-20-0288.csv,2.3910666666666682e-08,,97,,0,,50 ohms time 0.01
,SiC,1.0,Electron 85V,3.0,,0.0,40.0,/Users/rkfuentes/Documents/md_anderson_analysis/yepes_code/data/2025-11-20/scope-results-2025-11-20-0289.csv,6.213333333333144e-10,,48,,0,,50 ohms time 0.01
,SiC,1.0,Electron 85V,3.0,,0.0,40.0,/Users/rkfuentes/Documents/md_anderson_analysis/yepes_code/data/2025-11-20/scope-results-2025-11-20-0290.csv,7.143333333333076e-10,,69,,0,,50 ohms time 0.01
,SiC,1.0,Electron 110V,3.0,,0.0,40.0,/Users/rkfuentes/Documents/md_anderson_analysis/yepes_code/data/2025-11-20/scope-results-2025-11-20-0331.csv,1.6580000000000007e-08,,399,,0,,50 ohms time 0.01
,SiC,1.0,Electron 110V,3.0,,0.0,40.0,/Users/rkfuentes/Documents/md_anderson_analysis/yepes_code/data/2025-11-20/scope-results-2025-11-20-0332.csv,9.416666666666688e-09,,393,,0,,50 ohms time 0.01
,SiC,1.0,Electron 110V,3.0,,0.0,40.0,/Users/rkfuentes/Documents/md_anderson_analysis/yepes_code/data/2025-11-20/scope-results-2025-11-20-0333.csv,1.6518666666666595e-08,,381,,0,,50 ohms time 0.01
,SiC,1.0,Electron 110V,3.0,,0.0,40.0,/Users/rkfuentes/Documents/md_anderson_analysis/yepes_code/data/2025-11-20/scope-results-2025-11-20-0345.csv,1.6053333333333314e-08,,403,,0,,50 ohms time 0.01
,SiC,1.0,Electron 110V,3.0,,0.0,40.0,/Users/rkfuentes/Documents/md_anderson_analysis/yepes_code/data/2025-11-20/scope-results-2025-11-20-0346.csv,1.5986333333333318e-08,,373,,0,,50 ohms time 0.01
,SiC,1.0,Electron 110V,3.0,,0.0,40.0,/Users/rkfuentes/Documents/md_anderson_analysis/yepes_code/data/2025-11-20/scope-results-2025-11-20-0347.csv,9.465000000000035e-09,,403,,0,,50 ohms time 0.01
,SiC,1.0,Electron 110V,3.0,,0.0,40.0,/Users/rkfuentes/Documents/md_anderson_analysis/yepes_code/data/2025-11-20/scope-results-2025-11-20-0348.csv,1.0098666666666666e-08,,395,,0,,50 ohms time 0.01
,SiC,1.0,Electron 110V,3.0,,0.0,40.0,/Users/rkfuentes/Documents/md_anderson_analysis/yepes_code/data/2025-11-20/scope-results-2025-11-20-0349.csv,1.5944000000000063e-08,,399,,0,,50 ohms time 0.01
,SiC,1.0,Electron 110V,3.0,,0.0,40.0,/Users/rkfuentes/Documents/md_anderson_analysis/yepes_code/data/2025-11-20/scope-results-2025-11-20-0350.csv,1.6166666666666613e-08,,383,,0,,50 ohms time 0.01
,SiC,1.0,Electron 110V,3.0,,0.0,40.0,/Users/rkfuentes/Documents/md_anderson_analysis/yepes_code/data/2025-11-20/scope-results-2025-11-20-0351.csv,1.6009333333333327e-08,,397,,0,,50 ohms time 0.01
,SiC,1.0,Electron 110V,3.0,,0.0,40.0,/Users/rkfuentes/Documents/md_anderson_analysis/yepes_code/data/2025-11-20/scope-results-2025-11-20-0352.csv,1.5737333333333343e-08,,380,,0,,50 ohms time 0.01
,SiC,1.0,Electron 110V,3.0,,0.0,40.0,/Users/rkfuentes/Documents/md_anderson_analysis/yepes_code/data/2025-11-20/scope-results-2025-11-20-0353.csv,1.6186666666666675e-08,,370,,0,,50 ohms time 0.01
,SiC,1.0,Electron 191V,3.0,,0.0,40.0,/Users/rkfuentes/Documents/md_anderson_analysis/yepes_code/data/2025-11-20/scope-results-2025-11-20-0392.csv,6.435466666666668e-08,,400,,0,,50 ohms time 0.01
,SiC,1.0,Electron 191V,3.0,,0.0,40.0,/Users/rkfuentes/Documents/md_anderson_analysis/yepes_code/data/2025-11-20/scope-results-2025-11-20-0393.csv,6.412666666666666e-08,,400,,0,,50 ohms time 0.01
,SiC,1.0,Electron 191V,3.0,,0.0,40.0,/Users/rkfuentes/Documents/md_anderson_analysis/yepes_code/data/2025-11-20/scope-results-2025-11-20-0394.csv,7.038133333333333e-08,,392,,0,,50 ohms time 0.01
,SiC,1.0,Electron 191V,3.0,,0.0,40.0,/Users/rkfuentes/Documents/md_anderson_analysis/yepes_code/data/2025-11-20/scope-results-2025-11-20-0395.csv,6.341266666666664e-08,,404,,0,,50 ohms time 0.01
,SiC,1.0,Electron 191V,3.0,,0.0,40.0,/Users/rkfuentes/Documents/md_anderson_analysis/yepes_code/data/2025-11-20/scope-results-2025-11-20-0396.csv,6.30553333333334e-08,,403,,0,,50 ohms time 0.01
,SiC,1.0,Electron 191V,3.0,,0.0,40.0,/Users/rkfuentes/Documents/md_anderson_analysis/yepes_code/data/2025-11-20/scope-results-2025-11-20-0397.csv,7.001733333333338e-08,,392,,0,,50 ohms time 0.01
,SiC,1.0,Electron 191V,3.0,,0.0,40.0,/Users/rkfuentes/Documents/md_anderson_analysis/yepes_code/data/2025-11-20/scope-results-2025-11-20-0398.csv,6.284533333333336e-08,,398,,0,,50 ohms time 0.01
,SiC,1.0,Electron 191V,3.0,,0.0,40.0,/Users/rkfuentes/Documents/md_anderson_analysis/yepes_code/data/2025-11-20/scope-results-2025-11-20-0399.csv,6.239066666666669e-08,,411,,0,,50 ohms time 0.01
,SiC,1.0,Electron 191V,3.0,,0.0,40.0,/Users/rkfuentes/Documents/md_anderson_analysis/yepes_code/data/2025-11-20/scope-results-2025-11-20-0400.csv,6.330633333333334e-08,,399,,0,,50 ohms time 0.01
,SiC,1.0,Electron 191V,3.0,,0.0,40.0,/Users/rkfuentes/Documents/md_anderson_analysis/yepes_code/data/2025-11-20/scope-results-2025-11-20-0401.csv,6.220099999999999e-08,,385,,0,,50 ohms time 0.01
,SiC,1.0,Electron 191V,3.0,,0.0,40.0,/Users/rkfuentes/Documents/md_anderson_analysis/yepes_code/data/2025-11-20/scope-results-2025-11-20-0402.csv,5.5761333333333335e-08,,404,,0,,50 ohms time 0.01
,SiC,1.0,Electron 85V,3.0,,0.0,40.0,/Users/rkfuentes/Documents/md_anderson_analysis/yepes_code/data/2025-11-20/scope-results-2025-11-20-0808.csv,1.0501333333333107e-09,,33,,0,,50 ohms time 0.01
,SiC,1.0,Electron 85V,3.0,,0.0,40.0,/Users/rkfuentes/Documents/md_anderson_analysis/yepes_code/data/2025-11-20/scope-results-2025-11-20-0809.csv,9.487266666666684e-09,,34,,0,,50 ohms time 0.01
,SiC,1.0,Electron 85V,3.0,,0.0,40.0,/Users/rkfuentes/Documents/md_anderson_analysis/yepes_code/data/2025-11-20/scope-results-2025-11-20-0810.csv,2.0746666666667837e-10,,30,,0,,50 ohms time 0.01
,SiC,1.0,Electron 85V,3.0,,0.0,40.0,/Users/rkfuentes/Documents/md_anderson_analysis/yepes_code/data/2025-11-20/scope-results-2025-11-20-0811.csv,2.3599999999953188e-11,,33,,0,,50 ohms time 0.01
,SiC,1.0,Electron 85V,3.0,,0.0,40.0,/Users/rkfuentes/Documents/md_anderson_analysis/yepes_code/data/2025-11-20/scope-results-2025-11-20-0812.csv,9.185866666666674e-09,,36,,0,,50 ohms time 0.01
,SiC,1.0,Electron 85V,3.0,,0.0,40.0,/Users/rkfuentes/Documents/md_anderson_analysis/yepes_code/data/2025-11-20/scope-results-2025-11-20-0813.csv,1.4783999999999812e-09,,29,,0,,50 ohms time 0.01
,SiC,1.0,Electron 85V,3.0,,0.0,40.0,/Users/rkfuentes/Documents/md_anderson_analysis/yepes_code/data/2025-11-20/scope-results-2025-11-20-0814.csv,2.817146666666665e-08,,106,,0,,50 ohms time 0.01
,SiC,1.0,Electron 85V,3.0,,0.0,40.0,/Users/rkfuentes/Documents/md_anderson_analysis/yepes_code/data/2025-11-20/scope-results-2025-11-20-0815.csv,5.14073333333336e-09,,39,,0,,50 ohms time 0.01
,SiC,1.0,Electron 85V,3.0,,0.0,40.0,/Users/rkfuentes/Documents/md_anderson_analysis/yepes_code/data/2025-11-20/scope-results-2025-11-20-0816.csv,1.200666666666592e-10,,85,,0,,50 ohms time 0.01
,SiC,1.0,Electron 85V,3.0,,0.0,40.0,/Users/rkfuentes/Documents/md_anderson_analysis/yepes_code/data/2025-11-20/scope-results-2025-11-20-0817.csv,1.9446666666664112e-10,,34,,0,,50 ohms time 0.01
,SiC,1.0,Electron 85V,3.0,,0.0,40.0,/Users/rkfuentes/Documents/md_anderson_analysis/yepes_code/data/2025-11-20/scope-results-2025-11-20-0818.csv,2.5946666666666736e-10,,62,,0,,50 ohms time 0.01
,SiC,1.0,Electron 85V,3.0,,0.0,40.0,/Users/rkfuentes/Documents/md_anderson_analysis/yepes_code/data/2025-11-20/scope-results-2025-11-20-0819.csv,2.836266666666662e-09,,39,,0,,50 ohms time 0.01
,SiC,1.0,Electron 85V,3.0,,0.0,40.0,/Users/rkfuentes/Documents/md_anderson_analysis/yepes_code/data/2025-11-20/scope-results-2025-11-20-0820.csv,5.191999999999971e-10,,33,,0,,50 ohms time 0.01
,SiC,1.0,Electron 85V,3.0,,0.0,40.0,/Users/rkfuentes/Documents/md_anderson_analysis/yepes_code/data/2025-11-20/scope-results-2025-11-20-0821.csv,5.044666666666515e-10,,32,,0,,50 ohms time 0.01
,SiC,1.0,Electron 110V,3.0,,0.0,40.0,/Users/rkfuentes/Documents/md_anderson_analysis/yepes_code/data/2025-11-20/scope-results-2025-11-20-0822.csv,4.736866666666658e-09,,407,,0,,50 ohms time 0.01
,SiC,1.0,Electron 110V,3.0,,0.0,40.0,/Users/rkfuentes/Documents/md_anderson_analysis/yepes_code/data/2025-11-20/scope-results-2025-11-20-0823.csv,3.2431999999999803e-09,,155,,0,,50 ohms time 0.01
,SiC,1.0,Electron 110V,3.0,,0.0,40.0,/Users/rkfuentes/Documents/md_anderson_analysis/yepes_code/data/2025-11-20/scope-results-2025-11-20-0824.csv,8.833333333332844e-11,,24,,0,,50 ohms time 0.01
,SiC,1.0,Electron 110V,3.0,,0.0,40.0,/Users/rkfuentes/Documents/md_anderson_analysis/yepes_code/data/2025-11-20/scope-results-2025-11-20-0825.csv,8.499999999999486e-11,,28,,0,,50 ohms time 0.01
,SiC,1.0,Electron 110V,3.0,,0.0,40.0,/Users/rkfuentes/Documents/md_anderson_analysis/yepes_code/data/2025-11-20/scope-results-2025-11-20-0826.csv,2.8957999999999932e-09,,117,,0,,50 ohms time 0.01
,SiC,1.0,Electron 110V,3.0,,0.0,40.0,/Users/rkfuentes/Documents/md_anderson_analysis/yepes_code/data/2025-11-20/scope-results-2025-11-20-0827.csv,3.4399999999999556e-10,,41,,0,,50 ohms time 0.01
,SiC,1.0,Electron 110V,3.0,,0.0,40.0,/Users/rkfuentes/Documents/md_anderson_analysis/yepes_code/data/2025-11-20/scope-results-2025-11-20-0828.csv,3.2753333333333387e-10,,23,,0,,50 ohms time 0.01
,SiC,1.0,Electron 110V,3.0,,0.0,40.0,/Users/rkfuentes/Documents/md_anderson_analysis/yepes_code/data/2025-11-20/scope-results-2025-11-20-0829.csv,2.7266666666666635e-09,,233,,0,,50 ohms time 0.01
,SiC,1.0,Electron 110V,3.0,,0.0,40.0,/Users/rkfuentes/Documents/md_anderson_analysis/yepes_code/data/2025-11-20/scope-results-2025-11-20-0830.csv,6.031733333333361e-09,,644,,0,,50 ohms time 0.01
,SiC,1.0,Electron 110V,3.0,,0.0,40.0,/Users/rkfuentes/Documents/md_anderson_analysis/yepes_code/data/2025-11-20/scope-results-2025-11-20-0831.csv,5.221866666666638e-09,,643,,0,,50 ohms time 0.01
,SiC,1.0,Electron 110V,3.0,,0.0,40.0,/Users/rkfuentes/Documents/md_anderson_analysis/yepes_code/data/2025-11-20/scope-results-2025-11-20-0832.csv,5.962666666666693e-10,,29,,0,,50 ohms time 0.01
,SiC,1.0,Electron 110V,3.0,,0.0,40.0,/Users/rkfuentes/Documents/md_anderson_analysis/yepes_code/data/2025-11-20/scope-results-2025-11-20-0833.csv,2.430933333333341e-09,,86,,0,,50 ohms time 0.01
,SiC,1.0,Electron 191V,3.0,,0.0,40.0,/Users/rkfuentes/Documents/md_anderson_analysis/yepes_code/data/2025-11-20/scope-results-2025-11-20-0834.csv,1.4520533333333335e-08,,177,,0,,50 ohms time 0.01
,SiC,1.0,Electron 191V,3.0,,0.0,40.0,/Users/rkfuentes/Documents/md_anderson_analysis/yepes_code/data/2025-11-20/scope-results-2025-11-20-0835.csv,1.1879066666666687e-08,,176,,0,,50 ohms time 0.01
,SiC,1.0,Electron 191V,3.0,,0.0,40.0,/Users/rkfuentes/Documents/md_anderson_analysis/yepes_code/data/2025-11-20/scope-results-2025-11-20-0836.csv,1.4389599999999982e-08,,178,,0,,50 ohms time 0.01
,SiC,1.0,Electron 191V,3.0,,0.0,40.0,/Users/rkfuentes/Documents/md_anderson_analysis/yepes_code/data/2025-11-20/scope-results-2025-11-20-0837.csv,1.58262e-08,,166,,0,,50 ohms time 0.01
,SiC,1.0,Electron 191V,3.0,,0.0,40.0,/Users/rkfuentes/Documents/md_anderson_analysis/yepes_code/data/2025-11-20/scope-results-2025-11-20-0838.csv,1.4228199999999986e-08,,184,,0,,50 ohms time 0.01
,SiC,1.0,Electron 191V,3.0,,0.0,40.0,/Users/rkfuentes/Documents/md_anderson_analysis/yepes_code/data/2025-11-20/scope-results-2025-11-20-0839.csv,1.2800800000000006e-08,,183,,0,,50 ohms time 0.01
,SiC,1.0,Electron 191V,3.0,,0.0,40.0,/Users/rkfuentes/Documents/md_anderson_analysis/yepes_code/data/2025-11-20/scope-results-2025-11-20-0840.csv,1.3490866666666685e-08,,183,,0,,50 ohms time 0.01
,SiC,1.0,Electron 191V,3.0,,0.0,40.0,/Users/rkfuentes/Documents/md_anderson_analysis/yepes_code/data/2025-11-20/scope-results-2025-11-20-0841.csv,1.2335199999999997e-08,,173,,0,,50 ohms time 0.01
,SiC,1.0,Electron 191V,3.0,,0.0,40.0,/Users/rkfuentes/Documents/md_anderson_analysis/yepes_code/data/2025-11-20/scope-results-2025-11-20-0842.csv,1.4174999999999996e-08,,177,,0,,50 ohms time 0.01
,SiC,1.0,Electron 191V,3.0,,0.0,40.0,/Users/rkfuentes/Documents/md_anderson_analysis/yepes_code/data/2025-11-20/scope-results-2025-11-20-0843.csv,1.4549333333333331e-08,,173,,0,,50 ohms time 0.01
,SiC,1.0,Electron 191V,3.0,,0.0,40.0,/Users/rkfuentes/Documents/md_anderson_analysis/yepes_code/data/2025-11-20/scope-results-2025-11-20-0844.csv,1.2975733333333312e-08,,163,,0,,50 ohms time 0.01
,SiC,1.0,Electron 191V,3.0,,0.0,40.0,/Users/rkfuentes/Documents/md_anderson_analysis/yepes_code/data/2025-11-20/scope-results-2025-11-20-0845.csv,1.4046666666666664e-10,,44,,0,,50 ohms time 0.01
,SiC,1.0,Electron 191V,3.0,,0.0,40.0,/Users/rkfuentes/Documents/md_anderson_analysis/yepes_code/data/2025-11-20/scope-results-2025-11-20-0846.csv,2.526666666666535e-11,,41,,0,,50 ohms time 0.01
,SiC,1.0,Electron 191V,3.0,,0.0,40.0,/Users/rkfuentes/Documents/md_anderson_analysis/yepes_code/data/2025-11-20/scope-results-2025-11-20-0847.csv,1.4000000000000034e-10,,45,,0,,50 ohms time 0.01
,SiC,1.0,Electron 85V,3.0,,0.0,40.0,/Users/rkfuentes/Documents/md_anderson_analysis/yepes_code/data/2025-11-20/scope-results-2025-11-20-0916.csv,6.906000000000105e-10,,28,,0,,50 ohms time 0.01
,SiC,1.0,Electron 85V,3.0,,0.0,40.0,/Users/rkfuentes/Documents/md_anderson_analysis/yepes_code/data/2025-11-20/scope-results-2025-11-20-0917.csv,7.0155999999999955e-09,,46,,0,,50 ohms time 0.01
,SiC,1.0,Electron 85V,3.0,,0.0,40.0,/Users/rkfuentes/Documents/md_anderson_analysis/yepes_code/data/2025-11-20/scope-results-2025-11-20-0918.csv,3.2380000000000456e-10,,38,,0,,50 ohms time 0.01
,SiC,1.0,Electron 85V,3.0,,0.0,40.0,/Users/rkfuentes/Documents/md_anderson_analysis/yepes_code/data/2025-11-20/scope-results-2025-11-20-0919.csv,1.7800000000002482e-10,,37,,0,,50 ohms time 0.01
,SiC,1.0,Electron 85V,3.0,,0.0,40.0,/Users/rkfuentes/Documents/md_anderson_analysis/yepes_code/data/2025-11-20/scope-results-2025-11-20-0920.csv,9.920000000000868e-11,,31,,0,,50 ohms time 0.01
,SiC,1.0,Electron 85V,3.0,,0.0,40.0,/Users/rkfuentes/Documents/md_anderson_analysis/yepes_code/data/2025-11-20/scope-results-2025-11-20-0921.csv,4.1333333333331866e-11,,44,,0,,50 ohms time 0.01
,SiC,1.0,Electron 85V,3.0,,0.0,40.0,/Users/rkfuentes/Documents/md_anderson_analysis/yepes_code/data/2025-11-20/scope-results-2025-11-20-0922.csv,1.2359999999999255e-10,,31,,0,,50 ohms time 0.01
,SiC,1.0,Electron 85V,3.0,,0.0,40.0,/Users/rkfuentes/Documents/md_anderson_analysis/yepes_code/data/2025-11-20/scope-results-2025-11-20-0923.csv,9.860000000000627e-11,,32,,0,,50 ohms time 0.01
,SiC,1.0,Electron 85V,3.0,,0.0,40.0,/Users/rkfuentes/Documents/md_anderson_analysis/yepes_code/data/2025-11-20/scope-results-2025-11-20-0924.csv,5.206000000000088e-10,,33,,0,,50 ohms time 0.01
,SiC,1.0,Electron 85V,3.0,,0.0,40.0,/Users/rkfuentes/Documents/md_anderson_analysis/yepes_code/data/2025-11-20/scope-results-2025-11-20-0925.csv,1.8599999999972153e-11,,32,,0,,50 ohms time 0.01
,SiC,1.0,Electron 85V,3.0,,0.0,40.0,/Users/rkfuentes/Documents/md_anderson_analysis/yepes_code/data/2025-11-20/scope-results-2025-11-20-0926.csv,4.786666666668846e-11,,34,,0,,50 ohms time 0.01
,SiC,1.0,Electron 85V,3.0,,0.0,40.0,/Users/rkfuentes/Documents/md_anderson_analysis/yepes_code/data/2025-11-20/scope-results-2025-11-20-0927.csv,6.266666666665766e-11,,32,,0,,50 ohms time 0.01
,SiC,1.0,Electron 85V,3.0,,0.0,40.0,/Users/rkfuentes/Documents/md_anderson_analysis/yepes_code/data/2025-11-20/scope-results-2025-11-20-0928.csv,1.396266666666672e-09,,43,,0,,50 ohms time 0.01
,SiC,1.0,Electron 110V,3.0,,0.0,40.0,/Users/rkfuentes/Documents/md_anderson_analysis/yepes_code/data/2025-11-20/scope-results-2025-11-20-0969.csv,2.1271999999999883e-09,,371,,0,,50 ohms time 0.01
,SiC,1.0,Electron 110V,3.0,,0.0,40.0,/Users/rkfuentes/Documents/md_anderson_analysis/yepes_code/data/2025-11-20/scope-results-2025-11-20-0970.csv,6.984800000000006e-09,,383,,0,,50 ohms time 0.01
,SiC,1.0,Electron 110V,3.0,,0.0,40.0,/Users/rkfuentes/Documents/md_anderson_analysis/yepes_code/data/2025-11-20/scope-results-2025-11-20-0971.csv,2.6989133333333316e-08,,622,,0,,50 ohms time 0.01
,SiC,1.0,Electron 110V,3.0,,0.0,40.0,/Users/rkfuentes/Documents/md_anderson_analysis/yepes_code/data/2025-11-20/scope-results-2025-11-20-0972.csv,4.962399999999998e-09,,380,,0,,50 ohms time 0.01
,SiC,1.0,Electron 110V,3.0,,0.0,40.0,/Users/rkfuentes/Documents/md_anderson_analysis/yepes_code/data/2025-11-20/scope-results-2025-11-20-0973.csv,1.3727999999999866e-09,,47,,0,,50 ohms time 0.01
,SiC,1.0,Electron 110V,3.0,,0.0,40.0,/Users/rkfuentes/Documents/md_anderson_analysis/yepes_code/data/2025-11-20/scope-results-2025-11-20-0974.csv,4.666666666746249e-13,,49,,0,,50 ohms time 0.01
,SiC,1.0,Electron 110V,3.0,,0.0,40.0,/Users/rkfuentes/Documents/md_anderson_analysis/yepes_code/data/2025-11-20/scope-results-2025-11-20-0975.csv,6.144266666666674e-09,,371,,0,,50 ohms time 0.01
,SiC,1.0,Electron 110V,3.0,,0.0,40.0,/Users/rkfuentes/Documents/md_anderson_analysis/yepes_code/data/2025-11-20/scope-results-2025-11-20-0976.csv,5.826666666666652e-11,,41,,0,,50 ohms time 0.01
,SiC,1.0,Electron 110V,3.0,,0.0,40.0,/Users/rkfuentes/Documents/md_anderson_analysis/yepes_code/data/2025-11-20/scope-results-2025-11-20-0977.csv,4.904689010697484e-11,,28,,0,,50 ohms time 0.01
,SiC,1.0,Electron 110V,3.0,,0.0,40.0,/Users/rkfuentes/Documents/md_anderson_analysis/yepes_code/data/2025-11-20/scope-results-2025-11-20-0978.csv,3.508266666666687e-09,,394,,0,,50 ohms time 0.01
,SiC,1.0,Electron 110V,3.0,,0.0,40.0,/Users/rkfuentes/Documents/md_anderson_analysis/yepes_code/data/2025-11-20/scope-results-2025-11-20-0979.csv,6.55199999999998e-10,,342,,0,,50 ohms time 0.01
,SiC,1.0,Electron 110V,3.0,,0.0,40.0,/Users/rkfuentes/Documents/md_anderson_analysis/yepes_code/data/2025-11-20/scope-results-2025-11-20-0980.csv,5.9173333333333245e-09,,394,,0,,50 ohms time 0.01
,SiC,1.0,Electron 110V,3.0,,0.0,40.0,/Users/rkfuentes/Documents/md_anderson_analysis/yepes_code/data/2025-11-20/scope-results-2025-11-20-0981.csv,3.687533333333324e-09,,381,,0,,50 ohms time 0.01
,SiC,1.0,Electron 191V,3.0,,0.0,40.0,/Users/rkfuentes/Documents/md_anderson_analysis/yepes_code/data/2025-11-20/scope-results-2025-11-20-1037.csv,1.2908466666666666e-08,,279,,0,,50 ohms time 0.01
,SiC,1.0,Electron 191V,3.0,,0.0,40.0,/Users/rkfuentes/Documents/md_anderson_analysis/yepes_code/data/2025-11-20/scope-results-2025-11-20-1038.csv,1.2148933333333348e-08,,309,,0,,50 ohms time 0.01
,SiC,1.0,Electron 191V,3.0,,0.0,40.0,/Users/rkfuentes/Documents/md_anderson_analysis/yepes_code/data/2025-11-20/scope-results-2025-11-20-1039.csv,8.335733333333349e-09,,250,,0,,50 ohms time 0.01
,SiC,1.0,Electron 191V,3.0,,0.0,40.0,/Users/rkfuentes/Documents/md_anderson_analysis/yepes_code/data/2025-11-20/scope-results-2025-11-20-1040.csv,8.838666666666656e-09,,280,,0,,50 ohms time 0.01
,SiC,1.0,Electron 191V,3.0,,0.0,40.0,/Users/rkfuentes/Documents/md_anderson_analysis/yepes_code/data/2025-11-20/scope-results-2025-11-20-1041.csv,9.951600000000004e-09,,296,,0,,50 ohms time 0.01
,SiC,1.0,Electron 191V,3.0,,0.0,40.0,/Users/rkfuentes/Documents/md_anderson_analysis/yepes_code/data/2025-11-20/scope-results-2025-11-20-1042.csv,8.778933333333348e-09,,321,,0,,50 ohms time 0.01
,SiC,1.0,Electron 191V,3.0,,0.0,40.0,/Users/rkfuentes/Documents/md_anderson_analysis/yepes_code/data/2025-11-20/scope-results-2025-11-20-1043.csv,8.541066666666658e-09,,291,,0,,50 ohms time 0.01
,SiC,1.0,Electron 191V,3.0,,0.0,40.0,/Users/rkfuentes/Documents/md_anderson_analysis/yepes_code/data/2025-11-20/scope-results-2025-11-20-1044.csv,6.900800000000007e-09,,313,,0,,50 ohms time 0.01
,SiC,1.0,Electron 191V,3.0,,0.0,40.0,/Users/rkfuentes/Documents/md_anderson_analysis/yepes_code/data/2025-11-20/scope-results-2025-11-20-1045.csv,1.510026666666665e-08,,279,,0,,50 ohms time 0.01
,SiC,1.0,Electron 191V,3.0,,0.0,40.0,/Users/rkfuentes/Documents/md_anderson_analysis/yepes_code/data/2025-11-20/scope-results-2025-11-20-1046.csv,1.656380000000001e-08,,266,,0,,50 ohms time 0.01
,SiC,1.0,Electron 191V,3.0,,0.0,40.0,/Users/rkfuentes/Documents/md_anderson_analysis/yepes_code/data/2025-11-20/scope-results-2025-11-20-1047.csv,1.339333333333302e-10,,69,,0,,50 ohms time 0.01
,SiC,1.0,Electron 85V,3.0,,0.0,40.0,/Users/rkfuentes/Documents/md_anderson_analysis/yepes_code/data/2025-11-20/scope-results-2025-11-20-1089.csv,1.5733333333328185e-11,,33,,0,,50 ohms time 0.01
,SiC,1.0,Electron 85V,3.0,,0.0,40.0,/Users/rkfuentes/Documents/md_anderson_analysis/yepes_code/data/2025-11-20/scope-results-2025-11-20-1090.csv,2.8993333333337346e-10,,28,,0,,50 ohms time 0.01
,SiC,1.0,Electron 85V,3.0,,0.0,40.0,/Users/rkfuentes/Documents/md_anderson_analysis/yepes_code/data/2025-11-20/scope-results-2025-11-20-1091.csv,9.72666666666796e-11,,31,,0,,50 ohms time 0.01
,SiC,1.0,Electron 85V,3.0,,0.0,40.0,/Users/rkfuentes/Documents/md_anderson_analysis/yepes_code/data/2025-11-20/scope-results-2025-11-20-1092.csv,8.236121490235334e-11,,31,,0,,50 ohms time 0.01
,SiC,1.0,Electron 85V,3.0,,0.0,40.0,/Users/rkfuentes/Documents/md_anderson_analysis/yepes_code/data/2025-11-20/scope-results-2025-11-20-1093.csv,3.132666666666481e-10,,29,,0,,50 ohms time 0.01
,SiC,1.0,Electron 85V,3.0,,0.0,40.0,/Users/rkfuentes/Documents/md_anderson_analysis/yepes_code/data/2025-11-20/scope-results-2025-11-20-1094.csv,2.5399999999999975e-11,,51,,0,,50 ohms time 0.01
,SiC,1.0,Electron 85V,3.0,,0.0,40.0,/Users/rkfuentes/Documents/md_anderson_analysis/yepes_code/data/2025-11-20/scope-results-2025-11-20-1095.csv,3.3153333333335567e-10,,38,,0,,50 ohms time 0.01
,SiC,1.0,Electron 85V,3.0,,0.0,40.0,/Users/rkfuentes/Documents/md_anderson_analysis/yepes_code/data/2025-11-20/scope-results-2025-11-20-1096.csv,1.7599999999999857e-11,,37,,0,,50 ohms time 0.01
,SiC,1.0,Electron 85V,3.0,,0.0,40.0,/Users/rkfuentes/Documents/md_anderson_analysis/yepes_code/data/2025-11-20/scope-results-2025-11-20-1097.csv,2.975333333333147e-10,,31,,0,,50 ohms time 0.01
,SiC,1.0,Electron 85V,3.0,,0.0,40.0,/Users/rkfuentes/Documents/md_anderson_analysis/yepes_code/data/2025-11-20/scope-results-2025-11-20-1098.csv,2.031839999999997e-08,,35,,0,,50 ohms time 0.01
,SiC,1.0,Electron 85V,3.0,,0.0,40.0,/Users/rkfuentes/Documents/md_anderson_analysis/yepes_code/data/2025-11-20/scope-results-2025-11-20-1099.csv,1.488666666666724e-10,,32,,0,,50 ohms time 0.01
,SiC,1.0,Electron 85V,3.0,,0.0,40.0,/Users/rkfuentes/Documents/md_anderson_analysis/yepes_code/data/2025-11-20/scope-results-2025-11-20-1100.csv,4.705333333333346e-10,,33,,0,,50 ohms time 0.01
,SiC,1.0,Electron 110V,3.0,,0.0,40.0,/Users/rkfuentes/Documents/md_anderson_analysis/yepes_code/data/2025-11-20/scope-results-2025-11-20-1147.csv,1.7109399999999957e-08,,37,,0,,50 ohms time 0.01
,SiC,1.0,Electron 110V,3.0,,0.0,40.0,/Users/rkfuentes/Documents/md_anderson_analysis/yepes_code/data/2025-11-20/scope-results-2025-11-20-1148.csv,1.1243799999999974e-08,,630,,0,,50 ohms time 0.01
,SiC,1.0,Electron 110V,3.0,,0.0,40.0,/Users/rkfuentes/Documents/md_anderson_analysis/yepes_code/data/2025-11-20/scope-results-2025-11-20-1149.csv,6.96448e-08,,607,,0,,50 ohms time 0.01
,SiC,1.0,Electron 110V,3.0,,0.0,40.0,/Users/rkfuentes/Documents/md_anderson_analysis/yepes_code/data/2025-11-20/scope-results-2025-11-20-1150.csv,8.498666666666243e-10,,44,,0,,50 ohms time 0.01
,SiC,1.0,Electron 110V,3.0,,0.0,40.0,/Users/rkfuentes/Documents/md_anderson_analysis/yepes_code/data/2025-11-20/scope-results-2025-11-20-1151.csv,8.718133333333336e-09,,45,,0,,50 ohms time 0.01
,SiC,1.0,Electron 110V,3.0,,0.0,40.0,/Users/rkfuentes/Documents/md_anderson_analysis/yepes_code/data/2025-11-20/scope-results-2025-11-20-1152.csv,4.5439999999998687e-10,,54,,0,,50 ohms time 0.01
,SiC,1.0,Electron 110V,3.0,,0.0,40.0,/Users/rkfuentes/Documents/md_anderson_analysis/yepes_code/data/2025-11-20/scope-results-2025-11-20-1153.csv,1.0413960000000001e-07,,626,,0,,50 ohms time 0.01
,SiC,1.0,Electron 110V,3.0,,0.0,40.0,/Users/rkfuentes/Documents/md_anderson_analysis/yepes_code/data/2025-11-20/scope-results-2025-11-20-1154.csv,1.6248000000000091e-09,,53,,0,,50 ohms time 0.01
,SiC,1.0,Electron 110V,3.0,,0.0,40.0,/Users/rkfuentes/Documents/md_anderson_analysis/yepes_code/data/2025-11-20/scope-results-2025-11-20-1155.csv,9.573333333334415e-11,,64,,0,,50 ohms time 0.01
,SiC,1.0,Electron 110V,3.0,,0.0,40.0,/Users/rkfuentes/Documents/md_anderson_analysis/yepes_code/data/2025-11-20/scope-results-2025-11-20-1156.csv,1.7965066666666652e-08,,78,,0,,50 ohms time 0.01
,SiC,1.0,Electron 110V,3.0,,0.0,40.0,/Users/rkfuentes/Documents/md_anderson_analysis/yepes_code/data/2025-11-20/scope-results-2025-11-20-1157.csv,1.1727999999999863e-09,,47,,0,,50 ohms time 0.01
,SiC,1.0,Electron 191V,3.0,,0.0,40.0,/Users/rkfuentes/Documents/md_anderson_analysis/yepes_code/data/2025-11-20/scope-results-2025-11-20-1206.csv,1.673333333333014e-11,,40,,0,,50 ohms time 0.01
,SiC,1.0,Electron 191V,3.0,,0.0,40.0,/Users/rkfuentes/Documents/md_anderson_analysis/yepes_code/data/2025-11-20/scope-results-2025-11-20-1207.csv,1.7540666666666656e-09,,124,,0,,50 ohms time 0.01
,SiC,1.0,Electron 191V,3.0,,0.0,40.0,/Users/rkfuentes/Documents/md_anderson_analysis/yepes_code/data/2025-11-20/scope-results-2025-11-20-1208.csv,2.023733333333332e-09,,132,,0,,50 ohms time 0.01
,SiC,1.0,Electron 191V,3.0,,0.0,40.0,/Users/rkfuentes/Documents/md_anderson_analysis/yepes_code/data/2025-11-20/scope-results-2025-11-20-1209.csv,2.976799999999992e-09,,127,,0,,50 ohms time 0.01
,SiC,1.0,Electron 191V,3.0,,0.0,40.0,/Users/rkfuentes/Documents/md_anderson_analysis/yepes_code/data/2025-11-20/scope-results-2025-11-20-1210.csv,4.68800000000005e-10,,178,,0,,50 ohms time 0.01
,SiC,1.0,Electron 191V,3.0,,0.0,40.0,/Users/rkfuentes/Documents/md_anderson_analysis/yepes_code/data/2025-11-20/scope-results-2025-11-20-1211.csv,1.6433333333333336e-10,,137,,0,,50 ohms time 0.01
,SiC,1.0,Electron 191V,3.0,,0.0,40.0,/Users/rkfuentes/Documents/md_anderson_analysis/yepes_code/data/2025-11-20/scope-results-2025-11-20-1212.csv,2.7333333333333544e-10,,143,,0,,50 ohms time 0.01
,SiC,1.0,Electron 191V,3.0,,0.0,40.0,/Users/rkfuentes/Documents/md_anderson_analysis/yepes_code/data/2025-11-20/scope-results-2025-11-20-1221.csv,2.1299999999999702e-10,,184,,0,,50 ohms time 0.01
,SiC,1.0,Electron 191V,3.0,,0.0,40.0,/Users/rkfuentes/Documents/md_anderson_analysis/yepes_code/data/2025-11-20/scope-results-2025-11-20-1222.csv,7.66666666666679e-10,,118,,0,,50 ohms time 0.01
,SiC,1.0,Electron 191V,3.0,,0.0,40.0,/Users/rkfuentes/Documents/md_anderson_analysis/yepes_code/data/2025-11-20/scope-results-2025-11-20-1223.csv,2.536933333333347e-09,,119,,0,,50 ohms time 0.01
,SiC,1.0,Electron 191V,3.0,,0.0,40.0,/Users/rkfuentes/Documents/md_anderson_analysis/yepes_code/data/2025-11-20/scope-results-2025-11-20-1224.csv,2.7813333333333945e-10,,170,,0,,50 ohms time 0.01
,SiC,1.0,Electron 191V,3.0,,0.0,40.0,/Users/rkfuentes/Documents/md_anderson_analysis/yepes_code/data/2025-11-20/scope-results-2025-11-20-1225.csv,8.027999999999946e-10,,140,,0,,50 ohms time 0.01
,SiC,1.0,Electron 191V,3.0,,0.0,40.0,/Users/rkfuentes/Documents/md_anderson_analysis/yepes_code/data/2025-11-20/scope-results-2025-11-20-1226.csv,9.899333333333355e-10,,193,,0,,50 ohms time 0.01
,SiC,1.0,Electron 85V,3.0,,0.0,40.0,/Users/rkfuentes/Documents/md_anderson_analysis/yepes_code/data/2025-11-20/scope-results-2025-11-20-1263.csv,9.75333333333525e-11,,26,,0,,50 ohms time 0.01
,SiC,1.0,Electron 85V,3.0,,0.0,40.0,/Users/rkfuentes/Documents/md_anderson_analysis/yepes_code/data/2025-11-20/scope-results-2025-11-20-1264.csv,7.599999999999775e-11,,48,,0,,50 ohms time 0.01
,SiC,1.0,Electron 85V,3.0,,0.0,40.0,/Users/rkfuentes/Documents/md_anderson_analysis/yepes_code/data/2025-11-20/scope-results-2025-11-20-1265.csv,1.6602666666666439e-09,,33,,0,,50 ohms time 0.01
,SiC,1.0,Electron 85V,3.0,,0.0,40.0,/Users/rkfuentes/Documents/md_anderson_analysis/yepes_code/data/2025-11-20/scope-results-2025-11-20-1266.csv,1.3526666666665868e-10,,31,,0,,50 ohms time 0.01
,SiC,1.0,Electron 85V,3.0,,0.0,40.0,/Users/rkfuentes/Documents/md_anderson_analysis/yepes_code/data/2025-11-20/scope-results-2025-11-20-1267.csv,2.9700000000003346e-10,,28,,0,,50 ohms time 0.01
,SiC,1.0,Electron 85V,3.0,,0.0,40.0,/Users/rkfuentes/Documents/md_anderson_analysis/yepes_code/data/2025-11-20/scope-results-2025-11-20-1268.csv,3.616666666666873e-10,,60,,0,,50 ohms time 0.01
,SiC,1.0,Electron 85V,3.0,,0.0,40.0,/Users/rkfuentes/Documents/md_anderson_analysis/yepes_code/data/2025-11-20/scope-results-2025-11-20-1269.csv,2.9006666666668026e-10,,39,,0,,50 ohms time 0.01
,SiC,1.0,Electron 85V,3.0,,0.0,40.0,/Users/rkfuentes/Documents/md_anderson_analysis/yepes_code/data/2025-11-20/scope-results-2025-11-20-1270.csv,8.513333333331713e-11,,32,,0,,50 ohms time 0.01
,SiC,1.0,Electron 85V,3.0,,0.0,40.0,/Users/rkfuentes/Documents/md_anderson_analysis/yepes_code/data/2025-11-20/scope-results-2025-11-20-1271.csv,4.2906666666665916e-10,,59,,0,,50 ohms time 0.01
,SiC,1.0,Electron 85V,3.0,,0.0,40.0,/Users/rkfuentes/Documents/md_anderson_analysis/yepes_code/data/2025-11-20/scope-results-2025-11-20-1272.csv,2.824266666666659e-09,,52,,0,,50 ohms time 0.01
,SiC,1.0,Electron 85V,3.0,,0.0,40.0,/Users/rkfuentes/Documents/md_anderson_analysis/yepes_code/data/2025-11-20/scope-results-2025-11-20-1273.csv,1.7593333333335444e-10,,33,,0,,50 ohms time 0.01
,SiC,1.0,Electron 85V,3.0,,0.0,40.0,/Users/rkfuentes/Documents/md_anderson_analysis/yepes_code/data/2025-11-20/scope-results-2025-11-20-1274.csv,8.439999999997674e-11,,34,,0,,50 ohms time 0.01
,SiC,1.0,Electron 110V,3.0,,0.0,40.0,/Users/rkfuentes/Documents/md_anderson_analysis/yepes_code/data/2025-11-20/scope-results-2025-11-20-1313.csv,3.061066666666671e-09,,61,,0,,50 ohms time 0.01
,SiC,1.0,Electron 110V,3.0,,0.0,40.0,/Users/rkfuentes/Documents/md_anderson_analysis/yepes_code/data/2025-11-20/scope-results-2025-11-20-1314.csv,3.6858666666666702e-09,,43,,0,,50 ohms time 0.01
,SiC,1.0,Electron 110V,3.0,,0.0,40.0,/Users/rkfuentes/Documents/md_anderson_analysis/yepes_code/data/2025-11-20/scope-results-2025-11-20-1315.csv,6.658466666666666e-09,,43,,0,,50 ohms time 0.01
,SiC,1.0,Electron 110V,3.0,,0.0,40.0,/Users/rkfuentes/Documents/md_anderson_analysis/yepes_code/data/2025-11-20/scope-results-2025-11-20-1316.csv,6.373866666666643e-09,,40,,0,,50 ohms time 0.01
,SiC,1.0,Electron 110V,3.0,,0.0,40.0,/Users/rkfuentes/Documents/md_anderson_analysis/yepes_code/data/2025-11-20/scope-results-2025-11-20-1317.csv,3.1509066666666654e-08,,92,,0,,50 ohms time 0.01
,SiC,1.0,Electron 110V,3.0,,0.0,40.0,/Users/rkfuentes/Documents/md_anderson_analysis/yepes_code/data/2025-11-20/scope-results-2025-11-20-1318.csv,7.623333333333273e-10,,42,,0,,50 ohms time 0.01
,SiC,1.0,Electron 110V,3.0,,0.0,40.0,/Users/rkfuentes/Documents/md_anderson_analysis/yepes_code/data/2025-11-20/scope-results-2025-11-20-1319.csv,8.309266666666683e-09,,42,,0,,50 ohms time 0.01
,SiC,1.0,Electron 110V,3.0,,0.0,40.0,/Users/rkfuentes/Documents/md_anderson_analysis/yepes_code/data/2025-11-20/scope-results-2025-11-20-1320.csv,6.090053333333331e-08,,665,,0,,50 ohms time 0.01
,SiC,1.0,Electron 110V,3.0,,0.0,40.0,/Users/rkfuentes/Documents/md_anderson_analysis/yepes_code/data/2025-11-20/scope-results-2025-11-20-1321.csv,5.40533333333331e-10,,50,,0,,50 ohms time 0.01
,SiC,1.0,Electron 110V,3.0,,0.0,40.0,/Users/rkfuentes/Documents/md_anderson_analysis/yepes_code/data/2025-11-20/scope-results-2025-11-20-1327.csv,4.3458666666666895e-09,,426,,0,,50 ohms time 0.01
,SiC,1.0,Electron 110V,3.0,,0.0,40.0,/Users/rkfuentes/Documents/md_anderson_analysis/yepes_code/data/2025-11-20/scope-results-2025-11-20-1328.csv,6.497533333333329e-09,,48,,0,,50 ohms time 0.01
,SiC,1.0,Electron 110V,3.0,,0.0,40.0,/Users/rkfuentes/Documents/md_anderson_analysis/yepes_code/data/2025-11-20/scope-results-2025-11-20-1329.csv,1.0770800000000022e-08,,40,,0,,50 ohms time 0.01
,SiC,1.0,Electron 191V,3.0,,0.0,40.0,/Users/rkfuentes/Documents/md_anderson_analysis/yepes_code/data/2025-11-20/scope-results-2025-11-20-1379.csv,1.1093333333332324e-10,,105,,0,,50 ohms time 0.01
,SiC,1.0,Electron 191V,3.0,,0.0,40.0,/Users/rkfuentes/Documents/md_anderson_analysis/yepes_code/data/2025-11-20/scope-results-2025-11-20-1380.csv,1.0849333333333431e-09,,172,,0,,50 ohms time 0.01
,SiC,1.0,Electron 191V,3.0,,0.0,40.0,/Users/rkfuentes/Documents/md_anderson_analysis/yepes_code/data/2025-11-20/scope-results-2025-11-20-1381.csv,6.724666666666711e-10,,183,,0,,50 ohms time 0.01
,SiC,1.0,Electron 191V,3.0,,0.0,40.0,/Users/rkfuentes/Documents/md_anderson_analysis/yepes_code/data/2025-11-20/scope-results-2025-11-20-1382.csv,1.7413333333333236e-09,,139,,0,,50 ohms time 0.01
,SiC,1.0,Electron 191V,3.0,,0.0,40.0,/Users/rkfuentes/Documents/md_anderson_analysis/yepes_code/data/2025-11-20/scope-results-2025-11-20-1383.csv,1.776133333333322e-09,,145,,0,,50 ohms time 0.01
,SiC,1.0,Electron 191V,3.0,,0.0,40.0,/Users/rkfuentes/Documents/md_anderson_analysis/yepes_code/data/2025-11-20/scope-results-2025-11-20-1384.csv,5.413333333333326e-10,,129,,0,,50 ohms time 0.01
,SiC,1.0,Electron 191V,3.0,,0.0,40.0,/Users/rkfuentes/Documents/md_anderson_analysis/yepes_code/data/2025-11-20/scope-results-2025-11-20-1385.csv,1.2477333333333463e-09,,156,,0,,50 ohms time 0.01
,SiC,1.0,Electron 191V,3.0,,0.0,40.0,/Users/rkfuentes/Documents/md_anderson_analysis/yepes_code/data/2025-11-20/scope-results-2025-11-20-1386.csv,5.15999999999995e-11,,24,,0,,50 ohms time 0.01
,SiC,1.0,Electron 191V,3.0,,0.0,40.0,/Users/rkfuentes/Documents/md_anderson_analysis/yepes_code/data/2025-11-20/scope-results-2025-11-20-1387.csv,9.109333333333385e-10,,103,,0,,50 ohms time 0.01
,SiC,1.0,Electron 191V,3.0,,0.0,40.0,/Users/rkfuentes/Documents/md_anderson_analysis/yepes_code/data/2025-11-20/scope-results-2025-11-20-1388.csv,3.9013333333333037e-10,,90,,0,,50 ohms time 0.01
,SiC,1.0,Electron 191V,3.0,,0.0,40.0,/Users/rkfuentes/Documents/md_anderson_analysis/yepes_code/data/2025-11-20/scope-results-2025-11-20-1389.csv,2.65533333333334e-09,,147,,0,,50 ohms time 0.01
,SiC,1.0,Electron 191V,3.0,,0.0,40.0,/Users/rkfuentes/Documents/md_anderson_analysis/yepes_code/data/2025-11-20/scope-results-2025-11-20-1390.csv,1.5839999999998634e-10,,124,,0,,50 ohms time 0.01
,SiC,1.0,Electron 191V,3.0,,0.0,40.0,/Users/rkfuentes/Documents/md_anderson_analysis/yepes_code/data/2025-11-20/scope-results-2025-11-20-1391.csv,6.205333333333295e-10,,113,,0,,50 ohms time 0.01
,SiC,1.0,Electron 85V,3.0,,0.0,40.0,/Users/rkfuentes/Documents/md_anderson_analysis/yepes_code/data/2025-11-20/scope-results-2025-11-20-1425.csv,2.474000000000018e-10,,29,,0,,50 ohms time 0.01
,SiC,1.0,Electron 85V,3.0,,0.0,40.0,/Users/rkfuentes/Documents/md_anderson_analysis/yepes_code/data/2025-11-20/scope-results-2025-11-20-1426.csv,1.8453333333335476e-10,,28,,0,,50 ohms time 0.01
,SiC,1.0,Electron 85V,3.0,,0.0,40.0,/Users/rkfuentes/Documents/md_anderson_analysis/yepes_code/data/2025-11-20/scope-results-2025-11-20-1427.csv,2.7146666666670346e-10,,37,,0,,50 ohms time 0.01
,SiC,1.0,Electron 85V,3.0,,0.0,40.0,/Users/rkfuentes/Documents/md_anderson_analysis/yepes_code/data/2025-11-20/scope-results-2025-11-20-1428.csv,2.7333333333332975e-10,,31,,0,,50 ohms time 0.01
,SiC,1.0,Electron 85V,3.0,,0.0,40.0,/Users/rkfuentes/Documents/md_anderson_analysis/yepes_code/data/2025-11-20/scope-results-2025-11-20-1429.csv,2.4813333333336705e-10,,34,,0,,50 ohms time 0.01
,SiC,1.0,Electron 85V,3.0,,0.0,40.0,/Users/rkfuentes/Documents/md_anderson_analysis/yepes_code/data/2025-11-20/scope-results-2025-11-20-1430.csv,3.2426666666666087e-10,,40,,0,,50 ohms time 0.01
,SiC,1.0,Electron 85V,3.0,,0.0,40.0,/Users/rkfuentes/Documents/md_anderson_analysis/yepes_code/data/2025-11-20/scope-results-2025-11-20-1431.csv,1.2206666666664954e-10,,32,,0,,50 ohms time 0.01
,SiC,1.0,Electron 85V,3.0,,0.0,40.0,/Users/rkfuentes/Documents/md_anderson_analysis/yepes_code/data/2025-11-20/scope-results-2025-11-20-1432.csv,1.6693333333333708e-10,,53,,0,,50 ohms time 0.01
,SiC,1.0,Electron 85V,3.0,,0.0,40.0,/Users/rkfuentes/Documents/md_anderson_analysis/yepes_code/data/2025-11-20/scope-results-2025-11-20-1433.csv,1.269333333333356e-10,,49,,0,,50 ohms time 0.01
,SiC,1.0,Electron 85V,3.0,,0.0,40.0,/Users/rkfuentes/Documents/md_anderson_analysis/yepes_code/data/2025-11-20/scope-results-2025-11-20-1434.csv,2.743333333333202e-10,,33,,0,,50 ohms time 0.01
,SiC,1.0,Electron 85V,3.0,,0.0,40.0,/Users/rkfuentes/Documents/md_anderson_analysis/yepes_code/data/2025-11-20/scope-results-2025-11-20-1435.csv,6.426666666666743e-11,,34,,0,,50 ohms time 0.01
,SiC,1.0,Electron 85V,3.0,,0.0,40.0,/Users/rkfuentes/Documents/md_anderson_analysis/yepes_code/data/2025-11-20/scope-results-2025-11-20-1436.csv,2.4939999999999135e-10,,29,,0,,50 ohms time 0.01
,SiC,1.0,Electron 110V,3.0,,0.0,40.0,/Users/rkfuentes/Documents/md_anderson_analysis/yepes_code/data/2025-11-20/scope-results-2025-11-20-1471.csv,1.2208593333333332e-07,,652,,0,,50 ohms time 0.01
,SiC,1.0,Electron 110V,3.0,,0.0,40.0,/Users/rkfuentes/Documents/md_anderson_analysis/yepes_code/data/2025-11-20/scope-results-2025-11-20-1472.csv,6.999733333333308e-09,,651,,0,,50 ohms time 0.01
,SiC,1.0,Electron 110V,3.0,,0.0,40.0,/Users/rkfuentes/Documents/md_anderson_analysis/yepes_code/data/2025-11-20/scope-results-2025-11-20-1473.csv,8.159733333333333e-09,,44,,0,,50 ohms time 0.01
,SiC,1.0,Electron 110V,3.0,,0.0,40.0,/Users/rkfuentes/Documents/md_anderson_analysis/yepes_code/data/2025-11-20/scope-results-2025-11-20-1474.csv,1.064199999999999e-09,,43,,0,,50 ohms time 0.01
,SiC,1.0,Electron 110V,3.0,,0.0,40.0,/Users/rkfuentes/Documents/md_anderson_analysis/yepes_code/data/2025-11-20/scope-results-2025-11-20-1475.csv,9.491431016639398e-11,,24,,0,,50 ohms time 0.01
,SiC,1.0,Electron 110V,3.0,,0.0,40.0,/Users/rkfuentes/Documents/md_anderson_analysis/yepes_code/data/2025-11-20/scope-results-2025-11-20-1476.csv,1.8979999999998638e-10,,29,,0,,50 ohms time 0.01
,SiC,1.0,Electron 110V,3.0,,0.0,40.0,/Users/rkfuentes/Documents/md_anderson_analysis/yepes_code/data/2025-11-20/scope-results-2025-11-20-1477.csv,2.3632666666666703e-09,,44,,0,,50 ohms time 0.01
,SiC,1.0,Electron 110V,3.0,,0.0,40.0,/Users/rkfuentes/Documents/md_anderson_analysis/yepes_code/data/2025-11-20/scope-results-2025-11-20-1478.csv,1.0759199999999997e-08,,178,,0,,50 ohms time 0.01
,SiC,1.0,Electron 110V,3.0,,0.0,40.0,/Users/rkfuentes/Documents/md_anderson_analysis/yepes_code/data/2025-11-20/scope-results-2025-11-20-1479.csv,1.6375333333333327e-09,,34,,0,,50 ohms time 0.01
,SiC,1.0,Electron 110V,3.0,,0.0,40.0,/Users/rkfuentes/Documents/md_anderson_analysis/yepes_code/data/2025-11-20/scope-results-2025-11-20-1480.csv,1.6126666666666327e-10,,34,,0,,50 ohms time 0.01
,SiC,1.0,Electron 110V,3.0,,0.0,40.0,/Users/rkfuentes/Documents/md_anderson_analysis/yepes_code/data/2025-11-20/scope-results-2025-11-20-1481.csv,6.969200000000017e-09,,44,,0,,50 ohms time 0.01
,SiC,1.0,Electron 191V,3.0,,0.0,40.0,/Users/rkfuentes/Documents/md_anderson_analysis/yepes_code/data/2025-11-20/scope-results-2025-11-20-1516.csv,2.828533333333322e-09,,216,,0,,50 ohms time 0.01
,SiC,1.0,Electron 191V,3.0,,0.0,40.0,/Users/rkfuentes/Documents/md_anderson_analysis/yepes_code/data/2025-11-20/scope-results-2025-11-20-1517.csv,2.5237333333333316e-09,,274,,0,,50 ohms time 0.01
,SiC,1.0,Electron 191V,3.0,,0.0,40.0,/Users/rkfuentes/Documents/md_anderson_analysis/yepes_code/data/2025-11-20/scope-results-2025-11-20-1518.csv,6.773333333333136e-11,,45,,0,,50 ohms time 0.01
,SiC,1.0,Electron 191V,3.0,,0.0,40.0,/Users/rkfuentes/Documents/md_anderson_analysis/yepes_code/data/2025-11-20/scope-results-2025-11-20-1519.csv,3.3334000000000063e-09,,232,,0,,50 ohms time 0.01
,SiC,1.0,Electron 191V,3.0,,0.0,40.0,/Users/rkfuentes/Documents/md_anderson_analysis/yepes_code/data/2025-11-20/scope-results-2025-11-20-1520.csv,5.528666666666661e-10,,37,,0,,50 ohms time 0.01
,SiC,1.0,Electron 191V,3.0,,0.0,40.0,/Users/rkfuentes/Documents/md_anderson_analysis/yepes_code/data/2025-11-20/scope-results-2025-11-20-1521.csv,2.3169333333333227e-09,,204,,0,,50 ohms time 0.01
,SiC,1.0,Electron 191V,3.0,,0.0,40.0,/Users/rkfuentes/Documents/md_anderson_analysis/yepes_code/data/2025-11-20/scope-results-2025-11-20-1522.csv,2.752266666666668e-09,,196,,0,,50 ohms time 0.01
,SiC,1.0,Electron 191V,3.0,,0.0,40.0,/Users/rkfuentes/Documents/md_anderson_analysis/yepes_code/data/2025-11-20/scope-results-2025-11-20-1523.csv,7.381333333333478e-10,,153,,0,,50 ohms time 0.01
,SiC,1.0,Electron 191V,3.0,,0.0,40.0,/Users/rkfuentes/Documents/md_anderson_analysis/yepes_code/data/2025-11-20/scope-results-2025-11-20-1524.csv,2.5626666666666685e-10,,25,,0,,50 ohms time 0.01
,SiC,1.0,Electron 191V,3.0,,0.0,40.0,/Users/rkfuentes/Documents/md_anderson_analysis/yepes_code/data/2025-11-20/scope-results-2025-11-20-1525.csv,4.173866666666673e-09,,290,,0,,50 ohms time 0.01
,SiC,1.0,Electron 191V,3.0,,0.0,40.0,/Users/rkfuentes/Documents/md_anderson_analysis/yepes_code/data/2025-11-20/scope-results-2025-11-20-1526.csv,8.946666666666533e-10,,181,,0,,50 ohms time 0.01
,SiC,1.0,Electron 191V,3.0,,0.0,40.0,/Users/rkfuentes/Documents/md_anderson_analysis/yepes_code/data/2025-11-20/scope-results-2025-11-20-1527.csv,3.999999999990629e-12,,214,,0,,50 ohms time 0.01
,SiC,1.0,Electron 191V,3.0,,0.0,40.0,/Users/rkfuentes/Documents/md_anderson_analysis/yepes_code/data/2025-11-20/scope-results-2025-11-20-1528.csv,1.0842671801609219e-10,,29,,0,,50 ohms time 0.01
,SiC,1.0,Electron 191V,3.0,,0.0,40.0,/Users/rkfuentes/Documents/md_anderson_analysis/yepes_code/data/2025-11-20/scope-results-2025-11-20-1529.csv,2.0646666666666584e-10,,27,,0,,50 ohms time 0.01
,SiC,1.0,Electron 191V,3.0,,0.0,40.0,/Users/rkfuentes/Documents/md_anderson_analysis/yepes_code/data/2025-11-20/scope-results-2025-11-20-1530.csv,4.857333333333326e-10,,27,,0,,50 ohms time 0.01
,SiC,1.0,Electron 191V,3.0,,0.0,40.0,/Users/rkfuentes/Documents/md_anderson_analysis/yepes_code/data/2025-11-20/scope-results-2025-11-20-1531.csv,1.079200000000008e-09,,24,,0,,50 ohms time 0.01
,SiC,1.0,Electron 110V,3.0,,0.0,40.0,/Users/rkfuentes/Documents/md_anderson_analysis/yepes_code/data/2025-11-20/scope-results-2025-11-20-1584.csv,1.4432000000000018e-08,,129,,0,,50 ohms time 0.01 no collimator
,SiC,1.0,Electron 110V,3.0,,0.0,40.0,/Users/rkfuentes/Documents/md_anderson_analysis/yepes_code/data/2025-11-20/scope-results-2025-11-20-1585.csv,1.2332999999999989e-08,,139,,0,,50 ohms time 0.01 no collimator
,SiC,1.0,Electron 110V,3.0,,0.0,40.0,/Users/rkfuentes/Documents/md_anderson_analysis/yepes_code/data/2025-11-20/scope-results-2025-11-20-1586.csv,1.4481333333333328e-08,,139,,0,,50 ohms time 0.01 no collimator
,SiC,1.0,Electron 191V,3.0,,0.0,40.0,/Users/rkfuentes/Documents/md_anderson_analysis/yepes_code/data/2025-11-20/scope-results-2025-11-20-1587.csv,7.233333333333425e-11,,18,,0,,50 ohms time 0.01 no collimator
,SiC,1.0,Electron 191V,3.0,,0.0,40.0,/Users/rkfuentes/Documents/md_anderson_analysis/yepes_code/data/2025-11-20/scope-results-2025-11-20-1588.csv,1.0999999999999356e-11,,23,,0,,50 ohms time 0.01 no collimator
,SiC,1.0,Electron 191V,3.0,,0.0,40.0,/Users/rkfuentes/Documents/md_anderson_analysis/yepes_code/data/2025-11-20/scope-results-2025-11-20-1589.csv,3.4833333333333916e-10,,21,,0,,50 ohms time 0.01 no collimator
,SiC,1.0,Electron 191V,3.0,,0.0,40.0,/Users/rkfuentes/Documents/md_anderson_analysis/yepes_code/data/2025-11-20/scope-results-2025-11-20-1590.csv,7.416666666666719e-10,,55,,0,,50 ohms time 0.01 no collimator
,SiC,1.0,Electron 85V,3.0,,0.0,200.0,/Users/rkfuentes/Documents/md_anderson_analysis/yepes_code/data/2025-11-20/scope-results-2025-11-20-1630.csv,8.00000000000012e-11,,17,,0,,50 ohms time 0.01 no collimator
,SiC,1.0,Electron 85V,3.0,,0.0,200.0,/Users/rkfuentes/Documents/md_anderson_analysis/yepes_code/data/2025-11-20/scope-results-2025-11-20-1631.csv,1.5999999999997815e-11,,15,,0,,50 ohms time 0.01 no collimator
,SiC,1.0,Electron 85V,3.0,,0.0,200.0,/Users/rkfuentes/Documents/md_anderson_analysis/yepes_code/data/2025-11-20/scope-results-2025-11-20-1632.csv,3.033333333333335e-11,,19,,0,,50 ohms time 0.01 no collimator
,SiC,1.0,Electron 85V,3.0,,0.0,200.0,/Users/rkfuentes/Documents/md_anderson_analysis/yepes_code/data/2025-11-20/scope-results-2025-11-20-1633.csv,7.600000000000117e-11,,24,,0,,50 ohms time 0.01 no collimator
,SiC,1.0,Electron 85V,3.0,,0.0,200.0,/Users/rkfuentes/Documents/md_anderson_analysis/yepes_code/data/2025-11-20/scope-results-2025-11-20-1634.csv,5.0666666666667926e-11,,19,,0,,50 ohms time 0.01 no collimator
,SiC,1.0,Electron 85V,3.0,,0.0,200.0,/Users/rkfuentes/Documents/md_anderson_analysis/yepes_code/data/2025-11-20/scope-results-2025-11-20-1635.csv,3.3133333333333223e-09,,51,,0,,50 ohms time 0.01 no collimator
,SiC,1.0,Electron 85V,3.0,,0.0,200.0,/Users/rkfuentes/Documents/md_anderson_analysis/yepes_code/data/2025-11-20/scope-results-2025-11-20-1636.csv,7.000000000001374e-12,,19,,0,,50 ohms time 0.01 no collimator
,SiC,1.0,Electron 85V,3.0,,0.0,200.0,/Users/rkfuentes/Documents/md_anderson_analysis/yepes_code/data/2025-11-20/scope-results-2025-11-20-1637.csv,2.8999999999996808e-11,,30,,0,,50 ohms time 0.01 no collimator
,SiC,1.0,Electron 85V,3.0,,0.0,200.0,/Users/rkfuentes/Documents/md_anderson_analysis/yepes_code/data/2025-11-20/scope-results-2025-11-20-1638.csv,3.8333333333335146e-11,,21,,0,,50 ohms time 0.01 no collimator
,SiC,1.0,Electron 85V,3.0,,0.0,200.0,/Users/rkfuentes/Documents/md_anderson_analysis/yepes_code/data/2025-11-20/scope-results-2025-11-20-1639.csv,6.433333333333469e-11,,27,,0,,50 ohms time 0.01 no collimator
,SiC,1.0,Electron 85V,3.0,,0.0,200.0,/Users/rkfuentes/Documents/md_anderson_analysis/yepes_code/data/2025-11-20/scope-results-2025-11-20-1640.csv,1.003333333333329e-10,,20,,0,,50 ohms time 0.01 no collimator
,SiC,1.0,Electron 85V,3.0,,0.0,200.0,/Users/rkfuentes/Documents/md_anderson_analysis/yepes_code/data/2025-11-20/scope-results-2025-11-20-1641.csv,6.899999999999874e-11,,19,,0,,50 ohms time 0.01 no collimator
,SiC,1.0,Electron 85V,3.0,,0.0,200.0,/Users/rkfuentes/Documents/md_anderson_analysis/yepes_code/data/2025-11-20/scope-results-2025-11-20-1642.csv,2.2333333333331624e-11,,25,,0,,50 ohms time 0.01 no collimator
,SiC,1.0,Electron 110V,3.0,,0.0,200.0,/Users/rkfuentes/Documents/md_anderson_analysis/yepes_code/data/2025-11-20/scope-results-2025-11-20-1703.csv,1.9566666666667072e-10,,26,,0,,50 ohms time 0.01 no collimator
,SiC,1.0,Electron 110V,3.0,,0.0,200.0,/Users/rkfuentes/Documents/md_anderson_analysis/yepes_code/data/2025-11-20/scope-results-2025-11-20-1704.csv,2.0573333333333355e-10,,27,,0,,50 ohms time 0.01 no collimator
,SiC,1.0,Electron 110V,3.0,,0.0,200.0,/Users/rkfuentes/Documents/md_anderson_analysis/yepes_code/data/2025-11-20/scope-results-2025-11-20-1705.csv,4.53333333333346e-11,,27,,0,,50 ohms time 0.01 no collimator
,SiC,1.0,Electron 110V,3.0,,0.0,200.0,/Users/rkfuentes/Documents/md_anderson_analysis/yepes_code/data/2025-11-20/scope-results-2025-11-20-1706.csv,7.479999999999827e-11,,26,,0,,50 ohms time 0.01 no collimator
,SiC,1.0,Electron 110V,3.0,,0.0,200.0,/Users/rkfuentes/Documents/md_anderson_analysis/yepes_code/data/2025-11-20/scope-results-2025-11-20-1707.csv,1.0946666666666796e-10,,31,,0,,50 ohms time 0.01 no collimator
,SiC,1.0,Electron 110V,3.0,,0.0,200.0,/Users/rkfuentes/Documents/md_anderson_analysis/yepes_code/data/2025-11-20/scope-results-2025-11-20-1708.csv,6.106666666666357e-11,,27,,0,,50 ohms time 0.01 no collimator
,SiC,1.0,Electron 110V,3.0,,0.0,200.0,/Users/rkfuentes/Documents/md_anderson_analysis/yepes_code/data/2025-11-20/scope-results-2025-11-20-1709.csv,3.2639999999999957e-10,,27,,0,,50 ohms time 0.01 no collimator
,SiC,1.0,Electron 110V,3.0,,0.0,200.0,/Users/rkfuentes/Documents/md_anderson_analysis/yepes_code/data/2025-11-20/scope-results-2025-11-20-1710.csv,1.3466666666667899e-11,,21,,0,,50 ohms time 0.01 no collimator
,SiC,1.0,Electron 110V,3.0,,0.0,200.0,/Users/rkfuentes/Documents/md_anderson_analysis/yepes_code/data/2025-11-20/scope-results-2025-11-20-1711.csv,1.6661333333333367e-09,,52,,0,,50 ohms time 0.01 no collimator
,SiC,1.0,Electron 110V,3.0,,0.0,200.0,/Users/rkfuentes/Documents/md_anderson_analysis/yepes_code/data/2025-11-20/scope-results-2025-11-20-1712.csv,3.293333333333185e-11,,22,,0,,50 ohms time 0.01 no collimator
,SiC,1.0,Electron 110V,3.0,,0.0,200.0,/Users/rkfuentes/Documents/md_anderson_analysis/yepes_code/data/2025-11-20/scope-results-2025-11-20-1713.csv,1.3364666666666643e-08,,156,,0,,50 ohms time 0.01 no collimator
,SiC,1.0,Electron 110V,3.0,,0.0,200.0,/Users/rkfuentes/Documents/md_anderson_analysis/yepes_code/data/2025-11-20/scope-results-2025-11-20-1714.csv,1.7702666666666683e-09,,33,,0,,50 ohms time 0.01 no collimator
,SiC,1.0,Electron 110V,3.0,,0.0,200.0,/Users/rkfuentes/Documents/md_anderson_analysis/yepes_code/data/2025-11-20/scope-results-2025-11-20-1715.csv,5.0266666666669536e-11,,19,,0,,50 ohms time 0.01 no collimator
,SiC,1.0,Electron 110V,3.0,,0.0,200.0,/Users/rkfuentes/Documents/md_anderson_analysis/yepes_code/data/2025-11-20/scope-results-2025-11-20-1716.csv,9.066666666667456e-12,,28,,0,,50 ohms time 0.01 no collimator
,SiC,1.0,Electron 110V,3.0,,0.0,200.0,/Users/rkfuentes/Documents/md_anderson_analysis/yepes_code/data/2025-11-20/scope-results-2025-11-20-1717.csv,1.0079999999999955e-09,,38,,0,,50 ohms time 0.01 no collimator
,SiC,1.0,Electron 110V,3.0,,0.0,200.0,/Users/rkfuentes/Documents/md_anderson_analysis/yepes_code/data/2025-11-20/scope-results-2025-11-20-1718.csv,1.2906666666666746e-10,,30,,0,,50 ohms time 0.01 no collimator
,SiC,1.0,Electron 110V,3.0,,0.0,200.0,/Users/rkfuentes/Documents/md_anderson_analysis/yepes_code/data/2025-11-20/scope-results-2025-11-20-1719.csv,6.569333333333334e-10,,32,,0,,50 ohms time 0.01 no collimator
,SiC,1.0,Electron 110V,3.0,,0.0,200.0,/Users/rkfuentes/Documents/md_anderson_analysis/yepes_code/data/2025-11-20/scope-results-2025-11-20-1720.csv,3.3999999999999844e-11,,27,,0,,50 ohms time 0.01 no collimator
,SiC,1.0,Electron 110V,3.0,,0.0,200.0,/Users/rkfuentes/Documents/md_anderson_analysis/yepes_code/data/2025-11-20/scope-results-2025-11-20-1721.csv,2.9599999999999427e-10,,51,,0,,50 ohms time 0.01 no collimator
,SiC,1.0,Electron 110V,3.0,,0.0,200.0,/Users/rkfuentes/Documents/md_anderson_analysis/yepes_code/data/2025-11-20/scope-results-2025-11-20-1722.csv,5.135999999999957e-10,,82,,0,,50 ohms time 0.01 no collimator
,SiC,1.0,Electron 110V,3.0,,0.0,200.0,/Users/rkfuentes/Documents/md_anderson_analysis/yepes_code/data/2025-11-20/scope-results-2025-11-20-1723.csv,9.251858538535828e-27,,0,,0,,50 ohms time 0.01 no collimator
,SiC,1.0,Electron 110V,3.0,,0.0,200.0,/Users/rkfuentes/Documents/md_anderson_analysis/yepes_code/data/2025-11-20/scope-results-2025-11-20-1724.csv,1.7584000000000075e-09,,322,,0,,50 ohms time 0.01 no collimator
,SiC,1.0,Electron 110V,3.0,,0.0,200.0,/Users/rkfuentes/Documents/md_anderson_analysis/yepes_code/data/2025-11-20/scope-results-2025-11-20-1725.csv,3.613333333333424e-11,,19,,0,,50 ohms time 0.01 no collimator
,SiC,1.0,Electron 110V,3.0,,0.0,200.0,/Users/rkfuentes/Documents/md_anderson_analysis/yepes_code/data/2025-11-20/scope-results-2025-11-20-1726.csv,5.0133333333332575e-11,,27,,0,,50 ohms time 0.01 no collimator
,SiC,1.0,Electron 110V,3.0,,0.0,200.0,/Users/rkfuentes/Documents/md_anderson_analysis/yepes_code/data/2025-11-20/scope-results-2025-11-20-1727.csv,8.186666666666919e-11,,24,,0,,50 ohms time 0.01 no collimator
,SiC,1.0,Electron 110V,3.0,,0.0,200.0,/Users/rkfuentes/Documents/md_anderson_analysis/yepes_code/data/2025-11-20/scope-results-2025-11-20-1728.csv,4.213333333333807e-11,,27,,0,,50 ohms time 0.01 no collimator
,SiC,1.0,Electron 110V,3.0,,0.0,200.0,/Users/rkfuentes/Documents/md_anderson_analysis/yepes_code/data/2025-11-20/scope-results-2025-11-20-1729.csv,1.7653333333332958e-10,,27,,0,,50 ohms time 0.01 no collimator
,SiC,1.0,Electron 110V,3.0,,0.0,200.0,/Users/rkfuentes/Documents/md_anderson_analysis/yepes_code/data/2025-11-20/scope-results-2025-11-20-1730.csv,9.251858538535828e-27,,0,,0,,50 ohms time 0.01 no collimator
,SiC,1.0,Electron 110V,3.0,,0.0,200.0,/Users/rkfuentes/Documents/md_anderson_analysis/yepes_code/data/2025-11-20/scope-results-2025-11-20-1731.csv,6.933333333332614e-12,,27,,0,,50 ohms time 0.01 no collimator
,SiC,1.0,Electron 110V,3.0,,0.0,200.0,/Users/rkfuentes/Documents/md_anderson_analysis/yepes_code/data/2025-11-20/scope-results-2025-11-20-1732.csv,1.9746666666667342e-10,,18,,0,,50 ohms time 0.01 no collimator
,SiC,1.0,Electron 110V,3.0,,0.0,200.0,/Users/rkfuentes/Documents/md_anderson_analysis/yepes_code/data/2025-11-20/scope-results-2025-11-20-1733.csv,8.586666666666522e-11,,23,,0,,50 ohms time 0.01 no collimator
,SiC,1.0,Electron 85V,3.0,,0.0,200.0,/Users/rkfuentes/Documents/md_anderson_analysis/yepes_code/data/2025-11-20/scope-results-2025-11-20-1734.csv,1.3808000000000062e-09,,68,,0,,50 ohms time 0.01 no collimator
,SiC,1.0,Electron 85V,3.0,,0.0,200.0,/Users/rkfuentes/Documents/md_anderson_analysis/yepes_code/data/2025-11-20/scope-results-2025-11-20-1735.csv,2.8933333333335048e-11,,26,,0,,50 ohms time 0.01 no collimator
,SiC,1.0,Electron 85V,3.0,,0.0,200.0,/Users/rkfuentes/Documents/md_anderson_analysis/yepes_code/data/2025-11-20/scope-results-2025-11-20-1736.csv,1.6800000000000043e-10,,26,,0,,50 ohms time 0.01 no collimator
,SiC,1.0,Electron 85V,3.0,,0.0,200.0,/Users/rkfuentes/Documents/md_anderson_analysis/yepes_code/data/2025-11-20/scope-results-2025-11-20-1737.csv,1.137333333333326e-10,,28,,0,,50 ohms time 0.01 no collimator
,SiC,1.0,Electron 85V,3.0,,0.0,200.0,/Users/rkfuentes/Documents/md_anderson_analysis/yepes_code/data/2025-11-20/scope-results-2025-11-20-1738.csv,2.561599999999977e-09,,56,,0,,50 ohms time 0.01 no collimator
,SiC,1.0,Electron 85V,3.0,,0.0,200.0,/Users/rkfuentes/Documents/md_anderson_analysis/yepes_code/data/2025-11-20/scope-results-2025-11-20-1739.csv,2.119999999999957e-11,,20,,0,,50 ohms time 0.01 no collimator
,SiC,1.0,Electron 85V,3.0,,0.0,200.0,/Users/rkfuentes/Documents/md_anderson_analysis/yepes_code/data/2025-11-20/scope-results-2025-11-20-1740.csv,2.8119999999999883e-10,,31,,0,,50 ohms time 0.01 no collimator
,SiC,1.0,Electron 85V,3.0,,0.0,200.0,/Users/rkfuentes/Documents/md_anderson_analysis/yepes_code/data/2025-11-20/scope-results-2025-11-20-1741.csv,9.000000000000282e-11,,30,,0,,50 ohms time 0.01 no collimator
,SiC,1.0,Electron 85V,3.0,,0.0,200.0,/Users/rkfuentes/Documents/md_anderson_analysis/yepes_code/data/2025-11-20/scope-results-2025-11-20-1742.csv,1.5893333333333064e-10,,26,,0,,50 ohms time 0.01 no collimator
,SiC,1.0,Electron 85V,3.0,,0.0,200.0,/Users/rkfuentes/Documents/md_anderson_analysis/yepes_code/data/2025-11-20/scope-results-2025-11-20-1743.csv,3.234666666666671e-10,,25,,0,,50 ohms time 0.01 no collimator
,SiC,1.0,Electron 85V,3.0,,0.0,200.0,/Users/rkfuentes/Documents/md_anderson_analysis/yepes_code/data/2025-11-20/scope-results-2025-11-20-1744.csv,1.794666666666673e-10,,28,,0,,50 ohms time 0.01 no collimator
,SiC,1.0,Electron 85V,3.0,,0.0,200.0,/Users/rkfuentes/Documents/md_anderson_analysis/yepes_code/data/2025-11-20/scope-results-2025-11-20-1745.csv,5.440000000000229e-11,,26,,0,,50 ohms time 0.01 no collimator
,SiC,1.0,Electron 85V,3.0,,0.0,200.0,/Users/rkfuentes/Documents/md_anderson_analysis/yepes_code/data/2025-11-20/scope-results-2025-11-20-1746.csv,2.371733333333311e-09,,56,,0,,50 ohms time 0.01 no collimator
,SiC,1.0,Electron 85V,3.0,,0.0,200.0,/Users/rkfuentes/Documents/md_anderson_analysis/yepes_code/data/2025-11-20/scope-results-2025-11-20-1747.csv,3.3599999999999585e-11,,36,,0,,50 ohms time 0.01 no collimator
,SiC,1.0,Electron 85V,3.0,,0.0,200.0,/Users/rkfuentes/Documents/md_anderson_analysis/yepes_code/data/2025-11-20/scope-results-2025-11-20-1748.csv,4.854666666666694e-10,,53,,0,,50 ohms time 0.01 no collimator
,SiC,1.0,Electron 85V,3.0,,0.0,200.0,/Users/rkfuentes/Documents/md_anderson_analysis/yepes_code/data/2025-11-20/scope-results-2025-11-20-1749.csv,3.359999999999868e-11,,33,,0,,50 ohms time 0.01 no collimator
,SiC,1.0,Electron 85V,3.0,,0.0,200.0,/Users/rkfuentes/Documents/md_anderson_analysis/yepes_code/data/2025-11-20/scope-results-2025-11-20-1750.csv,1.5333333333333358e-10,,26,,0,,50 ohms time 0.01 no collimator
,SiC,1.0,Electron 85V,3.0,,0.0,200.0,/Users/rkfuentes/Documents/md_anderson_analysis/yepes_code/data/2025-11-20/scope-results-2025-11-20-1751.csv,1.2266666666669056e-11,,39,,0,,50 ohms time 0.01 no collimator
,SiC,1.0,Electron 85V,3.0,,0.0,200.0,/Users/rkfuentes/Documents/md_anderson_analysis/yepes_code/data/2025-11-20/scope-results-2025-11-20-1752.csv,1.5959999999999834e-10,,23,,0,,50 ohms time 0.01 no collimator
,SiC,1.0,Electron 85V,3.0,,0.0,200.0,/Users/rkfuentes/Documents/md_anderson_analysis/yepes_code/data/2025-11-20/scope-results-2025-11-20-1753.csv,4.0160000000000076e-10,,35,,0,,50 ohms time 0.01 no collimator
,SiC,1.0,Electron 85V,3.0,,0.0,200.0,/Users/rkfuentes/Documents/md_anderson_analysis/yepes_code/data/2025-11-20/scope-results-2025-11-20-1754.csv,1.8666666666668415e-11,,22,,0,,50 ohms time 0.01 no collimator
,SiC,1.0,Electron 85V,3.0,,0.0,200.0,/Users/rkfuentes/Documents/md_anderson_analysis/yepes_code/data/2025-11-20/scope-results-2025-11-20-1755.csv,1.4720000000000092e-10,,27,,0,,50 ohms time 0.01 no collimator
,SiC,1.0,Electron 85V,3.0,,0.0,200.0,/Users/rkfuentes/Documents/md_anderson_analysis/yepes_code/data/2025-11-20/scope-results-2025-11-20-1756.csv,2.173333333333335e-09,,32,,0,,50 ohms time 0.01 no collimator
,SiC,1.0,Electron 85V,3.0,,0.0,200.0,/Users/rkfuentes/Documents/md_anderson_analysis/yepes_code/data/2025-11-20/scope-results-2025-11-20-1757.csv,8.653333333333475e-11,,27,,0,,50 ohms time 0.01 no collimator
,SiC,1.0,Electron 85V,3.0,,0.0,200.0,/Users/rkfuentes/Documents/md_anderson_analysis/yepes_code/data/2025-11-20/scope-results-2025-11-20-1758.csv,2.273466666666713e-09,,55,,0,,50 ohms time 0.01 no collimator
,SiC,1.0,Electron 85V,3.0,,0.0,200.0,/Users/rkfuentes/Documents/md_anderson_analysis/yepes_code/data/2025-11-20/scope-results-2025-11-20-1759.csv,2.488000000000023e-10,,28,,0,,50 ohms time 0.01 no collimator
,SiC,1.0,Electron 85V,3.0,,0.0,200.0,/Users/rkfuentes/Documents/md_anderson_analysis/yepes_code/data/2025-11-20/scope-results-2025-11-20-1760.csv,1.493333333333347e-10,,21,,0,,50 ohms time 0.01 no collimator
,SiC,1.0,Electron 85V,3.0,,0.0,200.0,/Users/rkfuentes/Documents/md_anderson_analysis/yepes_code/data/2025-11-20/scope-results-2025-11-20-1761.csv,1.8982666666666286e-09,,57,,0,,50 ohms time 0.01 no collimator
,SiC,1.0,Electron 85V,3.0,,0.0,200.0,/Users/rkfuentes/Documents/md_anderson_analysis/yepes_code/data/2025-11-20/scope-results-2025-11-20-1762.csv,3.360000000000073e-11,,32,,0,,50 ohms time 0.01 no collimator
,SiC,1.0,Electron 85V,3.0,,0.0,200.0,/Users/rkfuentes/Documents/md_anderson_analysis/yepes_code/data/2025-11-20/scope-results-2025-11-20-1763.csv,2.115200000000029e-09,,48,,0,,50 ohms time 0.01 no collimator
,SiC,1.0,Electron 85V,3.0,,0.0,200.0,/Users/rkfuentes/Documents/md_anderson_analysis/yepes_code/data/2025-11-20/scope-results-2025-11-20-1764.csv,2.164266666666646e-09,,62,,0,,50 ohms time 0.01 no collimator
,SiC,1.0,Electron 85V,3.0,,0.0,200.0,/Users/rkfuentes/Documents/md_anderson_analysis/yepes_code/data/2025-11-20/scope-results-2025-11-20-1765.csv,2.09066666666665e-10,,27,,0,,50 ohms time 0.01 no collimator
,SiC,1.0,Electron 85V,3.0,,0.0,200.0,/Users/rkfuentes/Documents/md_anderson_analysis/yepes_code/data/2025-11-20/scope-results-2025-11-20-1766.csv,1.570666666666652e-10,,24,,0,,50 ohms time 0.01 no collimator
,SiC,1.0,Electron 85V,3.0,,0.0,200.0,/Users/rkfuentes/Documents/md_anderson_analysis/yepes_code/data/2025-11-20/scope-results-2025-11-20-1767.csv,2.190933333333335e-09,,39,,0,,50 ohms time 0.01 no collimator
,SiC,1.0,Electron 85V,3.0,,0.0,200.0,/Users/rkfuentes/Documents/md_anderson_analysis/yepes_code/data/2025-11-20/scope-results-2025-11-20-1768.csv,7.506666666666467e-11,,27,,0,,50 ohms time 0.01 no collimator
,SiC,1.0,Electron 85V,3.0,,0.0,200.0,/Users/rkfuentes/Documents/md_anderson_analysis/yepes_code/data/2025-11-20/scope-results-2025-11-20-1769.csv,3.80000000000006e-11,,23,,0,,50 ohms time 0.01 no collimator
,SiC,1.0,Electron 85V,3.0,,0.0,200.0,/Users/rkfuentes/Documents/md_anderson_analysis/yepes_code/data/2025-11-20/scope-results-2025-11-20-1770.csv,3.706666666666663e-11,,28,,0,,50 ohms time 0.01 no collimator
,SiC,1.0,Electron 85V,3.0,,0.0,200.0,/Users/rkfuentes/Documents/md_anderson_analysis/yepes_code/data/2025-11-20/scope-results-2025-11-20-1771.csv,6.839999999999946e-11,,33,,0,,50 ohms time 0.01 no collimator
,SiC,1.0,Electron 85V,3.0,,0.0,200.0,/Users/rkfuentes/Documents/md_anderson_analysis/yepes_code/data/2025-11-20/scope-results-2025-11-20-1772.csv,4.2666666666667515e-11,,28,,0,,50 ohms time 0.01 no collimator
,SiC,1.0,Electron 85V,3.0,,0.0,200.0,/Users/rkfuentes/Documents/md_anderson_analysis/yepes_code/data/2025-11-20/scope-results-2025-11-20-1773.csv,5.093333333333124e-11,,27,,0,,50 ohms time 0.01 no collimator
,SiC,1.0,Electron 85V,3.0,,0.0,200.0,/Users/rkfuentes/Documents/md_anderson_analysis/yepes_code/data/2025-11-20/scope-results-2025-11-20-1774.csv,5.200000000000087e-11,,25,,0,,50 ohms time 0.01 no collimator
,SiC,1.0,Electron 85V,3.0,,0.0,200.0,/Users/rkfuentes/Documents/md_anderson_analysis/yepes_code/data/2025-11-20/scope-results-2025-11-20-1775.csv,7.199999999999966e-11,,28,,0,,50 ohms time 0.01 no collimator
,SiC,1.0,Electron 85V,3.0,,0.0,200.0,/Users/rkfuentes/Documents/md_anderson_analysis/yepes_code/data/2025-11-20/scope-results-2025-11-20-1776.csv,3.3599999999999863e-09,,43,,0,,50 ohms time 0.01 no collimator
,SiC,1.0,Electron 85V,3.0,,0.0,200.0,/Users/rkfuentes/Documents/md_anderson_analysis/yepes_code/data/2025-11-20/scope-results-2025-11-20-1777.csv,2.275747847703407e-09,,21,,0,,50 ohms time 0.01 no collimator
,SiC,1.0,Electron 110V,3.0,,0.0,200.0,/Users/rkfuentes/Documents/md_anderson_analysis/yepes_code/data/2025-11-20/scope-results-2025-11-20-1778.csv,6.1413333333333394e-09,,47,,0,,50 ohms time 0.01 no collimator
,SiC,1.0,Electron 110V,3.0,,0.0,200.0,/Users/rkfuentes/Documents/md_anderson_analysis/yepes_code/data/2025-11-20/scope-results-2025-11-20-1779.csv,3.919999999999819e-11,,25,,0,,50 ohms time 0.01 no collimator
,SiC,1.0,Electron 110V,3.0,,0.0,200.0,/Users/rkfuentes/Documents/md_anderson_analysis/yepes_code/data/2025-11-20/scope-results-2025-11-20-1780.csv,7.466666666665416e-12,,22,,0,,50 ohms time 0.01 no collimator
,SiC,1.0,Electron 110V,3.0,,0.0,200.0,/Users/rkfuentes/Documents/md_anderson_analysis/yepes_code/data/2025-11-20/scope-results-2025-11-20-1781.csv,7.599999999999674e-12,,29,,0,,50 ohms time 0.01 no collimator
,SiC,1.0,Electron 110V,3.0,,0.0,200.0,/Users/rkfuentes/Documents/md_anderson_analysis/yepes_code/data/2025-11-20/scope-results-2025-11-20-1782.csv,5.933333333333531e-11,,23,,0,,50 ohms time 0.01 no collimator
,SiC,1.0,Electron 110V,3.0,,0.0,200.0,/Users/rkfuentes/Documents/md_anderson_analysis/yepes_code/data/2025-11-20/scope-results-2025-11-20-1783.csv,3.2533333333331706e-11,,22,,0,,50 ohms time 0.01 no collimator
,SiC,1.0,Electron 110V,3.0,,0.0,200.0,/Users/rkfuentes/Documents/md_anderson_analysis/yepes_code/data/2025-11-20/scope-results-2025-11-20-1784.csv,5.313333333333318e-10,,27,,0,,50 ohms time 0.01 no collimator
,SiC,1.0,Electron 110V,3.0,,0.0,200.0,/Users/rkfuentes/Documents/md_anderson_analysis/yepes_code/data/2025-11-20/scope-results-2025-11-20-1785.csv,3.9333333333334173e-11,,23,,0,,50 ohms time 0.01 no collimator
,SiC,1.0,Electron 85V,3.0,,0.0,100.0,/Users/rkfuentes/Documents/md_anderson_analysis/yepes_code/data/2025-11-20/scope-results-2025-11-20-1827.csv,9.453333333333334e-11,,27,,0,,50 ohms time 0.01 no collimator
,SiC,1.0,Electron 85V,3.0,,0.0,100.0,/Users/rkfuentes/Documents/md_anderson_analysis/yepes_code/data/2025-11-20/scope-results-2025-11-20-1828.csv,8.506666666666782e-11,,26,,0,,50 ohms time 0.01 no collimator
,SiC,1.0,Electron 85V,3.0,,0.0,100.0,/Users/rkfuentes/Documents/md_anderson_analysis/yepes_code/data/2025-11-20/scope-results-2025-11-20-1829.csv,8.879999999999808e-11,,34,,0,,50 ohms time 0.01 no collimator
,SiC,1.0,Electron 85V,3.0,,0.0,100.0,/Users/rkfuentes/Documents/md_anderson_analysis/yepes_code/data/2025-11-20/scope-results-2025-11-20-1830.csv,4.3333333333331064e-11,,26,,0,,50 ohms time 0.01 no collimator
,SiC,1.0,Electron 85V,3.0,,0.0,100.0,/Users/rkfuentes/Documents/md_anderson_analysis/yepes_code/data/2025-11-20/scope-results-2025-11-20-1831.csv,7.1733333333334e-11,,30,,0,,50 ohms time 0.01 no collimator
,SiC,1.0,Electron 85V,3.0,,0.0,100.0,/Users/rkfuentes/Documents/md_anderson_analysis/yepes_code/data/2025-11-20/scope-results-2025-11-20-1832.csv,1.4346666666666616e-10,,26,,0,,50 ohms time 0.01 no collimator
,SiC,1.0,Electron 85V,3.0,,0.0,100.0,/Users/rkfuentes/Documents/md_anderson_analysis/yepes_code/data/2025-11-20/scope-results-2025-11-20-1833.csv,2.5866666666665903e-11,,26,,0,,50 ohms time 0.01 no collimator
,SiC,1.0,Electron 85V,3.0,,0.0,100.0,/Users/rkfuentes/Documents/md_anderson_analysis/yepes_code/data/2025-11-20/scope-results-2025-11-20-1834.csv,6.666666666666805e-11,,27,,0,,50 ohms time 0.01 no collimator
,SiC,1.0,Electron 85V,3.0,,0.0,100.0,/Users/rkfuentes/Documents/md_anderson_analysis/yepes_code/data/2025-11-20/scope-results-2025-11-20-1835.csv,1.1320000000000015e-10,,23,,0,,50 ohms time 0.01 no collimator
,SiC,1.0,Electron 85V,3.0,,0.0,100.0,/Users/rkfuentes/Documents/md_anderson_analysis/yepes_code/data/2025-11-20/scope-results-2025-11-20-1836.csv,4.440000000000052e-11,,29,,0,,50 ohms time 0.01 no collimator
,SiC,1.0,Electron 85V,3.0,,0.0,100.0,/Users/rkfuentes/Documents/md_anderson_analysis/yepes_code/data/2025-11-20/scope-results-2025-11-20-1837.csv,1.5960000000000364e-10,,25,,0,,50 ohms time 0.01 no collimator
,SiC,1.0,Electron 85V,3.0,,0.0,100.0,/Users/rkfuentes/Documents/md_anderson_analysis/yepes_code/data/2025-11-20/scope-results-2025-11-20-1838.csv,9.426666666666464e-11,,24,,0,,50 ohms time 0.01 no collimator
,SiC,1.0,Electron 85V,3.0,,0.0,100.0,/Users/rkfuentes/Documents/md_anderson_analysis/yepes_code/data/2025-11-20/scope-results-2025-11-20-1839.csv,1.8000000000001017e-11,,23,,0,,50 ohms time 0.01 no collimator
,SiC,1.0,Electron 85V,3.0,,0.0,100.0,/Users/rkfuentes/Documents/md_anderson_analysis/yepes_code/data/2025-11-20/scope-results-2025-11-20-1840.csv,3.1866666666665106e-11,,23,,0,,50 ohms time 0.01 no collimator
,SiC,1.0,Electron 85V,3.0,,0.0,100.0,/Users/rkfuentes/Documents/md_anderson_analysis/yepes_code/data/2025-11-20/scope-results-2025-11-20-1841.csv,1.1040000000000071e-10,,26,,0,,1M ohms time 0.01
,SiC,1.0,Electron 85V,3.0,,0.0,100.0,/Users/rkfuentes/Documents/md_anderson_analysis/yepes_code/data/2025-11-20/scope-results-2025-11-20-1842.csv,2.0533333333336436e-11,,32,,0,,1M ohms time 0.01
,SiC,1.0,Electron 85V,3.0,,0.0,100.0,/Users/rkfuentes/Documents/md_anderson_analysis/yepes_code/data/2025-11-20/scope-results-2025-11-20-1843.csv,6.674266666666606e-09,,20,,0,,1M ohms time 0.01
,SiC,1.0,Electron 85V,3.0,,0.0,100.0,/Users/rkfuentes/Documents/md_anderson_analysis/yepes_code/data/2025-11-20/scope-results-2025-11-20-1844.csv,2.296000000000002e-09,,30,,0,,1M ohms time 0.01
,SiC,1.0,Electron 85V,3.0,,0.0,100.0,/Users/rkfuentes/Documents/md_anderson_analysis/yepes_code/data/2025-11-20/scope-results-2025-11-20-1845.csv,9.733333333333103e-11,,19,,0,,1M ohms time 0.01
,SiC,1.0,Electron 85V,3.0,,0.0,100.0,/Users/rkfuentes/Documents/md_anderson_analysis/yepes_code/data/2025-11-20/scope-results-2025-11-20-1846.csv,2.7466666666666697e-11,,22,,0,,1M ohms time 0.01
,SiC,1.0,Electron 85V,3.0,,0.0,100.0,/Users/rkfuentes/Documents/md_anderson_analysis/yepes_code/data/2025-11-20/scope-results-2025-11-20-1847.csv,2.6199999999999667e-10,,30,,0,,1M ohms time 0.01
,SiC,1.0,Electron 85V,3.0,,0.0,100.0,/Users/rkfuentes/Documents/md_anderson_analysis/yepes_code/data/2025-11-20/scope-results-2025-11-20-1848.csv,6.400000000000369e-12,,18,,0,,1M ohms time 0.01
,SiC,1.0,Electron 85V,3.0,,0.0,100.0,/Users/rkfuentes/Documents/md_anderson_analysis/yepes_code/data/2025-11-20/scope-results-2025-11-20-1849.csv,2.2177333333333907e-09,,28,,0,,1M ohms time 0.01
,SiC,1.0,Electron 110V,3.0,,0.0,10.0,/Users/rkfuentes/Documents/md_anderson_analysis/yepes_code/data/2025-11-20/scope-results-2025-11-20-1946.csv,1.028159999999997e-08,,373,,0,,50 ohms time 0.01
,SiC,1.0,Electron 110V,3.0,,0.0,10.0,/Users/rkfuentes/Documents/md_anderson_analysis/yepes_code/data/2025-11-20/scope-results-2025-11-20-1947.csv,1.0733600000000032e-08,,405,,0,,50 ohms time 0.01
,SiC,1.0,Electron 110V,3.0,,0.0,10.0,/Users/rkfuentes/Documents/md_anderson_analysis/yepes_code/data/2025-11-20/scope-results-2025-11-20-1948.csv,9.662533333333382e-09,,415,,0,,50 ohms time 0.01
,SiC,1.0,Electron 110V,3.0,,0.0,10.0,/Users/rkfuentes/Documents/md_anderson_analysis/yepes_code/data/2025-11-20/scope-results-2025-11-20-1949.csv,8.631199999999967e-09,,413,,0,,50 ohms time 0.01
,SiC,1.0,Electron 110V,3.0,,0.0,10.0,/Users/rkfuentes/Documents/md_anderson_analysis/yepes_code/data/2025-11-20/scope-results-2025-11-20-1950.csv,1.0105999999999957e-08,,392,,0,,50 ohms time 0.01
,SiC,1.0,Electron 110V,3.0,,0.0,10.0,/Users/rkfuentes/Documents/md_anderson_analysis/yepes_code/data/2025-11-20/scope-results-2025-11-20-1951.csv,9.947066666666646e-09,,405,,0,,50 ohms time 0.01
,SiC,1.0,Electron 110V,3.0,,0.0,10.0,/Users/rkfuentes/Documents/md_anderson_analysis/yepes_code/data/2025-11-20/scope-results-2025-11-20-1952.csv,3.159719999999998e-08,,89,,0,,50 ohms time 0.01
,SiC,1.0,Electron 110V,3.0,,0.0,10.0,/Users/rkfuentes/Documents/md_anderson_analysis/yepes_code/data/2025-11-20/scope-results-2025-11-20-1953.csv,2.9497466666666637e-08,,81,,0,,50 ohms time 0.01
,SiC,1.0,Electron 110V,3.0,,0.0,10.0,/Users/rkfuentes/Documents/md_anderson_analysis/yepes_code/data/2025-11-20/scope-results-2025-11-20-1954.csv,2.8990933333333345e-08,,83,,0,,50 ohms time 0.01
,SiC,1.0,Electron 191V,3.0,,0.0,10.0,/Users/rkfuentes/Documents/md_anderson_analysis/yepes_code/data/2025-11-20/scope-results-2025-11-20-1955.csv,3.24204e-08,,78,,0,,50 ohms time 0.01
,SiC,1.0,Electron 191V,3.0,,0.0,10.0,/Users/rkfuentes/Documents/md_anderson_analysis/yepes_code/data/2025-11-20/scope-results-2025-11-20-1956.csv,2.9144800000000023e-08,,81,,0,,50 ohms time 0.01
,SiC,1.0,Electron 191V,3.0,,0.0,10.0,/Users/rkfuentes/Documents/md_anderson_analysis/yepes_code/data/2025-11-20/scope-results-2025-11-20-1957.csv,2.9777066666666688e-08,,79,,0,,50 ohms time 0.01
,SiC,1.0,Electron 191V,3.0,,0.0,10.0,/Users/rkfuentes/Documents/md_anderson_analysis/yepes_code/data/2025-11-20/scope-results-2025-11-20-1958.csv,2.9969333333333344e-08,,82,,0,,50 ohms time 0.01
,SiC,1.0,Electron 191V,3.0,,0.0,10.0,/Users/rkfuentes/Documents/md_anderson_analysis/yepes_code/data/2025-11-20/scope-results-2025-11-20-1959.csv,3.0209066666666695e-08,,76,,0,,50 ohms time 0.01
,SiC,1.0,Electron 191V,3.0,,0.0,10.0,/Users/rkfuentes/Documents/md_anderson_analysis/yepes_code/data/2025-11-20/scope-results-2025-11-20-1960.csv,3.1726400000000004e-08,,83,,0,,50 ohms time 0.01
,SiC,1.0,Electron 191V,3.0,,0.0,10.0,/Users/rkfuentes/Documents/md_anderson_analysis/yepes_code/data/2025-11-20/scope-results-2025-11-20-1961.csv,2.957546666666669e-08,,85,,0,,50 ohms time 0.01
,SiC,1.0,Electron 191V,3.0,,0.0,10.0,/Users/rkfuentes/Documents/md_anderson_analysis/yepes_code/data/2025-11-20/scope-results-2025-11-20-1981.csv,5.168e-08,,250,,0,,50 ohms time 0.01
,SiC,1.0,Electron 191V,3.0,,0.0,10.0,/Users/rkfuentes/Documents/md_anderson_analysis/yepes_code/data/2025-11-20/scope-results-2025-11-20-1982.csv,4.177066666666664e-08,,209,,0,,50 ohms time 0.01
,SiC,1.0,Electron 191V,3.0,,0.0,10.0,/Users/rkfuentes/Documents/md_anderson_analysis/yepes_code/data/2025-11-20/scope-results-2025-11-20-1983.csv,4.8753200000000024e-08,,236,,0,,50 ohms time 0.01
,SiC,1.0,Electron 191V,3.0,,0.0,10.0,/Users/rkfuentes/Documents/md_anderson_analysis/yepes_code/data/2025-11-20/scope-results-2025-11-20-1984.csv,4.283680000000001e-08,,203,,0,,50 ohms time 0.01
,SiC,1.0,Electron 191V,3.0,,0.0,10.0,/Users/rkfuentes/Documents/md_anderson_analysis/yepes_code/data/2025-11-20/scope-results-2025-11-20-1985.csv,4.162973333333337e-08,,202,,0,,50 ohms time 0.01
,SiC,1.0,Electron 191V,3.0,,0.0,10.0,/Users/rkfuentes/Documents/md_anderson_analysis/yepes_code/data/2025-11-20/scope-results-2025-11-20-1986.csv,1.4933333333334344e-10,,28,,0,,50 ohms time 0.01
,SiC,1.0,Electron 110V,3.0,,0.0,10.0,/Users/rkfuentes/Documents/md_anderson_analysis/yepes_code/data/2025-11-20/scope-results-2025-11-20-2005.csv,6.157333333333323e-09,,400,,0,,50 ohms time 0.01
,SiC,1.0,Electron 110V,3.0,,0.0,10.0,/Users/rkfuentes/Documents/md_anderson_analysis/yepes_code/data/2025-11-20/scope-results-2025-11-20-2006.csv,1.3606666666666372e-09,,369,,0,,50 ohms time 0.01
,SiC,1.0,Electron 110V,3.0,,0.0,10.0,/Users/rkfuentes/Documents/md_anderson_analysis/yepes_code/data/2025-11-20/scope-results-2025-11-20-2007.csv,5.692266666666661e-09,,371,,0,,50 ohms time 0.01
,SiC,1.0,Electron 191V,3.0,,0.0,10.0,/Users/rkfuentes/Documents/md_anderson_analysis/yepes_code/data/2025-11-20/scope-results-2025-11-20-2025.csv,3.8979999999999976e-08,,406,,0,,50 ohms time 0.01
,SiC,1.0,Electron 191V,3.0,,0.0,10.0,/Users/rkfuentes/Documents/md_anderson_analysis/yepes_code/data/2025-11-20/scope-results-2025-11-20-2026.csv,2.7545466666666684e-08,,381,,0,,50 ohms time 0.01
,SiC,1.0,Electron 191V,3.0,,0.0,10.0,/Users/rkfuentes/Documents/md_anderson_analysis/yepes_code/data/2025-11-20/scope-results-2025-11-20-2027.csv,3.2020666666666624e-08,,403,,0,,50 ohms time 0.01
,SiC,1.0,Electron 191V,3.0,,0.0,10.0,/Users/rkfuentes/Documents/md_anderson_analysis/yepes_code/data/2025-11-20/scope-results-2025-11-20-2028.csv,2.661493333333335e-08,,380,,0,,50 ohms time 0.01
,SiC,1.0,Electron 85V,0.5,1.471551653030126e-41,0.0,40.0,/Users/rkfuentes/Documents/md_anderson_analysis/yepes_code/data/2025-11-20/scope-results-2025-11-20-0001.csv,2.0133333333333432e-10,,29,,0,,50 ohms
,SiC,1.0,Electron 85V,0.5,1.471551653030126e-41,0.0,40.0,/Users/rkfuentes/Documents/md_anderson_analysis/yepes_code/data/2025-11-20/scope-results-2025-11-20-0002.csv,2.3966666666666155e-10,,43,,0,,50 ohms
,SiC,1.0,Electron 85V,0.5,1.471551653030126e-41,0.0,40.0,/Users/rkfuentes/Documents/md_anderson_analysis/yepes_code/data/2025-11-20/scope-results-2025-11-20-0003.csv,1.5200000000001253e-10,,56,,0,,50 ohms
,SiC,1.0,Electron 85V,0.5,1.471551653030126e-41,0.0,40.0,/Users/rkfuentes/Documents/md_anderson_analysis/yepes_code/data/2025-11-20/scope-results-2025-11-20-0004.csv,1.5906666666666754e-09,,87,,0,,50 ohms
,SiC,1.0,Electron 85V,0.5,1.471551653030126e-41,0.0,40.0,/Users/rkfuentes/Documents/md_anderson_analysis/yepes_code/data/2025-11-20/scope-results-2025-11-20-0005.csv,2.9550000000000098e-09,,81,,0,,50 ohms
,SiC,1.0,Electron 85V,0.5,1.471551653030126e-41,0.0,40.0,/Users/rkfuentes/Documents/md_anderson_analysis/yepes_code/data/2025-11-20/scope-results-2025-11-20-0006.csv,6.726666666666649e-09,,326,,0,,50 ohms
,SiC,1.0,Electron 85V,0.5,1.471551653030126e-41,0.0,40.0,/Users/rkfuentes/Documents/md_anderson_analysis/yepes_code/data/2025-11-20/scope-results-2025-11-20-0007.csv,1.2333333333333394e-09,,82,,0,,50 ohms
,SiC,1.0,Electron 85V,0.5,1.471551653030126e-41,0.0,40.0,/Users/rkfuentes/Documents/md_anderson_analysis/yepes_code/data/2025-11-20/scope-results-2025-11-20-0008.csv,1.498933333333334e-08,,293,,0,,50 ohms
,SiC,1.0,Electron 85V,0.5,1.471551653030126e-41,0.0,40.0,/Users/rkfuentes/Documents/md_anderson_analysis/yepes_code/data/2025-11-20/scope-results-2025-11-20-0009.csv,1.5076666666666574e-09,,91,,0,,50 ohms
,SiC,1.0,Electron 85V,0.5,1.471551653030126e-41,0.0,40.0,/Users/rkfuentes/Documents/md_anderson_analysis/yepes_code/data/2025-11-20/scope-results-2025-11-20-0010.csv,9.756679504022482e-11,,27,,0,,50 ohms
,SiC,1.0,Electron 85V,0.5,1.471551653030126e-41,0.0,40.0,/Users/rkfuentes/Documents/md_anderson_analysis/yepes_code/data/2025-11-20/scope-results-2025-11-20-0011.csv,1.6013333333333328e-09,,69,,0,,50 ohms
,SiC,1.0,Electron 85V,0.5,1.471551653030126e-41,0.0,40.0,/Users/rkfuentes/Documents/md_anderson_analysis/yepes_code/data/2025-11-20/scope-results-2025-11-20-0012.csv,1.6186666666666549e-09,,75,,0,,50 ohms
,SiC,1.0,Electron 85V,0.5,1.471551653030126e-41,0.0,40.0,/Users/rkfuentes/Documents/md_anderson_analysis/yepes_code/data/2025-11-20/scope-results-2025-11-20-0013.csv,2.882333333333338e-09,,77,,0,,50 ohms
,SiC,1.0,Electron 85V,0.5,1.471551653030126e-41,0.0,40.0,/Users/rkfuentes/Documents/md_anderson_analysis/yepes_code/data/2025-11-20/scope-results-2025-11-20-0014.csv,3.008000000000011e-09,,92,,0,,50 ohms
,SiC,1.0,Electron 85V,0.5,1.471551653030126e-41,0.0,40.0,/Users/rkfuentes/Documents/md_anderson_analysis/yepes_code/data/2025-11-20/scope-results-2025-11-20-0015.csv,1.4823333333333393e-09,,81,,0,,50 ohms
,SiC,1.0,Electron 85V,0.5,1.471551653030126e-41,0.0,40.0,/Users/rkfuentes/Documents/md_anderson_analysis/yepes_code/data/2025-11-20/scope-results-2025-11-20-0016.csv,1.5250000000000087e-09,,83,,0,,50 ohms
,SiC,1.0,Electron 85V,0.5,1.471551653030126e-41,0.0,40.0,/Users/rkfuentes/Documents/md_anderson_analysis/yepes_code/data/2025-11-20/scope-results-2025-11-20-0017.csv,1.6560000000000063e-09,,93,,0,,50 ohms
,SiC,1.0,Electron 85V,0.5,1.471551653030126e-41,0.0,40.0,/Users/rkfuentes/Documents/md_anderson_analysis/yepes_code/data/2025-11-20/scope-results-2025-11-20-0018.csv,1.4036666666666623e-09,,87,,0,,50 ohms
,SiC,1.0,Electron 85V,0.5,1.471551653030126e-41,0.0,40.0,/Users/rkfuentes/Documents/md_anderson_analysis/yepes_code/data/2025-11-20/scope-results-2025-11-20-0019.csv,1.6679999999999992e-09,,85,,0,,50 ohms
,SiC,1.0,Electron 85V,0.5,1.471551653030126e-41,0.0,40.0,/Users/rkfuentes/Documents/md_anderson_analysis/yepes_code/data/2025-11-20/scope-results-2025-11-20-0020.csv,5.966666666666154e-11,,23,,0,,50 ohms
,SiC,1.0,Electron 85V,0.5,1.471551653030126e-41,0.0,40.0,/Users/rkfuentes/Documents/md_anderson_analysis/yepes_code/data/2025-11-20/scope-results-2025-11-20-0021.csv,1.5199999999999987e-09,,83,,0,,50 ohms
,SiC,1.0,Electron 110V,0.5,1.471551653030126e-41,0.0,40.0,/Users/rkfuentes/Documents/md_anderson_analysis/yepes_code/data/2025-11-20/scope-results-2025-11-20-0085.csv,1.4651999999999981e-08,,80,,0,,50 ohms
,SiC,1.0,Electron 110V,0.5,1.471551653030126e-41,0.0,40.0,/Users/rkfuentes/Documents/md_anderson_analysis/yepes_code/data/2025-11-20/scope-results-2025-11-20-0086.csv,1.5119333333333334e-08,,86,,0,,50 ohms time 0.1
,SiC,1.0,Electron 110V,0.5,1.471551653030126e-41,0.0,40.0,/Users/rkfuentes/Documents/md_anderson_analysis/yepes_code/data/2025-11-20/scope-results-2025-11-20-0087.csv,1.4794666666666657e-08,,85,,0,,50 ohms time 0.1
,SiC,1.0,Electron 110V,0.5,1.471551653030126e-41,0.0,40.0,/Users/rkfuentes/Documents/md_anderson_analysis/yepes_code/data/2025-11-20/scope-results-2025-11-20-0088.csv,1.479833333333334e-08,,89,,0,,50 ohms time 0.05
,SiC,1.0,Electron 110V,0.5,1.471551653030126e-41,0.0,40.0,/Users/rkfuentes/Documents/md_anderson_analysis/yepes_code/data/2025-11-20/scope-results-2025-11-20-0089.csv,1.4343000000000011e-08,,92,,0,,50 ohms time 0.05
,SiC,1.0,Electron 110V,0.5,1.471551653030126e-41,0.0,40.0,/Users/rkfuentes/Documents/md_anderson_analysis/yepes_code/data/2025-11-20/scope-results-2025-11-20-0090.csv,1.4518666666666672e-08,,90,,0,,50 ohms time 0.05
,SiC,1.0,Electron 110V,0.5,1.471551653030126e-41,0.0,40.0,/Users/rkfuentes/Documents/md_anderson_analysis/yepes_code/data/2025-11-20/scope-results-2025-11-20-0091.csv,1.597899999999998e-08,,84,,0,,50 ohms time 0.05
,SiC,1.0,Electron 110V,0.5,1.471551653030126e-41,0.0,40.0,/Users/rkfuentes/Documents/md_anderson_analysis/yepes_code/data/2025-11-20/scope-results-2025-11-20-0092.csv,1.4221333333333371e-08,,93,,0,,50 ohms time 0.01
,SiC,1.0,Electron 110V,0.5,1.471551653030126e-41,0.0,40.0,/Users/rkfuentes/Documents/md_anderson_analysis/yepes_code/data/2025-11-20/scope-results-2025-11-20-0093.csv,1.4508000000000026e-08,,90,,0,,50 ohms time 0.01
,SiC,1.0,Electron 110V,0.5,1.471551653030126e-41,0.0,40.0,/Users/rkfuentes/Documents/md_anderson_analysis/yepes_code/data/2025-11-20/scope-results-2025-11-20-0094.csv,1.4270666666666655e-08,,86,,0,,50 ohms time 0.01
,SiC,1.0,Electron 110V,0.5,1.471551653030126e-41,0.0,40.0,/Users/rkfuentes/Documents/md_anderson_analysis/yepes_code/data/2025-11-20/scope-results-2025-11-20-0095.csv,1.4414666666666664e-08,,93,,0,,50 ohms time 0.01
,SiC,1.0,Electron 110V,0.5,1.471551653030126e-41,0.0,40.0,/Users/rkfuentes/Documents/md_anderson_analysis/yepes_code/data/2025-11-20/scope-results-2025-11-20-0096.csv,1.4409333333333354e-08,,94,,0,,50 ohms time 0.01
,SiC,1.0,Electron 110V,0.5,1.471551653030126e-41,0.0,40.0,/Users/rkfuentes/Documents/md_anderson_analysis/yepes_code/data/2025-11-20/scope-results-2025-11-20-0097.csv,6.053333333333393e-10,,20,,0,,50 ohms time 0.01
,SiC,1.0,Electron 110V,0.5,1.471551653030126e-41,0.0,40.0,/Users/rkfuentes/Documents/md_anderson_analysis/yepes_code/data/2025-11-20/scope-results-2025-11-20-0098.csv,6.133333333333249e-10,,49,,0,,50 ohms time 0.01
,SiC,1.0,Electron 110V,0.5,1.471551653030126e-41,0.0,40.0,/Users/rkfuentes/Documents/md_anderson_analysis/yepes_code/data/2025-11-20/scope-results-2025-11-20-0099.csv,1.4199666666666659e-08,,92,,0,,50 ohms time 0.01
,SiC,1.0,Electron 110V,0.5,1.471551653030126e-41,0.0,40.0,/Users/rkfuentes/Documents/md_anderson_analysis/yepes_code/data/2025-11-20/scope-results-2025-11-20-0100.csv,1.6021333333333374e-08,,98,,0,,50 ohms time 0.01
,SiC,1.0,Electron 191V,0.5,1.471551653030126e-41,0.0,40.0,/Users/rkfuentes/Documents/md_anderson_analysis/yepes_code/data/2025-11-20/scope-results-2025-11-20-0137.csv,7.406433333333332e-08,,92,,0,,50 ohms time 0.01
,SiC,1.0,Electron 191V,0.5,1.471551653030126e-41,0.0,40.0,/Users/rkfuentes/Documents/md_anderson_analysis/yepes_code/data/2025-11-20/scope-results-2025-11-20-0138.csv,7.2395e-08,,79,,0,,50 ohms time 0.01
,SiC,1.0,Electron 191V,0.5,1.471551653030126e-41,0.0,40.0,/Users/rkfuentes/Documents/md_anderson_analysis/yepes_code/data/2025-11-20/scope-results-2025-11-20-0139.csv,7.311800000000002e-08,,96,,0,,50 ohms time 0.01
,SiC,1.0,Electron 191V,0.5,1.471551653030126e-41,0.0,40.0,/Users/rkfuentes/Documents/md_anderson_analysis/yepes_code/data/2025-11-20/scope-results-2025-11-20-0140.csv,7.263199999999997e-08,,93,,0,,50 ohms time 0.01
,SiC,1.0,Electron 191V,0.5,1.471551653030126e-41,0.0,40.0,/Users/rkfuentes/Documents/md_anderson_analysis/yepes_code/data/2025-11-20/scope-results-2025-11-20-0141.csv,7.044533333333335e-08,,88,,0,,50 ohms time 0.01
,SiC,1.0,Electron 191V,0.5,1.471551653030126e-41,0.0,40.0,/Users/rkfuentes/Documents/md_anderson_analysis/yepes_code/data/2025-11-20/scope-results-2025-11-20-0142.csv,7.004366666666666e-08,,84,,0,,50 ohms time 0.01
,SiC,1.0,Electron 191V,0.5,1.471551653030126e-41,0.0,40.0,/Users/rkfuentes/Documents/md_anderson_analysis/yepes_code/data/2025-11-20/scope-results-2025-11-20-0143.csv,7.494766666666673e-08,,92,,0,,50 ohms time 0.01
,SiC,1.0,Electron 191V,0.5,1.471551653030126e-41,0.0,40.0,/Users/rkfuentes/Documents/md_anderson_analysis/yepes_code/data/2025-11-20/scope-results-2025-11-20-0144.csv,7.005600000000002e-08,,87,,0,,50 ohms time 0.01
,SiC,1.0,Electron 191V,0.5,1.471551653030126e-41,0.0,40.0,/Users/rkfuentes/Documents/md_anderson_analysis/yepes_code/data/2025-11-20/scope-results-2025-11-20-0145.csv,7.1334e-08,,99,,0,,50 ohms time 0.01
,SiC,1.0,Electron 191V,0.5,1.471551653030126e-41,0.0,40.0,/Users/rkfuentes/Documents/md_anderson_analysis/yepes_code/data/2025-11-20/scope-results-2025-11-20-0146.csv,6.84893333333333e-08,,87,,0,,50 ohms time 0.01
,SiC,1.0,Electron 191V,0.5,1.471551653030126e-41,0.0,40.0,/Users/rkfuentes/Documents/md_anderson_analysis/yepes_code/data/2025-11-20/scope-results-2025-11-20-0147.csv,2.176666666666393e-10,,27,,0,,50 ohms time 0.01
,SiC,1.0,Electron 191V,0.5,1.471551653030126e-41,0.0,40.0,/Users/rkfuentes/Documents/md_anderson_analysis/yepes_code/data/2025-11-20/scope-results-2025-11-20-0148.csv,3.999999999999284e-11,,40,,0,,50 ohms time 0.01
,SiC,1.0,Electron 191V,0.5,3.1564567068236633e-22,0.0,20.0,/Users/rkfuentes/Documents/md_anderson_analysis/yepes_code/data/2025-11-20/scope-results-2025-11-20-0192.csv,5.4142666666666694e-08,,88,,0,,50 ohms time 0.01
,SiC,1.0,Electron 191V,0.5,3.1564567068236633e-22,0.0,20.0,/Users/rkfuentes/Documents/md_anderson_analysis/yepes_code/data/2025-11-20/scope-results-2025-11-20-0193.csv,4.8479333333333376e-08,,88,,0,,50 ohms time 0.01
,SiC,1.0,Electron 85V,0.5,1.471551653030126e-41,0.0,40.0,/Users/rkfuentes/Documents/md_anderson_analysis/yepes_code/data/2025-11-20/scope-results-2025-11-20-0203.csv,2.295466666666664e-08,,287,,0,,50 ohms time 0.01
,SiC,1.0,Electron 85V,0.5,1.471551653030126e-41,0.0,40.0,/Users/rkfuentes/Documents/md_anderson_analysis/yepes_code/data/2025-11-20/scope-results-2025-11-20-0204.csv,8.098882798455023e-12,,26,,0,,50 ohms time 0.01
,SiC,1.0,Electron 85V,0.5,1.471551653030126e-41,0.0,40.0,/Users/rkfuentes/Documents/md_anderson_analysis/yepes_code/data/2025-11-20/scope-results-2025-11-20-0205.csv,4.6366666666666196e-10,,336,,0,,50 ohms time 0.01
,SiC,1.0,Electron 85V,0.5,1.471551653030126e-41,0.0,40.0,/Users/rkfuentes/Documents/md_anderson_analysis/yepes_code/data/2025-11-20/scope-results-2025-11-20-0206.csv,9.402933333333329e-08,,291,,0,,50 ohms time 0.01
,SiC,1.0,Electron 85V,0.5,1.471551653030126e-41,0.0,40.0,/Users/rkfuentes/Documents/md_anderson_analysis/yepes_code/data/2025-11-20/scope-results-2025-11-20-0207.csv,1.4617333333333327e-08,,90,,0,,50 ohms time 0.01
,SiC,1.0,Electron 85V,0.5,1.471551653030126e-41,0.0,40.0,/Users/rkfuentes/Documents/md_anderson_analysis/yepes_code/data/2025-11-20/scope-results-2025-11-20-0208.csv,2.8781333333333364e-08,,302,,0,,50 ohms time 0.01
,SiC,1.0,Electron 85V,0.5,1.471551653030126e-41,0.0,40.0,/Users/rkfuentes/Documents/md_anderson_analysis/yepes_code/data/2025-11-20/scope-results-2025-11-20-0209.csv,7.144000000000016e-09,,257,,0,,50 ohms time 0.01
,SiC,1.0,Electron 85V,0.5,1.471551653030126e-41,0.0,40.0,/Users/rkfuentes/Documents/md_anderson_analysis/yepes_code/data/2025-11-20/scope-results-2025-11-20-0210.csv,3.102333333333331e-09,,145,,0,,50 ohms time 0.01
,SiC,1.0,Electron 85V,0.5,1.471551653030126e-41,0.0,40.0,/Users/rkfuentes/Documents/md_anderson_analysis/yepes_code/data/2025-11-20/scope-results-2025-11-20-0211.csv,1.2666666666671573e-11,,42,,0,,50 ohms time 0.01
,SiC,1.0,Electron 85V,0.5,1.471551653030126e-41,0.0,40.0,/Users/rkfuentes/Documents/md_anderson_analysis/yepes_code/data/2025-11-20/scope-results-2025-11-20-0212.csv,1.0476666666666882e-09,,34,,0,,50 ohms time 0.01
,SiC,1.0,Electron 85V,0.5,1.471551653030126e-41,0.0,40.0,/Users/rkfuentes/Documents/md_anderson_analysis/yepes_code/data/2025-11-20/scope-results-2025-11-20-0213.csv,6.1543333333333145e-09,,99,,0,,50 ohms time 0.01
,SiC,1.0,Electron 85V,0.5,1.471551653030126e-41,0.0,40.0,/Users/rkfuentes/Documents/md_anderson_analysis/yepes_code/data/2025-11-20/scope-results-2025-11-20-0214.csv,2.5266666666666803e-09,,60,,0,,50 ohms time 0.01
,SiC,1.0,Electron 85V,0.5,1.471551653030126e-41,0.0,40.0,/Users/rkfuentes/Documents/md_anderson_analysis/yepes_code/data/2025-11-20/scope-results-2025-11-20-0215.csv,1.974666666666648e-09,,78,,0,,50 ohms time 0.01
,SiC,1.0,Electron 85V,0.5,1.471551653030126e-41,0.0,40.0,/Users/rkfuentes/Documents/md_anderson_analysis/yepes_code/data/2025-11-20/scope-results-2025-11-20-0216.csv,6.999999999999696e-10,,107,,0,,50 ohms time 0.01
,SiC,1.0,Electron 85V,0.5,1.471551653030126e-41,0.0,40.0,/Users/rkfuentes/Documents/md_anderson_analysis/yepes_code/data/2025-11-20/scope-results-2025-11-20-0217.csv,3.7921333333333335e-08,,287,,0,,50 ohms time 0.01
,SiC,1.0,Electron 85V,0.5,1.471551653030126e-41,0.0,40.0,/Users/rkfuentes/Documents/md_anderson_analysis/yepes_code/data/2025-11-20/scope-results-2025-11-20-0218.csv,2.969999999999918e-10,,70,,0,,50 ohms time 0.01
,SiC,1.0,Electron 85V,0.5,1.471551653030126e-41,0.0,40.0,/Users/rkfuentes/Documents/md_anderson_analysis/yepes_code/data/2025-11-20/scope-results-2025-11-20-0219.csv,2.5919999999999894e-09,,280,,0,,50 ohms time 0.01
,SiC,1.0,Electron 85V,0.5,1.471551653030126e-41,0.0,40.0,/Users/rkfuentes/Documents/md_anderson_analysis/yepes_code/data/2025-11-20/scope-results-2025-11-20-0220.csv,1.3333333333332069e-11,,37,,0,,50 ohms time 0.01
,SiC,1.0,Electron 85V,0.5,1.471551653030126e-41,0.0,40.0,/Users/rkfuentes/Documents/md_anderson_analysis/yepes_code/data/2025-11-20/scope-results-2025-11-20-0221.csv,7.026666666666864e-10,,110,,0,,50 ohms time 0.01
,SiC,1.0,Electron 85V,0.5,1.471551653030126e-41,0.0,40.0,/Users/rkfuentes/Documents/md_anderson_analysis/yepes_code/data/2025-11-20/scope-results-2025-11-20-0222.csv,1.481333333333323e-09,,52,,0,,50 ohms time 0.01
,SiC,1.0,Electron 85V,0.5,1.471551653030126e-41,0.0,40.0,/Users/rkfuentes/Documents/md_anderson_analysis/yepes_code/data/2025-11-20/scope-results-2025-11-20-0223.csv,7.590000000000174e-10,,28,,0,,50 ohms time 0.01
,SiC,1.0,Electron 85V,0.5,1.471551653030126e-41,0.0,40.0,/Users/rkfuentes/Documents/md_anderson_analysis/yepes_code/data/2025-11-20/scope-results-2025-11-20-0224.csv,3.043999999999981e-09,,102,,0,,50 ohms time 0.01
,SiC,1.0,Electron 85V,0.5,1.471551653030126e-41,0.0,40.0,/Users/rkfuentes/Documents/md_anderson_analysis/yepes_code/data/2025-11-20/scope-results-2025-11-20-0225.csv,6.979999999999951e-10,,38,,0,,50 ohms time 0.01
,SiC,1.0,Electron 85V,0.5,1.471551653030126e-41,0.0,40.0,/Users/rkfuentes/Documents/md_anderson_analysis/yepes_code/data/2025-11-20/scope-results-2025-11-20-0226.csv,9.333333333331215e-12,,43,,0,,50 ohms time 0.01
,SiC,1.0,Electron 85V,0.5,1.471551653030126e-41,0.0,40.0,/Users/rkfuentes/Documents/md_anderson_analysis/yepes_code/data/2025-11-20/scope-results-2025-11-20-0227.csv,8.800000000000492e-11,,28,,0,,50 ohms time 0.01
,SiC,1.0,Electron 85V,0.5,1.471551653030126e-41,0.0,40.0,/Users/rkfuentes/Documents/md_anderson_analysis/yepes_code/data/2025-11-20/scope-results-2025-11-20-0228.csv,2.9800000000001303e-10,,33,,0,,50 ohms time 0.01
,SiC,1.0,Electron 85V,0.5,1.471551653030126e-41,0.0,40.0,/Users/rkfuentes/Documents/md_anderson_analysis/yepes_code/data/2025-11-20/scope-results-2025-11-20-0229.csv,8.093333333333338e-09,,55,,0,,50 ohms time 0.01
,SiC,1.0,Electron 85V,0.5,1.471551653030126e-41,0.0,40.0,/Users/rkfuentes/Documents/md_anderson_analysis/yepes_code/data/2025-11-20/scope-results-2025-11-20-0230.csv,1.2918666666666679e-08,,278,,0,,50 ohms time 0.01
,SiC,1.0,Electron 85V,0.5,1.471551653030126e-41,0.0,40.0,/Users/rkfuentes/Documents/md_anderson_analysis/yepes_code/data/2025-11-20/scope-results-2025-11-20-0231.csv,1.4840000000000013e-09,,50,,0,,50 ohms time 0.01
,SiC,1.0,Electron 85V,0.5,1.471551653030126e-41,0.0,40.0,/Users/rkfuentes/Documents/md_anderson_analysis/yepes_code/data/2025-11-20/scope-results-2025-11-20-0232.csv,5.233333333333574e-10,,34,,0,,50 ohms time 0.01
,SiC,1.0,Electron 85V,0.5,1.471551653030126e-41,0.0,40.0,/Users/rkfuentes/Documents/md_anderson_analysis/yepes_code/data/2025-11-20/scope-results-2025-11-20-0233.csv,8.233333333334008e-11,,27,,0,,50 ohms time 0.01
,SiC,1.0,Electron 85V,0.5,1.471551653030126e-41,0.0,40.0,/Users/rkfuentes/Documents/md_anderson_analysis/yepes_code/data/2025-11-20/scope-results-2025-11-20-0234.csv,1.270999999999989e-09,,35,,0,,50 ohms time 0.01
,SiC,1.0,Electron 85V,0.5,1.471551653030126e-41,0.0,40.0,/Users/rkfuentes/Documents/md_anderson_analysis/yepes_code/data/2025-11-20/scope-results-2025-11-20-0235.csv,2.0900128373552406e-11,,23,,0,,50 ohms time 0.01
,SiC,1.0,Electron 85V,0.5,1.471551653030126e-41,0.0,40.0,/Users/rkfuentes/Documents/md_anderson_analysis/yepes_code/data/2025-11-20/scope-results-2025-11-20-0236.csv,2.2533333333333127e-09,,97,,0,,50 ohms time 0.01
,SiC,1.0,Electron 85V,0.5,1.471551653030126e-41,0.0,40.0,/Users/rkfuentes/Documents/md_anderson_analysis/yepes_code/data/2025-11-20/scope-results-2025-11-20-0237.csv,1.4043333333333453e-09,,109,,0,,50 ohms time 0.01
,SiC,1.0,Electron 85V,0.5,1.471551653030126e-41,0.0,40.0,/Users/rkfuentes/Documents/md_anderson_analysis/yepes_code/data/2025-11-20/scope-results-2025-11-20-0238.csv,5.575667950402267e-10,,29,,0,,50 ohms time 0.01
,SiC,1.0,Electron 85V,0.5,1.471551653030126e-41,0.0,40.0,/Users/rkfuentes/Documents/md_anderson_analysis/yepes_code/data/2025-11-20/scope-results-2025-11-20-0239.csv,6.706666666666665e-10,,32,,0,,50 ohms time 0.01
,SiC,1.0,Electron 85V,0.5,1.471551653030126e-41,0.0,40.0,/Users/rkfuentes/Documents/md_anderson_analysis/yepes_code/data/2025-11-20/scope-results-2025-11-20-0240.csv,6.666666666719376e-13,,34,,0,,50 ohms time 0.01
,SiC,1.0,Electron 85V,0.5,1.471551653030126e-41,0.0,40.0,/Users/rkfuentes/Documents/md_anderson_analysis/yepes_code/data/2025-11-20/scope-results-2025-11-20-0241.csv,1.7159666666666657e-08,,281,,0,,50 ohms time 0.01
,SiC,1.0,Electron 85V,0.5,1.471551653030126e-41,0.0,40.0,/Users/rkfuentes/Documents/md_anderson_analysis/yepes_code/data/2025-11-20/scope-results-2025-11-20-0242.csv,3.0173333333333366e-09,,65,,0,,50 ohms time 0.01
,SiC,1.0,Electron 85V,0.5,1.471551653030126e-41,0.0,40.0,/Users/rkfuentes/Documents/md_anderson_analysis/yepes_code/data/2025-11-20/scope-results-2025-11-20-0243.csv,7.767000000000013e-09,,290,,0,,50 ohms time 0.01
,SiC,1.0,Electron 85V,0.5,1.471551653030126e-41,0.0,40.0,/Users/rkfuentes/Documents/md_anderson_analysis/yepes_code/data/2025-11-20/scope-results-2025-11-20-0244.csv,3.333333333332962e-11,,35,,0,,50 ohms time 0.01
,SiC,1.0,Electron 85V,0.5,1.471551653030126e-41,0.0,40.0,/Users/rkfuentes/Documents/md_anderson_analysis/yepes_code/data/2025-11-20/scope-results-2025-11-20-0245.csv,6.123346170688594e-11,,23,,0,,50 ohms time 0.01
,SiC,1.0,Electron 85V,0.5,1.471551653030126e-41,0.0,40.0,/Users/rkfuentes/Documents/md_anderson_analysis/yepes_code/data/2025-11-20/scope-results-2025-11-20-0246.csv,4.22000000000002e-09,,50,,0,,50 ohms time 0.01
,SiC,1.0,Electron 85V,0.5,1.471551653030126e-41,0.0,40.0,/Users/rkfuentes/Documents/md_anderson_analysis/yepes_code/data/2025-11-20/scope-results-2025-11-20-0247.csv,7.456679504022649e-11,,30,,0,,50 ohms time 0.01
,SiC,1.0,Electron 85V,0.5,1.471551653030126e-41,0.0,40.0,/Users/rkfuentes/Documents/md_anderson_analysis/yepes_code/data/2025-11-20/scope-results-2025-11-20-0248.csv,6.929999999999951e-10,,27,,0,,50 ohms time 0.01
,SiC,1.0,Electron 85V,0.5,1.471551653030126e-41,0.0,40.0,/Users/rkfuentes/Documents/md_anderson_analysis/yepes_code/data/2025-11-20/scope-results-2025-11-20-0249.csv,6.73923333333333e-08,,286,,0,,50 ohms time 0.01
,SiC,1.0,Electron 85V,0.5,1.471551653030126e-41,0.0,40.0,/Users/rkfuentes/Documents/md_anderson_analysis/yepes_code/data/2025-11-20/scope-results-2025-11-20-0250.csv,6.659999999999864e-10,,38,,0,,50 ohms time 0.01
,SiC,1.0,Electron 85V,0.5,1.471551653030126e-41,0.0,40.0,/Users/rkfuentes/Documents/md_anderson_analysis/yepes_code/data/2025-11-20/scope-results-2025-11-20-0251.csv,3.3166666666665404e-10,,51,,0,,50 ohms time 0.01
,SiC,1.0,Electron 110V,0.5,1.471551653030126e-41,0.0,40.0,/Users/rkfuentes/Documents/md_anderson_analysis/yepes_code/data/2025-11-20/scope-results-2025-11-20-0291.csv,6.1746666666666466e-09,,87,,0,,50 ohms time 0.01
,SiC,1.0,Electron 110V,0.5,1.471551653030126e-41,0.0,40.0,/Users/rkfuentes/Documents/md_anderson_analysis/yepes_code/data/2025-11-20/scope-results-2025-11-20-0292.csv,6.354666666666654e-09,,84,,0,,50 ohms time 0.01
,SiC,1.0,Electron 110V,0.5,1.471551653030126e-41,0.0,40.0,/Users/rkfuentes/Documents/md_anderson_analysis/yepes_code/data/2025-11-20/scope-results-2025-11-20-0293.csv,6.337333333333308e-09,,78,,0,,50 ohms time 0.01
,SiC,1.0,Electron 110V,0.5,1.471551653030126e-41,0.0,40.0,/Users/rkfuentes/Documents/md_anderson_analysis/yepes_code/data/2025-11-20/scope-results-2025-11-20-0294.csv,4.909666666666666e-09,,55,,0,,50 ohms time 0.01
,SiC,1.0,Electron 110V,0.5,1.471551653030126e-41,0.0,40.0,/Users/rkfuentes/Documents/md_anderson_analysis/yepes_code/data/2025-11-20/scope-results-2025-11-20-0295.csv,7.72533333333333e-09,,81,,0,,50 ohms time 0.01
,SiC,1.0,Electron 110V,0.5,1.471551653030126e-41,0.0,40.0,/Users/rkfuentes/Documents/md_anderson_analysis/yepes_code/data/2025-11-20/scope-results-2025-11-20-0296.csv,5.982666666666666e-09,,81,,0,,50 ohms time 0.01
,SiC,1.0,Electron 110V,0.5,1.471551653030126e-41,0.0,40.0,/Users/rkfuentes/Documents/md_anderson_analysis/yepes_code/data/2025-11-20/scope-results-2025-11-20-0297.csv,4.857333333333337e-09,,76,,0,,50 ohms time 0.01
,SiC,1.0,Electron 110V,0.5,1.471551653030126e-41,0.0,40.0,/Users/rkfuentes/Documents/md_anderson_analysis/yepes_code/data/2025-11-20/scope-results-2025-11-20-0298.csv,4.606e-09,,75,,0,,50 ohms time 0.01
,SiC,1.0,Electron 110V,0.5,1.471551653030126e-41,0.0,40.0,/Users/rkfuentes/Documents/md_anderson_analysis/yepes_code/data/2025-11-20/scope-results-2025-11-20-0299.csv,6.032000000000003e-09,,66,,0,,50 ohms time 0.01
,SiC,1.0,Electron 110V,0.5,1.471551653030126e-41,0.0,40.0,/Users/rkfuentes/Documents/md_anderson_analysis/yepes_code/data/2025-11-20/scope-results-2025-11-20-0300.csv,6.219999999999989e-09,,83,,0,,50 ohms time 0.01
,SiC,1.0,Electron 110V,0.5,1.471551653030126e-41,0.0,40.0,/Users/rkfuentes/Documents/md_anderson_analysis/yepes_code/data/2025-11-20/scope-results-2025-11-20-0301.csv,6.099999999999985e-09,,86,,0,,50 ohms time 0.01
,SiC,1.0,Electron 110V,0.5,1.471551653030126e-41,0.0,40.0,/Users/rkfuentes/Documents/md_anderson_analysis/yepes_code/data/2025-11-20/scope-results-2025-11-20-0302.csv,4.730333333333345e-09,,74,,0,,50 ohms time 0.01
,SiC,1.0,Electron 110V,0.5,1.471551653030126e-41,0.0,40.0,/Users/rkfuentes/Documents/md_anderson_analysis/yepes_code/data/2025-11-20/scope-results-2025-11-20-0303.csv,6.0720000000000196e-09,,74,,0,,50 ohms time 0.01
,SiC,1.0,Electron 110V,0.5,1.471551653030126e-41,0.0,40.0,/Users/rkfuentes/Documents/md_anderson_analysis/yepes_code/data/2025-11-20/scope-results-2025-11-20-0304.csv,4.758666666666671e-09,,71,,0,,50 ohms time 0.01
,SiC,1.0,Electron 110V,0.5,1.471551653030126e-41,0.0,40.0,/Users/rkfuentes/Documents/md_anderson_analysis/yepes_code/data/2025-11-20/scope-results-2025-11-20-0305.csv,6.03066666666666e-09,,76,,0,,50 ohms time 0.01
,SiC,1.0,Electron 110V,0.5,1.471551653030126e-41,0.0,40.0,/Users/rkfuentes/Documents/md_anderson_analysis/yepes_code/data/2025-11-20/scope-results-2025-11-20-0306.csv,4.80933333333333e-09,,46,,0,,50 ohms time 0.01
,SiC,1.0,Electron 110V,0.5,1.471551653030126e-41,0.0,40.0,/Users/rkfuentes/Documents/md_anderson_analysis/yepes_code/data/2025-11-20/scope-results-2025-11-20-0307.csv,4.553333333333346e-09,,82,,0,,50 ohms time 0.01
,SiC,1.0,Electron 110V,0.5,1.471551653030126e-41,0.0,40.0,/Users/rkfuentes/Documents/md_anderson_analysis/yepes_code/data/2025-11-20/scope-results-2025-11-20-0308.csv,6.118666666666674e-09,,78,,0,,50 ohms time 0.01
,SiC,1.0,Electron 191V,0.5,1.471551653030126e-41,0.0,40.0,/Users/rkfuentes/Documents/md_anderson_analysis/yepes_code/data/2025-11-20/scope-results-2025-11-20-0354.csv,2.8025666666666713e-08,,84,,0,,50 ohms time 0.01
,SiC,1.0,Electron 191V,0.5,1.471551653030126e-41,0.0,40.0,/Users/rkfuentes/Documents/md_anderson_analysis/yepes_code/data/2025-11-20/scope-results-2025-11-20-0355.csv,2.7761333333333322e-08,,90,,0,,50 ohms time 0.01
,SiC,1.0,Electron 191V,0.5,1.471551653030126e-41,0.0,40.0,/Users/rkfuentes/Documents/md_anderson_analysis/yepes_code/data/2025-11-20/scope-results-2025-11-20-0356.csv,2.8364666666666667e-08,,86,,0,,50 ohms time 0.01
,SiC,1.0,Electron 191V,0.5,1.471551653030126e-41,0.0,40.0,/Users/rkfuentes/Documents/md_anderson_analysis/yepes_code/data/2025-11-20/scope-results-2025-11-20-0357.csv,2.6182666666666688e-08,,76,,0,,50 ohms time 0.01
,SiC,1.0,Electron 191V,0.5,1.471551653030126e-41,0.0,40.0,/Users/rkfuentes/Documents/md_anderson_analysis/yepes_code/data/2025-11-20/scope-results-2025-11-20-0358.csv,2.719733333333334e-08,,86,,0,,50 ohms time 0.01
,SiC,1.0,Electron 191V,0.5,1.471551653030126e-41,0.0,40.0,/Users/rkfuentes/Documents/md_anderson_analysis/yepes_code/data/2025-11-20/scope-results-2025-11-20-0359.csv,2.5815999999999988e-08,,90,,0,,50 ohms time 0.01
,SiC,1.0,Electron 191V,0.5,1.471551653030126e-41,0.0,40.0,/Users/rkfuentes/Documents/md_anderson_analysis/yepes_code/data/2025-11-20/scope-results-2025-11-20-0360.csv,2.7654999999999982e-08,,89,,0,,50 ohms time 0.01
,SiC,1.0,Electron 191V,0.5,1.471551653030126e-41,0.0,40.0,/Users/rkfuentes/Documents/md_anderson_analysis/yepes_code/data/2025-11-20/scope-results-2025-11-20-0361.csv,2.8691000000000012e-08,,86,,0,,50 ohms time 0.01
,SiC,1.0,Electron 191V,0.5,1.471551653030126e-41,0.0,40.0,/Users/rkfuentes/Documents/md_anderson_analysis/yepes_code/data/2025-11-20/scope-results-2025-11-20-0362.csv,2.775066666666668e-08,,86,,0,,50 ohms time 0.01
,SiC,1.0,Electron 191V,0.5,1.471551653030126e-41,0.0,40.0,/Users/rkfuentes/Documents/md_anderson_analysis/yepes_code/data/2025-11-20/scope-results-2025-11-20-0363.csv,2.4244000000000015e-08,,87,,0,,50 ohms time 0.01
,SiC,1.0,Electron 191V,0.5,1.471551653030126e-41,0.0,40.0,/Users/rkfuentes/Documents/md_anderson_analysis/yepes_code/data/2025-11-20/scope-results-2025-11-20-0364.csv,2.7706333333333353e-08,,98,,0,,50 ohms time 0.01
,SiC,1.0,Electron 85V,0.5,1.471551653030126e-41,0.0,40.0,/Users/rkfuentes/Documents/md_anderson_analysis/yepes_code/data/2025-11-20/scope-results-2025-11-20-0627.csv,5.413333333334967e-10,,53,,0,,50 ohms time 0.01
,SiC,1.0,Electron 85V,0.5,1.471551653030126e-41,0.0,40.0,/Users/rkfuentes/Documents/md_anderson_analysis/yepes_code/data/2025-11-20/scope-results-2025-11-20-0628.csv,7.460000000000057e-10,,26,,0,,50 ohms time 0.01
,SiC,1.0,Electron 85V,0.5,1.471551653030126e-41,0.0,40.0,/Users/rkfuentes/Documents/md_anderson_analysis/yepes_code/data/2025-11-20/scope-results-2025-11-20-0629.csv,1.5040000000000051e-09,,56,,0,,50 ohms time 0.01
,SiC,1.0,Electron 85V,0.5,1.471551653030126e-41,0.0,40.0,/Users/rkfuentes/Documents/md_anderson_analysis/yepes_code/data/2025-11-20/scope-results-2025-11-20-0630.csv,1.6346666666667123e-09,,50,,0,,50 ohms time 0.01
,SiC,1.0,Electron 85V,0.5,1.471551653030126e-41,0.0,40.0,/Users/rkfuentes/Documents/md_anderson_analysis/yepes_code/data/2025-11-20/scope-results-2025-11-20-0631.csv,6.206666666666643e-10,,29,,0,,50 ohms time 0.01
,SiC,1.0,Electron 85V,0.5,1.471551653030126e-41,0.0,40.0,/Users/rkfuentes/Documents/md_anderson_analysis/yepes_code/data/2025-11-20/scope-results-2025-11-20-0632.csv,1.9266666666666928e-10,,79,,0,,50 ohms time 0.01
,SiC,1.0,Electron 85V,0.5,1.471551653030126e-41,0.0,40.0,/Users/rkfuentes/Documents/md_anderson_analysis/yepes_code/data/2025-11-20/scope-results-2025-11-20-0633.csv,1.0666666666664014e-10,,49,,0,,50 ohms time 0.01
,SiC,1.0,Electron 85V,0.5,1.471551653030126e-41,0.0,40.0,/Users/rkfuentes/Documents/md_anderson_analysis/yepes_code/data/2025-11-20/scope-results-2025-11-20-0634.csv,5.0666666666642226e-11,,29,,0,,50 ohms time 0.01
,SiC,1.0,Electron 85V,0.5,1.471551653030126e-41,0.0,40.0,/Users/rkfuentes/Documents/md_anderson_analysis/yepes_code/data/2025-11-20/scope-results-2025-11-20-0635.csv,4.027333333333307e-09,,63,,0,,50 ohms time 0.01
,SiC,1.0,Electron 85V,0.5,1.471551653030126e-41,0.0,40.0,/Users/rkfuentes/Documents/md_anderson_analysis/yepes_code/data/2025-11-20/scope-results-2025-11-20-0636.csv,1.8319999999999982e-09,,42,,0,,50 ohms time 0.01
,SiC,1.0,Electron 85V,0.5,1.471551653030126e-41,0.0,40.0,/Users/rkfuentes/Documents/md_anderson_analysis/yepes_code/data/2025-11-20/scope-results-2025-11-20-0637.csv,1.693333333333306e-09,,47,,0,,50 ohms time 0.01
,SiC,1.0,Electron 85V,0.5,1.471551653030126e-41,0.0,40.0,/Users/rkfuentes/Documents/md_anderson_analysis/yepes_code/data/2025-11-20/scope-results-2025-11-20-0638.csv,1.7966666666667577e-09,,53,,0,,50 ohms time 0.01
,SiC,1.0,Electron 85V,0.5,1.471551653030126e-41,0.0,40.0,/Users/rkfuentes/Documents/md_anderson_analysis/yepes_code/data/2025-11-20/scope-results-2025-11-20-0639.csv,1.076800000000002e-08,,38,,0,,50 ohms time 0.01
,SiC,1.0,Electron 85V,0.5,1.471551653030126e-41,0.0,40.0,/Users/rkfuentes/Documents/md_anderson_analysis/yepes_code/data/2025-11-20/scope-results-2025-11-20-0640.csv,1.2933333333333266e-09,,35,,0,,50 ohms time 0.01
,SiC,1.0,Electron 85V,0.5,1.471551653030126e-41,0.0,40.0,/Users/rkfuentes/Documents/md_anderson_analysis/yepes_code/data/2025-11-20/scope-results-2025-11-20-0641.csv,1.67999999999984e-10,,54,,0,,50 ohms time 0.01
,SiC,1.0,Electron 85V,0.5,1.471551653030126e-41,0.0,40.0,/Users/rkfuentes/Documents/md_anderson_analysis/yepes_code/data/2025-11-20/scope-results-2025-11-20-0642.csv,8.320000000000229e-10,,26,,0,,50 ohms time 0.01
,SiC,1.0,Electron 85V,0.5,1.471551653030126e-41,0.0,40.0,/Users/rkfuentes/Documents/md_anderson_analysis/yepes_code/data/2025-11-20/scope-results-2025-11-20-0643.csv,2.6666666666666647e-10,,28,,0,,50 ohms time 0.01
,SiC,1.0,Electron 85V,0.5,1.471551653030126e-41,0.0,40.0,/Users/rkfuentes/Documents/md_anderson_analysis/yepes_code/data/2025-11-20/scope-results-2025-11-20-0644.csv,6.399999999999237e-11,,38,,0,,50 ohms time 0.01
,SiC,1.0,Electron 85V,0.5,1.471551653030126e-41,0.0,40.0,/Users/rkfuentes/Documents/md_anderson_analysis/yepes_code/data/2025-11-20/scope-results-2025-11-20-0645.csv,1.4559999999999941e-09,,38,,0,,50 ohms time 0.01
,SiC,1.0,Electron 85V,0.5,1.471551653030126e-41,0.0,40.0,/Users/rkfuentes/Documents/md_anderson_analysis/yepes_code/data/2025-11-20/scope-results-2025-11-20-0646.csv,8.373333333333267e-10,,25,,0,,50 ohms time 0.01
,SiC,1.0,Electron 85V,0.5,1.471551653030126e-41,0.0,40.0,/Users/rkfuentes/Documents/md_anderson_analysis/yepes_code/data/2025-11-20/scope-results-2025-11-20-0647.csv,5.893333333333904e-10,,28,,0,,50 ohms time 0.01
,SiC,1.0,Electron 85V,0.5,1.471551653030126e-41,0.0,40.0,/Users/rkfuentes/Documents/md_anderson_analysis/yepes_code/data/2025-11-20/scope-results-2025-11-20-0648.csv,1.8399999999998897e-10,,46,,0,,50 ohms time 0.01
,SiC,1.0,Electron 85V,0.5,1.471551653030126e-41,0.0,40.0,/Users/rkfuentes/Documents/md_anderson_analysis/yepes_code/data/2025-11-20/scope-results-2025-11-20-0649.csv,1.2219974325288154e-10,,26,,0,,50 ohms time 0.01
,SiC,1.0,Electron 85V,0.5,1.471551653030126e-41,0.0,40.0,/Users/rkfuentes/Documents/md_anderson_analysis/yepes_code/data/2025-11-20/scope-results-2025-11-20-0650.csv,3.0320000000000024e-09,,85,,0,,50 ohms time 0.01
,SiC,1.0,Electron 85V,0.5,1.471551653030126e-41,0.0,40.0,/Users/rkfuentes/Documents/md_anderson_analysis/yepes_code/data/2025-11-20/scope-results-2025-11-20-0651.csv,8.666666666660546e-12,,15,,0,,50 ohms time 0.01
,SiC,1.0,Electron 85V,0.5,1.471551653030126e-41,0.0,40.0,/Users/rkfuentes/Documents/md_anderson_analysis/yepes_code/data/2025-11-20/scope-results-2025-11-20-0652.csv,1.6533333333333409e-09,,57,,0,,50 ohms time 0.01
,SiC,1.0,Electron 110V,0.5,1.471551653030126e-41,0.0,40.0,/Users/rkfuentes/Documents/md_anderson_analysis/yepes_code/data/2025-11-20/scope-results-2025-11-20-0653.csv,1.736000000000009e-09,,38,,0,,50 ohms time 0.01
,SiC,1.0,Electron 110V,0.5,1.471551653030126e-41,0.0,40.0,/Users/rkfuentes/Documents/md_anderson_analysis/yepes_code/data/2025-11-20/scope-results-2025-11-20-0654.csv,5.9410666666666626e-08,,289,,0,,50 ohms time 0.01
,SiC,1.0,Electron 110V,0.5,1.471551653030126e-41,0.0,40.0,/Users/rkfuentes/Documents/md_anderson_analysis/yepes_code/data/2025-11-20/scope-results-2025-11-20-0655.csv,6.031999999999998e-09,,54,,0,,50 ohms time 0.01
,SiC,1.0,Electron 191V,0.5,1.471551653030126e-41,0.0,40.0,/Users/rkfuentes/Documents/md_anderson_analysis/yepes_code/data/2025-11-20/scope-results-2025-11-20-0656.csv,6.133333333333308e-10,,83,,0,,50 ohms time 0.01
,SiC,1.0,Electron 191V,0.5,1.471551653030126e-41,0.0,40.0,/Users/rkfuentes/Documents/md_anderson_analysis/yepes_code/data/2025-11-20/scope-results-2025-11-20-0657.csv,6.663999999999952e-09,,285,,0,,50 ohms time 0.01
,SiC,1.0,Electron 191V,0.5,1.471551653030126e-41,0.0,40.0,/Users/rkfuentes/Documents/md_anderson_analysis/yepes_code/data/2025-11-20/scope-results-2025-11-20-0658.csv,2.3973333333332787e-09,,59,,0,,50 ohms time 0.01
,SiC,1.0,Electron 85V,0.5,1.471551653030126e-41,0.0,40.0,/Users/rkfuentes/Documents/md_anderson_analysis/yepes_code/data/2025-11-20/scope-results-2025-11-20-0696.csv,1.0406666666665963e-10,,28,,0,,50 ohms time 0.01
,SiC,1.0,Electron 85V,0.5,1.471551653030126e-41,0.0,40.0,/Users/rkfuentes/Documents/md_anderson_analysis/yepes_code/data/2025-11-20/scope-results-2025-11-20-0697.csv,3.99713333333331e-09,,32,,0,,50 ohms time 0.01
,SiC,1.0,Electron 85V,0.5,1.471551653030126e-41,0.0,40.0,/Users/rkfuentes/Documents/md_anderson_analysis/yepes_code/data/2025-11-20/scope-results-2025-11-20-0698.csv,1.9093333333332423e-10,,37,,0,,50 ohms time 0.01
,SiC,1.0,Electron 85V,0.5,1.471551653030126e-41,0.0,40.0,/Users/rkfuentes/Documents/md_anderson_analysis/yepes_code/data/2025-11-20/scope-results-2025-11-20-0699.csv,1.691046666666671e-08,,31,,0,,50 ohms time 0.01
,SiC,1.0,Electron 85V,0.5,1.471551653030126e-41,0.0,40.0,/Users/rkfuentes/Documents/md_anderson_analysis/yepes_code/data/2025-11-20/scope-results-2025-11-20-0700.csv,1.2933333333339126e-11,,32,,0,,50 ohms time 0.01
,SiC,1.0,Electron 85V,0.5,1.471551653030126e-41,0.0,40.0,/Users/rkfuentes/Documents/md_anderson_analysis/yepes_code/data/2025-11-20/scope-results-2025-11-20-0701.csv,2.10293333333332e-09,,45,,0,,50 ohms time 0.01
,SiC,1.0,Electron 85V,0.5,1.471551653030126e-41,0.0,40.0,/Users/rkfuentes/Documents/md_anderson_analysis/yepes_code/data/2025-11-20/scope-results-2025-11-20-0702.csv,6.438002567471353e-11,,30,,0,,50 ohms time 0.01
,SiC,1.0,Electron 85V,0.5,1.471551653030126e-41,0.0,40.0,/Users/rkfuentes/Documents/md_anderson_analysis/yepes_code/data/2025-11-20/scope-results-2025-11-20-0703.csv,7.833333333332648e-11,,29,,0,,50 ohms time 0.01
,SiC,1.0,Electron 85V,0.5,1.471551653030126e-41,0.0,40.0,/Users/rkfuentes/Documents/md_anderson_analysis/yepes_code/data/2025-11-20/scope-results-2025-11-20-0704.csv,3.333333333364396e-12,,30,,0,,50 ohms time 0.01
,SiC,1.0,Electron 85V,0.5,1.471551653030126e-41,0.0,40.0,/Users/rkfuentes/Documents/md_anderson_analysis/yepes_code/data/2025-11-20/scope-results-2025-11-20-0705.csv,9.993333333331514e-11,,29,,0,,50 ohms time 0.01
,SiC,1.0,Electron 85V,0.5,1.471551653030126e-41,0.0,40.0,/Users/rkfuentes/Documents/md_anderson_analysis/yepes_code/data/2025-11-20/scope-results-2025-11-20-0706.csv,5.5200000000006444e-11,,27,,0,,50 ohms time 0.01
,SiC,1.0,Electron 85V,0.5,1.471551653030126e-41,0.0,40.0,/Users/rkfuentes/Documents/md_anderson_analysis/yepes_code/data/2025-11-20/scope-results-2025-11-20-0707.csv,6.986666666666933e-10,,49,,0,,50 ohms time 0.01
,SiC,1.0,Electron 85V,0.5,1.471551653030126e-41,0.0,40.0,/Users/rkfuentes/Documents/md_anderson_analysis/yepes_code/data/2025-11-20/scope-results-2025-11-20-0708.csv,5.086666666668478e-11,,31,,0,,50 ohms time 0.01
,SiC,1.0,Electron 85V,0.5,1.471551653030126e-41,0.0,40.0,/Users/rkfuentes/Documents/md_anderson_analysis/yepes_code/data/2025-11-20/scope-results-2025-11-20-0709.csv,2.7379999999997144e-10,,33,,0,,50 ohms time 0.01
,SiC,1.0,Electron 85V,0.5,1.471551653030126e-41,0.0,40.0,/Users/rkfuentes/Documents/md_anderson_analysis/yepes_code/data/2025-11-20/scope-results-2025-11-20-0710.csv,5.6466666666666e-11,,44,,0,,50 ohms time 0.01
,SiC,1.0,Electron 85V,0.5,1.471551653030126e-41,0.0,40.0,/Users/rkfuentes/Documents/md_anderson_analysis/yepes_code/data/2025-11-20/scope-results-2025-11-20-0711.csv,1.3706666666666704e-10,,58,,0,,50 ohms time 0.01
,SiC,1.0,Electron 85V,0.5,1.471551653030126e-41,0.0,40.0,/Users/rkfuentes/Documents/md_anderson_analysis/yepes_code/data/2025-11-20/scope-results-2025-11-20-0712.csv,3.0593333333339884e-10,,29,,0,,50 ohms time 0.01
,SiC,1.0,Electron 85V,0.5,1.471551653030126e-41,0.0,40.0,/Users/rkfuentes/Documents/md_anderson_analysis/yepes_code/data/2025-11-20/scope-results-2025-11-20-0713.csv,2.088666666666707e-10,,35,,0,,50 ohms time 0.01
,SiC,1.0,Electron 110V,0.5,1.471551653030126e-41,0.0,40.0,/Users/rkfuentes/Documents/md_anderson_analysis/yepes_code/data/2025-11-20/scope-results-2025-11-20-0714.csv,6.619999999999933e-11,,27,,0,,50 ohms time 0.01
,SiC,1.0,Electron 110V,0.5,1.471551653030126e-41,0.0,40.0,/Users/rkfuentes/Documents/md_anderson_analysis/yepes_code/data/2025-11-20/scope-results-2025-11-20-0715.csv,8.726666666667074e-11,,26,,0,,50 ohms time 0.01
,SiC,1.0,Electron 110V,0.5,1.471551653030126e-41,0.0,40.0,/Users/rkfuentes/Documents/md_anderson_analysis/yepes_code/data/2025-11-20/scope-results-2025-11-20-0716.csv,1.3026666666666446e-10,,28,,0,,50 ohms time 0.01
,SiC,1.0,Electron 110V,0.5,1.471551653030126e-41,0.0,40.0,/Users/rkfuentes/Documents/md_anderson_analysis/yepes_code/data/2025-11-20/scope-results-2025-11-20-0717.csv,5.0533333333334985e-11,,26,,0,,50 ohms time 0.01
,SiC,1.0,Electron 110V,0.5,1.471551653030126e-41,0.0,40.0,/Users/rkfuentes/Documents/md_anderson_analysis/yepes_code/data/2025-11-20/scope-results-2025-11-20-0718.csv,2.850133333333322e-09,,310,,0,,50 ohms time 0.01
,SiC,1.0,Electron 110V,0.5,1.471551653030126e-41,0.0,40.0,/Users/rkfuentes/Documents/md_anderson_analysis/yepes_code/data/2025-11-20/scope-results-2025-11-20-0719.csv,2.2666666666670065e-12,,25,,0,,50 ohms time 0.01
,SiC,1.0,Electron 110V,0.5,1.471551653030126e-41,0.0,40.0,/Users/rkfuentes/Documents/md_anderson_analysis/yepes_code/data/2025-11-20/scope-results-2025-11-20-0720.csv,1.8446666666666292e-10,,24,,0,,50 ohms time 0.01
,SiC,1.0,Electron 110V,0.5,1.471551653030126e-41,0.0,40.0,/Users/rkfuentes/Documents/md_anderson_analysis/yepes_code/data/2025-11-20/scope-results-2025-11-20-0721.csv,2.1660000000000396e-10,,30,,0,,50 ohms time 0.01
,SiC,1.0,Electron 110V,0.5,1.471551653030126e-41,0.0,40.0,/Users/rkfuentes/Documents/md_anderson_analysis/yepes_code/data/2025-11-20/scope-results-2025-11-20-0722.csv,4.753333333333283e-11,,25,,0,,50 ohms time 0.01
,SiC,1.0,Electron 110V,0.5,1.471551653030126e-41,0.0,40.0,/Users/rkfuentes/Documents/md_anderson_analysis/yepes_code/data/2025-11-20/scope-results-2025-11-20-0723.csv,1.0839999999999859e-10,,26,,0,,50 ohms time 0.01
,SiC,1.0,Electron 110V,0.5,1.471551653030126e-41,0.0,40.0,/Users/rkfuentes/Documents/md_anderson_analysis/yepes_code/data/2025-11-20/scope-results-2025-11-20-0724.csv,1.0566666666666589e-10,,26,,0,,50 ohms time 0.01
,SiC,1.0,Electron 110V,0.5,1.471551653030126e-41,0.0,40.0,/Users/rkfuentes/Documents/md_anderson_analysis/yepes_code/data/2025-11-20/scope-results-2025-11-20-0725.csv,7.94666666666662e-11,,25,,0,,50 ohms time 0.01
,SiC,1.0,Electron 110V,0.5,1.471551653030126e-41,0.0,40.0,/Users/rkfuentes/Documents/md_anderson_analysis/yepes_code/data/2025-11-20/scope-results-2025-11-20-0726.csv,1.683999999999983e-10,,24,,0,,50 ohms time 0.01
,SiC,1.0,Electron 110V,0.5,1.471551653030126e-41,0.0,40.0,/Users/rkfuentes/Documents/md_anderson_analysis/yepes_code/data/2025-11-20/scope-results-2025-11-20-0727.csv,2.04666666666667e-10,,24,,0,,50 ohms time 0.01
,SiC,1.0,Electron 191V,0.5,1.471551653030126e-41,0.0,40.0,/Users/rkfuentes/Documents/md_anderson_analysis/yepes_code/data/2025-11-20/scope-results-2025-11-20-0728.csv,1.1489333333333327e-08,,77,,0,,50 ohms time 0.01
,SiC,1.0,Electron 191V,0.5,1.471551653030126e-41,0.0,40.0,/Users/rkfuentes/Documents/md_anderson_analysis/yepes_code/data/2025-11-20/scope-results-2025-11-20-0729.csv,9.143733333333344e-09,,90,,0,,50 ohms time 0.01
,SiC,1.0,Electron 191V,0.5,1.471551653030126e-41,0.0,40.0,/Users/rkfuentes/Documents/md_anderson_analysis/yepes_code/data/2025-11-20/scope-results-2025-11-20-0730.csv,1.1294000000000003e-08,,86,,0,,50 ohms time 0.01
,SiC,1.0,Electron 191V,0.5,1.471551653030126e-41,0.0,40.0,/Users/rkfuentes/Documents/md_anderson_analysis/yepes_code/data/2025-11-20/scope-results-2025-11-20-0731.csv,9.796000000000009e-09,,88,,0,,50 ohms time 0.01
,SiC,1.0,Electron 191V,0.5,1.471551653030126e-41,0.0,40.0,/Users/rkfuentes/Documents/md_anderson_analysis/yepes_code/data/2025-11-20/scope-results-2025-11-20-0732.csv,1.0323799999999998e-08,,81,,0,,50 ohms time 0.01
,SiC,1.0,Electron 191V,0.5,1.471551653030126e-41,0.0,40.0,/Users/rkfuentes/Documents/md_anderson_analysis/yepes_code/data/2025-11-20/scope-results-2025-11-20-0733.csv,1.0307733333333334e-08,,96,,0,,50 ohms time 0.01
,SiC,1.0,Electron 191V,0.5,1.471551653030126e-41,0.0,40.0,/Users/rkfuentes/Documents/md_anderson_analysis/yepes_code/data/2025-11-20/scope-results-2025-11-20-0734.csv,9.317333333333323e-09,,85,,0,,50 ohms time 0.01
,SiC,1.0,Electron 191V,0.5,1.471551653030126e-41,0.0,40.0,/Users/rkfuentes/Documents/md_anderson_analysis/yepes_code/data/2025-11-20/scope-results-2025-11-20-0735.csv,1.092826666666667e-08,,85,,0,,50 ohms time 0.01
,SiC,1.0,Electron 191V,0.5,1.471551653030126e-41,0.0,40.0,/Users/rkfuentes/Documents/md_anderson_analysis/yepes_code/data/2025-11-20/scope-results-2025-11-20-0736.csv,9.603200000000006e-09,,83,,0,,50 ohms time 0.01
,SiC,1.0,Electron 191V,0.5,1.471551653030126e-41,0.0,40.0,/Users/rkfuentes/Documents/md_anderson_analysis/yepes_code/data/2025-11-20/scope-results-2025-11-20-0737.csv,9.12866666666667e-09,,83,,0,,50 ohms time 0.01
,SiC,1.0,Electron 85V,0.5,1.471551653030126e-41,0.0,40.0,/Users/rkfuentes/Documents/md_anderson_analysis/yepes_code/data/2025-11-20/scope-results-2025-11-20-0848.csv,1.3300000000001523e-10,,29,,0,,50 ohms time 0.01
,SiC,1.0,Electron 85V,0.5,1.471551653030126e-41,0.0,40.0,/Users/rkfuentes/Documents/md_anderson_analysis/yepes_code/data/2025-11-20/scope-results-2025-11-20-0849.csv,5.251333333333339e-10,,31,,0,,50 ohms time 0.01
,SiC,1.0,Electron 85V,0.5,1.471551653030126e-41,0.0,40.0,/Users/rkfuentes/Documents/md_anderson_analysis/yepes_code/data/2025-11-20/scope-results-2025-11-20-0850.csv,4.333333333333341e-10,,45,,0,,50 ohms time 0.01
,SiC,1.0,Electron 85V,0.5,1.471551653030126e-41,0.0,40.0,/Users/rkfuentes/Documents/md_anderson_analysis/yepes_code/data/2025-11-20/scope-results-2025-11-20-0851.csv,1.2140000000004249e-10,,34,,0,,50 ohms time 0.01
,SiC,1.0,Electron 85V,0.5,1.471551653030126e-41,0.0,40.0,/Users/rkfuentes/Documents/md_anderson_analysis/yepes_code/data/2025-11-20/scope-results-2025-11-20-0852.csv,1.5999999999996575e-11,,45,,0,,50 ohms time 0.01
,SiC,1.0,Electron 85V,0.5,1.471551653030126e-41,0.0,40.0,/Users/rkfuentes/Documents/md_anderson_analysis/yepes_code/data/2025-11-20/scope-results-2025-11-20-0853.csv,9.120000000000096e-11,,51,,0,,50 ohms time 0.01
,SiC,1.0,Electron 85V,0.5,1.471551653030126e-41,0.0,40.0,/Users/rkfuentes/Documents/md_anderson_analysis/yepes_code/data/2025-11-20/scope-results-2025-11-20-0854.csv,1.7073333333329334e-10,,30,,0,,50 ohms time 0.01
,SiC,1.0,Electron 85V,0.5,1.471551653030126e-41,0.0,40.0,/Users/rkfuentes/Documents/md_anderson_analysis/yepes_code/data/2025-11-20/scope-results-2025-11-20-0855.csv,1.3333333332038148e-13,,78,,0,,50 ohms time 0.01
,SiC,1.0,Electron 85V,0.5,1.471551653030126e-41,0.0,40.0,/Users/rkfuentes/Documents/md_anderson_analysis/yepes_code/data/2025-11-20/scope-results-2025-11-20-0856.csv,1.938666666666653e-10,,64,,0,,50 ohms time 0.01
,SiC,1.0,Electron 85V,0.5,1.471551653030126e-41,0.0,40.0,/Users/rkfuentes/Documents/md_anderson_analysis/yepes_code/data/2025-11-20/scope-results-2025-11-20-0857.csv,8.546666666659142e-11,,31,,0,,50 ohms time 0.01
,SiC,1.0,Electron 85V,0.5,1.471551653030126e-41,0.0,40.0,/Users/rkfuentes/Documents/md_anderson_analysis/yepes_code/data/2025-11-20/scope-results-2025-11-20-0858.csv,1.1789933333333349e-08,,55,,0,,50 ohms time 0.01
,SiC,1.0,Electron 85V,0.5,1.471551653030126e-41,0.0,40.0,/Users/rkfuentes/Documents/md_anderson_analysis/yepes_code/data/2025-11-20/scope-results-2025-11-20-0859.csv,1.4096133333333409e-08,,34,,0,,50 ohms time 0.01
,SiC,1.0,Electron 85V,0.5,1.471551653030126e-41,0.0,40.0,/Users/rkfuentes/Documents/md_anderson_analysis/yepes_code/data/2025-11-20/scope-results-2025-11-20-0860.csv,6.20666666666697e-11,,42,,0,,50 ohms time 0.01
,SiC,1.0,Electron 85V,0.5,1.471551653030126e-41,0.0,40.0,/Users/rkfuentes/Documents/md_anderson_analysis/yepes_code/data/2025-11-20/scope-results-2025-11-20-0861.csv,2.306666666672199e-11,,32,,0,,50 ohms time 0.01
,SiC,1.0,Electron 85V,0.5,1.471551653030126e-41,0.0,40.0,/Users/rkfuentes/Documents/md_anderson_analysis/yepes_code/data/2025-11-20/scope-results-2025-11-20-0862.csv,4.693333333337152e-11,,28,,0,,50 ohms time 0.01
,SiC,1.0,Electron 85V,0.5,1.471551653030126e-41,0.0,40.0,/Users/rkfuentes/Documents/md_anderson_analysis/yepes_code/data/2025-11-20/scope-results-2025-11-20-0863.csv,2.475333333333414e-10,,30,,0,,50 ohms time 0.01
,SiC,1.0,Electron 85V,0.5,1.471551653030126e-41,0.0,40.0,/Users/rkfuentes/Documents/md_anderson_analysis/yepes_code/data/2025-11-20/scope-results-2025-11-20-0864.csv,1.532666666667219e-10,,31,,0,,50 ohms time 0.01
,SiC,1.0,Electron 85V,0.5,1.471551653030126e-41,0.0,40.0,/Users/rkfuentes/Documents/md_anderson_analysis/yepes_code/data/2025-11-20/scope-results-2025-11-20-0865.csv,2.6853333333334043e-10,,30,,0,,50 ohms time 0.01
,SiC,1.0,Electron 85V,0.5,1.471551653030126e-41,0.0,40.0,/Users/rkfuentes/Documents/md_anderson_analysis/yepes_code/data/2025-11-20/scope-results-2025-11-20-0866.csv,6.286666666665011e-11,,32,,0,,50 ohms time 0.01
,SiC,1.0,Electron 85V,0.5,1.471551653030126e-41,0.0,40.0,/Users/rkfuentes/Documents/md_anderson_analysis/yepes_code/data/2025-11-20/scope-results-2025-11-20-0867.csv,1.2159999999995096e-10,,70,,0,,50 ohms time 0.01
,SiC,1.0,Electron 110V,0.5,1.471551653030126e-41,0.0,40.0,/Users/rkfuentes/Documents/md_anderson_analysis/yepes_code/data/2025-11-20/scope-results-2025-11-20-0929.csv,3.077533333333399e-09,,49,,0,,50 ohms time 0.01
,SiC,1.0,Electron 110V,0.5,1.471551653030126e-41,0.0,40.0,/Users/rkfuentes/Documents/md_anderson_analysis/yepes_code/data/2025-11-20/scope-results-2025-11-20-0930.csv,3.949999999999996e-09,,49,,0,,50 ohms time 0.01
,SiC,1.0,Electron 110V,0.5,1.471551653030126e-41,0.0,40.0,/Users/rkfuentes/Documents/md_anderson_analysis/yepes_code/data/2025-11-20/scope-results-2025-11-20-0931.csv,7.333333333335762e-11,,64,,0,,50 ohms time 0.01
,SiC,1.0,Electron 110V,0.5,1.471551653030126e-41,0.0,40.0,/Users/rkfuentes/Documents/md_anderson_analysis/yepes_code/data/2025-11-20/scope-results-2025-11-20-0932.csv,1.9600000000000713e-10,,68,,0,,50 ohms time 0.01
,SiC,1.0,Electron 110V,0.5,1.471551653030126e-41,0.0,40.0,/Users/rkfuentes/Documents/md_anderson_analysis/yepes_code/data/2025-11-20/scope-results-2025-11-20-0933.csv,5.077333333333351e-09,,45,,0,,50 ohms time 0.01
,SiC,1.0,Electron 110V,0.5,1.471551653030126e-41,0.0,40.0,/Users/rkfuentes/Documents/md_anderson_analysis/yepes_code/data/2025-11-20/scope-results-2025-11-20-0934.csv,1.1699999999999906e-09,,57,,0,,50 ohms time 0.01
,SiC,1.0,Electron 110V,0.5,1.471551653030126e-41,0.0,40.0,/Users/rkfuentes/Documents/md_anderson_analysis/yepes_code/data/2025-11-20/scope-results-2025-11-20-0935.csv,6.113999999999989e-10,,42,,0,,50 ohms time 0.01
,SiC,1.0,Electron 110V,0.5,1.471551653030126e-41,0.0,40.0,/Users/rkfuentes/Documents/md_anderson_analysis/yepes_code/data/2025-11-20/scope-results-2025-11-20-0936.csv,5.420000000004775e-11,,45,,0,,50 ohms time 0.01
,SiC,1.0,Electron 110V,0.5,1.471551653030126e-41,0.0,40.0,/Users/rkfuentes/Documents/md_anderson_analysis/yepes_code/data/2025-11-20/scope-results-2025-11-20-0937.csv,5.875333333333209e-10,,47,,0,,50 ohms time 0.01
,SiC,1.0,Electron 110V,0.5,1.471551653030126e-41,0.0,40.0,/Users/rkfuentes/Documents/md_anderson_analysis/yepes_code/data/2025-11-20/scope-results-2025-11-20-0938.csv,5.5466666666658135e-11,,70,,0,,50 ohms time 0.01
,SiC,1.0,Electron 110V,0.5,1.471551653030126e-41,0.0,40.0,/Users/rkfuentes/Documents/md_anderson_analysis/yepes_code/data/2025-11-20/scope-results-2025-11-20-0939.csv,7.389492116931624e-11,,27,,0,,50 ohms time 0.01
,SiC,1.0,Electron 110V,0.5,1.471551653030126e-41,0.0,40.0,/Users/rkfuentes/Documents/md_anderson_analysis/yepes_code/data/2025-11-20/scope-results-2025-11-20-0940.csv,1.0996005134942172e-10,,29,,0,,50 ohms time 0.01
,SiC,1.0,Electron 110V,0.5,1.471551653030126e-41,0.0,40.0,/Users/rkfuentes/Documents/md_anderson_analysis/yepes_code/data/2025-11-20/scope-results-2025-11-20-0941.csv,1.0409400000000044e-08,,43,,0,,50 ohms time 0.01
,SiC,1.0,Electron 191V,0.5,1.471551653030126e-41,0.0,40.0,/Users/rkfuentes/Documents/md_anderson_analysis/yepes_code/data/2025-11-20/scope-results-2025-11-20-0982.csv,7.501333333333331e-09,,89,,0,,50 ohms time 0.01
,SiC,1.0,Electron 191V,0.5,1.471551653030126e-41,0.0,40.0,/Users/rkfuentes/Documents/md_anderson_analysis/yepes_code/data/2025-11-20/scope-results-2025-11-20-0983.csv,6.774800000000003e-09,,78,,0,,50 ohms time 0.01
,SiC,1.0,Electron 191V,0.5,1.471551653030126e-41,0.0,40.0,/Users/rkfuentes/Documents/md_anderson_analysis/yepes_code/data/2025-11-20/scope-results-2025-11-20-0984.csv,5.9645333333333365e-09,,81,,0,,50 ohms time 0.01
,SiC,1.0,Electron 191V,0.5,1.471551653030126e-41,0.0,40.0,/Users/rkfuentes/Documents/md_anderson_analysis/yepes_code/data/2025-11-20/scope-results-2025-11-20-0985.csv,7.24586666666668e-09,,86,,0,,50 ohms time 0.01
,SiC,1.0,Electron 191V,0.5,1.471551653030126e-41,0.0,40.0,/Users/rkfuentes/Documents/md_anderson_analysis/yepes_code/data/2025-11-20/scope-results-2025-11-20-0986.csv,5.169866666666668e-09,,92,,0,,50 ohms time 0.01
,SiC,1.0,Electron 191V,0.5,1.471551653030126e-41,0.0,40.0,/Users/rkfuentes/Documents/md_anderson_analysis/yepes_code/data/2025-11-20/scope-results-2025-11-20-0987.csv,5.412266666666667e-09,,85,,0,,50 ohms time 0.01
,SiC,1.0,Electron 191V,0.5,1.471551653030126e-41,0.0,40.0,/Users/rkfuentes/Documents/md_anderson_analysis/yepes_code/data/2025-11-20/scope-results-2025-11-20-0988.csv,5.975733333333339e-09,,83,,0,,50 ohms time 0.01
,SiC,1.0,Electron 191V,0.5,1.471551653030126e-41,0.0,40.0,/Users/rkfuentes/Documents/md_anderson_analysis/yepes_code/data/2025-11-20/scope-results-2025-11-20-0989.csv,6.885866666666681e-09,,84,,0,,50 ohms time 0.01
,SiC,1.0,Electron 191V,0.5,1.471551653030126e-41,0.0,40.0,/Users/rkfuentes/Documents/md_anderson_analysis/yepes_code/data/2025-11-20/scope-results-2025-11-20-0990.csv,4.340266666666681e-09,,77,,0,,50 ohms time 0.01
,SiC,1.0,Electron 191V,0.5,1.471551653030126e-41,0.0,40.0,/Users/rkfuentes/Documents/md_anderson_analysis/yepes_code/data/2025-11-20/scope-results-2025-11-20-0991.csv,6.2992000000000016e-09,,83,,0,,50 ohms time 0.01
,SiC,1.0,Electron 191V,0.5,1.471551653030126e-41,0.0,40.0,/Users/rkfuentes/Documents/md_anderson_analysis/yepes_code/data/2025-11-20/scope-results-2025-11-20-0992.csv,6.402133333333333e-09,,86,,0,,50 ohms time 0.01
,SiC,1.0,Electron 191V,0.5,1.471551653030126e-41,0.0,40.0,/Users/rkfuentes/Documents/md_anderson_analysis/yepes_code/data/2025-11-20/scope-results-2025-11-20-0993.csv,5.3074666666666726e-09,,76,,0,,50 ohms time 0.01
,SiC,1.0,Electron 191V,0.5,1.471551653030126e-41,0.0,40.0,/Users/rkfuentes/Documents/md_anderson_analysis/yepes_code/data/2025-11-20/scope-results-2025-11-20-0994.csv,7.07093333333334e-09,,89,,0,,50 ohms time 0.01
,SiC,1.0,Electron 85V,0.5,1.471551653030126e-41,0.0,40.0,/Users/rkfuentes/Documents/md_anderson_analysis/yepes_code/data/2025-11-20/scope-results-2025-11-20-1048.csv,7.093333333333278e-11,,47,,0,,50 ohms time 0.01
,SiC,1.0,Electron 85V,0.5,1.471551653030126e-41,0.0,40.0,/Users/rkfuentes/Documents/md_anderson_analysis/yepes_code/data/2025-11-20/scope-results-2025-11-20-1049.csv,1.1894066666666688e-08,,45,,0,,50 ohms time 0.01
,SiC,1.0,Electron 85V,0.5,1.471551653030126e-41,0.0,40.0,/Users/rkfuentes/Documents/md_anderson_analysis/yepes_code/data/2025-11-20/scope-results-2025-11-20-1050.csv,3.1312000000000018e-09,,35,,0,,50 ohms time 0.01
,SiC,1.0,Electron 85V,0.5,1.471551653030126e-41,0.0,40.0,/Users/rkfuentes/Documents/md_anderson_analysis/yepes_code/data/2025-11-20/scope-results-2025-11-20-1051.csv,3.328666666667181e-10,,31,,0,,50 ohms time 0.01
,SiC,1.0,Electron 85V,0.5,1.471551653030126e-41,0.0,40.0,/Users/rkfuentes/Documents/md_anderson_analysis/yepes_code/data/2025-11-20/scope-results-2025-11-20-1052.csv,5.553333333328118e-11,,32,,0,,50 ohms time 0.01
,SiC,1.0,Electron 85V,0.5,1.471551653030126e-41,0.0,40.0,/Users/rkfuentes/Documents/md_anderson_analysis/yepes_code/data/2025-11-20/scope-results-2025-11-20-1053.csv,4.019333333333141e-10,,29,,0,,50 ohms time 0.01
,SiC,1.0,Electron 85V,0.5,1.471551653030126e-41,0.0,40.0,/Users/rkfuentes/Documents/md_anderson_analysis/yepes_code/data/2025-11-20/scope-results-2025-11-20-1054.csv,1.4386666666665388e-10,,31,,0,,50 ohms time 0.01
,SiC,1.0,Electron 85V,0.5,1.471551653030126e-41,0.0,40.0,/Users/rkfuentes/Documents/md_anderson_analysis/yepes_code/data/2025-11-20/scope-results-2025-11-20-1055.csv,2.7679999999999454e-10,,32,,0,,50 ohms time 0.01
,SiC,1.0,Electron 85V,0.5,1.471551653030126e-41,0.0,40.0,/Users/rkfuentes/Documents/md_anderson_analysis/yepes_code/data/2025-11-20/scope-results-2025-11-20-1056.csv,3.038666666667023e-10,,30,,0,,50 ohms time 0.01
,SiC,1.0,Electron 85V,0.5,1.471551653030126e-41,0.0,40.0,/Users/rkfuentes/Documents/md_anderson_analysis/yepes_code/data/2025-11-20/scope-results-2025-11-20-1057.csv,8.779999999996378e-11,,32,,0,,50 ohms time 0.01
,SiC,1.0,Electron 85V,0.5,1.471551653030126e-41,0.0,40.0,/Users/rkfuentes/Documents/md_anderson_analysis/yepes_code/data/2025-11-20/scope-results-2025-11-20-1058.csv,8.453333333333116e-11,,52,,0,,50 ohms time 0.01
,SiC,1.0,Electron 85V,0.5,1.471551653030126e-41,0.0,40.0,/Users/rkfuentes/Documents/md_anderson_analysis/yepes_code/data/2025-11-20/scope-results-2025-11-20-1059.csv,3.4666666666665813e-12,,34,,0,,50 ohms time 0.01
,SiC,1.0,Electron 85V,0.5,1.471551653030126e-41,0.0,40.0,/Users/rkfuentes/Documents/md_anderson_analysis/yepes_code/data/2025-11-20/scope-results-2025-11-20-1060.csv,8.159999999998677e-11,,73,,0,,50 ohms time 0.01
,SiC,1.0,Electron 110V,0.5,1.471551653030126e-41,0.0,40.0,/Users/rkfuentes/Documents/md_anderson_analysis/yepes_code/data/2025-11-20/scope-results-2025-11-20-1105.csv,1.541997432528828e-11,,32,,0,,50 ohms time 0.01
,SiC,1.0,Electron 110V,0.5,1.471551653030126e-41,0.0,40.0,/Users/rkfuentes/Documents/md_anderson_analysis/yepes_code/data/2025-11-20/scope-results-2025-11-20-1106.csv,6.174720000000001e-08,,598,,0,,50 ohms time 0.01
,SiC,1.0,Electron 110V,0.5,1.471551653030126e-41,0.0,40.0,/Users/rkfuentes/Documents/md_anderson_analysis/yepes_code/data/2025-11-20/scope-results-2025-11-20-1107.csv,2.6530666666666607e-09,,40,,0,,50 ohms time 0.01
,SiC,1.0,Electron 110V,0.5,1.471551653030126e-41,0.0,40.0,/Users/rkfuentes/Documents/md_anderson_analysis/yepes_code/data/2025-11-20/scope-results-2025-11-20-1108.csv,2.533066666666652e-09,,57,,0,,50 ohms time 0.01
,SiC,1.0,Electron 110V,0.5,1.471551653030126e-41,0.0,40.0,/Users/rkfuentes/Documents/md_anderson_analysis/yepes_code/data/2025-11-20/scope-results-2025-11-20-1109.csv,6.0229333333333585e-09,,40,,0,,50 ohms time 0.01
,SiC,1.0,Electron 110V,0.5,1.471551653030126e-41,0.0,40.0,/Users/rkfuentes/Documents/md_anderson_analysis/yepes_code/data/2025-11-20/scope-results-2025-11-20-1110.csv,1.3594666666666585e-09,,53,,0,,50 ohms time 0.01
,SiC,1.0,Electron 110V,0.5,1.471551653030126e-41,0.0,40.0,/Users/rkfuentes/Documents/md_anderson_analysis/yepes_code/data/2025-11-20/scope-results-2025-11-20-1111.csv,4.98906666666669e-09,,33,,0,,50 ohms time 0.01
,SiC,1.0,Electron 110V,0.5,1.471551653030126e-41,0.0,40.0,/Users/rkfuentes/Documents/md_anderson_analysis/yepes_code/data/2025-11-20/scope-results-2025-11-20-1112.csv,7.709333333333304e-10,,35,,0,,50 ohms time 0.01
,SiC,1.0,Electron 110V,0.5,1.471551653030126e-41,0.0,40.0,/Users/rkfuentes/Documents/md_anderson_analysis/yepes_code/data/2025-11-20/scope-results-2025-11-20-1113.csv,3.0488000000000075e-09,,37,,0,,50 ohms time 0.01
,SiC,1.0,Electron 110V,0.5,1.471551653030126e-41,0.0,40.0,/Users/rkfuentes/Documents/md_anderson_analysis/yepes_code/data/2025-11-20/scope-results-2025-11-20-1114.csv,1.6426666666666362e-10,,46,,0,,50 ohms time 0.01
,SiC,1.0,Electron 110V,0.5,1.471551653030126e-41,0.0,40.0,/Users/rkfuentes/Documents/md_anderson_analysis/yepes_code/data/2025-11-20/scope-results-2025-11-20-1115.csv,2.3626666666664686e-10,,75,,0,,50 ohms time 0.01
,SiC,1.0,Electron 110V,0.5,1.471551653030126e-41,0.0,40.0,/Users/rkfuentes/Documents/md_anderson_analysis/yepes_code/data/2025-11-20/scope-results-2025-11-20-1116.csv,7.396000000000013e-09,,43,,0,,50 ohms time 0.01
,SiC,1.0,Electron 191V,0.5,1.471551653030126e-41,0.0,40.0,/Users/rkfuentes/Documents/md_anderson_analysis/yepes_code/data/2025-11-20/scope-results-2025-11-20-1158.csv,4.458666666666781e-10,,80,,0,,50 ohms time 0.01
,SiC,1.0,Electron 191V,0.5,1.471551653030126e-41,0.0,40.0,/Users/rkfuentes/Documents/md_anderson_analysis/yepes_code/data/2025-11-20/scope-results-2025-11-20-1159.csv,3.1258666666666726e-09,,88,,0,,50 ohms time 0.01
,SiC,1.0,Electron 191V,0.5,1.471551653030126e-41,0.0,40.0,/Users/rkfuentes/Documents/md_anderson_analysis/yepes_code/data/2025-11-20/scope-results-2025-11-20-1160.csv,3.437599999999999e-09,,84,,0,,50 ohms time 0.01
,SiC,1.0,Electron 191V,0.5,0.0027796855960751776,0.0,0.4,/Users/rkfuentes/Documents/md_anderson_analysis/yepes_code/data/2025-11-20/scope-results-2025-11-20-1166.csv,3.299000000000003e-09,,86,,0,,50 ohms time 0.01
,SiC,1.0,Electron 191V,0.5,0.0027796855960751776,0.0,0.4,/Users/rkfuentes/Documents/md_anderson_analysis/yepes_code/data/2025-11-20/scope-results-2025-11-20-1167.csv,3.4096000000000028e-09,,93,,0,,50 ohms time 0.01
,SiC,1.0,Electron 191V,0.5,0.0027796855960751776,0.0,0.4,/Users/rkfuentes/Documents/md_anderson_analysis/yepes_code/data/2025-11-20/scope-results-2025-11-20-1168.csv,3.4922666666666543e-09,,83,,0,,50 ohms time 0.01
,SiC,1.0,Electron 191V,0.5,0.0027796855960751776,0.0,0.4,/Users/rkfuentes/Documents/md_anderson_analysis/yepes_code/data/2025-11-20/scope-results-2025-11-20-1169.csv,1.9841333333333307e-09,,89,,0,,50 ohms time 0.01
,SiC,1.0,Electron 191V,0.5,0.0027796855960751776,0.0,0.4,/Users/rkfuentes/Documents/md_anderson_analysis/yepes_code/data/2025-11-20/scope-results-2025-11-20-1170.csv,3.2729999999999998e-09,,79,,0,,50 ohms time 0.01
,SiC,1.0,Electron 191V,0.5,0.0027796855960751776,0.0,0.4,/Users/rkfuentes/Documents/md_anderson_analysis/yepes_code/data/2025-11-20/scope-results-2025-11-20-1171.csv,2.2018666666666613e-09,,88,,0,,50 ohms time 0.01
,SiC,1.0,Electron 191V,0.5,0.0027796855960751776,0.0,0.4,/Users/rkfuentes/Documents/md_anderson_analysis/yepes_code/data/2025-11-20/scope-results-2025-11-20-1172.csv,3.258666666666663e-09,,78,,0,,50 ohms time 0.01
,SiC,1.0,Electron 191V,0.5,0.0027796855960751776,0.0,0.4,/Users/rkfuentes/Documents/md_anderson_analysis/yepes_code/data/2025-11-20/scope-results-2025-11-20-1173.csv,2.779733333333327e-09,,74,,0,,50 ohms time 0.01
,SiC,1.0,Electron 191V,0.5,0.0027796855960751776,0.0,0.4,/Users/rkfuentes/Documents/md_anderson_analysis/yepes_code/data/2025-11-20/scope-results-2025-11-20-1174.csv,3.881333333333338e-09,,80,,0,,50 ohms time 0.01
,SiC,1.0,Electron 191V,0.5,0.0027796855960751776,0.0,0.4,/Users/rkfuentes/Documents/md_anderson_analysis/yepes_code/data/2025-11-20/scope-results-2025-11-20-1175.csv,3.593066666666667e-09,,86,,0,,50 ohms time 0.01
,SiC,1.0,Electron 191V,0.5,0.0027796855960751776,0.0,0.4,/Users/rkfuentes/Documents/md_anderson_analysis/yepes_code/data/2025-11-20/scope-results-2025-11-20-1176.csv,3.3759333333333456e-09,,82,,0,,50 ohms time 0.01
,SiC,1.0,Electron 191V,0.5,0.0027796855960751776,0.0,0.4,/Users/rkfuentes/Documents/md_anderson_analysis/yepes_code/data/2025-11-20/scope-results-2025-11-20-1177.csv,4.8968e-09,,76,,0,,50 ohms time 0.01
,SiC,1.0,Electron 191V,0.5,0.0027796855960751776,0.0,0.4,/Users/rkfuentes/Documents/md_anderson_analysis/yepes_code/data/2025-11-20/scope-results-2025-11-20-1178.csv,3.6375999999999958e-09,,82,,0,,50 ohms time 0.01
,SiC,1.0,Electron 85V,0.5,1.471551653030126e-41,0.0,40.0,/Users/rkfuentes/Documents/md_anderson_analysis/yepes_code/data/2025-11-20/scope-results-2025-11-20-1227.csv,1.0079999999999945e-10,,35,,0,,50 ohms time 0.01
,SiC,1.0,Electron 85V,0.5,1.471551653030126e-41,0.0,40.0,/Users/rkfuentes/Documents/md_anderson_analysis/yepes_code/data/2025-11-20/scope-results-2025-11-20-1228.csv,1.480000000000002e-10,,34,,0,,50 ohms time 0.01
,SiC,1.0,Electron 85V,0.5,1.471551653030126e-41,0.0,40.0,/Users/rkfuentes/Documents/md_anderson_analysis/yepes_code/data/2025-11-20/scope-results-2025-11-20-1229.csv,1.3733333333338043e-11,,32,,0,,50 ohms time 0.01
,SiC,1.0,Electron 85V,0.5,1.471551653030126e-41,0.0,40.0,/Users/rkfuentes/Documents/md_anderson_analysis/yepes_code/data/2025-11-20/scope-results-2025-11-20-1230.csv,3.849338468275498e-11,,25,,0,,50 ohms time 0.01
,SiC,1.0,Electron 85V,0.5,1.471551653030126e-41,0.0,40.0,/Users/rkfuentes/Documents/md_anderson_analysis/yepes_code/data/2025-11-20/scope-results-2025-11-20-1231.csv,7.599999999997168e-12,,80,,0,,50 ohms time 0.01
,SiC,1.0,Electron 85V,0.5,1.471551653030126e-41,0.0,40.0,/Users/rkfuentes/Documents/md_anderson_analysis/yepes_code/data/2025-11-20/scope-results-2025-11-20-1232.csv,2.257333333333416e-10,,36,,0,,50 ohms time 0.01
,SiC,1.0,Electron 85V,0.5,1.471551653030126e-41,0.0,40.0,/Users/rkfuentes/Documents/md_anderson_analysis/yepes_code/data/2025-11-20/scope-results-2025-11-20-1233.csv,1.0512273333333333e-07,,652,,0,,50 ohms time 0.01
,SiC,1.0,Electron 85V,0.5,1.471551653030126e-41,0.0,40.0,/Users/rkfuentes/Documents/md_anderson_analysis/yepes_code/data/2025-11-20/scope-results-2025-11-20-1234.csv,1.2747533333333335e-08,,114,,0,,50 ohms time 0.01
,SiC,1.0,Electron 85V,0.5,1.471551653030126e-41,0.0,40.0,/Users/rkfuentes/Documents/md_anderson_analysis/yepes_code/data/2025-11-20/scope-results-2025-11-20-1235.csv,4.906666666667491e-11,,43,,0,,50 ohms time 0.01
,SiC,1.0,Electron 85V,0.5,1.471551653030126e-41,0.0,40.0,/Users/rkfuentes/Documents/md_anderson_analysis/yepes_code/data/2025-11-20/scope-results-2025-11-20-1236.csv,2.2639999999999764e-10,,52,,0,,50 ohms time 0.01
,SiC,1.0,Electron 85V,0.5,1.471551653030126e-41,0.0,40.0,/Users/rkfuentes/Documents/md_anderson_analysis/yepes_code/data/2025-11-20/scope-results-2025-11-20-1237.csv,4.150000000000173e-10,,34,,0,,50 ohms time 0.01
,SiC,1.0,Electron 110V,0.5,1.471551653030126e-41,0.0,40.0,/Users/rkfuentes/Documents/md_anderson_analysis/yepes_code/data/2025-11-20/scope-results-2025-11-20-1275.csv,2.5773333333333563e-09,,39,,0,,50 ohms time 0.01
,SiC,1.0,Electron 110V,0.5,1.471551653030126e-41,0.0,40.0,/Users/rkfuentes/Documents/md_anderson_analysis/yepes_code/data/2025-11-20/scope-results-2025-11-20-1276.csv,8.844666666666561e-10,,62,,0,,50 ohms time 0.01
,SiC,1.0,Electron 110V,0.5,1.471551653030126e-41,0.0,40.0,/Users/rkfuentes/Documents/md_anderson_analysis/yepes_code/data/2025-11-20/scope-results-2025-11-20-1277.csv,1.051733333333329e-09,,51,,0,,50 ohms time 0.01
,SiC,1.0,Electron 110V,0.5,1.471551653030126e-41,0.0,40.0,/Users/rkfuentes/Documents/md_anderson_analysis/yepes_code/data/2025-11-20/scope-results-2025-11-20-1278.csv,1.1744533333333326e-08,,90,,0,,50 ohms time 0.01
,SiC,1.0,Electron 110V,0.5,1.471551653030126e-41,0.0,40.0,/Users/rkfuentes/Documents/md_anderson_analysis/yepes_code/data/2025-11-20/scope-results-2025-11-20-1279.csv,4.8856000000000155e-09,,40,,0,,50 ohms time 0.01
,SiC,1.0,Electron 110V,0.5,1.471551653030126e-41,0.0,40.0,/Users/rkfuentes/Documents/md_anderson_analysis/yepes_code/data/2025-11-20/scope-results-2025-11-20-1280.csv,4.435200000000019e-09,,49,,0,,50 ohms time 0.01
,SiC,1.0,Electron 110V,0.5,1.471551653030126e-41,0.0,40.0,/Users/rkfuentes/Documents/md_anderson_analysis/yepes_code/data/2025-11-20/scope-results-2025-11-20-1281.csv,4.187199999999989e-09,,45,,0,,50 ohms time 0.01
,SiC,1.0,Electron 110V,0.5,1.471551653030126e-41,0.0,40.0,/Users/rkfuentes/Documents/md_anderson_analysis/yepes_code/data/2025-11-20/scope-results-2025-11-20-1282.csv,3.142933333333334e-08,,323,,0,,50 ohms time 0.01
,SiC,1.0,Electron 110V,0.5,1.471551653030126e-41,0.0,40.0,/Users/rkfuentes/Documents/md_anderson_analysis/yepes_code/data/2025-11-20/scope-results-2025-11-20-1283.csv,3.777333333333322e-09,,56,,0,,50 ohms time 0.01
,SiC,1.0,Electron 110V,0.5,1.471551653030126e-41,0.0,40.0,/Users/rkfuentes/Documents/md_anderson_analysis/yepes_code/data/2025-11-20/scope-results-2025-11-20-1284.csv,2.1808000000000022e-09,,38,,0,,50 ohms time 0.01
,SiC,1.0,Electron 110V,0.5,1.471551653030126e-41,0.0,40.0,/Users/rkfuentes/Documents/md_anderson_analysis/yepes_code/data/2025-11-20/scope-results-2025-11-20-1285.csv,3.1440000000000633e-10,,32,,0,,50 ohms time 0.01
,SiC,1.0,Electron 110V,0.5,1.471551653030126e-41,0.0,40.0,/Users/rkfuentes/Documents/md_anderson_analysis/yepes_code/data/2025-11-20/scope-results-2025-11-20-1286.csv,2.708133333333333e-09,,36,,0,,50 ohms time 0.01
,SiC,1.0,Electron 191V,0.5,1.471551653030126e-41,0.0,40.0,/Users/rkfuentes/Documents/md_anderson_analysis/yepes_code/data/2025-11-20/scope-results-2025-11-20-1330.csv,2.3920000000004246e-10,,139,,0,,50 ohms time 0.01
,SiC,1.0,Electron 191V,0.5,1.471551653030126e-41,0.0,40.0,/Users/rkfuentes/Documents/md_anderson_analysis/yepes_code/data/2025-11-20/scope-results-2025-11-20-1331.csv,1.3771333333333337e-09,,80,,0,,50 ohms time 0.01
,SiC,1.0,Electron 191V,0.5,1.471551653030126e-41,0.0,40.0,/Users/rkfuentes/Documents/md_anderson_analysis/yepes_code/data/2025-11-20/scope-results-2025-11-20-1332.csv,6.638666666666612e-10,,79,,0,,50 ohms time 0.01
,SiC,1.0,Electron 191V,0.5,1.471551653030126e-41,0.0,40.0,/Users/rkfuentes/Documents/md_anderson_analysis/yepes_code/data/2025-11-20/scope-results-2025-11-20-1333.csv,1.563933333333333e-09,,67,,0,,50 ohms time 0.01
,SiC,1.0,Electron 191V,0.5,1.471551653030126e-41,0.0,40.0,/Users/rkfuentes/Documents/md_anderson_analysis/yepes_code/data/2025-11-20/scope-results-2025-11-20-1334.csv,1.253999999999985e-10,,15,,0,,50 ohms time 0.01
,SiC,1.0,Electron 191V,0.5,1.471551653030126e-41,0.0,40.0,/Users/rkfuentes/Documents/md_anderson_analysis/yepes_code/data/2025-11-20/scope-results-2025-11-20-1335.csv,4.094000000000059e-10,,70,,0,,50 ohms time 0.01
,SiC,1.0,Electron 191V,0.5,1.471551653030126e-41,0.0,40.0,/Users/rkfuentes/Documents/md_anderson_analysis/yepes_code/data/2025-11-20/scope-results-2025-11-20-1336.csv,1.930866666666669e-09,,79,,0,,50 ohms time 0.01
,SiC,1.0,Electron 191V,0.5,1.471551653030126e-41,0.0,40.0,/Users/rkfuentes/Documents/md_anderson_analysis/yepes_code/data/2025-11-20/scope-results-2025-11-20-1337.csv,9.783999999999982e-10,,67,,0,,50 ohms time 0.01
,SiC,1.0,Electron 191V,0.5,1.471551653030126e-41,0.0,40.0,/Users/rkfuentes/Documents/md_anderson_analysis/yepes_code/data/2025-11-20/scope-results-2025-11-20-1338.csv,2.0536000000000013e-09,,77,,0,,50 ohms time 0.01
,SiC,1.0,Electron 191V,0.5,1.471551653030126e-41,0.0,40.0,/Users/rkfuentes/Documents/md_anderson_analysis/yepes_code/data/2025-11-20/scope-results-2025-11-20-1339.csv,3.76666666666668e-10,,17,,0,,50 ohms time 0.01
,SiC,1.0,Electron 191V,0.5,1.471551653030126e-41,0.0,40.0,/Users/rkfuentes/Documents/md_anderson_analysis/yepes_code/data/2025-11-20/scope-results-2025-11-20-1340.csv,1.2264000000000031e-09,,79,,0,,50 ohms time 0.01
,SiC,1.0,Electron 191V,0.5,1.471551653030126e-41,0.0,40.0,/Users/rkfuentes/Documents/md_anderson_analysis/yepes_code/data/2025-11-20/scope-results-2025-11-20-1341.csv,1.3176666666666775e-09,,84,,0,,50 ohms time 0.01
,SiC,1.0,Electron 191V,0.5,1.471551653030126e-41,0.0,40.0,/Users/rkfuentes/Documents/md_anderson_analysis/yepes_code/data/2025-11-20/scope-results-2025-11-20-1342.csv,1.6167333333333387e-09,,78,,0,,50 ohms time 0.01
,SiC,1.0,Electron 191V,0.5,1.471551653030126e-41,0.0,40.0,/Users/rkfuentes/Documents/md_anderson_analysis/yepes_code/data/2025-11-20/scope-results-2025-11-20-1343.csv,1.6489333333333366e-09,,80,,0,,50 ohms time 0.01
,SiC,1.0,Electron 85V,0.5,1.471551653030126e-41,0.0,40.0,/Users/rkfuentes/Documents/md_anderson_analysis/yepes_code/data/2025-11-20/scope-results-2025-11-20-1392.csv,8.864000000000146e-10,,58,,0,,50 ohms time 0.01
,SiC,1.0,Electron 85V,0.5,1.471551653030126e-41,0.0,40.0,/Users/rkfuentes/Documents/md_anderson_analysis/yepes_code/data/2025-11-20/scope-results-2025-11-20-1393.csv,1.6666666666651862e-11,,29,,0,,50 ohms time 0.01
,SiC,1.0,Electron 85V,0.5,1.471551653030126e-41,0.0,40.0,/Users/rkfuentes/Documents/md_anderson_analysis/yepes_code/data/2025-11-20/scope-results-2025-11-20-1394.csv,9.613333333337024e-11,,30,,0,,50 ohms time 0.01
,SiC,1.0,Electron 85V,0.5,1.471551653030126e-41,0.0,40.0,/Users/rkfuentes/Documents/md_anderson_analysis/yepes_code/data/2025-11-20/scope-results-2025-11-20-1395.csv,3.233333333333465e-10,,32,,0,,50 ohms time 0.01
,SiC,1.0,Electron 85V,0.5,1.471551653030126e-41,0.0,40.0,/Users/rkfuentes/Documents/md_anderson_analysis/yepes_code/data/2025-11-20/scope-results-2025-11-20-1396.csv,4.12000000000261e-11,,29,,0,,50 ohms time 0.01
,SiC,1.0,Electron 85V,0.5,1.471551653030126e-41,0.0,40.0,/Users/rkfuentes/Documents/md_anderson_analysis/yepes_code/data/2025-11-20/scope-results-2025-11-20-1397.csv,2.0479999999998514e-10,,74,,0,,50 ohms time 0.01
,SiC,1.0,Electron 85V,0.5,1.471551653030126e-41,0.0,40.0,/Users/rkfuentes/Documents/md_anderson_analysis/yepes_code/data/2025-11-20/scope-results-2025-11-20-1398.csv,8.919999999998492e-11,,31,,0,,50 ohms time 0.01
,SiC,1.0,Electron 85V,0.5,1.471551653030126e-41,0.0,40.0,/Users/rkfuentes/Documents/md_anderson_analysis/yepes_code/data/2025-11-20/scope-results-2025-11-20-1399.csv,1.2100000000001274e-10,,31,,0,,50 ohms time 0.01
,SiC,1.0,Electron 85V,0.5,1.471551653030126e-41,0.0,40.0,/Users/rkfuentes/Documents/md_anderson_analysis/yepes_code/data/2025-11-20/scope-results-2025-11-20-1400.csv,6.500000000002733e-11,,31,,0,,50 ohms time 0.01
,SiC,1.0,Electron 85V,0.5,1.471551653030126e-41,0.0,40.0,/Users/rkfuentes/Documents/md_anderson_analysis/yepes_code/data/2025-11-20/scope-results-2025-11-20-1401.csv,2.198666666666944e-10,,32,,0,,50 ohms time 0.01
,SiC,1.0,Electron 85V,0.5,1.471551653030126e-41,0.0,40.0,/Users/rkfuentes/Documents/md_anderson_analysis/yepes_code/data/2025-11-20/scope-results-2025-11-20-1402.csv,3.0180000000003266e-10,,28,,0,,50 ohms time 0.01
,SiC,1.0,Electron 110V,0.5,1.471551653030126e-41,0.0,40.0,/Users/rkfuentes/Documents/md_anderson_analysis/yepes_code/data/2025-11-20/scope-results-2025-11-20-1441.csv,5.2547399999999996e-08,,295,,0,,50 ohms time 0.01
,SiC,1.0,Electron 110V,0.5,1.471551653030126e-41,0.0,40.0,/Users/rkfuentes/Documents/md_anderson_analysis/yepes_code/data/2025-11-20/scope-results-2025-11-20-1442.csv,2.1871999999999864e-09,,61,,0,,50 ohms time 0.01
,SiC,1.0,Electron 110V,0.5,1.471551653030126e-41,0.0,40.0,/Users/rkfuentes/Documents/md_anderson_analysis/yepes_code/data/2025-11-20/scope-results-2025-11-20-1443.csv,3.385400000000004e-09,,42,,0,,50 ohms time 0.01
,SiC,1.0,Electron 110V,0.5,1.471551653030126e-41,0.0,40.0,/Users/rkfuentes/Documents/md_anderson_analysis/yepes_code/data/2025-11-20/scope-results-2025-11-20-1444.csv,1.698733333333333e-08,,90,,0,,50 ohms time 0.01
,SiC,1.0,Electron 110V,0.5,1.471551653030126e-41,0.0,40.0,/Users/rkfuentes/Documents/md_anderson_analysis/yepes_code/data/2025-11-20/scope-results-2025-11-20-1445.csv,8.276533333333366e-09,,32,,0,,50 ohms time 0.01
,SiC,1.0,Electron 110V,0.5,1.471551653030126e-41,0.0,40.0,/Users/rkfuentes/Documents/md_anderson_analysis/yepes_code/data/2025-11-20/scope-results-2025-11-20-1446.csv,5.779466666666692e-09,,41,,0,,50 ohms time 0.01
,SiC,1.0,Electron 110V,0.5,1.471551653030126e-41,0.0,40.0,/Users/rkfuentes/Documents/md_anderson_analysis/yepes_code/data/2025-11-20/scope-results-2025-11-20-1447.csv,7.357333333333313e-10,,334,,0,,50 ohms time 0.01
,SiC,1.0,Electron 110V,0.5,1.471551653030126e-41,0.0,40.0,/Users/rkfuentes/Documents/md_anderson_analysis/yepes_code/data/2025-11-20/scope-results-2025-11-20-1448.csv,5.585866666666668e-09,,46,,0,,50 ohms time 0.01
,SiC,1.0,Electron 110V,0.5,1.471551653030126e-41,0.0,40.0,/Users/rkfuentes/Documents/md_anderson_analysis/yepes_code/data/2025-11-20/scope-results-2025-11-20-1449.csv,1.706706666666668e-08,,615,,0,,50 ohms time 0.01
,SiC,1.0,Electron 110V,0.5,1.471551653030126e-41,0.0,40.0,/Users/rkfuentes/Documents/md_anderson_analysis/yepes_code/data/2025-11-20/scope-results-2025-11-20-1450.csv,9.08426666666667e-09,,36,,0,,50 ohms time 0.01
,SiC,1.0,Electron 110V,0.5,1.471551653030126e-41,0.0,40.0,/Users/rkfuentes/Documents/md_anderson_analysis/yepes_code/data/2025-11-20/scope-results-2025-11-20-1451.csv,1.5402399999999993e-08,,89,,0,,50 ohms time 0.01
,SiC,1.0,Electron 110V,0.5,1.471551653030126e-41,0.0,40.0,/Users/rkfuentes/Documents/md_anderson_analysis/yepes_code/data/2025-11-20/scope-results-2025-11-20-1452.csv,2.436266666666666e-09,,52,,0,,50 ohms time 0.01
,SiC,1.0,Electron 191V,0.5,1.471551653030126e-41,0.0,40.0,/Users/rkfuentes/Documents/md_anderson_analysis/yepes_code/data/2025-11-20/scope-results-2025-11-20-1482.csv,8.029333333333354e-10,,73,,0,,50 ohms time 0.01
,SiC,1.0,Electron 191V,0.5,1.471551653030126e-41,0.0,40.0,/Users/rkfuentes/Documents/md_anderson_analysis/yepes_code/data/2025-11-20/scope-results-2025-11-20-1483.csv,1.0139200000000036e-08,,49,,0,,50 ohms time 0.01
,SiC,1.0,Electron 191V,0.5,1.471551653030126e-41,0.0,40.0,/Users/rkfuentes/Documents/md_anderson_analysis/yepes_code/data/2025-11-20/scope-results-2025-11-20-1484.csv,1.2378000000000128e-09,,54,,0,,50 ohms time 0.01
,SiC,1.0,Electron 191V,0.5,1.471551653030126e-41,0.0,40.0,/Users/rkfuentes/Documents/md_anderson_analysis/yepes_code/data/2025-11-20/scope-results-2025-11-20-1485.csv,2.011666666666666e-08,,136,,0,,50 ohms time 0.01
,SiC,1.0,Electron 191V,0.5,1.471551653030126e-41,0.0,40.0,/Users/rkfuentes/Documents/md_anderson_analysis/yepes_code/data/2025-11-20/scope-results-2025-11-20-1486.csv,1.4861999999999914e-09,,60,,0,,50 ohms time 0.01
,SiC,1.0,Electron 191V,0.5,1.471551653030126e-41,0.0,40.0,/Users/rkfuentes/Documents/md_anderson_analysis/yepes_code/data/2025-11-20/scope-results-2025-11-20-1487.csv,5.452599999999961e-09,,45,,0,,50 ohms time 0.01
,SiC,1.0,Electron 191V,0.5,1.471551653030126e-41,0.0,40.0,/Users/rkfuentes/Documents/md_anderson_analysis/yepes_code/data/2025-11-20/scope-results-2025-11-20-1488.csv,1.41476666666667e-08,,60,,0,,50 ohms time 0.01
,SiC,1.0,Electron 191V,0.5,1.471551653030126e-41,0.0,40.0,/Users/rkfuentes/Documents/md_anderson_analysis/yepes_code/data/2025-11-20/scope-results-2025-11-20-1489.csv,5.023333333333177e-10,,67,,0,,50 ohms time 0.01
,SiC,1.0,Electron 191V,0.5,1.471551653030126e-41,0.0,40.0,/Users/rkfuentes/Documents/md_anderson_analysis/yepes_code/data/2025-11-20/scope-results-2025-11-20-1490.csv,9.277333333333297e-10,,49,,0,,50 ohms time 0.01
,SiC,1.0,Electron 191V,0.5,1.471551653030126e-41,0.0,40.0,/Users/rkfuentes/Documents/md_anderson_analysis/yepes_code/data/2025-11-20/scope-results-2025-11-20-1491.csv,1.4293333333333502e-10,,46,,0,,50 ohms time 0.01
,SiC,1.0,Electron 191V,0.5,1.471551653030126e-41,0.0,40.0,/Users/rkfuentes/Documents/md_anderson_analysis/yepes_code/data/2025-11-20/scope-results-2025-11-20-1492.csv,1.3014400000000017e-08,,44,,0,,50 ohms time 0.01
,SiC,1.0,Electron 85V,0.5,3.2838317827216953e-196,0.0,200.0,/Users/rkfuentes/Documents/md_anderson_analysis/yepes_code/data/2025-11-20/scope-results-2025-11-20-1591.csv,2.3840000000000124e-09,,68,,0,,50 ohms time 0.01 no collimator
,SiC,1.0,Electron 85V,0.5,3.2838317827216953e-196,0.0,200.0,/Users/rkfuentes/Documents/md_anderson_analysis/yepes_code/data/2025-11-20/scope-results-2025-11-20-1592.csv,6.906666666666775e-10,,62,,0,,50 ohms time 0.01 no collimator
,SiC,1.0,Electron 85V,0.5,3.2838317827216953e-196,0.0,200.0,/Users/rkfuentes/Documents/md_anderson_analysis/yepes_code/data/2025-11-20/scope-results-2025-11-20-1593.csv,3.19999999999976e-11,,20,,0,,50 ohms time 0.01 no collimator
,SiC,1.0,Electron 85V,0.5,3.2838317827216953e-196,0.0,200.0,/Users/rkfuentes/Documents/md_anderson_analysis/yepes_code/data/2025-11-20/scope-results-2025-11-20-1594.csv,3.320000000000043e-10,,18,,0,,50 ohms time 0.01 no collimator
,SiC,1.0,Electron 85V,0.5,3.2838317827216953e-196,0.0,200.0,/Users/rkfuentes/Documents/md_anderson_analysis/yepes_code/data/2025-11-20/scope-results-2025-11-20-1595.csv,1.0533333333333164e-10,,21,,0,,50 ohms time 0.01 no collimator
,SiC,1.0,Electron 85V,0.5,3.2838317827216953e-196,0.0,200.0,/Users/rkfuentes/Documents/md_anderson_analysis/yepes_code/data/2025-11-20/scope-results-2025-11-20-1596.csv,6.033333333333222e-11,,18,,0,,50 ohms time 0.01 no collimator
,SiC,1.0,Electron 85V,0.5,3.2838317827216953e-196,0.0,200.0,/Users/rkfuentes/Documents/md_anderson_analysis/yepes_code/data/2025-11-20/scope-results-2025-11-20-1597.csv,5.3666666666666746e-11,,30,,0,,50 ohms time 0.01 no collimator
,SiC,1.0,Electron 85V,0.5,3.2838317827216953e-196,0.0,200.0,/Users/rkfuentes/Documents/md_anderson_analysis/yepes_code/data/2025-11-20/scope-results-2025-11-20-1598.csv,1.5999999999997815e-11,,26,,0,,50 ohms time 0.01 no collimator
,SiC,1.0,Electron 85V,0.5,3.2838317827216953e-196,0.0,200.0,/Users/rkfuentes/Documents/md_anderson_analysis/yepes_code/data/2025-11-20/scope-results-2025-11-20-1599.csv,4.493333333333324e-10,,27,,0,,50 ohms time 0.01 no collimator
,SiC,1.0,Electron 85V,0.5,3.2838317827216953e-196,0.0,200.0,/Users/rkfuentes/Documents/md_anderson_analysis/yepes_code/data/2025-11-20/scope-results-2025-11-20-1600.csv,1.1333333333333902e-11,,22,,0,,50 ohms time 0.01 no collimator
,SiC,1.0,Electron 85V,0.5,3.2838317827216953e-196,0.0,200.0,/Users/rkfuentes/Documents/md_anderson_analysis/yepes_code/data/2025-11-20/scope-results-2025-11-20-1601.csv,7.500000000000421e-11,,19,,0,,50 ohms time 0.01 no collimator
,SiC,1.0,Electron 85V,0.5,3.2838317827216953e-196,0.0,200.0,/Users/rkfuentes/Documents/md_anderson_analysis/yepes_code/data/2025-11-20/scope-results-2025-11-20-1602.csv,5.3666666666664484e-11,,17,,0,,50 ohms time 0.01 no collimator
,SiC,1.0,Electron 85V,0.5,3.2838317827216953e-196,0.0,200.0,/Users/rkfuentes/Documents/md_anderson_analysis/yepes_code/data/2025-11-20/scope-results-2025-11-20-1603.csv,4.5999999999999924e-10,,19,,0,,50 ohms time 0.01 no collimator
,SiC,1.0,Electron 85V,0.5,3.2838317827216953e-196,0.0,200.0,/Users/rkfuentes/Documents/md_anderson_analysis/yepes_code/data/2025-11-20/scope-results-2025-11-20-1604.csv,4.3533333333334227e-10,,28,,0,,50 ohms time 0.01 no collimator
,SiC,1.0,Electron 85V,0.5,3.2838317827216953e-196,0.0,200.0,/Users/rkfuentes/Documents/md_anderson_analysis/yepes_code/data/2025-11-20/scope-results-2025-11-20-1605.csv,3.833333333332265e-11,,15,,0,,50 ohms time 0.01 no collimator
,SiC,1.0,Electron 85V,0.5,3.2838317827216953e-196,0.0,200.0,/Users/rkfuentes/Documents/md_anderson_analysis/yepes_code/data/2025-11-20/scope-results-2025-11-20-1606.csv,3.1333333333333427e-10,,21,,0,,50 ohms time 0.01 no collimator
,SiC,1.0,Electron 110V,0.5,3.2838317827216953e-196,0.0,200.0,/Users/rkfuentes/Documents/md_anderson_analysis/yepes_code/data/2025-11-20/scope-results-2025-11-20-1643.csv,1.010399999999999e-08,,59,,0,,50 ohms time 0.01 no collimator
,SiC,1.0,Electron 110V,0.5,3.2838317827216953e-196,0.0,200.0,/Users/rkfuentes/Documents/md_anderson_analysis/yepes_code/data/2025-11-20/scope-results-2025-11-20-1644.csv,6.680000000000033e-10,,28,,0,,50 ohms time 0.01 no collimator
,SiC,1.0,Electron 110V,0.5,3.2838317827216953e-196,0.0,200.0,/Users/rkfuentes/Documents/md_anderson_analysis/yepes_code/data/2025-11-20/scope-results-2025-11-20-1645.csv,2.96000000000003e-10,,30,,0,,50 ohms time 0.01 no collimator
,SiC,1.0,Electron 110V,0.5,3.2838317827216953e-196,0.0,200.0,/Users/rkfuentes/Documents/md_anderson_analysis/yepes_code/data/2025-11-20/scope-results-2025-11-20-1646.csv,2.2533333333332904e-10,,26,,0,,50 ohms time 0.01 no collimator
,SiC,1.0,Electron 110V,0.5,3.2838317827216953e-196,0.0,200.0,/Users/rkfuentes/Documents/md_anderson_analysis/yepes_code/data/2025-11-20/scope-results-2025-11-20-1647.csv,2.546666666666697e-10,,24,,0,,50 ohms time 0.01 no collimator
,SiC,1.0,Electron 110V,0.5,3.2838317827216953e-196,0.0,200.0,/Users/rkfuentes/Documents/md_anderson_analysis/yepes_code/data/2025-11-20/scope-results-2025-11-20-1648.csv,8.493333333333264e-10,,74,,0,,50 ohms time 0.01 no collimator
,SiC,1.0,Electron 110V,0.5,3.2838317827216953e-196,0.0,200.0,/Users/rkfuentes/Documents/md_anderson_analysis/yepes_code/data/2025-11-20/scope-results-2025-11-20-1649.csv,1.7866666666666794e-10,,23,,0,,50 ohms time 0.01 no collimator
,SiC,1.0,Electron 110V,0.5,3.2838317827216953e-196,0.0,200.0,/Users/rkfuentes/Documents/md_anderson_analysis/yepes_code/data/2025-11-20/scope-results-2025-11-20-1650.csv,1.1056333333333352e-08,,61,,0,,50 ohms time 0.01 no collimator
,SiC,1.0,Electron 110V,0.5,3.2838317827216953e-196,0.0,200.0,/Users/rkfuentes/Documents/md_anderson_analysis/yepes_code/data/2025-11-20/scope-results-2025-11-20-1651.csv,1.0450666666666664e-08,,65,,0,,50 ohms time 0.01 no collimator
,SiC,1.0,Electron 110V,0.5,3.2838317827216953e-196,0.0,200.0,/Users/rkfuentes/Documents/md_anderson_analysis/yepes_code/data/2025-11-20/scope-results-2025-11-20-1652.csv,1.0467999999999997e-08,,64,,0,,50 ohms time 0.01 no collimator
,SiC,1.0,Electron 110V,0.5,3.2838317827216953e-196,0.0,200.0,/Users/rkfuentes/Documents/md_anderson_analysis/yepes_code/data/2025-11-20/scope-results-2025-11-20-1653.csv,2.5033333333333304e-10,,21,,0,,50 ohms time 0.01 no collimator
,SiC,1.0,Electron 110V,0.5,3.2838317827216953e-196,0.0,200.0,/Users/rkfuentes/Documents/md_anderson_analysis/yepes_code/data/2025-11-20/scope-results-2025-11-20-1654.csv,1.2473000000000005e-08,,68,,0,,50 ohms time 0.01 no collimator
,SiC,1.0,Electron 85V,0.5,1.4910854504614855e-99,0.0,100.0,/Users/rkfuentes/Documents/md_anderson_analysis/yepes_code/data/2025-11-20/scope-results-2025-11-20-1786.csv,9.65333333333327e-11,,23,,0,,50 ohms time 0.01 no collimator
,SiC,1.0,Electron 85V,0.5,1.4910854504614855e-99,0.0,100.0,/Users/rkfuentes/Documents/md_anderson_analysis/yepes_code/data/2025-11-20/scope-results-2025-11-20-1787.csv,1.7560000000000017e-10,,27,,0,,50 ohms time 0.01 no collimator
,SiC,1.0,Electron 85V,0.5,1.4910854504614855e-99,0.0,100.0,/Users/rkfuentes/Documents/md_anderson_analysis/yepes_code/data/2025-11-20/scope-results-2025-11-20-1788.csv,1.82666666666651e-11,,30,,0,,50 ohms time 0.01 no collimator
,SiC,1.0,Electron 85V,0.5,1.4910854504614855e-99,0.0,100.0,/Users/rkfuentes/Documents/md_anderson_analysis/yepes_code/data/2025-11-20/scope-results-2025-11-20-1789.csv,7.466666666664514e-12,,28,,0,,50 ohms time 0.01 no collimator
,SiC,1.0,Electron 85V,0.5,1.4910854504614855e-99,0.0,100.0,/Users/rkfuentes/Documents/md_anderson_analysis/yepes_code/data/2025-11-20/scope-results-2025-11-20-1790.csv,5.480000000000254e-11,,28,,0,,50 ohms time 0.01 no collimator
,SiC,1.0,Electron 85V,0.5,1.4910854504614855e-99,0.0,100.0,/Users/rkfuentes/Documents/md_anderson_analysis/yepes_code/data/2025-11-20/scope-results-2025-11-20-1791.csv,2.1403500298201328e-24,,23,,0,,50 ohms time 0.01 no collimator
,SiC,1.0,Electron 85V,0.5,1.4910854504614855e-99,0.0,100.0,/Users/rkfuentes/Documents/md_anderson_analysis/yepes_code/data/2025-11-20/scope-results-2025-11-20-1792.csv,1.0173333333333445e-10,,28,,0,,50 ohms time 0.01 no collimator
,SiC,1.0,Electron 85V,0.5,1.4910854504614855e-99,0.0,100.0,/Users/rkfuentes/Documents/md_anderson_analysis/yepes_code/data/2025-11-20/scope-results-2025-11-20-1793.csv,1.3386666666666823e-10,,22,,0,,50 ohms time 0.01 no collimator
,SiC,1.0,Electron 85V,0.5,1.4910854504614855e-99,0.0,100.0,/Users/rkfuentes/Documents/md_anderson_analysis/yepes_code/data/2025-11-20/scope-results-2025-11-20-1794.csv,1.3479999999999965e-10,,24,,0,,50 ohms time 0.01 no collimator
,SiC,1.0,Electron 85V,0.5,1.4910854504614855e-99,0.0,100.0,/Users/rkfuentes/Documents/md_anderson_analysis/yepes_code/data/2025-11-20/scope-results-2025-11-20-1795.csv,1.3066666666666903e-10,,22,,0,,50 ohms time 0.01 no collimator
,SiC,1.0,Electron 85V,0.5,1.4910854504614855e-99,0.0,100.0,/Users/rkfuentes/Documents/md_anderson_analysis/yepes_code/data/2025-11-20/scope-results-2025-11-20-1796.csv,1.575999999999962e-10,,26,,0,,50 ohms time 0.01 no collimator
,SiC,1.0,Electron 85V,0.5,1.4910854504614855e-99,0.0,100.0,/Users/rkfuentes/Documents/md_anderson_analysis/yepes_code/data/2025-11-20/scope-results-2025-11-20-1797.csv,1.2439999999999703e-10,,21,,0,,50 ohms time 0.01 no collimator
,SiC,1.0,Electron 110V,0.5,1.4910854504614855e-99,0.0,100.0,/Users/rkfuentes/Documents/md_anderson_analysis/yepes_code/data/2025-11-20/scope-results-2025-11-20-1850.csv,9.701333333333341e-09,,80,,0,,50 ohms time 0.01
,SiC,1.0,Electron 110V,0.5,1.4910854504614855e-99,0.0,100.0,/Users/rkfuentes/Documents/md_anderson_analysis/yepes_code/data/2025-11-20/scope-results-2025-11-20-1851.csv,9.323733333333341e-09,,85,,0,,50 ohms time 0.01
,SiC,1.0,Electron 110V,0.5,1.4910854504614855e-99,0.0,100.0,/Users/rkfuentes/Documents/md_anderson_analysis/yepes_code/data/2025-11-20/scope-results-2025-11-20-1852.csv,8.8212e-09,,85,,0,,50 ohms time 0.01
,SiC,1.0,Electron 110V,0.5,1.4910854504614855e-99,0.0,100.0,/Users/rkfuentes/Documents/md_anderson_analysis/yepes_code/data/2025-11-20/scope-results-2025-11-20-1853.csv,9.251858538535829e-27,,0,,0,,50 ohms time 0.01
,SiC,1.0,Electron 110V,0.5,1.4910854504614855e-99,0.0,100.0,/Users/rkfuentes/Documents/md_anderson_analysis/yepes_code/data/2025-11-20/scope-results-2025-11-20-1854.csv,9.251858538535829e-27,,0,,0,,50 ohms time 0.01
,SiC,1.0,Electron 110V,0.5,1.4910854504614855e-99,0.0,100.0,/Users/rkfuentes/Documents/md_anderson_analysis/yepes_code/data/2025-11-20/scope-results-2025-11-20-1855.csv,9.251858538535829e-27,,0,,0,,50 ohms time 0.01
,SiC,1.0,Electron 110V,0.5,1.4910854504614855e-99,0.0,100.0,/Users/rkfuentes/Documents/md_anderson_analysis/yepes_code/data/2025-11-20/scope-results-2025-11-20-1856.csv,9.251858538535829e-27,,0,,0,,50 ohms time 0.01
,SiC,1.0,Electron 110V,0.5,1.4910854504614855e-99,0.0,100.0,/Users/rkfuentes/Documents/md_anderson_analysis/yepes_code/data/2025-11-20/scope-results-2025-11-20-1857.csv,1.0151466666666669e-08,,88,,0,,50 ohms time 0.01
,SiC,1.0,Electron 110V,0.5,1.4910854504614855e-99,0.0,100.0,/Users/rkfuentes/Documents/md_anderson_analysis/yepes_code/data/2025-11-20/scope-results-2025-11-20-1858.csv,9.01333333333333e-09,,89,,0,,50 ohms time 0.01
,SiC,1.0,Electron 110V,0.5,1.4910854504614855e-99,0.0,100.0,/Users/rkfuentes/Documents/md_anderson_analysis/yepes_code/data/2025-11-20/scope-results-2025-11-20-1859.csv,9.70026666666668e-09,,71,,0,,50 ohms time 0.01
,SiC,1.0,Electron 110V,0.5,1.4910854504614855e-99,0.0,100.0,/Users/rkfuentes/Documents/md_anderson_analysis/yepes_code/data/2025-11-20/scope-results-2025-11-20-1860.csv,3.022399999999998e-09,,48,,0,,50 ohms time 0.01
,SiC,1.0,Electron 110V,0.5,1.4910854504614855e-99,0.0,100.0,/Users/rkfuentes/Documents/md_anderson_analysis/yepes_code/data/2025-11-20/scope-results-2025-11-20-1861.csv,9.37559999999999e-09,,79,,0,,50 ohms time 0.01
,SiC,1.0,Electron 110V,0.5,1.4910854504614855e-99,0.0,100.0,/Users/rkfuentes/Documents/md_anderson_analysis/yepes_code/data/2025-11-20/scope-results-2025-11-20-1862.csv,9.659199999999983e-09,,79,,0,,50 ohms time 0.01
,SiC,1.0,Electron 110V,0.5,1.4910854504614855e-99,0.0,100.0,/Users/rkfuentes/Documents/md_anderson_analysis/yepes_code/data/2025-11-20/scope-results-2025-11-20-1863.csv,9.688666666666669e-09,,78,,0,,50 ohms time 0.01
,SiC,1.0,Electron 110V,0.5,1.4910854504614855e-99,0.0,100.0,/Users/rkfuentes/Documents/md_anderson_analysis/yepes_code/data/2025-11-20/scope-results-2025-11-20-1864.csv,9.318400000000006e-09,,81,,0,,50 ohms time 0.01
,SiC,1.0,Electron 110V,0.5,1.4910854504614855e-99,0.0,100.0,/Users/rkfuentes/Documents/md_anderson_analysis/yepes_code/data/2025-11-20/scope-results-2025-11-20-1865.csv,9.440933333333337e-09,,82,,0,,50 ohms time 0.01
,SiC,1.0,Electron 110V,0.5,1.4910854504614855e-99,0.0,100.0,/Users/rkfuentes/Documents/md_anderson_analysis/yepes_code/data/2025-11-20/scope-results-2025-11-20-1866.csv,9.06093333333334e-09,,71,,0,,50 ohms time 0.01
,SiC,1.0,Electron 110V,0.5,1.4910854504614855e-99,0.0,100.0,/Users/rkfuentes/Documents/md_anderson_analysis/yepes_code/data/2025-11-20/scope-results-2025-11-20-1867.csv,9.844266666666689e-09,,82,,0,,50 ohms time 0.01
,SiC,1.0,Electron 110V,0.5,1.4910854504614855e-99,0.0,100.0,/Users/rkfuentes/Documents/md_anderson_analysis/yepes_code/data/2025-11-20/scope-results-2025-11-20-1868.csv,9.380933333333347e-09,,80,,0,,50 ohms time 0.01
,SiC,1.0,Electron 110V,0.5,1.461880927494686e-12,0.0,10.0,/Users/rkfuentes/Documents/md_anderson_analysis/yepes_code/data/2025-11-20/scope-results-2025-11-20-1904.csv,4.348800000000008e-09,,88,,0,,50 ohms time 0.01
,SiC,1.0,Electron 110V,0.5,1.461880927494686e-12,0.0,10.0,/Users/rkfuentes/Documents/md_anderson_analysis/yepes_code/data/2025-11-20/scope-results-2025-11-20-1905.csv,4.8106666666666865e-09,,80,,0,,50 ohms time 0.01
,SiC,1.0,Electron 85V,0.5,1.461880927494686e-12,0.0,10.0,/Users/rkfuentes/Documents/md_anderson_analysis/yepes_code/data/2025-11-20/scope-results-2025-11-20-1906.csv,6.29333333333322e-11,,37,,0,,50 ohms time 0.01
,SiC,1.0,Electron 85V,0.5,1.461880927494686e-12,0.0,10.0,/Users/rkfuentes/Documents/md_anderson_analysis/yepes_code/data/2025-11-20/scope-results-2025-11-20-1907.csv,5.7333333333319626e-12,,20,,0,,50 ohms time 0.01
,SiC,1.0,Electron 85V,0.5,1.461880927494686e-12,0.0,10.0,/Users/rkfuentes/Documents/md_anderson_analysis/yepes_code/data/2025-11-20/scope-results-2025-11-20-1908.csv,3.7053333333333243e-10,,52,,0,,50 ohms time 0.01
,SiC,1.0,Electron 85V,0.5,1.461880927494686e-12,0.0,10.0,/Users/rkfuentes/Documents/md_anderson_analysis/yepes_code/data/2025-11-20/scope-results-2025-11-20-1909.csv,2.48533333333332e-10,,41,,0,,50 ohms time 0.01
,SiC,1.0,Electron 85V,0.5,1.461880927494686e-12,0.0,10.0,/Users/rkfuentes/Documents/md_anderson_analysis/yepes_code/data/2025-11-20/scope-results-2025-11-20-1910.csv,1.0293333333333519e-10,,25,,0,,50 ohms time 0.01
,SiC,1.0,Electron 85V,0.5,1.461880927494686e-12,0.0,10.0,/Users/rkfuentes/Documents/md_anderson_analysis/yepes_code/data/2025-11-20/scope-results-2025-11-20-1911.csv,9.489338468275717e-11,,23,,0,,50 ohms time 0.01
,SiC,1.0,Electron 110V,0.5,1.461880927494686e-12,0.0,10.0,/Users/rkfuentes/Documents/md_anderson_analysis/yepes_code/data/2025-11-20/scope-results-2025-11-20-1912.csv,6.059733333333324e-09,,88,,0,,50 ohms time 0.01
,SiC,1.0,Electron 110V,0.5,1.461880927494686e-12,0.0,10.0,/Users/rkfuentes/Documents/md_anderson_analysis/yepes_code/data/2025-11-20/scope-results-2025-11-20-1913.csv,4.6896000000000025e-09,,86,,0,,50 ohms time 0.01
,SiC,1.0,Electron 110V,0.5,1.461880927494686e-12,0.0,10.0,/Users/rkfuentes/Documents/md_anderson_analysis/yepes_code/data/2025-11-20/scope-results-2025-11-20-1914.csv,4.8662666666666555e-09,,83,,0,,50 ohms time 0.01
,SiC,1.0,Electron 110V,0.5,1.461880927494686e-12,0.0,10.0,/Users/rkfuentes/Documents/md_anderson_analysis/yepes_code/data/2025-11-20/scope-results-2025-11-20-1915.csv,5.202666666666671e-09,,95,,0,,50 ohms time 0.01
,SiC,1.0,Electron 110V,0.5,1.461880927494686e-12,0.0,10.0,/Users/rkfuentes/Documents/md_anderson_analysis/yepes_code/data/2025-11-20/scope-results-2025-11-20-1916.csv,4.772800000000006e-09,,77,,0,,50 ohms time 0.01
,SiC,1.0,Electron 110V,0.5,1.461880927494686e-12,0.0,10.0,/Users/rkfuentes/Documents/md_anderson_analysis/yepes_code/data/2025-11-20/scope-results-2025-11-20-1917.csv,4.146933333333346e-09,,99,,0,,50 ohms time 0.01
,SiC,1.0,Electron 110V,0.5,1.461880927494686e-12,0.0,10.0,/Users/rkfuentes/Documents/md_anderson_analysis/yepes_code/data/2025-11-20/scope-results-2025-11-20-1918.csv,3.965600000000002e-09,,81,,0,,50 ohms time 0.01
,SiC,1.0,Electron 110V,0.5,1.461880927494686e-12,0.0,10.0,/Users/rkfuentes/Documents/md_anderson_analysis/yepes_code/data/2025-11-20/scope-results-2025-11-20-1919.csv,1.0418666666666674e-09,,50,,0,,50 ohms time 0.01
,SiC,1.0,Electron 110V,0.5,1.461880927494686e-12,0.0,10.0,/Users/rkfuentes/Documents/md_anderson_analysis/yepes_code/data/2025-11-20/scope-results-2025-11-20-1920.csv,4.017600000000011e-09,,82,,0,,50 ohms time 0.01
,SiC,1.0,Electron 110V,0.5,1.461880927494686e-12,0.0,10.0,/Users/rkfuentes/Documents/md_anderson_analysis/yepes_code/data/2025-11-20/scope-results-2025-11-20-1921.csv,3.354666666666629e-10,,52,,0,,50 ohms time 0.01
,SiC,1.0,Electron 110V,0.5,1.461880927494686e-12,0.0,10.0,/Users/rkfuentes/Documents/md_anderson_analysis/yepes_code/data/2025-11-20/scope-results-2025-11-20-1922.csv,4.6837333333333316e-09,,92,,0,,50 ohms time 0.01
,SiC,1.0,Electron 110V,0.5,1.461880927494686e-12,0.0,10.0,/Users/rkfuentes/Documents/md_anderson_analysis/yepes_code/data/2025-11-20/scope-results-2025-11-20-1923.csv,4.081733333333342e-09,,83,,0,,50 ohms time 0.01
,SiC,1.0,Electron 110V,0.5,1.461880927494686e-12,0.0,10.0,/Users/rkfuentes/Documents/md_anderson_analysis/yepes_code/data/2025-11-20/scope-results-2025-11-20-1924.csv,4.052000000000002e-09,,85,,0,,50 ohms time 0.01
,SiC,1.0,Electron 110V,0.5,1.461880927494686e-12,0.0,10.0,/Users/rkfuentes/Documents/md_anderson_analysis/yepes_code/data/2025-11-20/scope-results-2025-11-20-1925.csv,3.6386666666666773e-09,,92,,0,,50 ohms time 0.01
,SiC,1.0,Electron 110V,0.5,1.461880927494686e-12,0.0,10.0,/Users/rkfuentes/Documents/md_anderson_analysis/yepes_code/data/2025-11-20/scope-results-2025-11-20-1926.csv,2.1489333333333225e-09,,44,,0,,50 ohms time 0.01
,SiC,1.0,Electron 110V,0.5,1.461880927494686e-12,0.0,10.0,/Users/rkfuentes/Documents/md_anderson_analysis/yepes_code/data/2025-11-20/scope-results-2025-11-20-1927.csv,1.00586666666667e-09,,48,,0,,50 ohms time 0.01
,SiC,1.0,Electron 110V,0.5,1.461880927494686e-12,0.0,10.0,/Users/rkfuentes/Documents/md_anderson_analysis/yepes_code/data/2025-11-20/scope-results-2025-11-20-1928.csv,4.835333333333336e-09,,80,,0,,50 ohms time 0.01
,SiC,1.0,Electron 110V,0.5,1.461880927494686e-12,0.0,10.0,/Users/rkfuentes/Documents/md_anderson_analysis/yepes_code/data/2025-11-20/scope-results-2025-11-20-1929.csv,4.6565333333333505e-09,,91,,0,,50 ohms time 0.01
,SiC,1.0,Electron 191V,0.5,1.461880927494686e-12,0.0,10.0,/Users/rkfuentes/Documents/md_anderson_analysis/yepes_code/data/2025-11-20/scope-results-2025-11-20-1962.csv,3.2023733333333346e-08,,86,,0,,50 ohms time 0.01
,SiC,1.0,Electron 191V,0.5,1.461880927494686e-12,0.0,10.0,/Users/rkfuentes/Documents/md_anderson_analysis/yepes_code/data/2025-11-20/scope-results-2025-11-20-1963.csv,2.748093333333334e-08,,83,,0,,50 ohms time 0.01
,SiC,1.0,Electron 191V,0.5,1.461880927494686e-12,0.0,10.0,/Users/rkfuentes/Documents/md_anderson_analysis/yepes_code/data/2025-11-20/scope-results-2025-11-20-1964.csv,2.7681866666666678e-08,,83,,0,,50 ohms time 0.01
,SiC,1.0,Electron 191V,0.5,1.461880927494686e-12,0.0,10.0,/Users/rkfuentes/Documents/md_anderson_analysis/yepes_code/data/2025-11-20/scope-results-2025-11-20-1965.csv,3.405759999999999e-08,,75,,0,,50 ohms time 0.01
,SiC,1.0,Electron 191V,0.5,1.461880927494686e-12,0.0,10.0,/Users/rkfuentes/Documents/md_anderson_analysis/yepes_code/data/2025-11-20/scope-results-2025-11-20-1966.csv,2.9377066666666638e-08,,79,,0,,50 ohms time 0.01
,SiC,1.0,Electron 191V,0.5,1.461880927494686e-12,0.0,10.0,/Users/rkfuentes/Documents/md_anderson_analysis/yepes_code/data/2025-11-20/scope-results-2025-11-20-1967.csv,2.8658266666666668e-08,,90,,0,,50 ohms time 0.01
,SiC,1.0,Electron 85V,0.5,1.461880927494686e-12,0.0,10.0,/Users/rkfuentes/Documents/md_anderson_analysis/yepes_code/data/2025-11-20/scope-results-2025-11-20-1987.csv,2.2666666666666395e-10,,50,,0,,50 ohms time 0.01
,SiC,1.0,Electron 85V,0.5,1.461880927494686e-12,0.0,10.0,/Users/rkfuentes/Documents/md_anderson_analysis/yepes_code/data/2025-11-20/scope-results-2025-11-20-1988.csv,5.3253436032178686e-11,,24,,0,,50 ohms time 0.01
,SiC,1.0,Electron 85V,0.5,1.461880927494686e-12,0.0,10.0,/Users/rkfuentes/Documents/md_anderson_analysis/yepes_code/data/2025-11-20/scope-results-2025-11-20-1989.csv,4.7999999999999104e-11,,41,,0,,50 ohms time 0.01
,SiC,1.0,Electron 85V,0.5,1.461880927494686e-12,0.0,10.0,/Users/rkfuentes/Documents/md_anderson_analysis/yepes_code/data/2025-11-20/scope-results-2025-11-20-1990.csv,3.8986666666666817e-10,,49,,0,,50 ohms time 0.01
,SiC,1.0,Electron 85V,0.5,1.461880927494686e-12,0.0,10.0,/Users/rkfuentes/Documents/md_anderson_analysis/yepes_code/data/2025-11-20/scope-results-2025-11-20-1991.csv,8.209378021395117e-11,,30,,0,,50 ohms time 0.01
,SiC,1.0,Electron 110V,0.5,1.461880927494686e-12,0.0,10.0,/Users/rkfuentes/Documents/md_anderson_analysis/yepes_code/data/2025-11-20/scope-results-2025-11-20-1992.csv,6.359999999999823e-11,,23,,0,,50 ohms time 0.01
,SiC,1.0,Electron 110V,0.5,1.461880927494686e-12,0.0,10.0,/Users/rkfuentes/Documents/md_anderson_analysis/yepes_code/data/2025-11-20/scope-results-2025-11-20-1993.csv,1.3632000000000012e-09,,46,,0,,50 ohms time 0.01
,SiC,1.0,Electron 110V,0.5,1.461880927494686e-12,0.0,10.0,/Users/rkfuentes/Documents/md_anderson_analysis/yepes_code/data/2025-11-20/scope-results-2025-11-20-1994.csv,3.0373333333334047e-10,,86,,0,,50 ohms time 0.01
,SiC,1.0,Electron 110V,0.5,1.461880927494686e-12,0.0,10.0,/Users/rkfuentes/Documents/md_anderson_analysis/yepes_code/data/2025-11-20/scope-results-2025-11-20-1995.csv,2.425599999999994e-09,,61,,0,,50 ohms time 0.01
,SiC,1.0,Electron 191V,0.5,1.461880927494686e-12,0.0,10.0,/Users/rkfuentes/Documents/md_anderson_analysis/yepes_code/data/2025-11-20/scope-results-2025-11-20-2008.csv,1.633173333333333e-08,,83,,0,,50 ohms time 0.01
,SiC,1.0,Electron 191V,0.5,1.461880927494686e-12,0.0,10.0,/Users/rkfuentes/Documents/md_anderson_analysis/yepes_code/data/2025-11-20/scope-results-2025-11-20-2009.csv,1.0893333333333333e-08,,87,,0,,50 ohms time 0.01
,SiC,1.0,Electron 191V,0.5,1.461880927494686e-12,0.0,10.0,/Users/rkfuentes/Documents/md_anderson_analysis/yepes_code/data/2025-11-20/scope-results-2025-11-20-2010.csv,1.2003066666666666e-08,,92,,0,,50 ohms time 0.01
,SiC,1.0,Electron 191V,0.5,1.461880927494686e-12,0.0,10.0,/Users/rkfuentes/Documents/md_anderson_analysis/yepes_code/data/2025-11-20/scope-results-2025-11-20-2011.csv,1.2035733333333326e-08,,83,,0,,50 ohms time 0.01
,SiC,,Electron 85V,1.0,1.471551653030126e-41,,40.0,/Users/rkfuentes/Documents/md_anderson_analysis/yepes_code/data/2025-11-20/scope-results-2025-11-20-0001.csv,2.0133333333333432e-10,,29,,0,,RF noise
,SiC,,Electron 85V,1.0,1.471551653030126e-41,,40.0,/Users/rkfuentes/Documents/md_anderson_analysis/yepes_code/data/2025-11-20/scope-results-2025-11-20-0002.csv,2.3966666666666155e-10,,43,,0,,RF noise
,SiC,,Electron 85V,1.0,1.471551653030126e-41,,40.0,/Users/rkfuentes/Documents/md_anderson_analysis/yepes_code/data/2025-11-20/scope-results-2025-11-20-0003.csv,1.5200000000001253e-10,,56,,0,,RF noise
,SiC,,Electron 85V,1.0,1.471551653030126e-41,,40.0,/Users/rkfuentes/Documents/md_anderson_analysis/yepes_code/data/2025-11-20/scope-results-2025-11-20-0004.csv,1.5906666666666754e-09,,87,,0,,RF noise
,SiC,,Electron 85V,1.0,1.471551653030126e-41,,40.0,/Users/rkfuentes/Documents/md_anderson_analysis/yepes_code/data/2025-11-20/scope-results-2025-11-20-0005.csv,2.9550000000000098e-09,,81,,0,,RF noise
,SiC,,Electron 85V,1.0,1.471551653030126e-41,,40.0,/Users/rkfuentes/Documents/md_anderson_analysis/yepes_code/data/2025-11-20/scope-results-2025-11-20-0006.csv,6.726666666666649e-09,,326,,0,,RF noise 50 ohm
,SiC,,Electron 85V,1.0,1.471551653030126e-41,,40.0,/Users/rkfuentes/Documents/md_anderson_analysis/yepes_code/data/2025-11-20/scope-results-2025-11-20-0007.csv,1.2333333333333394e-09,,82,,0,,RF noise 50 ohm
,SiC,,Electron 85V,1.0,1.471551653030126e-41,,40.0,/Users/rkfuentes/Documents/md_anderson_analysis/yepes_code/data/2025-11-20/scope-results-2025-11-20-0008.csv,1.498933333333334e-08,,293,,0,,RF noise 50 ohm
,SiC,,Electron 85V,1.0,1.471551653030126e-41,,40.0,/Users/rkfuentes/Documents/md_anderson_analysis/yepes_code/data/2025-11-20/scope-results-2025-11-20-0009.csv,1.5076666666666574e-09,,91,,0,,RF noise 1M ohm
,SiC,,Electron 85V,1.0,1.471551653030126e-41,,40.0,/Users/rkfuentes/Documents/md_anderson_analysis/yepes_code/data/2025-11-20/scope-results-2025-11-20-0010.csv,9.756679504022482e-11,,27,,0,,RF noise 1M ohm
,SiC,,Electron 85V,1.0,1.471551653030126e-41,,40.0,/Users/rkfuentes/Documents/md_anderson_analysis/yepes_code/data/2025-11-20/scope-results-2025-11-20-0011.csv,1.6013333333333328e-09,,69,,0,,RF noise 1M ohm
,SiC,,Electron 85V,1.0,1.471551653030126e-41,,40.0,/Users/rkfuentes/Documents/md_anderson_analysis/yepes_code/data/2025-11-20/scope-results-2025-11-20-0012.csv,1.6186666666666549e-09,,75,,0,,RF noise 1M ohm
,SiC,,Electron 85V,1.0,1.471551653030126e-41,,40.0,/Users/rkfuentes/Documents/md_anderson_analysis/yepes_code/data/2025-11-20/scope-results-2025-11-20-0013.csv,2.882333333333338e-09,,77,,0,,RF noise 1M ohm
,SiC,,Electron 85V,1.0,1.471551653030126e-41,,40.0,/Users/rkfuentes/Documents/md_anderson_analysis/yepes_code/data/2025-11-20/scope-results-2025-11-20-0014.csv,3.008000000000011e-09,,92,,0,,RF noise 1M ohm
,SiC,,Electron 85V,1.0,1.471551653030126e-41,,40.0,/Users/rkfuentes/Documents/md_anderson_analysis/yepes_code/data/2025-11-20/scope-results-2025-11-20-0015.csv,1.4823333333333393e-09,,81,,0,,RF noise 1M ohm
,SiC,,Electron 85V,1.0,1.471551653030126e-41,,40.0,/Users/rkfuentes/Documents/md_anderson_analysis/yepes_code/data/2025-11-20/scope-results-2025-11-20-0016.csv,1.5250000000000087e-09,,83,,0,,RF noise 1M ohm
,SiC,,Electron 85V,1.0,1.471551653030126e-41,,40.0,/Users/rkfuentes/Documents/md_anderson_analysis/yepes_code/data/2025-11-20/scope-results-2025-11-20-0017.csv,1.6560000000000063e-09,,93,,0,,RF noise 1M ohm
,SiC,,Electron 85V,1.0,1.471551653030126e-41,0.0,40.0,/Users/rkfuentes/Documents/md_anderson_analysis/yepes_code/data/2025-11-20/scope-results-2025-11-20-0018.csv,1.4036666666666623e-09,,87,,0,,50 ohms
,SiC,,Electron 85V,1.0,1.471551653030126e-41,0.0,40.0,/Users/rkfuentes/Documents/md_anderson_analysis/yepes_code/data/2025-11-20/scope-results-2025-11-20-0019.csv,1.6679999999999992e-09,,85,,0,,50 ohms
,SiC,,Electron 85V,1.0,1.471551653030126e-41,0.0,40.0,/Users/rkfuentes/Documents/md_anderson_analysis/yepes_code/data/2025-11-20/scope-results-2025-11-20-0020.csv,5.966666666666154e-11,,23,,0,,50 ohms
,SiC,,Electron 85V,1.0,1.471551653030126e-41,0.0,40.0,/Users/rkfuentes/Documents/md_anderson_analysis/yepes_code/data/2025-11-20/scope-results-2025-11-20-0021.csv,1.5199999999999987e-09,,83,,0,,50 ohms
,SiC,,Electron 85V,1.0,1.471551653030126e-41,0.0,40.0,/Users/rkfuentes/Documents/md_anderson_analysis/yepes_code/data/2025-11-20/scope-results-2025-11-20-0022.csv,2.6306666666666737e-09,,141,,0,,50 ohms
,SiC,,Electron 85V,1.0,1.471551653030126e-41,0.0,40.0,/Users/rkfuentes/Documents/md_anderson_analysis/yepes_code/data/2025-11-20/scope-results-2025-11-20-0023.csv,2.4883333333333157e-09,,139,,0,,50 ohms
,SiC,,Electron 85V,1.0,1.471551653030126e-41,0.0,40.0,/Users/rkfuentes/Documents/md_anderson_analysis/yepes_code/data/2025-11-20/scope-results-2025-11-20-0024.csv,4.7360000000000035e-09,,139,,0,,50 ohms
,SiC,,Electron 85V,1.0,1.471551653030126e-41,0.0,40.0,/Users/rkfuentes/Documents/md_anderson_analysis/yepes_code/data/2025-11-20/scope-results-2025-11-20-0025.csv,4.781666666666665e-09,,136,,0,,50 ohms
,SiC,,Electron 85V,1.0,1.471551653030126e-41,0.0,40.0,/Users/rkfuentes/Documents/md_anderson_analysis/yepes_code/data/2025-11-20/scope-results-2025-11-20-0026.csv,2.2519999999999906e-09,,148,,0,,50 ohms
,SiC,,Electron 85V,1.0,1.471551653030126e-41,0.0,40.0,/Users/rkfuentes/Documents/md_anderson_analysis/yepes_code/data/2025-11-20/scope-results-2025-11-20-0027.csv,2.4973333333333413e-09,,151,,0,,50 ohms
,SiC,,Electron 85V,1.0,1.471551653030126e-41,0.0,40.0,/Users/rkfuentes/Documents/md_anderson_analysis/yepes_code/data/2025-11-20/scope-results-2025-11-20-0028.csv,2.590000000000001e-09,,155,,0,,50 ohms
,SiC,,Electron 85V,1.0,1.471551653030126e-41,0.0,40.0,/Users/rkfuentes/Documents/md_anderson_analysis/yepes_code/data/2025-11-20/scope-results-2025-11-20-0029.csv,2.44100000000001e-09,,144,,0,,1M ohms
,SiC,,Electron 85V,1.0,1.471551653030126e-41,0.0,40.0,/Users/rkfuentes/Documents/md_anderson_analysis/yepes_code/data/2025-11-20/scope-results-2025-11-20-0030.csv,2.315999999999989e-09,,143,,0,,1M ohms
,SiC,,Electron 85V,1.0,1.471551653030126e-41,0.0,40.0,/Users/rkfuentes/Documents/md_anderson_analysis/yepes_code/data/2025-11-20/scope-results-2025-11-20-0031.csv,2.1426666666666584e-09,,130,,0,,1M ohms
,SiC,,Electron 85V,1.0,1.471551653030126e-41,0.0,40.0,/Users/rkfuentes/Documents/md_anderson_analysis/yepes_code/data/2025-11-20/scope-results-2025-11-20-0032.csv,1.9866666666667084e-10,,32,,0,,1M ohms
,SiC,,Electron 85V,1.0,1.471551653030126e-41,0.0,40.0,/Users/rkfuentes/Documents/md_anderson_analysis/yepes_code/data/2025-11-20/scope-results-2025-11-20-0033.csv,2.4786666666666718e-09,,142,,0,,1M ohms
,SiC,,Electron 85V,1.0,1.471551653030126e-41,0.0,40.0,/Users/rkfuentes/Documents/md_anderson_analysis/yepes_code/data/2025-11-20/scope-results-2025-11-20-0034.csv,2.4813333333333496e-09,,143,,0,,1M ohms
,SiC,,Electron 85V,1.0,1.471551653030126e-41,0.0,40.0,/Users/rkfuentes/Documents/md_anderson_analysis/yepes_code/data/2025-11-20/scope-results-2025-11-20-0035.csv,1.2766666666667065e-10,,134,,0,,1M ohms
,SiC,,Electron 85V,1.0,1.471551653030126e-41,0.0,40.0,/Users/rkfuentes/Documents/md_anderson_analysis/yepes_code/data/2025-11-20/scope-results-2025-11-20-0036.csv,3.4033333333332084e-10,,156,,0,,1M ohms
,SiC,,Electron 85V,1.0,1.471551653030126e-41,0.0,40.0,/Users/rkfuentes/Documents/md_anderson_analysis/yepes_code/data/2025-11-20/scope-results-2025-11-20-0037.csv,4.584000000000015e-09,,138,,0,,1M ohms
,SiC,,Electron 85V,1.0,1.471551653030126e-41,0.0,40.0,/Users/rkfuentes/Documents/md_anderson_analysis/yepes_code/data/2025-11-20/scope-results-2025-11-20-0038.csv,2.1613333333333408e-09,,142,,0,,50 ohms
,SiC,,Electron 85V,1.0,1.471551653030126e-41,0.0,40.0,/Users/rkfuentes/Documents/md_anderson_analysis/yepes_code/data/2025-11-20/scope-results-2025-11-20-0039.csv,2.5266666666666737e-09,,158,,0,,50 ohms
,SiC,,Electron 85V,1.0,1.471551653030126e-41,0.0,40.0,/Users/rkfuentes/Documents/md_anderson_analysis/yepes_code/data/2025-11-20/scope-results-2025-11-20-0040.csv,2.6773333333333282e-09,,120,,0,,50 ohms
,SiC,,Electron 85V,1.0,1.471551653030126e-41,0.0,40.0,/Users/rkfuentes/Documents/md_anderson_analysis/yepes_code/data/2025-11-20/scope-results-2025-11-20-0041.csv,4.924333333333334e-09,,132,,0,,50 ohms
,SiC,,Electron 85V,1.0,1.471551653030126e-41,0.0,40.0,/Users/rkfuentes/Documents/md_anderson_analysis/yepes_code/data/2025-11-20/scope-results-2025-11-20-0042.csv,2.3146666666666976e-09,,141,,0,,50 ohms
,SiC,,Electron 85V,1.0,1.471551653030126e-41,0.0,40.0,/Users/rkfuentes/Documents/md_anderson_analysis/yepes_code/data/2025-11-20/scope-results-2025-11-20-0043.csv,2.5066666666666464e-09,,143,,0,,50 ohms
,SiC,,Electron 85V,1.0,1.471551653030126e-41,0.0,40.0,/Users/rkfuentes/Documents/md_anderson_analysis/yepes_code/data/2025-11-20/scope-results-2025-11-20-0044.csv,2.5156666666666686e-09,,129,,0,,50 ohms
,SiC,,Electron 85V,1.0,1.471551653030126e-41,0.0,40.0,/Users/rkfuentes/Documents/md_anderson_analysis/yepes_code/data/2025-11-20/scope-results-2025-11-20-0045.csv,7.559526674756295e-10,,50,,0,,50 ohms
,SiC,,Electron 85V,1.0,1.471551653030126e-41,0.0,40.0,/Users/rkfuentes/Documents/md_anderson_analysis/yepes_code/data/2025-11-20/scope-results-2025-11-20-0046.csv,2.5686666666666617e-09,,147,,0,,50 ohms
,SiC,,Electron 110V,1.0,1.471551653030126e-41,0.0,40.0,/Users/rkfuentes/Documents/md_anderson_analysis/yepes_code/data/2025-11-20/scope-results-2025-11-20-0047.csv,2.4880000000000055e-09,,139,,0,,50 ohms
,SiC,,Electron 191V,1.0,1.471551653030126e-41,0.0,40.0,/Users/rkfuentes/Documents/md_anderson_analysis/yepes_code/data/2025-11-20/scope-results-2025-11-20-0048.csv,4.4533333333333204e-09,,263,,0,,50 ohms
,SiC,,Electron 191V,1.0,1.471551653030126e-41,0.0,40.0,/Users/rkfuentes/Documents/md_anderson_analysis/yepes_code/data/2025-11-20/scope-results-2025-11-20-0049.csv,4.6026666666666855e-09,,238,,0,,50 ohms
,SiC,,Electron 85V,1.0,1.471551653030126e-41,0.0,40.0,/Users/rkfuentes/Documents/md_anderson_analysis/yepes_code/data/2025-11-20/scope-results-2025-11-20-0050.csv,6.213333333333088e-10,,82,,0,,50 ohms
,SiC,,Electron 110V,1.0,1.471551653030126e-41,0.0,40.0,/Users/rkfuentes/Documents/md_anderson_analysis/yepes_code/data/2025-11-20/scope-results-2025-11-20-0051.csv,4.536000000000021e-09,,253,,0,,50 ohms
,SiC,1.0,Electron 85V,1.0,1.471551653030126e-41,0.0,40.0,/Users/rkfuentes/Documents/md_anderson_analysis/yepes_code/data/2025-11-20/scope-results-2025-11-20-0022.csv,2.6306666666666737e-09,,141,,0,,50 ohms
,SiC,1.0,Electron 85V,1.0,1.471551653030126e-41,0.0,40.0,/Users/rkfuentes/Documents/md_anderson_analysis/yepes_code/data/2025-11-20/scope-results-2025-11-20-0023.csv,2.4883333333333157e-09,,139,,0,,50 ohms
,SiC,1.0,Electron 85V,1.0,1.471551653030126e-41,0.0,40.0,/Users/rkfuentes/Documents/md_anderson_analysis/yepes_code/data/2025-11-20/scope-results-2025-11-20-0024.csv,4.7360000000000035e-09,,139,,0,,50 ohms
,SiC,1.0,Electron 85V,1.0,1.471551653030126e-41,0.0,40.0,/Users/rkfuentes/Documents/md_anderson_analysis/yepes_code/data/2025-11-20/scope-results-2025-11-20-0025.csv,4.781666666666665e-09,,136,,0,,50 ohms
,SiC,1.0,Electron 85V,1.0,1.471551653030126e-41,0.0,40.0,/Users/rkfuentes/Documents/md_anderson_analysis/yepes_code/data/2025-11-20/scope-results-2025-11-20-0026.csv,2.2519999999999906e-09,,148,,0,,50 ohms
,SiC,1.0,Electron 85V,1.0,1.471551653030126e-41,0.0,40.0,/Users/rkfuentes/Documents/md_anderson_analysis/yepes_code/data/2025-11-20/scope-results-2025-11-20-0027.csv,2.4973333333333413e-09,,151,,0,,50 ohms
,SiC,1.0,Electron 85V,1.0,1.471551653030126e-41,0.0,40.0,/Users/rkfuentes/Documents/md_anderson_analysis/yepes_code/data/2025-11-20/scope-results-2025-11-20-0028.csv,2.590000000000001e-09,,155,,0,,50 ohms
,SiC,1.0,Electron 85V,1.0,1.471551653030126e-41,0.0,40.0,/Users/rkfuentes/Documents/md_anderson_analysis/yepes_code/data/2025-11-20/scope-results-2025-11-20-0029.csv,2.44100000000001e-09,,144,,0,,50 ohms
,SiC,1.0,Electron 85V,1.0,1.471551653030126e-41,0.0,40.0,/Users/rkfuentes/Documents/md_anderson_analysis/yepes_code/data/2025-11-20/scope-results-2025-11-20-0030.csv,2.315999999999989e-09,,143,,0,,50 ohms
,SiC,1.0,Electron 85V,1.0,1.471551653030126e-41,0.0,40.0,/Users/rkfuentes/Documents/md_anderson_analysis/yepes_code/data/2025-11-20/scope-results-2025-11-20-0031.csv,2.1426666666666584e-09,,130,,0,,50 ohms
,SiC,1.0,Electron 85V,1.0,1.471551653030126e-41,0.0,40.0,/Users/rkfuentes/Documents/md_anderson_analysis/yepes_code/data/2025-11-20/scope-results-2025-11-20-0032.csv,1.9866666666667084e-10,,32,,0,,50 ohms
,SiC,1.0,Electron 85V,1.0,1.471551653030126e-41,0.0,40.0,/Users/rkfuentes/Documents/md_anderson_analysis/yepes_code/data/2025-11-20/scope-results-2025-11-20-0033.csv,2.4786666666666718e-09,,142,,0,,50 ohms
,SiC,1.0,Electron 85V,1.0,1.471551653030126e-41,0.0,40.0,/Users/rkfuentes/Documents/md_anderson_analysis/yepes_code/data/2025-11-20/scope-results-2025-11-20-0034.csv,2.4813333333333496e-09,,143,,0,,50 ohms
,SiC,1.0,Electron 85V,1.0,1.471551653030126e-41,0.0,40.0,/Users/rkfuentes/Documents/md_anderson_analysis/yepes_code/data/2025-11-20/scope-results-2025-11-20-0035.csv,1.2766666666667065e-10,,134,,0,,50 ohms
,SiC,1.0,Electron 85V,1.0,1.471551653030126e-41,0.0,40.0,/Users/rkfuentes/Documents/md_anderson_analysis/yepes_code/data/2025-11-20/scope-results-2025-11-20-0036.csv,3.4033333333332084e-10,,156,,0,,50 ohms
,SiC,1.0,Electron 85V,1.0,1.471551653030126e-41,0.0,40.0,/Users/rkfuentes/Documents/md_anderson_analysis/yepes_code/data/2025-11-20/scope-results-2025-11-20-0037.csv,4.584000000000015e-09,,138,,0,,50 ohms
,SiC,1.0,Electron 85V,1.0,1.471551653030126e-41,0.0,40.0,/Users/rkfuentes/Documents/md_anderson_analysis/yepes_code/data/2025-11-20/scope-results-2025-11-20-0038.csv,2.1613333333333408e-09,,142,,0,,50 ohms
,SiC,1.0,Electron 85V,1.0,1.471551653030126e-41,0.0,40.0,/Users/rkfuentes/Documents/md_anderson_analysis/yepes_code/data/2025-11-20/scope-results-2025-11-20-0039.csv,2.5266666666666737e-09,,158,,0,,50 ohms
,SiC,1.0,Electron 85V,1.0,1.471551653030126e-41,0.0,40.0,/Users/rkfuentes/Documents/md_anderson_analysis/yepes_code/data/2025-11-20/scope-results-2025-11-20-0040.csv,2.6773333333333282e-09,,120,,0,,50 ohms
,SiC,1.0,Electron 85V,1.0,1.471551653030126e-41,0.0,40.0,/Users/rkfuentes/Documents/md_anderson_analysis/yepes_code/data/2025-11-20/scope-results-2025-11-20-0041.csv,4.924333333333334e-09,,132,,0,,50 ohms
,SiC,1.0,Electron 85V,1.0,1.471551653030126e-41,0.0,40.0,/Users/rkfuentes/Documents/md_anderson_analysis/yepes_code/data/2025-11-20/scope-results-2025-11-20-0042.csv,2.3146666666666976e-09,,141,,0,,50 ohms
,SiC,1.0,Electron 85V,1.0,1.471551653030126e-41,0.0,40.0,/Users/rkfuentes/Documents/md_anderson_analysis/yepes_code/data/2025-11-20/scope-results-2025-11-20-0043.csv,2.5066666666666464e-09,,143,,0,,50 ohms
,SiC,1.0,Electron 85V,1.0,1.471551653030126e-41,0.0,40.0,/Users/rkfuentes/Documents/md_anderson_analysis/yepes_code/data/2025-11-20/scope-results-2025-11-20-0044.csv,2.5156666666666686e-09,,129,,0,,50 ohms
,SiC,1.0,Electron 85V,1.0,1.471551653030126e-41,0.0,40.0,/Users/rkfuentes/Documents/md_anderson_analysis/yepes_code/data/2025-11-20/scope-results-2025-11-20-0045.csv,7.559526674756295e-10,,50,,0,,50 ohms
,SiC,1.0,Electron 85V,1.0,1.471551653030126e-41,0.0,40.0,/Users/rkfuentes/Documents/md_anderson_analysis/yepes_code/data/2025-11-20/scope-results-2025-11-20-0046.csv,2.5686666666666617e-09,,147,,0,,50 ohms
,SiC,1.0,Electron 85V,1.0,1.471551653030126e-41,0.0,40.0,/Users/rkfuentes/Documents/md_anderson_analysis/yepes_code/data/2025-11-20/scope-results-2025-11-20-0047.csv,2.4880000000000055e-09,,139,,0,,50 ohms
,SiC,1.0,Electron 110V,1.0,1.471551653030126e-41,0.0,40.0,/Users/rkfuentes/Documents/md_anderson_analysis/yepes_code/data/2025-11-20/scope-results-2025-11-20-0101.csv,2.0263666666666643e-08,,144,,0,,50 ohms time 0.01
,SiC,1.0,Electron 110V,1.0,1.471551653030126e-41,0.0,40.0,/Users/rkfuentes/Documents/md_anderson_analysis/yepes_code/data/2025-11-20/scope-results-2025-11-20-0102.csv,1.781733333333332e-08,,148,,0,,50 ohms time 0.01
,SiC,1.0,Electron 110V,1.0,1.471551653030126e-41,0.0,40.0,/Users/rkfuentes/Documents/md_anderson_analysis/yepes_code/data/2025-11-20/scope-results-2025-11-20-0103.csv,2.061566666666671e-08,,151,,0,,50 ohms time 0.01
,SiC,1.0,Electron 110V,1.0,1.471551653030126e-41,0.0,40.0,/Users/rkfuentes/Documents/md_anderson_analysis/yepes_code/data/2025-11-20/scope-results-2025-11-20-0104.csv,2.1040000000000002e-08,,150,,0,,50 ohms time 0.01
,SiC,1.0,Electron 110V,1.0,1.471551653030126e-41,0.0,40.0,/Users/rkfuentes/Documents/md_anderson_analysis/yepes_code/data/2025-11-20/scope-results-2025-11-20-0105.csv,2.0413333333333325e-08,,154,,0,,50 ohms time 0.01
,SiC,1.0,Electron 110V,1.0,1.471551653030126e-41,0.0,40.0,/Users/rkfuentes/Documents/md_anderson_analysis/yepes_code/data/2025-11-20/scope-results-2025-11-20-0106.csv,1.7869333333333322e-08,,144,,0,,50 ohms time 0.01
,SiC,1.0,Electron 110V,1.0,1.471551653030126e-41,0.0,40.0,/Users/rkfuentes/Documents/md_anderson_analysis/yepes_code/data/2025-11-20/scope-results-2025-11-20-0107.csv,2.046000000000004e-08,,142,,0,,50 ohms time 0.01
,SiC,1.0,Electron 110V,1.0,1.471551653030126e-41,0.0,40.0,/Users/rkfuentes/Documents/md_anderson_analysis/yepes_code/data/2025-11-20/scope-results-2025-11-20-0108.csv,2.289733333333331e-08,,149,,0,,50 ohms time 0.01
,SiC,1.0,Electron 110V,1.0,1.471551653030126e-41,0.0,40.0,/Users/rkfuentes/Documents/md_anderson_analysis/yepes_code/data/2025-11-20/scope-results-2025-11-20-0109.csv,2.061033333333332e-08,,147,,0,,50 ohms time 0.01
,SiC,1.0,Electron 110V,1.0,1.471551653030126e-41,0.0,40.0,/Users/rkfuentes/Documents/md_anderson_analysis/yepes_code/data/2025-11-20/scope-results-2025-11-20-0110.csv,2.044233333333334e-08,,160,,0,,50 ohms time 0.01
,SiC,1.0,Electron 110V,1.0,1.471551653030126e-41,0.0,40.0,/Users/rkfuentes/Documents/md_anderson_analysis/yepes_code/data/2025-11-20/scope-results-2025-11-20-0111.csv,2.050633333333335e-08,,150,,0,,50 ohms time 0.01
,SiC,1.0,Electron 110V,1.0,1.471551653030126e-41,0.0,40.0,/Users/rkfuentes/Documents/md_anderson_analysis/yepes_code/data/2025-11-20/scope-results-2025-11-20-0112.csv,2.076866666666667e-08,,147,,0,,50 ohms time 0.01
,SiC,1.0,Electron 191V,1.0,1.471551653030126e-41,0.0,40.0,/Users/rkfuentes/Documents/md_anderson_analysis/yepes_code/data/2025-11-20/scope-results-2025-11-20-0149.csv,1.0770399999999996e-07,,148,,0,,50 ohms time 0.01
,SiC,1.0,Electron 191V,1.0,1.471551653030126e-41,0.0,40.0,/Users/rkfuentes/Documents/md_anderson_analysis/yepes_code/data/2025-11-20/scope-results-2025-11-20-0150.csv,1.0630499999999998e-07,,152,,0,,50 ohms time 0.01
,SiC,1.0,Electron 191V,1.0,1.471551653030126e-41,0.0,40.0,/Users/rkfuentes/Documents/md_anderson_analysis/yepes_code/data/2025-11-20/scope-results-2025-11-20-0151.csv,1.0630766666666667e-07,,145,,0,,50 ohms time 0.01
,SiC,1.0,Electron 191V,1.0,1.471551653030126e-41,0.0,40.0,/Users/rkfuentes/Documents/md_anderson_analysis/yepes_code/data/2025-11-20/scope-results-2025-11-20-0152.csv,1.0421866666666665e-07,,150,,0,,50 ohms time 0.01
,SiC,1.0,Electron 191V,1.0,1.471551653030126e-41,0.0,40.0,/Users/rkfuentes/Documents/md_anderson_analysis/yepes_code/data/2025-11-20/scope-results-2025-11-20-0153.csv,1.0792200000000004e-07,,146,,0,,50 ohms time 0.01
,SiC,1.0,Electron 191V,1.0,1.471551653030126e-41,0.0,40.0,/Users/rkfuentes/Documents/md_anderson_analysis/yepes_code/data/2025-11-20/scope-results-2025-11-20-0154.csv,1.0592400000000002e-07,,148,,0,,50 ohms time 0.01
,SiC,1.0,Electron 191V,1.0,1.471551653030126e-41,0.0,40.0,/Users/rkfuentes/Documents/md_anderson_analysis/yepes_code/data/2025-11-20/scope-results-2025-11-20-0155.csv,1.0566366666666667e-07,,146,,0,,50 ohms time 0.01
,SiC,1.0,Electron 191V,1.0,1.471551653030126e-41,0.0,40.0,/Users/rkfuentes/Documents/md_anderson_analysis/yepes_code/data/2025-11-20/scope-results-2025-11-20-0156.csv,1.0584600000000006e-07,,156,,0,,50 ohms time 0.01
,SiC,1.0,Electron 191V,1.0,1.471551653030126e-41,0.0,40.0,/Users/rkfuentes/Documents/md_anderson_analysis/yepes_code/data/2025-11-20/scope-results-2025-11-20-0157.csv,1.0301333333333329e-07,,136,,0,,50 ohms time 0.01
,SiC,1.0,Electron 191V,1.0,1.471551653030126e-41,0.0,40.0,/Users/rkfuentes/Documents/md_anderson_analysis/yepes_code/data/2025-11-20/scope-results-2025-11-20-0158.csv,1.062786666666667e-07,,135,,0,,50 ohms time 0.01
,SiC,1.0,Electron 191V,1.0,1.471551653030126e-41,0.0,40.0,/Users/rkfuentes/Documents/md_anderson_analysis/yepes_code/data/2025-11-20/scope-results-2025-11-20-0159.csv,9.914533333333333e-08,,153,,0,,50 ohms time 0.01
,SiC,1.0,Electron 191V,1.0,1.471551653030126e-41,0.0,40.0,/Users/rkfuentes/Documents/md_anderson_analysis/yepes_code/data/2025-11-20/scope-results-2025-11-20-0160.csv,1.0375833333333328e-07,,145,,0,,50 ohms time 0.01
,SiC,1.0,Electron 85V,1.0,1.471551653030126e-41,0.0,40.0,/Users/rkfuentes/Documents/md_anderson_analysis/yepes_code/data/2025-11-20/scope-results-2025-11-20-0252.csv,2.2426666666666763e-09,,132,,0,,50 ohms time 0.01
,SiC,1.0,Electron 85V,1.0,1.471551653030126e-41,0.0,40.0,/Users/rkfuentes/Documents/md_anderson_analysis/yepes_code/data/2025-11-20/scope-results-2025-11-20-0253.csv,4.47066666666664e-09,,95,,0,,50 ohms time 0.01
,SiC,1.0,Electron 85V,1.0,1.471551653030126e-41,0.0,40.0,/Users/rkfuentes/Documents/md_anderson_analysis/yepes_code/data/2025-11-20/scope-results-2025-11-20-0254.csv,1.7373333333333627e-09,,67,,0,,50 ohms time 0.01
,SiC,1.0,Electron 85V,1.0,1.471551653030126e-41,0.0,40.0,/Users/rkfuentes/Documents/md_anderson_analysis/yepes_code/data/2025-11-20/scope-results-2025-11-20-0255.csv,5.063333333332944e-10,,37,,0,,50 ohms time 0.01
,SiC,1.0,Electron 85V,1.0,1.471551653030126e-41,0.0,40.0,/Users/rkfuentes/Documents/md_anderson_analysis/yepes_code/data/2025-11-20/scope-results-2025-11-20-0256.csv,7.901333333333304e-09,,100,,0,,50 ohms time 0.01
,SiC,1.0,Electron 85V,1.0,1.471551653030126e-41,0.0,40.0,/Users/rkfuentes/Documents/md_anderson_analysis/yepes_code/data/2025-11-20/scope-results-2025-11-20-0257.csv,3.2790012837355967e-10,,23,,0,,50 ohms time 0.01
,SiC,1.0,Electron 85V,1.0,1.471551653030126e-41,0.0,40.0,/Users/rkfuentes/Documents/md_anderson_analysis/yepes_code/data/2025-11-20/scope-results-2025-11-20-0258.csv,1.0699999999999645e-10,,35,,0,,50 ohms time 0.01
,SiC,1.0,Electron 85V,1.0,1.471551653030126e-41,0.0,40.0,/Users/rkfuentes/Documents/md_anderson_analysis/yepes_code/data/2025-11-20/scope-results-2025-11-20-0259.csv,4.878666666666669e-09,,110,,0,,50 ohms time 0.01
,SiC,1.0,Electron 85V,1.0,1.471551653030126e-41,0.0,40.0,/Users/rkfuentes/Documents/md_anderson_analysis/yepes_code/data/2025-11-20/scope-results-2025-11-20-0260.csv,1.6781499999999994e-07,,356,,0,,50 ohms time 0.01
,SiC,1.0,Electron 85V,1.0,1.471551653030126e-41,0.0,40.0,/Users/rkfuentes/Documents/md_anderson_analysis/yepes_code/data/2025-11-20/scope-results-2025-11-20-0261.csv,1.6516000000000034e-08,,58,,0,,50 ohms time 0.01
,SiC,1.0,Electron 85V,1.0,1.471551653030126e-41,0.0,40.0,/Users/rkfuentes/Documents/md_anderson_analysis/yepes_code/data/2025-11-20/scope-results-2025-11-20-0262.csv,5.987999999999981e-09,,107,,0,,50 ohms time 0.01
,SiC,1.0,Electron 85V,1.0,1.471551653030126e-41,0.0,40.0,/Users/rkfuentes/Documents/md_anderson_analysis/yepes_code/data/2025-11-20/scope-results-2025-11-20-0263.csv,2.305333333333334e-09,,48,,0,,50 ohms time 0.01
,SiC,1.0,Electron 85V,1.0,1.471551653030126e-41,0.0,40.0,/Users/rkfuentes/Documents/md_anderson_analysis/yepes_code/data/2025-11-20/scope-results-2025-11-20-0264.csv,2.8127999999999996e-08,,141,,0,,50 ohms time 0.01
,SiC,1.0,Electron 85V,1.0,1.471551653030126e-41,0.0,40.0,/Users/rkfuentes/Documents/md_anderson_analysis/yepes_code/data/2025-11-20/scope-results-2025-11-20-0265.csv,4.159999999999689e-10,,70,,0,,50 ohms time 0.01
,SiC,1.0,Electron 85V,1.0,1.471551653030126e-41,0.0,40.0,/Users/rkfuentes/Documents/md_anderson_analysis/yepes_code/data/2025-11-20/scope-results-2025-11-20-0266.csv,2.9233461706892576e-11,,22,,0,,50 ohms time 0.01
,SiC,1.0,Electron 85V,1.0,1.471551653030126e-41,0.0,40.0,/Users/rkfuentes/Documents/md_anderson_analysis/yepes_code/data/2025-11-20/scope-results-2025-11-20-0267.csv,5.866666666666608e-10,,51,,0,,50 ohms time 0.01
,SiC,1.0,Electron 85V,1.0,1.471551653030126e-41,0.0,40.0,/Users/rkfuentes/Documents/md_anderson_analysis/yepes_code/data/2025-11-20/scope-results-2025-11-20-0268.csv,9.066666666666162e-11,,33,,0,,50 ohms time 0.01
,SiC,1.0,Electron 85V,1.0,1.471551653030126e-41,0.0,40.0,/Users/rkfuentes/Documents/md_anderson_analysis/yepes_code/data/2025-11-20/scope-results-2025-11-20-0269.csv,8.633333333332005e-11,,29,,0,,50 ohms time 0.01
,SiC,1.0,Electron 85V,1.0,1.471551653030126e-41,0.0,40.0,/Users/rkfuentes/Documents/md_anderson_analysis/yepes_code/data/2025-11-20/scope-results-2025-11-20-0270.csv,6.236666666666597e-10,,59,,0,,50 ohms time 0.01
,SiC,1.0,Electron 85V,1.0,1.471551653030126e-41,0.0,40.0,/Users/rkfuentes/Documents/md_anderson_analysis/yepes_code/data/2025-11-20/scope-results-2025-11-20-0271.csv,7.433333333332254e-11,,28,,0,,50 ohms time 0.01
,SiC,1.0,Electron 85V,1.0,1.471551653030126e-41,0.0,40.0,/Users/rkfuentes/Documents/md_anderson_analysis/yepes_code/data/2025-11-20/scope-results-2025-11-20-0272.csv,5.403333333333327e-10,,24,,0,,50 ohms time 0.01
,SiC,1.0,Electron 85V,1.0,1.471551653030126e-41,0.0,40.0,/Users/rkfuentes/Documents/md_anderson_analysis/yepes_code/data/2025-11-20/scope-results-2025-11-20-0273.csv,5.799999999999934e-10,,30,,0,,50 ohms time 0.01
,SiC,1.0,Electron 85V,1.0,1.471551653030126e-41,0.0,40.0,/Users/rkfuentes/Documents/md_anderson_analysis/yepes_code/data/2025-11-20/scope-results-2025-11-20-0274.csv,5.0333333333336255e-11,,49,,0,,50 ohms time 0.01
,SiC,1.0,Electron 85V,1.0,1.471551653030126e-41,0.0,40.0,/Users/rkfuentes/Documents/md_anderson_analysis/yepes_code/data/2025-11-20/scope-results-2025-11-20-0275.csv,5.586666666666995e-10,,112,,0,,50 ohms time 0.01
,SiC,1.0,Electron 85V,1.0,1.471551653030126e-41,0.0,40.0,/Users/rkfuentes/Documents/md_anderson_analysis/yepes_code/data/2025-11-20/scope-results-2025-11-20-0276.csv,1.600000000000524e-11,,36,,0,,50 ohms time 0.01
,SiC,1.0,Electron 110V,1.0,1.471551653030126e-41,0.0,40.0,/Users/rkfuentes/Documents/md_anderson_analysis/yepes_code/data/2025-11-20/scope-results-2025-11-20-0309.csv,5.851000000000011e-09,,142,,0,,50 ohms time 0.01
,SiC,1.0,Electron 110V,1.0,1.471551653030126e-41,0.0,40.0,/Users/rkfuentes/Documents/md_anderson_analysis/yepes_code/data/2025-11-20/scope-results-2025-11-20-0310.csv,6.02266666666667e-09,,132,,0,,50 ohms time 0.01
,SiC,1.0,Electron 110V,1.0,1.471551653030126e-41,0.0,40.0,/Users/rkfuentes/Documents/md_anderson_analysis/yepes_code/data/2025-11-20/scope-results-2025-11-20-0311.csv,1.1275333333333353e-08,,134,,0,,50 ohms time 0.01
,SiC,1.0,Electron 110V,1.0,1.471551653030126e-41,0.0,40.0,/Users/rkfuentes/Documents/md_anderson_analysis/yepes_code/data/2025-11-20/scope-results-2025-11-20-0312.csv,8.47866666666665e-09,,136,,0,,50 ohms time 0.01
,SiC,1.0,Electron 110V,1.0,1.471551653030126e-41,0.0,40.0,/Users/rkfuentes/Documents/md_anderson_analysis/yepes_code/data/2025-11-20/scope-results-2025-11-20-0313.csv,8.504000000000005e-09,,137,,0,,50 ohms time 0.01
,SiC,1.0,Electron 110V,1.0,1.471551653030126e-41,0.0,40.0,/Users/rkfuentes/Documents/md_anderson_analysis/yepes_code/data/2025-11-20/scope-results-2025-11-20-0314.csv,6.0649999999999934e-09,,134,,0,,50 ohms time 0.01
,SiC,1.0,Electron 110V,1.0,1.471551653030126e-41,0.0,40.0,/Users/rkfuentes/Documents/md_anderson_analysis/yepes_code/data/2025-11-20/scope-results-2025-11-20-0315.csv,5.8466666666666634e-09,,138,,0,,50 ohms time 0.01
,SiC,1.0,Electron 110V,1.0,1.471551653030126e-41,0.0,40.0,/Users/rkfuentes/Documents/md_anderson_analysis/yepes_code/data/2025-11-20/scope-results-2025-11-20-0316.csv,8.634666666666695e-09,,141,,0,,50 ohms time 0.01
,SiC,1.0,Electron 110V,1.0,1.471551653030126e-41,0.0,40.0,/Users/rkfuentes/Documents/md_anderson_analysis/yepes_code/data/2025-11-20/scope-results-2025-11-20-0317.csv,8.366666666666652e-09,,142,,0,,50 ohms time 0.01
,SiC,1.0,Electron 110V,1.0,1.471551653030126e-41,0.0,40.0,/Users/rkfuentes/Documents/md_anderson_analysis/yepes_code/data/2025-11-20/scope-results-2025-11-20-0318.csv,8.83166666666666e-09,,143,,0,,50 ohms time 0.01
,SiC,1.0,Electron 110V,1.0,1.471551653030126e-41,0.0,40.0,/Users/rkfuentes/Documents/md_anderson_analysis/yepes_code/data/2025-11-20/scope-results-2025-11-20-0319.csv,8.569333333333335e-09,,148,,0,,50 ohms time 0.01
,SiC,1.0,Electron 110V,1.0,1.471551653030126e-41,0.0,40.0,/Users/rkfuentes/Documents/md_anderson_analysis/yepes_code/data/2025-11-20/scope-results-2025-11-20-0320.csv,8.610999999999992e-09,,141,,0,,50 ohms time 0.01
,SiC,1.0,Electron 191V,1.0,1.471551653030126e-41,0.0,40.0,/Users/rkfuentes/Documents/md_anderson_analysis/yepes_code/data/2025-11-20/scope-results-2025-11-20-0365.csv,4.012633333333333e-08,,147,,0,,50 ohms time 0.01
,SiC,1.0,Electron 191V,1.0,1.471551653030126e-41,0.0,40.0,/Users/rkfuentes/Documents/md_anderson_analysis/yepes_code/data/2025-11-20/scope-results-2025-11-20-0366.csv,4.4516e-08,,153,,0,,50 ohms time 0.01
,SiC,1.0,Electron 191V,1.0,1.471551653030126e-41,0.0,40.0,/Users/rkfuentes/Documents/md_anderson_analysis/yepes_code/data/2025-11-20/scope-results-2025-11-20-0367.csv,4.1612333333333365e-08,,159,,0,,50 ohms time 0.01
,SiC,1.0,Electron 191V,1.0,1.471551653030126e-41,0.0,40.0,/Users/rkfuentes/Documents/md_anderson_analysis/yepes_code/data/2025-11-20/scope-results-2025-11-20-0368.csv,4.480099999999997e-08,,154,,0,,50 ohms time 0.01
,SiC,1.0,Electron 191V,1.0,1.471551653030126e-41,0.0,40.0,/Users/rkfuentes/Documents/md_anderson_analysis/yepes_code/data/2025-11-20/scope-results-2025-11-20-0369.csv,4.414666666666671e-08,,143,,0,,50 ohms time 0.01
,SiC,1.0,Electron 191V,1.0,1.471551653030126e-41,0.0,40.0,/Users/rkfuentes/Documents/md_anderson_analysis/yepes_code/data/2025-11-20/scope-results-2025-11-20-0370.csv,4.140866666666668e-08,,158,,0,,50 ohms time 0.01
,SiC,1.0,Electron 191V,1.0,1.471551653030126e-41,0.0,40.0,/Users/rkfuentes/Documents/md_anderson_analysis/yepes_code/data/2025-11-20/scope-results-2025-11-20-0371.csv,3.959866666666666e-08,,140,,0,,50 ohms time 0.01
,SiC,1.0,Electron 191V,1.0,1.471551653030126e-41,0.0,40.0,/Users/rkfuentes/Documents/md_anderson_analysis/yepes_code/data/2025-11-20/scope-results-2025-11-20-0372.csv,4.442399999999999e-08,,145,,0,,50 ohms time 0.01
,SiC,1.0,Electron 191V,1.0,1.471551653030126e-41,0.0,40.0,/Users/rkfuentes/Documents/md_anderson_analysis/yepes_code/data/2025-11-20/scope-results-2025-11-20-0373.csv,4.109566666666669e-08,,150,,0,,50 ohms time 0.01
,SiC,1.0,Electron 191V,1.0,1.471551653030126e-41,0.0,40.0,/Users/rkfuentes/Documents/md_anderson_analysis/yepes_code/data/2025-11-20/scope-results-2025-11-20-0374.csv,4.132733333333337e-08,,158,,0,,50 ohms time 0.01
,SiC,1.0,Electron 191V,1.0,1.471551653030126e-41,0.0,40.0,/Users/rkfuentes/Documents/md_anderson_analysis/yepes_code/data/2025-11-20/scope-results-2025-11-20-0375.csv,4.3908000000000025e-08,,155,,0,,50 ohms time 0.01
,SiC,1.0,Electron 191V,1.0,1.471551653030126e-41,0.0,40.0,/Users/rkfuentes/Documents/md_anderson_analysis/yepes_code/data/2025-11-20/scope-results-2025-11-20-0376.csv,4.114e-08,,141,,0,,50 ohms time 0.01
,SiC,1.0,Electron 191V,1.0,1.471551653030126e-41,0.0,40.0,/Users/rkfuentes/Documents/md_anderson_analysis/yepes_code/data/2025-11-20/scope-results-2025-11-20-0377.csv,4.2191666666666676e-08,,158,,0,,50 ohms time 0.01
,SiC,1.0,Electron 191V,1.0,1.471551653030126e-41,0.0,40.0,/Users/rkfuentes/Documents/md_anderson_analysis/yepes_code/data/2025-11-20/scope-results-2025-11-20-0378.csv,4.4221333333333345e-08,,143,,0,,50 ohms time 0.01
,SiC,1.0,Electron 191V,1.0,1.471551653030126e-41,0.0,40.0,/Users/rkfuentes/Documents/md_anderson_analysis/yepes_code/data/2025-11-20/scope-results-2025-11-20-0379.csv,4.322966666666667e-08,,152,,0,,50 ohms time 0.01
,SiC,1.0,Electron 85V,1.0,1.471551653030126e-41,0.0,40.0,/Users/rkfuentes/Documents/md_anderson_analysis/yepes_code/data/2025-11-20/scope-results-2025-11-20-0403.csv,2.144333333333347e-09,,56,,0,,50 ohms time 0.01
,SiC,1.0,Electron 85V,1.0,1.471551653030126e-41,0.0,40.0,/Users/rkfuentes/Documents/md_anderson_analysis/yepes_code/data/2025-11-20/scope-results-2025-11-20-0404.csv,4.1691945836577077e-10,,25,,0,,50 ohms time 0.01
,SiC,1.0,Electron 85V,1.0,1.471551653030126e-41,0.0,40.0,/Users/rkfuentes/Documents/md_anderson_analysis/yepes_code/data/2025-11-20/scope-results-2025-11-20-0405.csv,4.529000000000005e-09,,109,,0,,50 ohms time 0.01
,SiC,1.0,Electron 85V,1.0,1.471551653030126e-41,0.0,40.0,/Users/rkfuentes/Documents/md_anderson_analysis/yepes_code/data/2025-11-20/scope-results-2025-11-20-0406.csv,4.786666666666198e-10,,57,,0,,50 ohms time 0.01
,SiC,1.0,Electron 85V,1.0,1.471551653030126e-41,0.0,40.0,/Users/rkfuentes/Documents/md_anderson_analysis/yepes_code/data/2025-11-20/scope-results-2025-11-20-0407.csv,7.466666666667058e-11,,37,,0,,50 ohms time 0.01
,SiC,1.0,Electron 85V,1.0,1.471551653030126e-41,0.0,40.0,/Users/rkfuentes/Documents/md_anderson_analysis/yepes_code/data/2025-11-20/scope-results-2025-11-20-0408.csv,2.6472999999999995e-08,,358,,0,,50 ohms time 0.01
,SiC,1.0,Electron 85V,1.0,1.471551653030126e-41,0.0,40.0,/Users/rkfuentes/Documents/md_anderson_analysis/yepes_code/data/2025-11-20/scope-results-2025-11-20-0409.csv,2.633333333333366e-09,,223,,0,,50 ohms time 0.01
,SiC,1.0,Electron 85V,1.0,1.471551653030126e-41,0.0,40.0,/Users/rkfuentes/Documents/md_anderson_analysis/yepes_code/data/2025-11-20/scope-results-2025-11-20-0410.csv,1.0346666666666641e-09,,50,,0,,50 ohms time 0.01
,SiC,1.0,Electron 85V,1.0,1.471551653030126e-41,0.0,40.0,/Users/rkfuentes/Documents/md_anderson_analysis/yepes_code/data/2025-11-20/scope-results-2025-11-20-0411.csv,3.956666666666739e-10,,57,,0,,50 ohms time 0.01
,SiC,1.0,Electron 85V,1.0,1.471551653030126e-41,0.0,40.0,/Users/rkfuentes/Documents/md_anderson_analysis/yepes_code/data/2025-11-20/scope-results-2025-11-20-0412.csv,1.5433333333333756e-10,,29,,0,,50 ohms time 0.01
,SiC,1.0,Electron 85V,1.0,1.471551653030126e-41,0.0,40.0,/Users/rkfuentes/Documents/md_anderson_analysis/yepes_code/data/2025-11-20/scope-results-2025-11-20-0413.csv,5.486666666666234e-10,,34,,0,,50 ohms time 0.01
,SiC,1.0,Electron 85V,1.0,1.471551653030126e-41,0.0,40.0,/Users/rkfuentes/Documents/md_anderson_analysis/yepes_code/data/2025-11-20/scope-results-2025-11-20-0414.csv,4.535499999999995e-08,,350,,0,,50 ohms time 0.01
,SiC,1.0,Electron 85V,1.0,1.471551653030126e-41,0.0,40.0,/Users/rkfuentes/Documents/md_anderson_analysis/yepes_code/data/2025-11-20/scope-results-2025-11-20-0415.csv,2.1501333333333348e-08,,350,,0,,50 ohms time 0.01
,SiC,1.0,Electron 85V,1.0,1.471551653030126e-41,0.0,40.0,/Users/rkfuentes/Documents/md_anderson_analysis/yepes_code/data/2025-11-20/scope-results-2025-11-20-0416.csv,3.199999999999992e-10,,25,,0,,50 ohms time 0.01
,SiC,1.0,Electron 85V,1.0,1.471551653030126e-41,0.0,40.0,/Users/rkfuentes/Documents/md_anderson_analysis/yepes_code/data/2025-11-20/scope-results-2025-11-20-0417.csv,1.5351666666666688e-08,,377,,0,,50 ohms time 0.01
,SiC,1.0,Electron 85V,1.0,1.471551653030126e-41,0.0,40.0,/Users/rkfuentes/Documents/md_anderson_analysis/yepes_code/data/2025-11-20/scope-results-2025-11-20-0418.csv,2.2720000000000447e-09,,380,,0,,50 ohms time 0.01
,SiC,1.0,Electron 85V,1.0,1.471551653030126e-41,0.0,40.0,/Users/rkfuentes/Documents/md_anderson_analysis/yepes_code/data/2025-11-20/scope-results-2025-11-20-0419.csv,1.064666666666647e-09,,28,,0,,50 ohms time 0.01
,SiC,1.0,Electron 85V,1.0,1.471551653030126e-41,0.0,40.0,/Users/rkfuentes/Documents/md_anderson_analysis/yepes_code/data/2025-11-20/scope-results-2025-11-20-0420.csv,4.946666666666953e-10,,337,,0,,50 ohms time 0.01
,SiC,1.0,Electron 85V,1.0,1.471551653030126e-41,0.0,40.0,/Users/rkfuentes/Documents/md_anderson_analysis/yepes_code/data/2025-11-20/scope-results-2025-11-20-0421.csv,3.9599999999999946e-10,,49,,0,,50 ohms time 0.01
,SiC,1.0,Electron 85V,1.0,1.471551653030126e-41,0.0,40.0,/Users/rkfuentes/Documents/md_anderson_analysis/yepes_code/data/2025-11-20/scope-results-2025-11-20-0422.csv,2.4523333333333465e-09,,59,,0,,50 ohms time 0.01
,SiC,1.0,Electron 85V,1.0,1.471551653030126e-41,0.0,40.0,/Users/rkfuentes/Documents/md_anderson_analysis/yepes_code/data/2025-11-20/scope-results-2025-11-20-0423.csv,2.0070666666666682e-08,,96,,0,,50 ohms time 0.01
,SiC,1.0,Electron 85V,1.0,1.471551653030126e-41,0.0,40.0,/Users/rkfuentes/Documents/md_anderson_analysis/yepes_code/data/2025-11-20/scope-results-2025-11-20-0424.csv,7.369999999999895e-10,,53,,0,,50 ohms time 0.01
,SiC,1.0,Electron 85V,1.0,1.471551653030126e-41,0.0,40.0,/Users/rkfuentes/Documents/md_anderson_analysis/yepes_code/data/2025-11-20/scope-results-2025-11-20-0425.csv,7.143333333333116e-10,,40,,0,,50 ohms time 0.01
,SiC,1.0,Electron 85V,1.0,1.471551653030126e-41,0.0,40.0,/Users/rkfuentes/Documents/md_anderson_analysis/yepes_code/data/2025-11-20/scope-results-2025-11-20-0426.csv,1.3156679504022004e-10,,26,,0,,50 ohms time 0.01
,SiC,1.0,Electron 85V,1.0,1.471551653030126e-41,0.0,40.0,/Users/rkfuentes/Documents/md_anderson_analysis/yepes_code/data/2025-11-20/scope-results-2025-11-20-0427.csv,1.1320000000000013e-09,,104,,0,,50 ohms time 0.01
,SiC,1.0,Electron 85V,1.0,1.471551653030126e-41,0.0,40.0,/Users/rkfuentes/Documents/md_anderson_analysis/yepes_code/data/2025-11-20/scope-results-2025-11-20-0428.csv,3.386666666666646e-11,,48,,0,,50 ohms time 0.01
,SiC,1.0,Electron 85V,1.0,1.471551653030126e-41,0.0,40.0,/Users/rkfuentes/Documents/md_anderson_analysis/yepes_code/data/2025-11-20/scope-results-2025-11-20-0429.csv,4.096000000000226e-10,,61,,0,,50 ohms time 0.01
,SiC,1.0,Electron 85V,1.0,1.471551653030126e-41,0.0,40.0,/Users/rkfuentes/Documents/md_anderson_analysis/yepes_code/data/2025-11-20/scope-results-2025-11-20-0430.csv,1.129733333333362e-09,,31,,0,,50 ohms time 0.01
,SiC,1.0,Electron 85V,1.0,1.471551653030126e-41,0.0,40.0,/Users/rkfuentes/Documents/md_anderson_analysis/yepes_code/data/2025-11-20/scope-results-2025-11-20-0431.csv,1.7353333333331385e-10,,43,,0,,50 ohms time 0.01
,SiC,1.0,Electron 85V,1.0,1.471551653030126e-41,0.0,40.0,/Users/rkfuentes/Documents/md_anderson_analysis/yepes_code/data/2025-11-20/scope-results-2025-11-20-0432.csv,2.7486666666666795e-10,,57,,0,,50 ohms time 0.01
,SiC,1.0,Electron 85V,1.0,1.471551653030126e-41,0.0,40.0,/Users/rkfuentes/Documents/md_anderson_analysis/yepes_code/data/2025-11-20/scope-results-2025-11-20-0433.csv,1.4400000000002546e-11,,25,,0,,50 ohms time 0.01
,SiC,1.0,Electron 85V,1.0,1.471551653030126e-41,0.0,40.0,/Users/rkfuentes/Documents/md_anderson_analysis/yepes_code/data/2025-11-20/scope-results-2025-11-20-0434.csv,4.608600000000009e-09,,42,,0,,50 ohms time 0.01
,SiC,1.0,Electron 85V,1.0,1.471551653030126e-41,0.0,40.0,/Users/rkfuentes/Documents/md_anderson_analysis/yepes_code/data/2025-11-20/scope-results-2025-11-20-0435.csv,2.946666666666786e-10,,85,,0,,50 ohms time 0.01
,SiC,1.0,Electron 85V,1.0,1.471551653030126e-41,0.0,40.0,/Users/rkfuentes/Documents/md_anderson_analysis/yepes_code/data/2025-11-20/scope-results-2025-11-20-0436.csv,3.281733333333312e-09,,365,,0,,50 ohms time 0.01
,SiC,1.0,Electron 85V,1.0,1.471551653030126e-41,0.0,40.0,/Users/rkfuentes/Documents/md_anderson_analysis/yepes_code/data/2025-11-20/scope-results-2025-11-20-0437.csv,8.586666666666577e-11,,45,,0,,50 ohms time 0.01
,SiC,1.0,Electron 85V,1.0,1.471551653030126e-41,0.0,40.0,/Users/rkfuentes/Documents/md_anderson_analysis/yepes_code/data/2025-11-20/scope-results-2025-11-20-0438.csv,1.155466666666646e-09,,44,,0,,50 ohms time 0.01
,SiC,1.0,Electron 85V,1.0,1.471551653030126e-41,0.0,40.0,/Users/rkfuentes/Documents/md_anderson_analysis/yepes_code/data/2025-11-20/scope-results-2025-11-20-0439.csv,3.660000000000071e-11,,22,,0,,50 ohms time 0.01
,SiC,1.0,Electron 85V,1.0,1.471551653030126e-41,0.0,40.0,/Users/rkfuentes/Documents/md_anderson_analysis/yepes_code/data/2025-11-20/scope-results-2025-11-20-0440.csv,6.421333333333158e-10,,67,,0,,50 ohms time 0.01
,SiC,1.0,Electron 85V,1.0,1.471551653030126e-41,0.0,40.0,/Users/rkfuentes/Documents/md_anderson_analysis/yepes_code/data/2025-11-20/scope-results-2025-11-20-0441.csv,1.1274666666666543e-09,,58,,0,,50 ohms time 0.01
,SiC,1.0,Electron 85V,1.0,1.471551653030126e-41,0.0,40.0,/Users/rkfuentes/Documents/md_anderson_analysis/yepes_code/data/2025-11-20/scope-results-2025-11-20-0442.csv,5.541333333333243e-10,,51,,0,,50 ohms time 0.01
,SiC,1.0,Electron 85V,1.0,1.471551653030126e-41,0.0,40.0,/Users/rkfuentes/Documents/md_anderson_analysis/yepes_code/data/2025-11-20/scope-results-2025-11-20-0443.csv,5.196005134942515e-11,,25,,0,,50 ohms time 0.01
,SiC,1.0,Electron 85V,1.0,1.471551653030126e-41,0.0,40.0,/Users/rkfuentes/Documents/md_anderson_analysis/yepes_code/data/2025-11-20/scope-results-2025-11-20-0444.csv,1.0459999999999995e-10,,27,,0,,50 ohms time 0.01
,SiC,1.0,Electron 85V,1.0,1.471551653030126e-41,0.0,40.0,/Users/rkfuentes/Documents/md_anderson_analysis/yepes_code/data/2025-11-20/scope-results-2025-11-20-0445.csv,2.3098666666666754e-09,,192,,0,,50 ohms time 0.01
,SiC,1.0,Electron 85V,1.0,1.471551653030126e-41,0.0,40.0,/Users/rkfuentes/Documents/md_anderson_analysis/yepes_code/data/2025-11-20/scope-results-2025-11-20-0446.csv,2.5199722578815863e-10,,208,,0,,50 ohms time 0.01
,SiC,1.0,Electron 85V,1.0,1.471551653030126e-41,0.0,40.0,/Users/rkfuentes/Documents/md_anderson_analysis/yepes_code/data/2025-11-20/scope-results-2025-11-20-0447.csv,1.1882000000000094e-09,,30,,0,,50 ohms time 0.01
,SiC,1.0,Electron 85V,1.0,1.471551653030126e-41,0.0,40.0,/Users/rkfuentes/Documents/md_anderson_analysis/yepes_code/data/2025-11-20/scope-results-2025-11-20-0448.csv,2.6746666666664666e-10,,62,,0,,50 ohms time 0.01
,SiC,1.0,Electron 85V,1.0,1.471551653030126e-41,0.0,40.0,/Users/rkfuentes/Documents/md_anderson_analysis/yepes_code/data/2025-11-20/scope-results-2025-11-20-0449.csv,1.9666666666666892e-09,,48,,0,,50 ohms time 0.01
,SiC,1.0,Electron 85V,1.0,1.471551653030126e-41,0.0,40.0,/Users/rkfuentes/Documents/md_anderson_analysis/yepes_code/data/2025-11-20/scope-results-2025-11-20-0450.csv,4.1893333333333255e-09,,379,,0,,50 ohms time 0.01
,SiC,1.0,Electron 85V,1.0,1.471551653030126e-41,0.0,40.0,/Users/rkfuentes/Documents/md_anderson_analysis/yepes_code/data/2025-11-20/scope-results-2025-11-20-0451.csv,1.8023521103629247e-10,,33,,0,,50 ohms time 0.01
,SiC,1.0,Electron 85V,1.0,1.471551653030126e-41,0.0,40.0,/Users/rkfuentes/Documents/md_anderson_analysis/yepes_code/data/2025-11-20/scope-results-2025-11-20-0452.csv,7.729999999999894e-10,,31,,0,,50 ohms time 0.01
,SiC,1.0,Electron 110V,1.0,1.471551653030126e-41,0.0,40.0,/Users/rkfuentes/Documents/md_anderson_analysis/yepes_code/data/2025-11-20/scope-results-2025-11-20-0453.csv,6.7936000000000035e-09,,161,,0,,50 ohms time 0.01
,SiC,1.0,Electron 110V,1.0,1.471551653030126e-41,0.0,40.0,/Users/rkfuentes/Documents/md_anderson_analysis/yepes_code/data/2025-11-20/scope-results-2025-11-20-0454.csv,6.1125333333333165e-09,,146,,0,,50 ohms time 0.01
,SiC,1.0,Electron 110V,1.0,1.471551653030126e-41,0.0,40.0,/Users/rkfuentes/Documents/md_anderson_analysis/yepes_code/data/2025-11-20/scope-results-2025-11-20-0455.csv,6.34826666666666e-09,,153,,0,,50 ohms time 0.01
,SiC,1.0,Electron 110V,1.0,1.471551653030126e-41,0.0,40.0,/Users/rkfuentes/Documents/md_anderson_analysis/yepes_code/data/2025-11-20/scope-results-2025-11-20-0456.csv,7.664533333333325e-09,,164,,0,,50 ohms time 0.01
,SiC,1.0,Electron 110V,1.0,1.471551653030126e-41,0.0,40.0,/Users/rkfuentes/Documents/md_anderson_analysis/yepes_code/data/2025-11-20/scope-results-2025-11-20-0457.csv,6.7873333333333275e-09,,151,,0,,50 ohms time 0.01
,SiC,1.0,Electron 110V,1.0,1.471551653030126e-41,0.0,40.0,/Users/rkfuentes/Documents/md_anderson_analysis/yepes_code/data/2025-11-20/scope-results-2025-11-20-0458.csv,7.427733333333335e-09,,157,,0,,50 ohms time 0.01
,SiC,1.0,Electron 110V,1.0,1.471551653030126e-41,0.0,40.0,/Users/rkfuentes/Documents/md_anderson_analysis/yepes_code/data/2025-11-20/scope-results-2025-11-20-0459.csv,6.807133333333313e-09,,162,,0,,50 ohms time 0.01
,SiC,1.0,Electron 110V,1.0,1.471551653030126e-41,0.0,40.0,/Users/rkfuentes/Documents/md_anderson_analysis/yepes_code/data/2025-11-20/scope-results-2025-11-20-0460.csv,6.3486666666666834e-09,,156,,0,,50 ohms time 0.01
,SiC,1.0,Electron 191V,1.0,1.471551653030126e-41,0.0,40.0,/Users/rkfuentes/Documents/md_anderson_analysis/yepes_code/data/2025-11-20/scope-results-2025-11-20-0461.csv,3.409973333333332e-08,,130,,0,,50 ohms time 0.01
,SiC,1.0,Electron 191V,1.0,1.471551653030126e-41,0.0,40.0,/Users/rkfuentes/Documents/md_anderson_analysis/yepes_code/data/2025-11-20/scope-results-2025-11-20-0462.csv,3.7662866666666686e-08,,135,,0,,50 ohms time 0.01
,SiC,1.0,Electron 191V,1.0,1.471551653030126e-41,0.0,40.0,/Users/rkfuentes/Documents/md_anderson_analysis/yepes_code/data/2025-11-20/scope-results-2025-11-20-0463.csv,3.8365400000000015e-08,,141,,0,,50 ohms time 0.01
,SiC,1.0,Electron 191V,1.0,1.471551653030126e-41,0.0,40.0,/Users/rkfuentes/Documents/md_anderson_analysis/yepes_code/data/2025-11-20/scope-results-2025-11-20-0464.csv,1.9855866666666684e-08,,143,,0,,50 ohms time 0.01
,SiC,1.0,Electron 191V,1.0,1.471551653030126e-41,0.0,40.0,/Users/rkfuentes/Documents/md_anderson_analysis/yepes_code/data/2025-11-20/scope-results-2025-11-20-0465.csv,3.770346666666666e-08,,150,,0,,50 ohms time 0.01
,SiC,1.0,Electron 191V,1.0,1.471551653030126e-41,0.0,40.0,/Users/rkfuentes/Documents/md_anderson_analysis/yepes_code/data/2025-11-20/scope-results-2025-11-20-0466.csv,2.368000000000009e-10,,29,,0,,50 ohms time 0.01
,SiC,1.0,Electron 191V,1.0,1.471551653030126e-41,0.0,40.0,/Users/rkfuentes/Documents/md_anderson_analysis/yepes_code/data/2025-11-20/scope-results-2025-11-20-0467.csv,4.875093333333334e-08,,256,,0,,50 ohms time 0.01
,SiC,1.0,Electron 191V,1.0,1.471551653030126e-41,0.0,40.0,/Users/rkfuentes/Documents/md_anderson_analysis/yepes_code/data/2025-11-20/scope-results-2025-11-20-0468.csv,3.78666666666659e-11,,26,,0,,50 ohms time 0.01
,SiC,1.0,Electron 191V,1.0,1.471551653030126e-41,0.0,40.0,/Users/rkfuentes/Documents/md_anderson_analysis/yepes_code/data/2025-11-20/scope-results-2025-11-20-0469.csv,2.975999999999988e-10,,42,,0,,50 ohms time 0.01
,SiC,1.0,Electron 191V,1.0,1.471551653030126e-41,0.0,40.0,/Users/rkfuentes/Documents/md_anderson_analysis/yepes_code/data/2025-11-20/scope-results-2025-11-20-0470.csv,1.8133333333334692e-11,,41,,0,,50 ohms time 0.01
,SiC,1.0,Electron 191V,1.0,1.471551653030126e-41,0.0,40.0,/Users/rkfuentes/Documents/md_anderson_analysis/yepes_code/data/2025-11-20/scope-results-2025-11-20-0471.csv,4.640679999999999e-08,,141,,0,,50 ohms time 0.01
,SiC,1.0,Electron 191V,1.0,1.471551653030126e-41,0.0,40.0,/Users/rkfuentes/Documents/md_anderson_analysis/yepes_code/data/2025-11-20/scope-results-2025-11-20-0472.csv,4.4040533333333356e-08,,144,,0,,50 ohms time 0.01
,SiC,1.0,Electron 191V,1.0,1.471551653030126e-41,0.0,40.0,/Users/rkfuentes/Documents/md_anderson_analysis/yepes_code/data/2025-11-20/scope-results-2025-11-20-0473.csv,4.5805866666666655e-08,,143,,0,,50 ohms time 0.01
,SiC,1.0,Electron 85V,1.0,1.4910854504614855e-99,0.0,100.0,/Users/rkfuentes/Documents/md_anderson_analysis/yepes_code/data/2025-11-20/scope-results-2025-11-20-0474.csv,6.94386666666665e-09,,369,,0,,50 ohms time 0.01
,SiC,1.0,Electron 85V,1.0,1.4910854504614855e-99,0.0,100.0,/Users/rkfuentes/Documents/md_anderson_analysis/yepes_code/data/2025-11-20/scope-results-2025-11-20-0475.csv,3.317866666666666e-09,,339,,0,,50 ohms time 0.01
,SiC,1.0,Electron 85V,1.0,1.4910854504614855e-99,0.0,100.0,/Users/rkfuentes/Documents/md_anderson_analysis/yepes_code/data/2025-11-20/scope-results-2025-11-20-0476.csv,1.2124000000000083e-09,,166,,0,,50 ohms time 0.01
,SiC,1.0,Electron 85V,1.0,1.4910854504614855e-99,0.0,100.0,/Users/rkfuentes/Documents/md_anderson_analysis/yepes_code/data/2025-11-20/scope-results-2025-11-20-0477.csv,4.181866666666677e-09,,318,,0,,50 ohms time 0.01
,SiC,1.0,Electron 85V,1.0,1.4910854504614855e-99,0.0,100.0,/Users/rkfuentes/Documents/md_anderson_analysis/yepes_code/data/2025-11-20/scope-results-2025-11-20-0478.csv,8.763493333333334e-08,,351,,0,,50 ohms time 0.01
,SiC,1.0,Electron 85V,1.0,1.4910854504614855e-99,0.0,100.0,/Users/rkfuentes/Documents/md_anderson_analysis/yepes_code/data/2025-11-20/scope-results-2025-11-20-0479.csv,4.2749333333333304e-08,,368,,0,,50 ohms time 0.01
,SiC,1.0,Electron 85V,1.0,1.4910854504614855e-99,0.0,100.0,/Users/rkfuentes/Documents/md_anderson_analysis/yepes_code/data/2025-11-20/scope-results-2025-11-20-0480.csv,1.8282666666666888e-09,,353,,0,,50 ohms time 0.01
,SiC,1.0,Electron 85V,1.0,1.4910854504614855e-99,0.0,100.0,/Users/rkfuentes/Documents/md_anderson_analysis/yepes_code/data/2025-11-20/scope-results-2025-11-20-0481.csv,1.5031599999999993e-08,,342,,0,,50 ohms time 0.01
,SiC,1.0,Electron 85V,1.0,1.4910854504614855e-99,0.0,100.0,/Users/rkfuentes/Documents/md_anderson_analysis/yepes_code/data/2025-11-20/scope-results-2025-11-20-0482.csv,1.1119466666666683e-08,,371,,0,,50 ohms time 0.01
,SiC,1.0,Electron 85V,1.0,1.4910854504614855e-99,0.0,100.0,/Users/rkfuentes/Documents/md_anderson_analysis/yepes_code/data/2025-11-20/scope-results-2025-11-20-0483.csv,1.4170133333333327e-08,,337,,0,,50 ohms time 0.01
,SiC,1.0,Electron 85V,1.0,1.4910854504614855e-99,0.0,100.0,/Users/rkfuentes/Documents/md_anderson_analysis/yepes_code/data/2025-11-20/scope-results-2025-11-20-0484.csv,1.951520000000002e-08,,337,,0,,50 ohms time 0.01
,SiC,1.0,Electron 85V,1.0,1.4910854504614855e-99,0.0,100.0,/Users/rkfuentes/Documents/md_anderson_analysis/yepes_code/data/2025-11-20/scope-results-2025-11-20-0485.csv,2.2683999999999973e-09,,373,,0,,50 ohms time 0.01
,SiC,1.0,Electron 85V,1.0,1.4910854504614855e-99,0.0,100.0,/Users/rkfuentes/Documents/md_anderson_analysis/yepes_code/data/2025-11-20/scope-results-2025-11-20-0486.csv,1.974399999999997e-09,,330,,0,,50 ohms time 0.01
,SiC,1.0,Electron 85V,1.0,1.4910854504614855e-99,0.0,100.0,/Users/rkfuentes/Documents/md_anderson_analysis/yepes_code/data/2025-11-20/scope-results-2025-11-20-0487.csv,5.066666666666392e-11,,23,,0,,50 ohms time 0.01
,SiC,1.0,Electron 85V,1.0,1.4910854504614855e-99,0.0,100.0,/Users/rkfuentes/Documents/md_anderson_analysis/yepes_code/data/2025-11-20/scope-results-2025-11-20-0488.csv,4.78079999999999e-09,,358,,0,,50 ohms time 0.01
,SiC,1.0,Electron 85V,1.0,1.4910854504614855e-99,0.0,100.0,/Users/rkfuentes/Documents/md_anderson_analysis/yepes_code/data/2025-11-20/scope-results-2025-11-20-0489.csv,3.0024000000000005e-08,,344,,0,,50 ohms time 0.01
,SiC,1.0,Electron 85V,1.0,1.4910854504614855e-99,0.0,100.0,/Users/rkfuentes/Documents/md_anderson_analysis/yepes_code/data/2025-11-20/scope-results-2025-11-20-0490.csv,2.669053333333334e-08,,328,,0,,50 ohms time 0.01
,SiC,1.0,Electron 85V,1.0,1.4910854504614855e-99,0.0,100.0,/Users/rkfuentes/Documents/md_anderson_analysis/yepes_code/data/2025-11-20/scope-results-2025-11-20-0491.csv,8.049599814588316e-11,,27,,0,,50 ohms time 0.01
,SiC,1.0,Electron 85V,1.0,1.4910854504614855e-99,0.0,100.0,/Users/rkfuentes/Documents/md_anderson_analysis/yepes_code/data/2025-11-20/scope-results-2025-11-20-0492.csv,1.333333333374023e-13,,21,,0,,50 ohms time 0.01
,SiC,1.0,Electron 85V,1.0,1.4910854504614855e-99,0.0,100.0,/Users/rkfuentes/Documents/md_anderson_analysis/yepes_code/data/2025-11-20/scope-results-2025-11-20-0493.csv,6.105706666666665e-08,,377,,0,,50 ohms time 0.01
,SiC,1.0,Electron 85V,1.0,1.4910854504614855e-99,0.0,100.0,/Users/rkfuentes/Documents/md_anderson_analysis/yepes_code/data/2025-11-20/scope-results-2025-11-20-0494.csv,2.395253333333331e-08,,340,,0,,50 ohms time 0.01
,SiC,1.0,Electron 85V,1.0,1.4910854504614855e-99,0.0,100.0,/Users/rkfuentes/Documents/md_anderson_analysis/yepes_code/data/2025-11-20/scope-results-2025-11-20-0495.csv,2.6161599999999965e-08,,353,,0,,50 ohms time 0.01
,SiC,1.0,Electron 85V,1.0,1.4910854504614855e-99,0.0,100.0,/Users/rkfuentes/Documents/md_anderson_analysis/yepes_code/data/2025-11-20/scope-results-2025-11-20-0496.csv,2.023333333333334e-09,,334,,0,,50 ohms time 0.01
,SiC,1.0,Electron 85V,1.0,1.4910854504614855e-99,0.0,100.0,/Users/rkfuentes/Documents/md_anderson_analysis/yepes_code/data/2025-11-20/scope-results-2025-11-20-0497.csv,1.403615878359872e-10,,36,,0,,50 ohms time 0.01
,SiC,1.0,Electron 85V,1.0,1.4910854504614855e-99,0.0,100.0,/Users/rkfuentes/Documents/md_anderson_analysis/yepes_code/data/2025-11-20/scope-results-2025-11-20-0498.csv,1.857893333333333e-08,,339,,0,,50 ohms time 0.01
,SiC,1.0,Electron 85V,1.0,1.4910854504614855e-99,0.0,100.0,/Users/rkfuentes/Documents/md_anderson_analysis/yepes_code/data/2025-11-20/scope-results-2025-11-20-0499.csv,5.429333333333132e-10,,85,,0,,50 ohms time 0.01
,SiC,1.0,Electron 85V,1.0,1.4910854504614855e-99,0.0,100.0,/Users/rkfuentes/Documents/md_anderson_analysis/yepes_code/data/2025-11-20/scope-results-2025-11-20-0500.csv,2.3646266666666682e-08,,378,,0,,50 ohms time 0.01
,SiC,1.0,Electron 85V,1.0,1.4910854504614855e-99,0.0,100.0,/Users/rkfuentes/Documents/md_anderson_analysis/yepes_code/data/2025-11-20/scope-results-2025-11-20-0501.csv,6.074026666666664e-08,,363,,0,,50 ohms time 0.01
,SiC,1.0,Electron 85V,1.0,1.4910854504614855e-99,0.0,100.0,/Users/rkfuentes/Documents/md_anderson_analysis/yepes_code/data/2025-11-20/scope-results-2025-11-20-0502.csv,2.0786666666666381e-10,,21,,0,,50 ohms time 0.01
,SiC,1.0,Electron 85V,1.0,1.4910854504614855e-99,0.0,100.0,/Users/rkfuentes/Documents/md_anderson_analysis/yepes_code/data/2025-11-20/scope-results-2025-11-20-0503.csv,2.5964799999999994e-08,,364,,0,,50 ohms time 0.01
,SiC,1.0,Electron 85V,1.0,1.4910854504614855e-99,0.0,100.0,/Users/rkfuentes/Documents/md_anderson_analysis/yepes_code/data/2025-11-20/scope-results-2025-11-20-0504.csv,2.3284266666666702e-08,,360,,0,,50 ohms time 0.01
,SiC,1.0,Electron 85V,1.0,1.4910854504614855e-99,0.0,100.0,/Users/rkfuentes/Documents/md_anderson_analysis/yepes_code/data/2025-11-20/scope-results-2025-11-20-0505.csv,1.4142671801609244e-10,,29,,0,,50 ohms time 0.01
,SiC,1.0,Electron 85V,1.0,1.4910854504614855e-99,0.0,100.0,/Users/rkfuentes/Documents/md_anderson_analysis/yepes_code/data/2025-11-20/scope-results-2025-11-20-0506.csv,1.3439999999995874e-10,,54,,0,,50 ohms time 0.01
,SiC,1.0,Electron 85V,1.0,3.2838317827216953e-196,0.0,200.0,/Users/rkfuentes/Documents/md_anderson_analysis/yepes_code/data/2025-11-20/scope-results-2025-11-20-0507.csv,1.6544000000000052e-09,,170,,0,,50 ohms time 0.01
,SiC,1.0,Electron 85V,1.0,3.2838317827216953e-196,0.0,200.0,/Users/rkfuentes/Documents/md_anderson_analysis/yepes_code/data/2025-11-20/scope-results-2025-11-20-0508.csv,2.5799999999999965e-09,,156,,0,,50 ohms time 0.01
,SiC,1.0,Electron 85V,1.0,3.2838317827216953e-196,0.0,200.0,/Users/rkfuentes/Documents/md_anderson_analysis/yepes_code/data/2025-11-20/scope-results-2025-11-20-0509.csv,1.988666666666667e-09,,151,,0,,50 ohms time 0.01
,SiC,1.0,Electron 85V,1.0,3.2838317827216953e-196,0.0,200.0,/Users/rkfuentes/Documents/md_anderson_analysis/yepes_code/data/2025-11-20/scope-results-2025-11-20-0510.csv,2.566933333333334e-09,,164,,0,,50 ohms time 0.01
,SiC,1.0,Electron 85V,1.0,3.2838317827216953e-196,0.0,200.0,/Users/rkfuentes/Documents/md_anderson_analysis/yepes_code/data/2025-11-20/scope-results-2025-11-20-0511.csv,1.332533333333282e-09,,358,,0,,50 ohms time 0.01
,SiC,1.0,Electron 85V,1.0,3.2838317827216953e-196,0.0,200.0,/Users/rkfuentes/Documents/md_anderson_analysis/yepes_code/data/2025-11-20/scope-results-2025-11-20-0512.csv,4.794666666666671e-10,,158,,0,,50 ohms time 0.01
,SiC,1.0,Electron 85V,1.0,3.2838317827216953e-196,0.0,200.0,/Users/rkfuentes/Documents/md_anderson_analysis/yepes_code/data/2025-11-20/scope-results-2025-11-20-0513.csv,2.1427999999999976e-09,,119,,0,,50 ohms time 0.01
,SiC,1.0,Electron 85V,1.0,3.2838317827216953e-196,0.0,200.0,/Users/rkfuentes/Documents/md_anderson_analysis/yepes_code/data/2025-11-20/scope-results-2025-11-20-0514.csv,1.4062666666666664e-09,,151,,0,,50 ohms time 0.01
,SiC,1.0,Electron 85V,1.0,3.2838317827216953e-196,0.0,200.0,/Users/rkfuentes/Documents/md_anderson_analysis/yepes_code/data/2025-11-20/scope-results-2025-11-20-0515.csv,1.9269333333333297e-09,,156,,0,,50 ohms time 0.01
,SiC,1.0,Electron 85V,1.0,3.2838317827216953e-196,0.0,200.0,/Users/rkfuentes/Documents/md_anderson_analysis/yepes_code/data/2025-11-20/scope-results-2025-11-20-0516.csv,3.9921333333333055e-09,,344,,0,,50 ohms time 0.01
,SiC,1.0,Electron 85V,1.0,3.2838317827216953e-196,0.0,200.0,/Users/rkfuentes/Documents/md_anderson_analysis/yepes_code/data/2025-11-20/scope-results-2025-11-20-0517.csv,1.1466666666673958e-11,,32,,0,,50 ohms time 0.01
,SiC,1.0,Electron 85V,1.0,3.2838317827216953e-196,0.0,200.0,/Users/rkfuentes/Documents/md_anderson_analysis/yepes_code/data/2025-11-20/scope-results-2025-11-20-0518.csv,1.2384000000000254e-09,,154,,0,,50 ohms time 0.01
,SiC,1.0,Electron 85V,1.0,3.2838317827216953e-196,0.0,200.0,/Users/rkfuentes/Documents/md_anderson_analysis/yepes_code/data/2025-11-20/scope-results-2025-11-20-0519.csv,5.035999999999988e-10,,163,,0,,50 ohms time 0.01
,SiC,1.0,Electron 85V,1.0,3.2838317827216953e-196,0.0,200.0,/Users/rkfuentes/Documents/md_anderson_analysis/yepes_code/data/2025-11-20/scope-results-2025-11-20-0520.csv,1.6357333333333224e-09,,158,,0,,50 ohms time 0.01
,SiC,1.0,Electron 85V,1.0,3.2838317827216953e-196,0.0,200.0,/Users/rkfuentes/Documents/md_anderson_analysis/yepes_code/data/2025-11-20/scope-results-2025-11-20-0521.csv,1.6564000000000126e-09,,167,,0,,50 ohms time 0.01
,SiC,1.0,Electron 85V,1.0,3.2838317827216953e-196,0.0,200.0,/Users/rkfuentes/Documents/md_anderson_analysis/yepes_code/data/2025-11-20/scope-results-2025-11-20-0522.csv,8.632266666666664e-09,,359,,0,,50 ohms time 0.01
,SiC,1.0,Electron 85V,1.0,3.2838317827216953e-196,0.0,200.0,/Users/rkfuentes/Documents/md_anderson_analysis/yepes_code/data/2025-11-20/scope-results-2025-11-20-0523.csv,1.4832000000000184e-09,,152,,0,,50 ohms time 0.01
,SiC,1.0,Electron 85V,1.0,3.2838317827216953e-196,0.0,200.0,/Users/rkfuentes/Documents/md_anderson_analysis/yepes_code/data/2025-11-20/scope-results-2025-11-20-0524.csv,1.1622711354728369e-10,,33,,0,,50 ohms time 0.01
,SiC,1.0,Electron 85V,1.0,3.2838317827216953e-196,0.0,200.0,/Users/rkfuentes/Documents/md_anderson_analysis/yepes_code/data/2025-11-20/scope-results-2025-11-20-0525.csv,2.0926666666666568e-09,,150,,0,,50 ohms time 0.01
,SiC,1.0,Electron 85V,1.0,3.2838317827216953e-196,0.0,200.0,/Users/rkfuentes/Documents/md_anderson_analysis/yepes_code/data/2025-11-20/scope-results-2025-11-20-0526.csv,1.5290666666666704e-09,,158,,0,,50 ohms time 0.01
,SiC,1.0,Electron 85V,1.0,3.2838317827216953e-196,0.0,200.0,/Users/rkfuentes/Documents/md_anderson_analysis/yepes_code/data/2025-11-20/scope-results-2025-11-20-0527.csv,8.823999999999996e-10,,62,,0,,50 ohms time 0.01
,SiC,1.0,Electron 85V,1.0,3.2838317827216953e-196,0.0,200.0,/Users/rkfuentes/Documents/md_anderson_analysis/yepes_code/data/2025-11-20/scope-results-2025-11-20-0528.csv,2.282133333333315e-09,,144,,0,,50 ohms time 0.01
,SiC,1.0,Electron 85V,1.0,3.2838317827216953e-196,0.0,200.0,/Users/rkfuentes/Documents/md_anderson_analysis/yepes_code/data/2025-11-20/scope-results-2025-11-20-0529.csv,2.271466666666674e-09,,150,,0,,50 ohms time 0.01
,SiC,1.0,Electron 85V,1.0,3.2838317827216953e-196,0.0,200.0,/Users/rkfuentes/Documents/md_anderson_analysis/yepes_code/data/2025-11-20/scope-results-2025-11-20-0530.csv,1.0996005134942274e-10,,25,,0,,50 ohms time 0.01
,SiC,1.0,Electron 85V,1.0,3.2838317827216953e-196,0.0,200.0,/Users/rkfuentes/Documents/md_anderson_analysis/yepes_code/data/2025-11-20/scope-results-2025-11-20-0531.csv,2.0594666666666606e-09,,155,,0,,50 ohms time 0.01
,SiC,1.0,Electron 85V,1.0,3.2838317827216953e-196,0.0,200.0,/Users/rkfuentes/Documents/md_anderson_analysis/yepes_code/data/2025-11-20/scope-results-2025-11-20-0532.csv,1.3573333333333156e-09,,139,,0,,50 ohms time 0.01
,SiC,1.0,Electron 85V,1.0,3.2838317827216953e-196,0.0,200.0,/Users/rkfuentes/Documents/md_anderson_analysis/yepes_code/data/2025-11-20/scope-results-2025-11-20-0533.csv,2.202666666666642e-10,,31,,0,,50 ohms time 0.01
,SiC,1.0,Electron 85V,1.0,3.2838317827216953e-196,0.0,200.0,/Users/rkfuentes/Documents/md_anderson_analysis/yepes_code/data/2025-11-20/scope-results-2025-11-20-0534.csv,1.5349333333333277e-09,,145,,0,,50 ohms time 0.01
,SiC,1.0,Electron 85V,1.0,3.2838317827216953e-196,0.0,200.0,/Users/rkfuentes/Documents/md_anderson_analysis/yepes_code/data/2025-11-20/scope-results-2025-11-20-0535.csv,1.4991999999999937e-09,,140,,0,,50 ohms time 0.01
,SiC,1.0,Electron 85V,1.0,3.2838317827216953e-196,0.0,200.0,/Users/rkfuentes/Documents/md_anderson_analysis/yepes_code/data/2025-11-20/scope-results-2025-11-20-0536.csv,1.2629333333333394e-09,,365,,0,,50 ohms time 0.01
,SiC,1.0,Electron 85V,1.0,3.2838317827216953e-196,0.0,200.0,/Users/rkfuentes/Documents/md_anderson_analysis/yepes_code/data/2025-11-20/scope-results-2025-11-20-0537.csv,2.2938666666666812e-09,,149,,0,,50 ohms time 0.01
,SiC,1.0,Electron 85V,1.0,3.2838317827216953e-196,0.0,200.0,/Users/rkfuentes/Documents/md_anderson_analysis/yepes_code/data/2025-11-20/scope-results-2025-11-20-0538.csv,7.684266666666673e-09,,349,,0,,50 ohms time 0.01
,SiC,1.0,Electron 85V,1.0,3.2838317827216953e-196,0.0,200.0,/Users/rkfuentes/Documents/md_anderson_analysis/yepes_code/data/2025-11-20/scope-results-2025-11-20-0539.csv,2.2716000000000164e-09,,150,,0,,50 ohms time 0.01
,SiC,1.0,Electron 85V,1.0,3.2838317827216953e-196,0.0,200.0,/Users/rkfuentes/Documents/md_anderson_analysis/yepes_code/data/2025-11-20/scope-results-2025-11-20-0540.csv,1.0687999999999848e-09,,138,,0,,50 ohms time 0.01
,SiC,1.0,Electron 85V,1.0,3.2838317827216953e-196,0.0,200.0,/Users/rkfuentes/Documents/md_anderson_analysis/yepes_code/data/2025-11-20/scope-results-2025-11-20-0541.csv,1.6997333333333274e-09,,387,,0,,50 ohms time 0.01
,SiC,1.0,Electron 85V,1.0,3.2838317827216953e-196,0.0,200.0,/Users/rkfuentes/Documents/md_anderson_analysis/yepes_code/data/2025-11-20/scope-results-2025-11-20-0542.csv,3.4416000000000192e-09,,142,,0,,50 ohms time 0.01
,SiC,1.0,Electron 85V,1.0,3.2838317827216953e-196,0.0,200.0,/Users/rkfuentes/Documents/md_anderson_analysis/yepes_code/data/2025-11-20/scope-results-2025-11-20-0543.csv,2.4325333333333367e-09,,150,,0,,50 ohms time 0.01
,SiC,1.0,Electron 85V,1.0,3.2838317827216953e-196,0.0,200.0,/Users/rkfuentes/Documents/md_anderson_analysis/yepes_code/data/2025-11-20/scope-results-2025-11-20-0544.csv,3.113066666666686e-09,,145,,0,,50 ohms time 0.01
,SiC,1.0,Electron 85V,1.0,3.2838317827216953e-196,0.0,200.0,/Users/rkfuentes/Documents/md_anderson_analysis/yepes_code/data/2025-11-20/scope-results-2025-11-20-0545.csv,7.270666666666473e-10,,156,,0,,50 ohms time 0.01
,SiC,1.0,Electron 85V,1.0,3.2838317827216953e-196,0.0,200.0,/Users/rkfuentes/Documents/md_anderson_analysis/yepes_code/data/2025-11-20/scope-results-2025-11-20-0546.csv,1.3863999999999982e-09,,152,,0,,50 ohms time 0.01
,SiC,1.0,Electron 85V,1.0,3.2838317827216953e-196,0.0,200.0,/Users/rkfuentes/Documents/md_anderson_analysis/yepes_code/data/2025-11-20/scope-results-2025-11-20-0547.csv,1.2506666666664113e-10,,28,,0,,50 ohms time 0.01
,SiC,1.0,Electron 85V,1.0,3.2838317827216953e-196,0.0,200.0,/Users/rkfuentes/Documents/md_anderson_analysis/yepes_code/data/2025-11-20/scope-results-2025-11-20-0548.csv,2.4074666666666623e-09,,143,,0,,50 ohms time 0.01
,SiC,1.0,Electron 85V,1.0,3.2838317827216953e-196,0.0,200.0,/Users/rkfuentes/Documents/md_anderson_analysis/yepes_code/data/2025-11-20/scope-results-2025-11-20-0549.csv,2.9760000000000867e-10,,149,,0,,50 ohms time 0.01
,SiC,1.0,Electron 85V,1.0,3.2838317827216953e-196,0.0,200.0,/Users/rkfuentes/Documents/md_anderson_analysis/yepes_code/data/2025-11-20/scope-results-2025-11-20-0550.csv,1.7706666666666595e-10,,28,,0,,50 ohms time 0.01
,SiC,1.0,Electron 85V,1.0,3.2838317827216953e-196,0.0,200.0,/Users/rkfuentes/Documents/md_anderson_analysis/yepes_code/data/2025-11-20/scope-results-2025-11-20-0551.csv,2.3598666666666763e-09,,152,,0,,50 ohms time 0.01
,SiC,1.0,Electron 85V,1.0,3.2838317827216953e-196,0.0,200.0,/Users/rkfuentes/Documents/md_anderson_analysis/yepes_code/data/2025-11-20/scope-results-2025-11-20-0552.csv,2.4144000000000094e-09,,155,,0,,50 ohms time 0.01
,SiC,1.0,Electron 85V,1.0,3.2838317827216953e-196,0.0,200.0,/Users/rkfuentes/Documents/md_anderson_analysis/yepes_code/data/2025-11-20/scope-results-2025-11-20-0553.csv,8.714666666666653e-09,,352,,0,,50 ohms time 0.01
,SiC,1.0,Electron 85V,1.0,3.2838317827216953e-196,0.0,200.0,/Users/rkfuentes/Documents/md_anderson_analysis/yepes_code/data/2025-11-20/scope-results-2025-11-20-0554.csv,8.922666666666389e-10,,114,,0,,50 ohms time 0.01
,SiC,1.0,Electron 85V,1.0,3.2838317827216953e-196,0.0,200.0,/Users/rkfuentes/Documents/md_anderson_analysis/yepes_code/data/2025-11-20/scope-results-2025-11-20-0555.csv,1.5720000000000064e-09,,141,,0,,50 ohms time 0.01
,SiC,1.0,Electron 85V,1.0,3.2838317827216953e-196,0.0,200.0,/Users/rkfuentes/Documents/md_anderson_analysis/yepes_code/data/2025-11-20/scope-results-2025-11-20-0556.csv,1.5770666666666564e-09,,160,,0,,50 ohms time 0.01
,SiC,1.0,Electron 85V,1.0,3.2838317827216953e-196,0.0,200.0,/Users/rkfuentes/Documents/md_anderson_analysis/yepes_code/data/2025-11-20/scope-results-2025-11-20-0557.csv,7.098666666666667e-10,,146,,0,,50 ohms time 0.01
,SiC,1.0,Electron 85V,1.0,3.2838317827216953e-196,0.0,200.0,/Users/rkfuentes/Documents/md_anderson_analysis/yepes_code/data/2025-11-20/scope-results-2025-11-20-0558.csv,1.4781333333333276e-09,,157,,0,,50 ohms time 0.01
,SiC,1.0,Electron 85V,1.0,3.2838317827216953e-196,0.0,200.0,/Users/rkfuentes/Documents/md_anderson_analysis/yepes_code/data/2025-11-20/scope-results-2025-11-20-0559.csv,1.536266666666668e-09,,162,,0,,50 ohms time 0.01
,SiC,1.0,Electron 85V,1.0,3.2838317827216953e-196,0.0,200.0,/Users/rkfuentes/Documents/md_anderson_analysis/yepes_code/data/2025-11-20/scope-results-2025-11-20-0560.csv,1.621333333333345e-09,,164,,0,,50 ohms time 0.01
,SiC,1.0,Electron 85V,1.0,3.2838317827216953e-196,0.0,200.0,/Users/rkfuentes/Documents/md_anderson_analysis/yepes_code/data/2025-11-20/scope-results-2025-11-20-0561.csv,4.146133333333391e-09,,372,,0,,50 ohms time 0.01
,SiC,1.0,Electron 85V,1.0,3.2838317827216953e-196,0.0,200.0,/Users/rkfuentes/Documents/md_anderson_analysis/yepes_code/data/2025-11-20/scope-results-2025-11-20-0562.csv,2.31986666666667e-09,,154,,0,,50 ohms time 0.01
,SiC,1.0,Electron 85V,1.0,3.2838317827216953e-196,0.0,200.0,/Users/rkfuentes/Documents/md_anderson_analysis/yepes_code/data/2025-11-20/scope-results-2025-11-20-0563.csv,4.821333333333154e-10,,366,,0,,50 ohms time 0.01
,SiC,1.0,Electron 85V,1.0,7.232014217478529e-293,0.0,300.0,/Users/rkfuentes/Documents/md_anderson_analysis/yepes_code/data/2025-11-20/scope-results-2025-11-20-0564.csv,3.956799999999995e-09,,151,,0,,50 ohms time 0.01
,SiC,1.0,Electron 85V,1.0,7.232014217478529e-293,0.0,300.0,/Users/rkfuentes/Documents/md_anderson_analysis/yepes_code/data/2025-11-20/scope-results-2025-11-20-0565.csv,2.6570666666666756e-09,,146,,0,,50 ohms time 0.01
,SiC,1.0,Electron 85V,1.0,7.232014217478529e-293,0.0,300.0,/Users/rkfuentes/Documents/md_anderson_analysis/yepes_code/data/2025-11-20/scope-results-2025-11-20-0566.csv,3.090000000000006e-09,,151,,0,,50 ohms time 0.01
,SiC,1.0,Electron 85V,1.0,7.232014217478529e-293,0.0,300.0,/Users/rkfuentes/Documents/md_anderson_analysis/yepes_code/data/2025-11-20/scope-results-2025-11-20-0567.csv,2.1836000000000023e-09,,154,,0,,50 ohms time 0.01
,SiC,1.0,Electron 85V,1.0,7.232014217478529e-293,0.0,300.0,/Users/rkfuentes/Documents/md_anderson_analysis/yepes_code/data/2025-11-20/scope-results-2025-11-20-0568.csv,1.5547999999999713e-09,,369,,0,,50 ohms time 0.01
,SiC,1.0,Electron 85V,1.0,7.232014217478529e-293,0.0,300.0,/Users/rkfuentes/Documents/md_anderson_analysis/yepes_code/data/2025-11-20/scope-results-2025-11-20-0569.csv,2.0245333333333546e-09,,163,,0,,50 ohms time 0.01
,SiC,1.0,Electron 85V,1.0,7.232014217478529e-293,0.0,300.0,/Users/rkfuentes/Documents/md_anderson_analysis/yepes_code/data/2025-11-20/scope-results-2025-11-20-0570.csv,2.849599999999991e-09,,151,,0,,50 ohms time 0.01
,SiC,1.0,Electron 85V,1.0,7.232014217478529e-293,0.0,300.0,/Users/rkfuentes/Documents/md_anderson_analysis/yepes_code/data/2025-11-20/scope-results-2025-11-20-0571.csv,2.8506666666666618e-09,,142,,0,,50 ohms time 0.01
,SiC,1.0,Electron 85V,1.0,7.232014217478529e-293,0.0,300.0,/Users/rkfuentes/Documents/md_anderson_analysis/yepes_code/data/2025-11-20/scope-results-2025-11-20-0572.csv,1.0996000000000012e-09,,157,,0,,50 ohms time 0.01
,SiC,1.0,Electron 85V,1.0,7.232014217478529e-293,0.0,300.0,/Users/rkfuentes/Documents/md_anderson_analysis/yepes_code/data/2025-11-20/scope-results-2025-11-20-0573.csv,2.0603999999999942e-09,,151,,0,,50 ohms time 0.01
,SiC,1.0,Electron 85V,1.0,7.232014217478529e-293,0.0,300.0,/Users/rkfuentes/Documents/md_anderson_analysis/yepes_code/data/2025-11-20/scope-results-2025-11-20-0574.csv,2.0746666666666446e-09,,143,,0,,50 ohms time 0.01
,SiC,1.0,Electron 85V,1.0,7.232014217478529e-293,0.0,300.0,/Users/rkfuentes/Documents/md_anderson_analysis/yepes_code/data/2025-11-20/scope-results-2025-11-20-0575.csv,1.5096000000000275e-09,,350,,0,,50 ohms time 0.01
,SiC,1.0,Electron 85V,1.0,7.232014217478529e-293,0.0,300.0,/Users/rkfuentes/Documents/md_anderson_analysis/yepes_code/data/2025-11-20/scope-results-2025-11-20-0576.csv,3.722666666666654e-09,,141,,0,,50 ohms time 0.01
,SiC,1.0,Electron 85V,1.0,7.232014217478529e-293,0.0,300.0,/Users/rkfuentes/Documents/md_anderson_analysis/yepes_code/data/2025-11-20/scope-results-2025-11-20-0577.csv,1.1069333333333255e-09,,45,,0,,50 ohms time 0.01
,SiC,1.0,Electron 85V,1.0,7.232014217478529e-293,0.0,300.0,/Users/rkfuentes/Documents/md_anderson_analysis/yepes_code/data/2025-11-20/scope-results-2025-11-20-0578.csv,1.8234666666666248e-09,,142,,0,,50 ohms time 0.01
,SiC,1.0,Electron 85V,1.0,7.232014217478529e-293,0.0,300.0,/Users/rkfuentes/Documents/md_anderson_analysis/yepes_code/data/2025-11-20/scope-results-2025-11-20-0579.csv,2.198933333333342e-09,,156,,0,,50 ohms time 0.01
,SiC,1.0,Electron 85V,1.0,7.232014217478529e-293,0.0,300.0,/Users/rkfuentes/Documents/md_anderson_analysis/yepes_code/data/2025-11-20/scope-results-2025-11-20-0580.csv,2.063866666666674e-09,,151,,0,,50 ohms time 0.01
,SiC,1.0,Electron 85V,1.0,7.232014217478529e-293,0.0,300.0,/Users/rkfuentes/Documents/md_anderson_analysis/yepes_code/data/2025-11-20/scope-results-2025-11-20-0581.csv,4.9673333333333424e-09,,381,,0,,50 ohms time 0.01
,SiC,1.0,Electron 85V,1.0,7.232014217478529e-293,0.0,300.0,/Users/rkfuentes/Documents/md_anderson_analysis/yepes_code/data/2025-11-20/scope-results-2025-11-20-0582.csv,7.858666666666686e-10,,27,,0,,50 ohms time 0.01
,SiC,1.0,Electron 85V,1.0,7.232014217478529e-293,0.0,300.0,/Users/rkfuentes/Documents/md_anderson_analysis/yepes_code/data/2025-11-20/scope-results-2025-11-20-0583.csv,3.1573333333333282e-09,,169,,0,,50 ohms time 0.01
,SiC,1.0,Electron 85V,1.0,7.232014217478529e-293,0.0,300.0,/Users/rkfuentes/Documents/md_anderson_analysis/yepes_code/data/2025-11-20/scope-results-2025-11-20-0584.csv,2.000133333333347e-09,,151,,0,,50 ohms time 0.01
,SiC,1.0,Electron 85V,1.0,7.232014217478529e-293,0.0,300.0,/Users/rkfuentes/Documents/md_anderson_analysis/yepes_code/data/2025-11-20/scope-results-2025-11-20-0585.csv,1.288533333333308e-09,,354,,0,,50 ohms time 0.01
,SiC,1.0,Electron 85V,1.0,7.232014217478529e-293,0.0,300.0,/Users/rkfuentes/Documents/md_anderson_analysis/yepes_code/data/2025-11-20/scope-results-2025-11-20-0586.csv,3.747200000000006e-09,,146,,0,,50 ohms time 0.01
,SiC,1.0,Electron 85V,1.0,7.232014217478529e-293,0.0,300.0,/Users/rkfuentes/Documents/md_anderson_analysis/yepes_code/data/2025-11-20/scope-results-2025-11-20-0587.csv,2.0980000000000054e-09,,146,,0,,50 ohms time 0.01
,SiC,1.0,Electron 85V,1.0,7.232014217478529e-293,0.0,300.0,/Users/rkfuentes/Documents/md_anderson_analysis/yepes_code/data/2025-11-20/scope-results-2025-11-20-0588.csv,2.6433333333333343e-09,,153,,0,,50 ohms time 0.01
,SiC,1.0,Electron 85V,1.0,7.232014217478529e-293,0.0,300.0,/Users/rkfuentes/Documents/md_anderson_analysis/yepes_code/data/2025-11-20/scope-results-2025-11-20-0589.csv,1.8506666666666863e-09,,160,,0,,50 ohms time 0.01
,SiC,1.0,Electron 85V,1.0,7.232014217478529e-293,0.0,300.0,/Users/rkfuentes/Documents/md_anderson_analysis/yepes_code/data/2025-11-20/scope-results-2025-11-20-0590.csv,1.0780000000000124e-09,,162,,0,,50 ohms time 0.01
,SiC,1.0,Electron 85V,1.0,7.232014217478529e-293,0.0,300.0,/Users/rkfuentes/Documents/md_anderson_analysis/yepes_code/data/2025-11-20/scope-results-2025-11-20-0591.csv,4.28306666666667e-09,,372,,0,,50 ohms time 0.01
,SiC,1.0,Electron 85V,1.0,7.232014217478529e-293,0.0,300.0,/Users/rkfuentes/Documents/md_anderson_analysis/yepes_code/data/2025-11-20/scope-results-2025-11-20-0592.csv,2.764666666666661e-09,,145,,0,,50 ohms time 0.01
,SiC,1.0,Electron 85V,1.0,7.232014217478529e-293,0.0,300.0,/Users/rkfuentes/Documents/md_anderson_analysis/yepes_code/data/2025-11-20/scope-results-2025-11-20-0593.csv,2.8368000000000024e-09,,145,,0,,50 ohms time 0.01
,SiC,1.0,Electron 85V,1.0,7.232014217478529e-293,0.0,300.0,/Users/rkfuentes/Documents/md_anderson_analysis/yepes_code/data/2025-11-20/scope-results-2025-11-20-0594.csv,1.3978666666666504e-09,,369,,0,,50 ohms time 0.01
,SiC,1.0,Electron 85V,1.0,7.232014217478529e-293,0.0,300.0,/Users/rkfuentes/Documents/md_anderson_analysis/yepes_code/data/2025-11-20/scope-results-2025-11-20-0595.csv,1.7333333333333342e-09,,155,,0,,50 ohms time 0.01
,SiC,1.0,Electron 85V,1.0,7.232014217478529e-293,0.0,300.0,/Users/rkfuentes/Documents/md_anderson_analysis/yepes_code/data/2025-11-20/scope-results-2025-11-20-0596.csv,1.1103999999999942e-09,,143,,0,,50 ohms time 0.01
,SiC,1.0,Electron 85V,1.0,7.232014217478529e-293,0.0,300.0,/Users/rkfuentes/Documents/md_anderson_analysis/yepes_code/data/2025-11-20/scope-results-2025-11-20-0597.csv,2.986666666666672e-09,,162,,0,,50 ohms time 0.01
,SiC,1.0,Electron 85V,1.0,7.232014217478529e-293,0.0,300.0,/Users/rkfuentes/Documents/md_anderson_analysis/yepes_code/data/2025-11-20/scope-results-2025-11-20-0598.csv,2.6842666666666587e-09,,153,,0,,50 ohms time 0.01
,SiC,1.0,Electron 85V,1.0,7.232014217478529e-293,0.0,300.0,/Users/rkfuentes/Documents/md_anderson_analysis/yepes_code/data/2025-11-20/scope-results-2025-11-20-0599.csv,1.0837333333333345e-09,,370,,0,,50 ohms time 0.01
,SiC,1.0,Electron 85V,1.0,7.232014217478529e-293,0.0,300.0,/Users/rkfuentes/Documents/md_anderson_analysis/yepes_code/data/2025-11-20/scope-results-2025-11-20-0600.csv,1.7694666666666742e-09,,155,,0,,50 ohms time 0.01
,SiC,1.0,Electron 85V,1.0,7.232014217478529e-293,0.0,300.0,/Users/rkfuentes/Documents/md_anderson_analysis/yepes_code/data/2025-11-20/scope-results-2025-11-20-0601.csv,2.04799999999999e-09,,152,,0,,50 ohms time 0.01
,SiC,1.0,Electron 85V,1.0,7.232014217478529e-293,0.0,300.0,/Users/rkfuentes/Documents/md_anderson_analysis/yepes_code/data/2025-11-20/scope-results-2025-11-20-0602.csv,2.595066666666651e-09,,141,,0,,50 ohms time 0.01
,SiC,1.0,Electron 85V,1.0,7.232014217478529e-293,0.0,300.0,/Users/rkfuentes/Documents/md_anderson_analysis/yepes_code/data/2025-11-20/scope-results-2025-11-20-0603.csv,2.7034666666666754e-09,,141,,0,,50 ohms time 0.01
,SiC,1.0,Electron 85V,1.0,7.232014217478529e-293,0.0,300.0,/Users/rkfuentes/Documents/md_anderson_analysis/yepes_code/data/2025-11-20/scope-results-2025-11-20-0604.csv,1.9423999999999986e-09,,155,,0,,50 ohms time 0.01
,SiC,1.0,Electron 85V,1.0,7.232014217478529e-293,0.0,300.0,/Users/rkfuentes/Documents/md_anderson_analysis/yepes_code/data/2025-11-20/scope-results-2025-11-20-0605.csv,1.8079999999999832e-09,,147,,0,,50 ohms time 0.01
,SiC,1.0,Electron 85V,1.0,7.232014217478529e-293,0.0,300.0,/Users/rkfuentes/Documents/md_anderson_analysis/yepes_code/data/2025-11-20/scope-results-2025-11-20-0606.csv,2.6656000000000045e-09,,147,,0,,50 ohms time 0.01
,SiC,1.0,Electron 110V,1.0,7.232014217478529e-293,0.0,300.0,/Users/rkfuentes/Documents/md_anderson_analysis/yepes_code/data/2025-11-20/scope-results-2025-11-20-0607.csv,2.7068800000000044e-08,,153,,0,,50 ohms time 0.01
,SiC,1.0,Electron 110V,1.0,7.232014217478529e-293,0.0,300.0,/Users/rkfuentes/Documents/md_anderson_analysis/yepes_code/data/2025-11-20/scope-results-2025-11-20-0608.csv,2.6592266666666648e-08,,154,,0,,50 ohms time 0.01
,SiC,1.0,Electron 110V,1.0,7.232014217478529e-293,0.0,300.0,/Users/rkfuentes/Documents/md_anderson_analysis/yepes_code/data/2025-11-20/scope-results-2025-11-20-0609.csv,2.5639066666666685e-08,,149,,0,,50 ohms time 0.01
,SiC,1.0,Electron 191V,1.0,7.232014217478529e-293,0.0,300.0,/Users/rkfuentes/Documents/md_anderson_analysis/yepes_code/data/2025-11-20/scope-results-2025-11-20-0611.csv,2.0048533333333335e-08,,56,,0,,50 ohms time 0.01
,SiC,1.0,Electron 191V,1.0,7.232014217478529e-293,0.0,300.0,/Users/rkfuentes/Documents/md_anderson_analysis/yepes_code/data/2025-11-20/scope-results-2025-11-20-0612.csv,1.685333333333321e-10,,27,,0,,50 ohms time 0.01
,SiC,1.0,Electron 191V,1.0,7.232014217478529e-293,0.0,300.0,/Users/rkfuentes/Documents/md_anderson_analysis/yepes_code/data/2025-11-20/scope-results-2025-11-20-0613.csv,3.5600000000000094e-10,,29,,0,,50 ohms time 0.01
,SiC,1.0,Electron 191V,1.0,7.232014217478529e-293,0.0,300.0,/Users/rkfuentes/Documents/md_anderson_analysis/yepes_code/data/2025-11-20/scope-results-2025-11-20-0614.csv,1.7973333333333173e-10,,22,,0,,50 ohms time 0.01
,SiC,1.0,Electron 191V,1.0,7.232014217478529e-293,0.0,300.0,/Users/rkfuentes/Documents/md_anderson_analysis/yepes_code/data/2025-11-20/scope-results-2025-11-20-0615.csv,6.446666666666711e-10,,29,,0,,50 ohms time 0.01
,SiC,1.0,Electron 191V,1.0,7.232014217478529e-293,0.0,300.0,/Users/rkfuentes/Documents/md_anderson_analysis/yepes_code/data/2025-11-20/scope-results-2025-11-20-0616.csv,7.153333333333412e-10,,23,,0,,50 ohms time 0.01
,SiC,1.0,Electron 191V,1.0,7.232014217478529e-293,0.0,300.0,/Users/rkfuentes/Documents/md_anderson_analysis/yepes_code/data/2025-11-20/scope-results-2025-11-20-0617.csv,3.9999999999999e-11,,29,,0,,50 ohms time 0.01
,SiC,1.0,Electron 191V,1.0,7.232014217478529e-293,0.0,300.0,/Users/rkfuentes/Documents/md_anderson_analysis/yepes_code/data/2025-11-20/scope-results-2025-11-20-0618.csv,3.599999999999368e-11,,25,,0,,50 ohms time 0.01
,SiC,1.0,Electron 191V,1.0,7.232014217478529e-293,0.0,300.0,/Users/rkfuentes/Documents/md_anderson_analysis/yepes_code/data/2025-11-20/scope-results-2025-11-20-0619.csv,4.0666666666652063e-11,,21,,0,,50 ohms time 0.01
,SiC,1.0,Electron 191V,1.0,7.232014217478529e-293,0.0,300.0,/Users/rkfuentes/Documents/md_anderson_analysis/yepes_code/data/2025-11-20/scope-results-2025-11-20-0620.csv,6.640000000000029e-10,,27,,0,,50 ohms time 0.01
,SiC,1.0,Electron 191V,1.0,7.232014217478529e-293,0.0,300.0,/Users/rkfuentes/Documents/md_anderson_analysis/yepes_code/data/2025-11-20/scope-results-2025-11-20-0621.csv,1.366666666666724e-10,,31,,0,,50 ohms time 0.01
,SiC,1.0,Electron 191V,1.0,7.232014217478529e-293,0.0,300.0,/Users/rkfuentes/Documents/md_anderson_analysis/yepes_code/data/2025-11-20/scope-results-2025-11-20-0622.csv,7.160000000000086e-10,,28,,0,,50 ohms time 0.01
,SiC,1.0,Electron 191V,1.0,7.232014217478529e-293,0.0,300.0,/Users/rkfuentes/Documents/md_anderson_analysis/yepes_code/data/2025-11-20/scope-results-2025-11-20-0623.csv,1.34666666666668e-10,,24,,0,,50 ohms time 0.01
,SiC,1.0,Electron 191V,1.0,1.471551653030126e-41,0.0,40.0,/Users/rkfuentes/Documents/md_anderson_analysis/yepes_code/data/2025-11-20/scope-results-2025-11-20-0624.csv,2.021333333333331e-08,,141,,0,,50 ohms time 0.01
,SiC,1.0,Electron 191V,1.0,1.471551653030126e-41,0.0,40.0,/Users/rkfuentes/Documents/md_anderson_analysis/yepes_code/data/2025-11-20/scope-results-2025-11-20-0625.csv,2.2837333333333357e-08,,117,,0,,50 ohms time 0.01
,SiC,1.0,Electron 191V,1.0,1.471551653030126e-41,0.0,40.0,/Users/rkfuentes/Documents/md_anderson_analysis/yepes_code/data/2025-11-20/scope-results-2025-11-20-0626.csv,2.2306666666666683e-08,,123,,0,,50 ohms time 0.01
,SiC,1.0,Electron 85V,1.0,1.471551653030126e-41,0.0,40.0,/Users/rkfuentes/Documents/md_anderson_analysis/yepes_code/data/2025-11-20/scope-results-2025-11-20-0738.csv,4.040000000001445e-11,,30,,0,,50 ohms time 0.01
,SiC,1.0,Electron 85V,1.0,1.471551653030126e-41,0.0,40.0,/Users/rkfuentes/Documents/md_anderson_analysis/yepes_code/data/2025-11-20/scope-results-2025-11-20-0739.csv,1.2058066666666665e-08,,60,,0,,50 ohms time 0.01
,SiC,1.0,Electron 85V,1.0,1.471551653030126e-41,0.0,40.0,/Users/rkfuentes/Documents/md_anderson_analysis/yepes_code/data/2025-11-20/scope-results-2025-11-20-0740.csv,4.3686640991955494e-11,,27,,0,,50 ohms time 0.01
,SiC,1.0,Electron 85V,1.0,1.471551653030126e-41,0.0,40.0,/Users/rkfuentes/Documents/md_anderson_analysis/yepes_code/data/2025-11-20/scope-results-2025-11-20-0741.csv,1.1973333333334499e-10,,32,,0,,50 ohms time 0.01
,SiC,1.0,Electron 85V,1.0,1.471551653030126e-41,0.0,40.0,/Users/rkfuentes/Documents/md_anderson_analysis/yepes_code/data/2025-11-20/scope-results-2025-11-20-0742.csv,1.1333333333334684e-10,,31,,0,,50 ohms time 0.01
,SiC,1.0,Electron 85V,1.0,1.471551653030126e-41,0.0,40.0,/Users/rkfuentes/Documents/md_anderson_analysis/yepes_code/data/2025-11-20/scope-results-2025-11-20-0743.csv,1.5013333333331316e-10,,28,,0,,50 ohms time 0.01
,SiC,1.0,Electron 85V,1.0,1.471551653030126e-41,0.0,40.0,/Users/rkfuentes/Documents/md_anderson_analysis/yepes_code/data/2025-11-20/scope-results-2025-11-20-0744.csv,1.8933333333333566e-09,,35,,0,,50 ohms time 0.01
,SiC,1.0,Electron 85V,1.0,1.471551653030126e-41,0.0,40.0,/Users/rkfuentes/Documents/md_anderson_analysis/yepes_code/data/2025-11-20/scope-results-2025-11-20-0745.csv,1.1060266666666638e-08,,34,,0,,50 ohms time 0.01
,SiC,1.0,Electron 85V,1.0,1.471551653030126e-41,0.0,40.0,/Users/rkfuentes/Documents/md_anderson_analysis/yepes_code/data/2025-11-20/scope-results-2025-11-20-0746.csv,1.216206666666666e-08,,47,,0,,50 ohms time 0.01
,SiC,1.0,Electron 85V,1.0,1.471551653030126e-41,0.0,40.0,/Users/rkfuentes/Documents/md_anderson_analysis/yepes_code/data/2025-11-20/scope-results-2025-11-20-0747.csv,1.7734000000000036e-09,,44,,0,,50 ohms time 0.01
,SiC,1.0,Electron 85V,1.0,1.471551653030126e-41,0.0,40.0,/Users/rkfuentes/Documents/md_anderson_analysis/yepes_code/data/2025-11-20/scope-results-2025-11-20-0748.csv,3.8000000000001554e-10,,28,,0,,50 ohms time 0.01
,SiC,1.0,Electron 85V,1.0,1.471551653030126e-41,0.0,40.0,/Users/rkfuentes/Documents/md_anderson_analysis/yepes_code/data/2025-11-20/scope-results-2025-11-20-0749.csv,4.27866666666669e-10,,31,,0,,50 ohms time 0.01
,SiC,1.0,Electron 110V,1.0,1.471551653030126e-41,0.0,40.0,/Users/rkfuentes/Documents/md_anderson_analysis/yepes_code/data/2025-11-20/scope-results-2025-11-20-0750.csv,2.4020000000000445e-10,,29,,0,,50 ohms time 0.01
,SiC,1.0,Electron 110V,1.0,1.471551653030126e-41,0.0,40.0,/Users/rkfuentes/Documents/md_anderson_analysis/yepes_code/data/2025-11-20/scope-results-2025-11-20-0751.csv,4.9466666666666615e-11,,29,,0,,50 ohms time 0.01
,SiC,1.0,Electron 110V,1.0,1.471551653030126e-41,0.0,40.0,/Users/rkfuentes/Documents/md_anderson_analysis/yepes_code/data/2025-11-20/scope-results-2025-11-20-0752.csv,1.9333333333333104e-10,,25,,0,,50 ohms time 0.01
,SiC,1.0,Electron 110V,1.0,1.471551653030126e-41,0.0,40.0,/Users/rkfuentes/Documents/md_anderson_analysis/yepes_code/data/2025-11-20/scope-results-2025-11-20-0753.csv,2.4639999999999364e-10,,38,,0,,50 ohms time 0.01
,SiC,1.0,Electron 110V,1.0,1.471551653030126e-41,0.0,40.0,/Users/rkfuentes/Documents/md_anderson_analysis/yepes_code/data/2025-11-20/scope-results-2025-11-20-0754.csv,1.7853333333333172e-10,,26,,0,,50 ohms time 0.01
,SiC,1.0,Electron 110V,1.0,1.471551653030126e-41,0.0,40.0,/Users/rkfuentes/Documents/md_anderson_analysis/yepes_code/data/2025-11-20/scope-results-2025-11-20-0755.csv,3.322666666666609e-10,,35,,0,,50 ohms time 0.01
,SiC,1.0,Electron 110V,1.0,1.471551653030126e-41,0.0,40.0,/Users/rkfuentes/Documents/md_anderson_analysis/yepes_code/data/2025-11-20/scope-results-2025-11-20-0756.csv,2.176266666666664e-09,,156,,0,,50 ohms time 0.01
,SiC,1.0,Electron 110V,1.0,1.471551653030126e-41,0.0,40.0,/Users/rkfuentes/Documents/md_anderson_analysis/yepes_code/data/2025-11-20/scope-results-2025-11-20-0757.csv,3.2754666666666664e-09,,154,,0,,50 ohms time 0.01
,SiC,1.0,Electron 110V,1.0,1.471551653030126e-41,0.0,40.0,/Users/rkfuentes/Documents/md_anderson_analysis/yepes_code/data/2025-11-20/scope-results-2025-11-20-0758.csv,3.106600000000003e-09,,159,,0,,50 ohms time 0.01
,SiC,1.0,Electron 110V,1.0,1.471551653030126e-41,0.0,40.0,/Users/rkfuentes/Documents/md_anderson_analysis/yepes_code/data/2025-11-20/scope-results-2025-11-20-0759.csv,3.170666666666688e-10,,27,,0,,50 ohms time 0.01
,SiC,1.0,Electron 110V,1.0,1.471551653030126e-41,0.0,40.0,/Users/rkfuentes/Documents/md_anderson_analysis/yepes_code/data/2025-11-20/scope-results-2025-11-20-0760.csv,1.5130666666666703e-09,,352,,0,,50 ohms time 0.01
,SiC,1.0,Electron 110V,1.0,1.471551653030126e-41,0.0,40.0,/Users/rkfuentes/Documents/md_anderson_analysis/yepes_code/data/2025-11-20/scope-results-2025-11-20-0761.csv,1.4040000000000277e-10,,27,,0,,50 ohms time 0.01
,SiC,1.0,Electron 191V,1.0,1.471551653030126e-41,0.0,40.0,/Users/rkfuentes/Documents/md_anderson_analysis/yepes_code/data/2025-11-20/scope-results-2025-11-20-0762.csv,1.9844799999999986e-08,,141,,0,,50 ohms time 0.01
,SiC,1.0,Electron 191V,1.0,1.471551653030126e-41,0.0,40.0,/Users/rkfuentes/Documents/md_anderson_analysis/yepes_code/data/2025-11-20/scope-results-2025-11-20-0763.csv,1.7916000000000006e-08,,133,,0,,50 ohms time 0.01
,SiC,1.0,Electron 191V,1.0,1.471551653030126e-41,0.0,40.0,/Users/rkfuentes/Documents/md_anderson_analysis/yepes_code/data/2025-11-20/scope-results-2025-11-20-0764.csv,2.0127466666666666e-08,,130,,0,,50 ohms time 0.01
,SiC,1.0,Electron 191V,1.0,1.471551653030126e-41,0.0,40.0,/Users/rkfuentes/Documents/md_anderson_analysis/yepes_code/data/2025-11-20/scope-results-2025-11-20-0765.csv,1.578286666666667e-08,,142,,0,,50 ohms time 0.01
,SiC,1.0,Electron 191V,1.0,1.471551653030126e-41,0.0,40.0,/Users/rkfuentes/Documents/md_anderson_analysis/yepes_code/data/2025-11-20/scope-results-2025-11-20-0766.csv,8.533333333331823e-12,,60,,0,,50 ohms time 0.01
,SiC,1.0,Electron 191V,1.0,1.471551653030126e-41,0.0,40.0,/Users/rkfuentes/Documents/md_anderson_analysis/yepes_code/data/2025-11-20/scope-results-2025-11-20-0767.csv,1.852253333333335e-08,,143,,0,,50 ohms time 0.01
,SiC,1.0,Electron 191V,1.0,1.471551653030126e-41,0.0,40.0,/Users/rkfuentes/Documents/md_anderson_analysis/yepes_code/data/2025-11-20/scope-results-2025-11-20-0768.csv,1.587439999999999e-08,,143,,0,,50 ohms time 0.01
,SiC,1.0,Electron 191V,1.0,1.471551653030126e-41,0.0,40.0,/Users/rkfuentes/Documents/md_anderson_analysis/yepes_code/data/2025-11-20/scope-results-2025-11-20-0769.csv,1.7589000000000003e-08,,132,,0,,50 ohms time 0.01
,SiC,1.0,Electron 191V,1.0,1.471551653030126e-41,0.0,40.0,/Users/rkfuentes/Documents/md_anderson_analysis/yepes_code/data/2025-11-20/scope-results-2025-11-20-0770.csv,1.6836000000000013e-08,,149,,0,,50 ohms time 0.01
,SiC,1.0,Electron 191V,1.0,1.471551653030126e-41,0.0,40.0,/Users/rkfuentes/Documents/md_anderson_analysis/yepes_code/data/2025-11-20/scope-results-2025-11-20-0771.csv,1.9783466666666667e-08,,140,,0,,50 ohms time 0.01
,SiC,1.0,Electron 85V,1.0,1.471551653030126e-41,0.0,40.0,/Users/rkfuentes/Documents/md_anderson_analysis/yepes_code/data/2025-11-20/scope-results-2025-11-20-0877.csv,1.2729746666666673e-07,,604,,0,,50 ohms time 0.01
,SiC,1.0,Electron 85V,1.0,1.471551653030126e-41,0.0,40.0,/Users/rkfuentes/Documents/md_anderson_analysis/yepes_code/data/2025-11-20/scope-results-2025-11-20-0878.csv,3.863333333333052e-10,,29,,0,,50 ohms time 0.01
,SiC,1.0,Electron 85V,1.0,1.471551653030126e-41,0.0,40.0,/Users/rkfuentes/Documents/md_anderson_analysis/yepes_code/data/2025-11-20/scope-results-2025-11-20-0879.csv,3.254666666666391e-10,,28,,0,,50 ohms time 0.01
,SiC,1.0,Electron 85V,1.0,1.471551653030126e-41,0.0,40.0,/Users/rkfuentes/Documents/md_anderson_analysis/yepes_code/data/2025-11-20/scope-results-2025-11-20-0880.csv,1.0033333333333297e-10,,23,,0,,50 ohms time 0.01
,SiC,1.0,Electron 85V,1.0,1.471551653030126e-41,0.0,40.0,/Users/rkfuentes/Documents/md_anderson_analysis/yepes_code/data/2025-11-20/scope-results-2025-11-20-0881.csv,1.6233333333329925e-10,,31,,0,,50 ohms time 0.01
,SiC,1.0,Electron 85V,1.0,1.471551653030126e-41,0.0,40.0,/Users/rkfuentes/Documents/md_anderson_analysis/yepes_code/data/2025-11-20/scope-results-2025-11-20-0882.csv,6.006666666666194e-11,,30,,0,,50 ohms time 0.01
,SiC,1.0,Electron 85V,1.0,1.471551653030126e-41,0.0,40.0,/Users/rkfuentes/Documents/md_anderson_analysis/yepes_code/data/2025-11-20/scope-results-2025-11-20-0883.csv,7.781333333333709e-10,,28,,0,,50 ohms time 0.01
,SiC,1.0,Electron 85V,1.0,1.471551653030126e-41,0.0,40.0,/Users/rkfuentes/Documents/md_anderson_analysis/yepes_code/data/2025-11-20/scope-results-2025-11-20-0884.csv,3.80066666666681e-10,,32,,0,,50 ohms time 0.01
,SiC,1.0,Electron 85V,1.0,1.471551653030126e-41,0.0,40.0,/Users/rkfuentes/Documents/md_anderson_analysis/yepes_code/data/2025-11-20/scope-results-2025-11-20-0885.csv,4.273333333333992e-11,,67,,0,,50 ohms time 0.01
,SiC,1.0,Electron 85V,1.0,1.471551653030126e-41,0.0,40.0,/Users/rkfuentes/Documents/md_anderson_analysis/yepes_code/data/2025-11-20/scope-results-2025-11-20-0886.csv,4.0666666666654694e-11,,30,,0,,50 ohms time 0.01
,SiC,1.0,Electron 85V,1.0,1.471551653030126e-41,0.0,40.0,/Users/rkfuentes/Documents/md_anderson_analysis/yepes_code/data/2025-11-20/scope-results-2025-11-20-0887.csv,1.0045333333333385e-09,,52,,0,,50 ohms time 0.01
,SiC,1.0,Electron 85V,1.0,1.471551653030126e-41,0.0,40.0,/Users/rkfuentes/Documents/md_anderson_analysis/yepes_code/data/2025-11-20/scope-results-2025-11-20-0888.csv,1.307333333333425e-10,,32,,0,,50 ohms time 0.01
,SiC,1.0,Electron 85V,1.0,1.471551653030126e-41,0.0,40.0,/Users/rkfuentes/Documents/md_anderson_analysis/yepes_code/data/2025-11-20/scope-results-2025-11-20-0889.csv,1.4882666666666593e-09,,57,,0,,50 ohms time 0.01
,SiC,1.0,Electron 85V,1.0,1.471551653030126e-41,0.0,40.0,/Users/rkfuentes/Documents/md_anderson_analysis/yepes_code/data/2025-11-20/scope-results-2025-11-20-0890.csv,4.8342733333333315e-08,,608,,0,,50 ohms time 0.01
,SiC,1.0,Electron 85V,1.0,1.471551653030126e-41,0.0,40.0,/Users/rkfuentes/Documents/md_anderson_analysis/yepes_code/data/2025-11-20/scope-results-2025-11-20-0891.csv,8.37333333333333e-11,,47,,0,,50 ohms time 0.01
,SiC,1.0,Electron 85V,1.0,1.471551653030126e-41,0.0,40.0,/Users/rkfuentes/Documents/md_anderson_analysis/yepes_code/data/2025-11-20/scope-results-2025-11-20-0892.csv,5.213333333333149e-11,,27,,0,,50 ohms time 0.01
,SiC,1.0,Electron 85V,1.0,1.471551653030126e-41,0.0,40.0,/Users/rkfuentes/Documents/md_anderson_analysis/yepes_code/data/2025-11-20/scope-results-2025-11-20-0893.csv,1.1499999999998365e-10,,31,,0,,50 ohms time 0.01
,SiC,1.0,Electron 85V,1.0,1.471551653030126e-41,0.0,40.0,/Users/rkfuentes/Documents/md_anderson_analysis/yepes_code/data/2025-11-20/scope-results-2025-11-20-0894.csv,1.2217133333333306e-08,,39,,0,,50 ohms time 0.01
,SiC,1.0,Electron 85V,1.0,1.471551653030126e-41,0.0,40.0,/Users/rkfuentes/Documents/md_anderson_analysis/yepes_code/data/2025-11-20/scope-results-2025-11-20-0895.csv,2.1286666666667496e-10,,29,,0,,50 ohms time 0.01
,SiC,1.0,Electron 85V,1.0,1.471551653030126e-41,0.0,40.0,/Users/rkfuentes/Documents/md_anderson_analysis/yepes_code/data/2025-11-20/scope-results-2025-11-20-0896.csv,4.100000000000695e-11,,32,,0,,50 ohms time 0.01
,SiC,1.0,Electron 85V,1.0,1.471551653030126e-41,0.0,40.0,/Users/rkfuentes/Documents/md_anderson_analysis/yepes_code/data/2025-11-20/scope-results-2025-11-20-0897.csv,6.033333333334863e-11,,73,,0,,50 ohms time 0.01
,SiC,1.0,Electron 110V,1.0,1.471551653030126e-41,0.0,40.0,/Users/rkfuentes/Documents/md_anderson_analysis/yepes_code/data/2025-11-20/scope-results-2025-11-20-0942.csv,7.651517485580185e-11,,36,,0,,50 ohms time 0.01
,SiC,1.0,Electron 110V,1.0,1.471551653030126e-41,0.0,40.0,/Users/rkfuentes/Documents/md_anderson_analysis/yepes_code/data/2025-11-20/scope-results-2025-11-20-0943.csv,3.888000000000114e-10,,56,,0,,50 ohms time 0.01
,SiC,1.0,Electron 110V,1.0,1.471551653030126e-41,0.0,40.0,/Users/rkfuentes/Documents/md_anderson_analysis/yepes_code/data/2025-11-20/scope-results-2025-11-20-0944.csv,3.382133333333333e-09,,369,,0,,50 ohms time 0.01
,SiC,1.0,Electron 110V,1.0,1.471551653030126e-41,0.0,40.0,/Users/rkfuentes/Documents/md_anderson_analysis/yepes_code/data/2025-11-20/scope-results-2025-11-20-0945.csv,1.273866666666675e-09,,125,,0,,50 ohms time 0.01
,SiC,1.0,Electron 110V,1.0,1.471551653030126e-41,0.0,40.0,/Users/rkfuentes/Documents/md_anderson_analysis/yepes_code/data/2025-11-20/scope-results-2025-11-20-0946.csv,2.1639999999999847e-09,,126,,0,,50 ohms time 0.01
,SiC,1.0,Electron 110V,1.0,1.471551653030126e-41,0.0,40.0,/Users/rkfuentes/Documents/md_anderson_analysis/yepes_code/data/2025-11-20/scope-results-2025-11-20-0947.csv,2.17599999999993e-10,,54,,0,,50 ohms time 0.01
,SiC,1.0,Electron 110V,1.0,1.471551653030126e-41,0.0,40.0,/Users/rkfuentes/Documents/md_anderson_analysis/yepes_code/data/2025-11-20/scope-results-2025-11-20-0948.csv,1.2578666666666197e-09,,47,,0,,50 ohms time 0.01
,SiC,1.0,Electron 110V,1.0,1.471551653030126e-41,0.0,40.0,/Users/rkfuentes/Documents/md_anderson_analysis/yepes_code/data/2025-11-20/scope-results-2025-11-20-0949.csv,2.0542400000000034e-08,,341,,0,,50 ohms time 0.01
,SiC,1.0,Electron 110V,1.0,1.471551653030126e-41,0.0,40.0,/Users/rkfuentes/Documents/md_anderson_analysis/yepes_code/data/2025-11-20/scope-results-2025-11-20-0950.csv,1.1526000000000252e-09,,70,,0,,50 ohms time 0.01
,SiC,1.0,Electron 110V,1.0,1.471551653030126e-41,0.0,40.0,/Users/rkfuentes/Documents/md_anderson_analysis/yepes_code/data/2025-11-20/scope-results-2025-11-20-0951.csv,4.104669234137947e-11,,23,,0,,50 ohms time 0.01
,SiC,1.0,Electron 110V,1.0,1.471551653030126e-41,0.0,40.0,/Users/rkfuentes/Documents/md_anderson_analysis/yepes_code/data/2025-11-20/scope-results-2025-11-20-0952.csv,1.078666666666648e-09,,50,,0,,50 ohms time 0.01
,SiC,1.0,Electron 110V,1.0,1.471551653030126e-41,0.0,40.0,/Users/rkfuentes/Documents/md_anderson_analysis/yepes_code/data/2025-11-20/scope-results-2025-11-20-0953.csv,1.8528000000000052e-09,,131,,0,,50 ohms time 0.01
,SiC,1.0,Electron 110V,1.0,1.471551653030126e-41,0.0,40.0,/Users/rkfuentes/Documents/md_anderson_analysis/yepes_code/data/2025-11-20/scope-results-2025-11-20-0954.csv,2.8549999999999915e-09,,134,,0,,50 ohms time 0.01
,SiC,1.0,Electron 110V,1.0,1.471551653030126e-41,0.0,40.0,/Users/rkfuentes/Documents/md_anderson_analysis/yepes_code/data/2025-11-20/scope-results-2025-11-20-0955.csv,4.153333333331547e-11,,55,,0,,50 ohms time 0.01
,SiC,1.0,Electron 191V,1.0,1.471551653030126e-41,0.0,40.0,/Users/rkfuentes/Documents/md_anderson_analysis/yepes_code/data/2025-11-20/scope-results-2025-11-20-0995.csv,8.635600000000002e-09,,148,,0,,50 ohms time 0.01
,SiC,1.0,Electron 191V,1.0,1.471551653030126e-41,0.0,40.0,/Users/rkfuentes/Documents/md_anderson_analysis/yepes_code/data/2025-11-20/scope-results-2025-11-20-0996.csv,1.045919999999999e-08,,145,,0,,50 ohms time 0.01
,SiC,1.0,Electron 191V,1.0,1.471551653030126e-41,0.0,40.0,/Users/rkfuentes/Documents/md_anderson_analysis/yepes_code/data/2025-11-20/scope-results-2025-11-20-0997.csv,6.500866666666662e-09,,144,,0,,50 ohms time 0.01
,SiC,1.0,Electron 191V,1.0,1.471551653030126e-41,0.0,40.0,/Users/rkfuentes/Documents/md_anderson_analysis/yepes_code/data/2025-11-20/scope-results-2025-11-20-0998.csv,8.906933333333334e-09,,137,,0,,50 ohms time 0.01
,SiC,1.0,Electron 191V,1.0,1.471551653030126e-41,0.0,40.0,/Users/rkfuentes/Documents/md_anderson_analysis/yepes_code/data/2025-11-20/scope-results-2025-11-20-0999.csv,6.848866666666656e-09,,134,,0,,50 ohms time 0.01
,SiC,1.0,Electron 191V,1.0,1.471551653030126e-41,0.0,40.0,/Users/rkfuentes/Documents/md_anderson_analysis/yepes_code/data/2025-11-20/scope-results-2025-11-20-1000.csv,1.1670133333333353e-08,,148,,0,,50 ohms time 0.01
,SiC,1.0,Electron 191V,1.0,1.471551653030126e-41,0.0,40.0,/Users/rkfuentes/Documents/md_anderson_analysis/yepes_code/data/2025-11-20/scope-results-2025-11-20-1001.csv,1.160533333333333e-08,,139,,0,,50 ohms time 0.01
,SiC,1.0,Electron 191V,1.0,1.471551653030126e-41,0.0,40.0,/Users/rkfuentes/Documents/md_anderson_analysis/yepes_code/data/2025-11-20/scope-results-2025-11-20-1002.csv,3.4039999999999704e-10,,26,,0,,50 ohms time 0.01
,SiC,1.0,Electron 191V,1.0,1.471551653030126e-41,0.0,40.0,/Users/rkfuentes/Documents/md_anderson_analysis/yepes_code/data/2025-11-20/scope-results-2025-11-20-1003.csv,9.943866666666671e-09,,129,,0,,50 ohms time 0.01
,SiC,1.0,Electron 191V,1.0,1.471551653030126e-41,0.0,40.0,/Users/rkfuentes/Documents/md_anderson_analysis/yepes_code/data/2025-11-20/scope-results-2025-11-20-1004.csv,8.756866666666664e-09,,134,,0,,50 ohms time 0.01
,SiC,1.0,Electron 191V,1.0,1.471551653030126e-41,0.0,40.0,/Users/rkfuentes/Documents/md_anderson_analysis/yepes_code/data/2025-11-20/scope-results-2025-11-20-1005.csv,1.1046999999999983e-08,,148,,0,,50 ohms time 0.01
,SiC,1.0,Electron 191V,1.0,1.471551653030126e-41,0.0,40.0,/Users/rkfuentes/Documents/md_anderson_analysis/yepes_code/data/2025-11-20/scope-results-2025-11-20-1006.csv,6.765866666666666e-09,,146,,0,,50 ohms time 0.01
,SiC,1.0,Electron 191V,1.0,1.471551653030126e-41,0.0,40.0,/Users/rkfuentes/Documents/md_anderson_analysis/yepes_code/data/2025-11-20/scope-results-2025-11-20-1007.csv,1.0651533333333342e-08,,138,,0,,50 ohms time 0.01
,SiC,1.0,Electron 85V,1.0,1.471551653030126e-41,0.0,40.0,/Users/rkfuentes/Documents/md_anderson_analysis/yepes_code/data/2025-11-20/scope-results-2025-11-20-1065.csv,8.453333333330861e-11,,32,,0,,50 ohms time 0.01
,SiC,1.0,Electron 85V,1.0,1.471551653030126e-41,0.0,40.0,/Users/rkfuentes/Documents/md_anderson_analysis/yepes_code/data/2025-11-20/scope-results-2025-11-20-1066.csv,5.799200000000005e-09,,47,,0,,50 ohms time 0.01
,SiC,1.0,Electron 85V,1.0,1.471551653030126e-41,0.0,40.0,/Users/rkfuentes/Documents/md_anderson_analysis/yepes_code/data/2025-11-20/scope-results-2025-11-20-1067.csv,1.8419999999999273e-10,,35,,0,,50 ohms time 0.01
,SiC,1.0,Electron 85V,1.0,1.471551653030126e-41,0.0,40.0,/Users/rkfuentes/Documents/md_anderson_analysis/yepes_code/data/2025-11-20/scope-results-2025-11-20-1068.csv,4.851999999999842e-10,,32,,0,,50 ohms time 0.01
,SiC,1.0,Electron 85V,1.0,1.471551653030126e-41,0.0,40.0,/Users/rkfuentes/Documents/md_anderson_analysis/yepes_code/data/2025-11-20/scope-results-2025-11-20-1069.csv,3.0406666666667e-10,,30,,0,,50 ohms time 0.01
,SiC,1.0,Electron 85V,1.0,1.471551653030126e-41,0.0,40.0,/Users/rkfuentes/Documents/md_anderson_analysis/yepes_code/data/2025-11-20/scope-results-2025-11-20-1070.csv,2.989200000000009e-09,,43,,0,,50 ohms time 0.01
,SiC,1.0,Electron 85V,1.0,1.471551653030126e-41,0.0,40.0,/Users/rkfuentes/Documents/md_anderson_analysis/yepes_code/data/2025-11-20/scope-results-2025-11-20-1071.csv,1.8559999999999887e-10,,37,,0,,50 ohms time 0.01
,SiC,1.0,Electron 85V,1.0,1.471551653030126e-41,0.0,40.0,/Users/rkfuentes/Documents/md_anderson_analysis/yepes_code/data/2025-11-20/scope-results-2025-11-20-1072.csv,2.200666666666488e-10,,30,,0,,50 ohms time 0.01
,SiC,1.0,Electron 85V,1.0,1.471551653030126e-41,0.0,40.0,/Users/rkfuentes/Documents/md_anderson_analysis/yepes_code/data/2025-11-20/scope-results-2025-11-20-1073.csv,3.420000000000478e-11,,34,,0,,50 ohms time 0.01
,SiC,1.0,Electron 85V,1.0,1.471551653030126e-41,0.0,40.0,/Users/rkfuentes/Documents/md_anderson_analysis/yepes_code/data/2025-11-20/scope-results-2025-11-20-1074.csv,2.429333333333207e-10,,34,,0,,50 ohms time 0.01
,SiC,1.0,Electron 85V,1.0,1.471551653030126e-41,0.0,40.0,/Users/rkfuentes/Documents/md_anderson_analysis/yepes_code/data/2025-11-20/scope-results-2025-11-20-1075.csv,1.4090600000000015e-08,,36,,0,,50 ohms time 0.01
,SiC,1.0,Electron 110V,1.0,1.471551653030126e-41,0.0,40.0,/Users/rkfuentes/Documents/md_anderson_analysis/yepes_code/data/2025-11-20/scope-results-2025-11-20-1121.csv,4.035999999999981e-09,,35,,0,,50 ohms time 0.01
,SiC,1.0,Electron 110V,1.0,1.471551653030126e-41,0.0,40.0,/Users/rkfuentes/Documents/md_anderson_analysis/yepes_code/data/2025-11-20/scope-results-2025-11-20-1122.csv,4.043400000000024e-09,,51,,0,,50 ohms time 0.01
,SiC,1.0,Electron 110V,1.0,1.471551653030126e-41,0.0,40.0,/Users/rkfuentes/Documents/md_anderson_analysis/yepes_code/data/2025-11-20/scope-results-2025-11-20-1123.csv,4.423733333333356e-09,,44,,0,,50 ohms time 0.01
,SiC,1.0,Electron 110V,1.0,1.471551653030126e-41,0.0,40.0,/Users/rkfuentes/Documents/md_anderson_analysis/yepes_code/data/2025-11-20/scope-results-2025-11-20-1124.csv,4.5395333333333105e-09,,45,,0,,50 ohms time 0.01
,SiC,1.0,Electron 110V,1.0,1.471551653030126e-41,0.0,40.0,/Users/rkfuentes/Documents/md_anderson_analysis/yepes_code/data/2025-11-20/scope-results-2025-11-20-1125.csv,2.7874666666666643e-09,,39,,0,,50 ohms time 0.01
,SiC,1.0,Electron 110V,1.0,1.471551653030126e-41,0.0,40.0,/Users/rkfuentes/Documents/md_anderson_analysis/yepes_code/data/2025-11-20/scope-results-2025-11-20-1126.csv,8.8172e-09,,39,,0,,50 ohms time 0.01
,SiC,1.0,Electron 110V,1.0,1.471551653030126e-41,0.0,40.0,/Users/rkfuentes/Documents/md_anderson_analysis/yepes_code/data/2025-11-20/scope-results-2025-11-20-1127.csv,6.906200000000027e-09,,59,,0,,50 ohms time 0.01
,SiC,1.0,Electron 110V,1.0,1.471551653030126e-41,0.0,40.0,/Users/rkfuentes/Documents/md_anderson_analysis/yepes_code/data/2025-11-20/scope-results-2025-11-20-1128.csv,1.7397333333333403e-09,,51,,0,,50 ohms time 0.01
,SiC,1.0,Electron 110V,1.0,1.471551653030126e-41,0.0,40.0,/Users/rkfuentes/Documents/md_anderson_analysis/yepes_code/data/2025-11-20/scope-results-2025-11-20-1129.csv,1.5735466666666692e-08,,67,,0,,50 ohms time 0.01
,SiC,1.0,Electron 110V,1.0,1.471551653030126e-41,0.0,40.0,/Users/rkfuentes/Documents/md_anderson_analysis/yepes_code/data/2025-11-20/scope-results-2025-11-20-1130.csv,3.5770666666666666e-09,,49,,0,,50 ohms time 0.01
,SiC,1.0,Electron 110V,1.0,1.471551653030126e-41,0.0,40.0,/Users/rkfuentes/Documents/md_anderson_analysis/yepes_code/data/2025-11-20/scope-results-2025-11-20-1131.csv,5.517733333333352e-09,,38,,0,,50 ohms time 0.01
,SiC,1.0,Electron 110V,1.0,1.471551653030126e-41,0.0,40.0,/Users/rkfuentes/Documents/md_anderson_analysis/yepes_code/data/2025-11-20/scope-results-2025-11-20-1132.csv,3.9164666666666884e-09,,39,,0,,50 ohms time 0.01
,SiC,1.0,Electron 110V,1.0,1.471551653030126e-41,0.0,40.0,/Users/rkfuentes/Documents/md_anderson_analysis/yepes_code/data/2025-11-20/scope-results-2025-11-20-1133.csv,2.212559999999999e-08,,365,,0,,50 ohms time 0.01
,SiC,1.0,Electron 110V,1.0,1.471551653030126e-41,0.0,40.0,/Users/rkfuentes/Documents/md_anderson_analysis/yepes_code/data/2025-11-20/scope-results-2025-11-20-1134.csv,2.0722666666666526e-09,,37,,0,,50 ohms time 0.01
,SiC,1.0,Electron 191V,1.0,1.471551653030126e-41,0.0,40.0,/Users/rkfuentes/Documents/md_anderson_analysis/yepes_code/data/2025-11-20/scope-results-2025-11-20-1179.csv,5.4133333333334946e-11,,122,,0,,50 ohms time 0.01
,SiC,1.0,Electron 191V,1.0,1.471551653030126e-41,0.0,40.0,/Users/rkfuentes/Documents/md_anderson_analysis/yepes_code/data/2025-11-20/scope-results-2025-11-20-1180.csv,3.6620000000000397e-10,,29,,0,,50 ohms time 0.01
,SiC,1.0,Electron 191V,1.0,1.471551653030126e-41,0.0,40.0,/Users/rkfuentes/Documents/md_anderson_analysis/yepes_code/data/2025-11-20/scope-results-2025-11-20-1181.csv,8.546666666666966e-11,,27,,0,,50 ohms time 0.01
,SiC,1.0,Electron 191V,1.0,1.471551653030126e-41,0.0,40.0,/Users/rkfuentes/Documents/md_anderson_analysis/yepes_code/data/2025-11-20/scope-results-2025-11-20-1182.csv,2.285066666666659e-09,,134,,0,,50 ohms time 0.01
,SiC,1.0,Electron 191V,1.0,1.471551653030126e-41,0.0,40.0,/Users/rkfuentes/Documents/md_anderson_analysis/yepes_code/data/2025-11-20/scope-results-2025-11-20-1183.csv,1.363999999999981e-10,,27,,0,,50 ohms time 0.01
,SiC,1.0,Electron 191V,1.0,1.471551653030126e-41,0.0,40.0,/Users/rkfuentes/Documents/md_anderson_analysis/yepes_code/data/2025-11-20/scope-results-2025-11-20-1184.csv,4.989333333333274e-10,,35,,0,,50 ohms time 0.01
,SiC,1.0,Electron 191V,1.0,1.471551653030126e-41,0.0,40.0,/Users/rkfuentes/Documents/md_anderson_analysis/yepes_code/data/2025-11-20/scope-results-2025-11-20-1185.csv,2.4778666666666657e-09,,116,,0,,50 ohms time 0.01
,SiC,1.0,Electron 191V,1.0,1.471551653030126e-41,0.0,40.0,/Users/rkfuentes/Documents/md_anderson_analysis/yepes_code/data/2025-11-20/scope-results-2025-11-20-1186.csv,2.216666666666664e-10,,27,,0,,50 ohms time 0.01
,SiC,1.0,Electron 191V,1.0,1.471551653030126e-41,0.0,40.0,/Users/rkfuentes/Documents/md_anderson_analysis/yepes_code/data/2025-11-20/scope-results-2025-11-20-1187.csv,1.3800000000000107e-09,,119,,0,,50 ohms time 0.01
,SiC,1.0,Electron 191V,1.0,1.471551653030126e-41,0.0,40.0,/Users/rkfuentes/Documents/md_anderson_analysis/yepes_code/data/2025-11-20/scope-results-2025-11-20-1188.csv,5.7517333333333275e-09,,136,,0,,50 ohms time 0.01
,SiC,1.0,Electron 191V,1.0,1.471551653030126e-41,0.0,40.0,/Users/rkfuentes/Documents/md_anderson_analysis/yepes_code/data/2025-11-20/scope-results-2025-11-20-1189.csv,3.1546666666666433e-10,,31,,0,,50 ohms time 0.01
,SiC,1.0,Electron 191V,1.0,1.471551653030126e-41,0.0,40.0,/Users/rkfuentes/Documents/md_anderson_analysis/yepes_code/data/2025-11-20/scope-results-2025-11-20-1190.csv,1.406400000000012e-09,,126,,0,,50 ohms time 0.01
,SiC,1.0,Electron 191V,1.0,1.471551653030126e-41,0.0,40.0,/Users/rkfuentes/Documents/md_anderson_analysis/yepes_code/data/2025-11-20/scope-results-2025-11-20-1191.csv,7.526666666666565e-11,,27,,0,,50 ohms time 0.01
,SiC,1.0,Electron 191V,1.0,1.471551653030126e-41,0.0,40.0,/Users/rkfuentes/Documents/md_anderson_analysis/yepes_code/data/2025-11-20/scope-results-2025-11-20-1192.csv,1.845599999999992e-09,,121,,0,,50 ohms time 0.01
,SiC,1.0,Electron 191V,1.0,1.471551653030126e-41,0.0,40.0,/Users/rkfuentes/Documents/md_anderson_analysis/yepes_code/data/2025-11-20/scope-results-2025-11-20-1193.csv,4.770666666666659e-10,,28,,0,,50 ohms time 0.01
,SiC,1.0,Electron 85V,1.0,1.471551653030126e-41,0.0,40.0,/Users/rkfuentes/Documents/md_anderson_analysis/yepes_code/data/2025-11-20/scope-results-2025-11-20-1238.csv,1.2266666666668248e-10,,29,,0,,50 ohms time 0.01
,SiC,1.0,Electron 85V,1.0,1.471551653030126e-41,0.0,40.0,/Users/rkfuentes/Documents/md_anderson_analysis/yepes_code/data/2025-11-20/scope-results-2025-11-20-1239.csv,6.9466666666673e-10,,57,,0,,50 ohms time 0.01
,SiC,1.0,Electron 85V,1.0,1.471551653030126e-41,0.0,40.0,/Users/rkfuentes/Documents/md_anderson_analysis/yepes_code/data/2025-11-20/scope-results-2025-11-20-1240.csv,1.1313333333335126e-10,,28,,0,,50 ohms time 0.01
,SiC,1.0,Electron 85V,1.0,1.471551653030126e-41,0.0,40.0,/Users/rkfuentes/Documents/md_anderson_analysis/yepes_code/data/2025-11-20/scope-results-2025-11-20-1241.csv,1.7626666666663515e-10,,33,,0,,50 ohms time 0.01
,SiC,1.0,Electron 85V,1.0,1.471551653030126e-41,0.0,40.0,/Users/rkfuentes/Documents/md_anderson_analysis/yepes_code/data/2025-11-20/scope-results-2025-11-20-1242.csv,1.9619999999999434e-10,,37,,0,,50 ohms time 0.01
,SiC,1.0,Electron 85V,1.0,1.471551653030126e-41,0.0,40.0,/Users/rkfuentes/Documents/md_anderson_analysis/yepes_code/data/2025-11-20/scope-results-2025-11-20-1243.csv,1.1293333333333146e-10,,98,,0,,50 ohms time 0.01
,SiC,1.0,Electron 85V,1.0,1.471551653030126e-41,0.0,40.0,/Users/rkfuentes/Documents/md_anderson_analysis/yepes_code/data/2025-11-20/scope-results-2025-11-20-1244.csv,3.786666666666697e-11,,50,,0,,50 ohms time 0.01
,SiC,1.0,Electron 85V,1.0,1.471551653030126e-41,0.0,40.0,/Users/rkfuentes/Documents/md_anderson_analysis/yepes_code/data/2025-11-20/scope-results-2025-11-20-1245.csv,1.1626666666666728e-10,,45,,0,,50 ohms time 0.01
,SiC,1.0,Electron 85V,1.0,1.471551653030126e-41,0.0,40.0,/Users/rkfuentes/Documents/md_anderson_analysis/yepes_code/data/2025-11-20/scope-results-2025-11-20-1246.csv,1.3166666666667128e-10,,34,,0,,50 ohms time 0.01
,SiC,1.0,Electron 85V,1.0,1.471551653030126e-41,0.0,40.0,/Users/rkfuentes/Documents/md_anderson_analysis/yepes_code/data/2025-11-20/scope-results-2025-11-20-1247.csv,3.365333333333045e-10,,32,,0,,50 ohms time 0.01
,SiC,1.0,Electron 85V,1.0,1.471551653030126e-41,0.0,40.0,/Users/rkfuentes/Documents/md_anderson_analysis/yepes_code/data/2025-11-20/scope-results-2025-11-20-1248.csv,5.2000000000000745e-11,,57,,0,,50 ohms time 0.01
,SiC,1.0,Electron 85V,1.0,1.471551653030126e-41,0.0,40.0,/Users/rkfuentes/Documents/md_anderson_analysis/yepes_code/data/2025-11-20/scope-results-2025-11-20-1249.csv,1.3013333333332845e-10,,36,,0,,50 ohms time 0.01
,SiC,1.0,Electron 85V,1.0,1.471551653030126e-41,0.0,40.0,/Users/rkfuentes/Documents/md_anderson_analysis/yepes_code/data/2025-11-20/scope-results-2025-11-20-1250.csv,9.06666666667734e-12,,38,,0,,50 ohms time 0.01
,SiC,1.0,Electron 110V,1.0,1.471551653030126e-41,0.0,40.0,/Users/rkfuentes/Documents/md_anderson_analysis/yepes_code/data/2025-11-20/scope-results-2025-11-20-1287.csv,5.558933333333328e-09,,68,,0,,50 ohms time 0.01
,SiC,1.0,Electron 110V,1.0,1.471551653030126e-41,0.0,40.0,/Users/rkfuentes/Documents/md_anderson_analysis/yepes_code/data/2025-11-20/scope-results-2025-11-20-1288.csv,1.5718666666666647e-09,,53,,0,,50 ohms time 0.01
,SiC,1.0,Electron 110V,1.0,1.471551653030126e-41,0.0,40.0,/Users/rkfuentes/Documents/md_anderson_analysis/yepes_code/data/2025-11-20/scope-results-2025-11-20-1289.csv,3.675173333333332e-08,,391,,0,,50 ohms time 0.01
,SiC,1.0,Electron 110V,1.0,1.471551653030126e-41,0.0,40.0,/Users/rkfuentes/Documents/md_anderson_analysis/yepes_code/data/2025-11-20/scope-results-2025-11-20-1290.csv,3.6904000000000016e-09,,64,,0,,50 ohms time 0.01
,SiC,1.0,Electron 110V,1.0,1.471551653030126e-41,0.0,40.0,/Users/rkfuentes/Documents/md_anderson_analysis/yepes_code/data/2025-11-20/scope-results-2025-11-20-1291.csv,8.430933333333342e-09,,62,,0,,50 ohms time 0.01
,SiC,1.0,Electron 110V,1.0,1.471551653030126e-41,0.0,40.0,/Users/rkfuentes/Documents/md_anderson_analysis/yepes_code/data/2025-11-20/scope-results-2025-11-20-1292.csv,3.4613999999999823e-09,,37,,0,,50 ohms time 0.01
,SiC,1.0,Electron 110V,1.0,1.471551653030126e-41,0.0,40.0,/Users/rkfuentes/Documents/md_anderson_analysis/yepes_code/data/2025-11-20/scope-results-2025-11-20-1293.csv,1.0991999999999943e-09,,55,,0,,50 ohms time 0.01
,SiC,1.0,Electron 110V,1.0,1.471551653030126e-41,0.0,40.0,/Users/rkfuentes/Documents/md_anderson_analysis/yepes_code/data/2025-11-20/scope-results-2025-11-20-1294.csv,8.671466666666675e-09,,34,,0,,50 ohms time 0.01
,SiC,1.0,Electron 110V,1.0,1.471551653030126e-41,0.0,40.0,/Users/rkfuentes/Documents/md_anderson_analysis/yepes_code/data/2025-11-20/scope-results-2025-11-20-1295.csv,2.9505333333333537e-09,,63,,0,,50 ohms time 0.01
,SiC,1.0,Electron 110V,1.0,1.471551653030126e-41,0.0,40.0,/Users/rkfuentes/Documents/md_anderson_analysis/yepes_code/data/2025-11-20/scope-results-2025-11-20-1296.csv,2.207199999999981e-09,,37,,0,,50 ohms time 0.01
,SiC,1.0,Electron 110V,1.0,1.471551653030126e-41,0.0,40.0,/Users/rkfuentes/Documents/md_anderson_analysis/yepes_code/data/2025-11-20/scope-results-2025-11-20-1297.csv,4.1586666666663153e-10,,31,,0,,50 ohms time 0.01
,SiC,1.0,Electron 110V,1.0,1.471551653030126e-41,0.0,40.0,/Users/rkfuentes/Documents/md_anderson_analysis/yepes_code/data/2025-11-20/scope-results-2025-11-20-1298.csv,1.7407999999999893e-09,,38,,0,,50 ohms time 0.01
,SiC,1.0,Electron 110V,1.0,1.471551653030126e-41,0.0,40.0,/Users/rkfuentes/Documents/md_anderson_analysis/yepes_code/data/2025-11-20/scope-results-2025-11-20-1299.csv,1.19904e-08,,65,,0,,50 ohms time 0.01
,SiC,1.0,Electron 191V,1.0,1.471551653030126e-41,0.0,40.0,/Users/rkfuentes/Documents/md_anderson_analysis/yepes_code/data/2025-11-20/scope-results-2025-11-20-1344.csv,9.039999999999891e-11,,23,,0,,50 ohms time 0.01
,SiC,1.0,Electron 191V,1.0,1.471551653030126e-41,0.0,40.0,/Users/rkfuentes/Documents/md_anderson_analysis/yepes_code/data/2025-11-20/scope-results-2025-11-20-1345.csv,4.0906666666666176e-10,,110,,0,,50 ohms time 0.01
,SiC,1.0,Electron 191V,1.0,1.471551653030126e-41,0.0,40.0,/Users/rkfuentes/Documents/md_anderson_analysis/yepes_code/data/2025-11-20/scope-results-2025-11-20-1346.csv,2.823333333333336e-10,,27,,0,,50 ohms time 0.01
,SiC,1.0,Electron 191V,1.0,1.471551653030126e-41,0.0,40.0,/Users/rkfuentes/Documents/md_anderson_analysis/yepes_code/data/2025-11-20/scope-results-2025-11-20-1347.csv,2.3466666666661777e-11,,25,,0,,50 ohms time 0.01
,SiC,1.0,Electron 191V,1.0,1.471551653030126e-41,0.0,40.0,/Users/rkfuentes/Documents/md_anderson_analysis/yepes_code/data/2025-11-20/scope-results-2025-11-20-1348.csv,1.4735999999999915e-09,,129,,0,,50 ohms time 0.01
,SiC,1.0,Electron 191V,1.0,1.471551653030126e-41,0.0,40.0,/Users/rkfuentes/Documents/md_anderson_analysis/yepes_code/data/2025-11-20/scope-results-2025-11-20-1349.csv,5.926666666666343e-11,,26,,0,,50 ohms time 0.01
,SiC,1.0,Electron 191V,1.0,1.471551653030126e-41,0.0,40.0,/Users/rkfuentes/Documents/md_anderson_analysis/yepes_code/data/2025-11-20/scope-results-2025-11-20-1350.csv,2.6313333333333097e-10,,34,,0,,50 ohms time 0.01
,SiC,1.0,Electron 191V,1.0,1.471551653030126e-41,0.0,40.0,/Users/rkfuentes/Documents/md_anderson_analysis/yepes_code/data/2025-11-20/scope-results-2025-11-20-1351.csv,3.65333333333334e-10,,23,,0,,50 ohms time 0.01
,SiC,1.0,Electron 191V,1.0,1.471551653030126e-41,0.0,40.0,/Users/rkfuentes/Documents/md_anderson_analysis/yepes_code/data/2025-11-20/scope-results-2025-11-20-1352.csv,8.485333333333389e-10,,118,,0,,50 ohms time 0.01
,SiC,1.0,Electron 191V,1.0,1.471551653030126e-41,0.0,40.0,/Users/rkfuentes/Documents/md_anderson_analysis/yepes_code/data/2025-11-20/scope-results-2025-11-20-1353.csv,3.434666666666643e-10,,114,,0,,50 ohms time 0.01
,SiC,1.0,Electron 191V,1.0,1.471551653030126e-41,0.0,40.0,/Users/rkfuentes/Documents/md_anderson_analysis/yepes_code/data/2025-11-20/scope-results-2025-11-20-1354.csv,2.058666666666683e-10,,27,,0,,50 ohms time 0.01
,SiC,1.0,Electron 191V,1.0,1.471551653030126e-41,0.0,40.0,/Users/rkfuentes/Documents/md_anderson_analysis/yepes_code/data/2025-11-20/scope-results-2025-11-20-1355.csv,1.1126666666666264e-10,,25,,0,,50 ohms time 0.01
,SiC,1.0,Electron 191V,1.0,1.471551653030126e-41,0.0,40.0,/Users/rkfuentes/Documents/md_anderson_analysis/yepes_code/data/2025-11-20/scope-results-2025-11-20-1356.csv,6.333333333335719e-12,,19,,0,,50 ohms time 0.01
,SiC,1.0,Electron 85V,1.0,1.471551653030126e-41,0.0,40.0,/Users/rkfuentes/Documents/md_anderson_analysis/yepes_code/data/2025-11-20/scope-results-2025-11-20-1403.csv,1.9839999999998318e-10,,31,,0,,50 ohms time 0.01
,SiC,1.0,Electron 85V,1.0,1.471551653030126e-41,0.0,40.0,/Users/rkfuentes/Documents/md_anderson_analysis/yepes_code/data/2025-11-20/scope-results-2025-11-20-1404.csv,1.0839999999999843e-10,,32,,0,,50 ohms time 0.01
,SiC,1.0,Electron 85V,1.0,1.471551653030126e-41,0.0,40.0,/Users/rkfuentes/Documents/md_anderson_analysis/yepes_code/data/2025-11-20/scope-results-2025-11-20-1405.csv,4.293333333332546e-11,,33,,0,,50 ohms time 0.01
,SiC,1.0,Electron 85V,1.0,1.471551653030126e-41,0.0,40.0,/Users/rkfuentes/Documents/md_anderson_analysis/yepes_code/data/2025-11-20/scope-results-2025-11-20-1406.csv,7.480000000001543e-11,,32,,0,,50 ohms time 0.01
,SiC,1.0,Electron 85V,1.0,1.471551653030126e-41,0.0,40.0,/Users/rkfuentes/Documents/md_anderson_analysis/yepes_code/data/2025-11-20/scope-results-2025-11-20-1407.csv,1.092666666666656e-10,,54,,0,,50 ohms time 0.01
,SiC,1.0,Electron 85V,1.0,1.471551653030126e-41,0.0,40.0,/Users/rkfuentes/Documents/md_anderson_analysis/yepes_code/data/2025-11-20/scope-results-2025-11-20-1408.csv,1.0673333333334114e-10,,35,,0,,50 ohms time 0.01
,SiC,1.0,Electron 85V,1.0,1.471551653030126e-41,0.0,40.0,/Users/rkfuentes/Documents/md_anderson_analysis/yepes_code/data/2025-11-20/scope-results-2025-11-20-1409.csv,3.639333333333767e-10,,30,,0,,50 ohms time 0.01
,SiC,1.0,Electron 85V,1.0,1.471551653030126e-41,0.0,40.0,/Users/rkfuentes/Documents/md_anderson_analysis/yepes_code/data/2025-11-20/scope-results-2025-11-20-1410.csv,3.025333333333433e-10,,35,,0,,50 ohms time 0.01
,SiC,1.0,Electron 85V,1.0,1.471551653030126e-41,0.0,40.0,/Users/rkfuentes/Documents/md_anderson_analysis/yepes_code/data/2025-11-20/scope-results-2025-11-20-1411.csv,1.676666666666666e-10,,35,,0,,50 ohms time 0.01
,SiC,1.0,Electron 85V,1.0,1.471551653030126e-41,0.0,40.0,/Users/rkfuentes/Documents/md_anderson_analysis/yepes_code/data/2025-11-20/scope-results-2025-11-20-1412.csv,3.793333333331142e-11,,34,,0,,50 ohms time 0.01
,SiC,1.0,Electron 85V,1.0,1.471551653030126e-41,0.0,40.0,/Users/rkfuentes/Documents/md_anderson_analysis/yepes_code/data/2025-11-20/scope-results-2025-11-20-1413.csv,1.0626666666664e-10,,30,,0,,50 ohms time 0.01
,SiC,1.0,Electron 110V,1.0,1.471551653030126e-41,0.0,40.0,/Users/rkfuentes/Documents/md_anderson_analysis/yepes_code/data/2025-11-20/scope-results-2025-11-20-1453.csv,8.992266666666687e-09,,42,,0,,50 ohms time 0.01
,SiC,1.0,Electron 110V,1.0,1.471551653030126e-41,0.0,40.0,/Users/rkfuentes/Documents/md_anderson_analysis/yepes_code/data/2025-11-20/scope-results-2025-11-20-1454.csv,9.717519999999997e-08,,606,,0,,50 ohms time 0.01
,SiC,1.0,Electron 110V,1.0,1.471551653030126e-41,0.0,40.0,/Users/rkfuentes/Documents/md_anderson_analysis/yepes_code/data/2025-11-20/scope-results-2025-11-20-1455.csv,1.3934666666666666e-08,,389,,0,,50 ohms time 0.01
,SiC,1.0,Electron 110V,1.0,1.471551653030126e-41,0.0,40.0,/Users/rkfuentes/Documents/md_anderson_analysis/yepes_code/data/2025-11-20/scope-results-2025-11-20-1456.csv,1.1560051349422898e-11,,21,,0,,50 ohms time 0.01
,SiC,1.0,Electron 110V,1.0,1.471551653030126e-41,0.0,40.0,/Users/rkfuentes/Documents/md_anderson_analysis/yepes_code/data/2025-11-20/scope-results-2025-11-20-1457.csv,3.922933333333344e-09,,101,,0,,50 ohms time 0.01
,SiC,1.0,Electron 110V,1.0,1.471551653030126e-41,0.0,40.0,/Users/rkfuentes/Documents/md_anderson_analysis/yepes_code/data/2025-11-20/scope-results-2025-11-20-1458.csv,4.514133333333338e-09,,65,,0,,50 ohms time 0.01
,SiC,1.0,Electron 110V,1.0,1.471551653030126e-41,0.0,40.0,/Users/rkfuentes/Documents/md_anderson_analysis/yepes_code/data/2025-11-20/scope-results-2025-11-20-1459.csv,9.736966666666666e-08,,623,,0,,50 ohms time 0.01
,SiC,1.0,Electron 110V,1.0,1.471551653030126e-41,0.0,40.0,/Users/rkfuentes/Documents/md_anderson_analysis/yepes_code/data/2025-11-20/scope-results-2025-11-20-1460.csv,2.7780025674708073e-11,,28,,0,,50 ohms time 0.01
,SiC,1.0,Electron 110V,1.0,1.471551653030126e-41,0.0,40.0,/Users/rkfuentes/Documents/md_anderson_analysis/yepes_code/data/2025-11-20/scope-results-2025-11-20-1461.csv,1.0050666666666881e-09,,74,,0,,50 ohms time 0.01
,SiC,1.0,Electron 191V,1.0,1.471551653030126e-41,0.0,40.0,/Users/rkfuentes/Documents/md_anderson_analysis/yepes_code/data/2025-11-20/scope-results-2025-11-20-1493.csv,2.0953333333333448e-10,,23,,0,,50 ohms time 0.01
,SiC,1.0,Electron 191V,1.0,1.471551653030126e-41,0.0,40.0,/Users/rkfuentes/Documents/md_anderson_analysis/yepes_code/data/2025-11-20/scope-results-2025-11-20-1494.csv,7.834666666666689e-10,,87,,0,,50 ohms time 0.01
,SiC,1.0,Electron 191V,1.0,1.471551653030126e-41,0.0,40.0,/Users/rkfuentes/Documents/md_anderson_analysis/yepes_code/data/2025-11-20/scope-results-2025-11-20-1495.csv,2.1513333333332852e-10,,25,,0,,50 ohms time 0.01
,SiC,1.0,Electron 191V,1.0,1.471551653030126e-41,0.0,40.0,/Users/rkfuentes/Documents/md_anderson_analysis/yepes_code/data/2025-11-20/scope-results-2025-11-20-1496.csv,6.003333333333302e-10,,86,,0,,50 ohms time 0.01
,SiC,1.0,Electron 191V,1.0,1.471551653030126e-41,0.0,40.0,/Users/rkfuentes/Documents/md_anderson_analysis/yepes_code/data/2025-11-20/scope-results-2025-11-20-1497.csv,3.233333333333308e-11,,27,,0,,50 ohms time 0.01
,SiC,1.0,Electron 191V,1.0,1.471551653030126e-41,0.0,40.0,/Users/rkfuentes/Documents/md_anderson_analysis/yepes_code/data/2025-11-20/scope-results-2025-11-20-1498.csv,3.923999999999993e-10,,26,,0,,50 ohms time 0.01
,SiC,1.0,Electron 191V,1.0,1.471551653030126e-41,0.0,40.0,/Users/rkfuentes/Documents/md_anderson_analysis/yepes_code/data/2025-11-20/scope-results-2025-11-20-1499.csv,1.8593333333333417e-10,,27,,0,,50 ohms time 0.01
,SiC,1.0,Electron 191V,1.0,1.471551653030126e-41,0.0,40.0,/Users/rkfuentes/Documents/md_anderson_analysis/yepes_code/data/2025-11-20/scope-results-2025-11-20-1500.csv,2.6262666666666753e-09,,143,,0,,50 ohms time 0.01
,SiC,1.0,Electron 191V,1.0,1.471551653030126e-41,0.0,40.0,/Users/rkfuentes/Documents/md_anderson_analysis/yepes_code/data/2025-11-20/scope-results-2025-11-20-1501.csv,2.9506666666667053e-10,,28,,0,,50 ohms time 0.01
,SiC,1.0,Electron 191V,1.0,1.471551653030126e-41,0.0,40.0,/Users/rkfuentes/Documents/md_anderson_analysis/yepes_code/data/2025-11-20/scope-results-2025-11-20-1502.csv,8.013333333333571e-11,,29,,0,,50 ohms time 0.01
,SiC,1.0,Electron 191V,1.0,1.471551653030126e-41,0.0,40.0,/Users/rkfuentes/Documents/md_anderson_analysis/yepes_code/data/2025-11-20/scope-results-2025-11-20-1503.csv,3.0813333333333303e-10,,30,,0,,50 ohms time 0.01
,SiC,1.0,Electron 191V,1.0,1.471551653030126e-41,0.0,40.0,/Users/rkfuentes/Documents/md_anderson_analysis/yepes_code/data/2025-11-20/scope-results-2025-11-20-1504.csv,1.8979999999999871e-10,,30,,0,,50 ohms time 0.01
,SiC,1.0,Electron 191V,1.0,1.471551653030126e-41,0.0,40.0,/Users/rkfuentes/Documents/md_anderson_analysis/yepes_code/data/2025-11-20/scope-results-2025-11-20-1574.csv,4.106666666666644e-10,,21,,0,,50 ohms time 0.01 no collimator
,SiC,1.0,Electron 191V,1.0,1.471551653030126e-41,0.0,40.0,/Users/rkfuentes/Documents/md_anderson_analysis/yepes_code/data/2025-11-20/scope-results-2025-11-20-1575.csv,3.8400000000000674e-10,,20,,0,,50 ohms time 0.01 no collimator
,SiC,1.0,Electron 191V,1.0,1.471551653030126e-41,0.0,40.0,/Users/rkfuentes/Documents/md_anderson_analysis/yepes_code/data/2025-11-20/scope-results-2025-11-20-1576.csv,4.1300000000000137e-10,,22,,0,,50 ohms time 0.01 no collimator
,SiC,1.0,Electron 110V,1.0,1.471551653030126e-41,0.0,40.0,/Users/rkfuentes/Documents/md_anderson_analysis/yepes_code/data/2025-11-20/scope-results-2025-11-20-1577.csv,1.7289e-08,,137,,0,,50 ohms time 0.01 no collimator
,SiC,1.0,Electron 110V,1.0,1.471551653030126e-41,0.0,40.0,/Users/rkfuentes/Documents/md_anderson_analysis/yepes_code/data/2025-11-20/scope-results-2025-11-20-1578.csv,1.4603666666666698e-08,,133,,0,,50 ohms time 0.01 no collimator
,SiC,1.0,Electron 110V,1.0,1.471551653030126e-41,0.0,40.0,/Users/rkfuentes/Documents/md_anderson_analysis/yepes_code/data/2025-11-20/scope-results-2025-11-20-1579.csv,1.2446333333333349e-08,,134,,0,,50 ohms time 0.01 no collimator
,SiC,1.0,Electron 110V,1.0,1.471551653030126e-41,0.0,40.0,/Users/rkfuentes/Documents/md_anderson_analysis/yepes_code/data/2025-11-20/scope-results-2025-11-20-1580.csv,1.2470666666666679e-08,,127,,0,,50 ohms time 0.01 no collimator
,SiC,1.0,Electron 85V,1.0,3.2838317827216953e-196,0.0,200.0,/Users/rkfuentes/Documents/md_anderson_analysis/yepes_code/data/2025-11-20/scope-results-2025-11-20-1607.csv,6.766666666666729e-11,,22,,0,,50 ohms time 0.01 no collimator
,SiC,1.0,Electron 85V,1.0,3.2838317827216953e-196,0.0,200.0,/Users/rkfuentes/Documents/md_anderson_analysis/yepes_code/data/2025-11-20/scope-results-2025-11-20-1608.csv,4.966666666666277e-11,,22,,0,,50 ohms time 0.01 no collimator
,SiC,1.0,Electron 85V,1.0,3.2838317827216953e-196,0.0,200.0,/Users/rkfuentes/Documents/md_anderson_analysis/yepes_code/data/2025-11-20/scope-results-2025-11-20-1609.csv,6.63333333333381e-11,,17,,0,,50 ohms time 0.01 no collimator
,SiC,1.0,Electron 85V,1.0,3.2838317827216953e-196,0.0,200.0,/Users/rkfuentes/Documents/md_anderson_analysis/yepes_code/data/2025-11-20/scope-results-2025-11-20-1610.csv,7.600000000000062e-11,,24,,0,,50 ohms time 0.01 no collimator
,SiC,1.0,Electron 85V,1.0,3.2838317827216953e-196,0.0,200.0,/Users/rkfuentes/Documents/md_anderson_analysis/yepes_code/data/2025-11-20/scope-results-2025-11-20-1611.csv,7.366666666666259e-11,,26,,0,,50 ohms time 0.01 no collimator
,SiC,1.0,Electron 85V,1.0,3.2838317827216953e-196,0.0,200.0,/Users/rkfuentes/Documents/md_anderson_analysis/yepes_code/data/2025-11-20/scope-results-2025-11-20-1612.csv,2.833333333333179e-11,,21,,0,,50 ohms time 0.01 no collimator
,SiC,1.0,Electron 85V,1.0,3.2838317827216953e-196,0.0,200.0,/Users/rkfuentes/Documents/md_anderson_analysis/yepes_code/data/2025-11-20/scope-results-2025-11-20-1613.csv,3.966666666666711e-11,,17,,0,,50 ohms time 0.01 no collimator
,SiC,1.0,Electron 85V,1.0,3.2838317827216953e-196,0.0,200.0,/Users/rkfuentes/Documents/md_anderson_analysis/yepes_code/data/2025-11-20/scope-results-2025-11-20-1614.csv,3.5666666666666616e-10,,18,,0,,50 ohms time 0.01 no collimator
,SiC,1.0,Electron 85V,1.0,3.2838317827216953e-196,0.0,200.0,/Users/rkfuentes/Documents/md_anderson_analysis/yepes_code/data/2025-11-20/scope-results-2025-11-20-1615.csv,2.2666666666669496e-11,,23,,0,,50 ohms time 0.01 no collimator
,SiC,1.0,Electron 85V,1.0,3.2838317827216953e-196,0.0,200.0,/Users/rkfuentes/Documents/md_anderson_analysis/yepes_code/data/2025-11-20/scope-results-2025-11-20-1616.csv,9.1999999999999e-11,,23,,0,,50 ohms time 0.01 no collimator
,SiC,1.0,Electron 110V,1.0,3.2838317827216953e-196,0.0,200.0,/Users/rkfuentes/Documents/md_anderson_analysis/yepes_code/data/2025-11-20/scope-results-2025-11-20-1655.csv,4.216000000000042e-09,,46,,0,,50 ohms time 0.01 no collimator
,SiC,1.0,Electron 110V,1.0,3.2838317827216953e-196,0.0,200.0,/Users/rkfuentes/Documents/md_anderson_analysis/yepes_code/data/2025-11-20/scope-results-2025-11-20-1656.csv,1.6799999999999394e-10,,22,,0,,50 ohms time 0.01 no collimator
,SiC,1.0,Electron 110V,1.0,3.2838317827216953e-196,0.0,200.0,/Users/rkfuentes/Documents/md_anderson_analysis/yepes_code/data/2025-11-20/scope-results-2025-11-20-1657.csv,4.023333333333339e-10,,18,,0,,50 ohms time 0.01 no collimator
,SiC,1.0,Electron 110V,1.0,3.2838317827216953e-196,0.0,200.0,/Users/rkfuentes/Documents/md_anderson_analysis/yepes_code/data/2025-11-20/scope-results-2025-11-20-1658.csv,2.3066666666668738e-10,,29,,0,,50 ohms time 0.01 no collimator
,SiC,1.0,Electron 110V,1.0,3.2838317827216953e-196,0.0,200.0,/Users/rkfuentes/Documents/md_anderson_analysis/yepes_code/data/2025-11-20/scope-results-2025-11-20-1659.csv,3.3599999999999527e-10,,15,,0,,50 ohms time 0.01 no collimator
,SiC,1.0,Electron 110V,1.0,3.2838317827216953e-196,0.0,200.0,/Users/rkfuentes/Documents/md_anderson_analysis/yepes_code/data/2025-11-20/scope-results-2025-11-20-1660.csv,3.6933333333333506e-10,,32,,0,,50 ohms time 0.01 no collimator
,SiC,1.0,Electron 110V,1.0,3.2838317827216953e-196,0.0,200.0,/Users/rkfuentes/Documents/md_anderson_analysis/yepes_code/data/2025-11-20/scope-results-2025-11-20-1661.csv,1.5433333333333707e-10,,24,,0,,50 ohms time 0.01 no collimator
,SiC,1.0,Electron 110V,1.0,3.2838317827216953e-196,0.0,200.0,/Users/rkfuentes/Documents/md_anderson_analysis/yepes_code/data/2025-11-20/scope-results-2025-11-20-1662.csv,3.5999999999999503e-10,,23,,0,,50 ohms time 0.01 no collimator
,SiC,1.0,Electron 110V,1.0,3.2838317827216953e-196,0.0,200.0,/Users/rkfuentes/Documents/md_anderson_analysis/yepes_code/data/2025-11-20/scope-results-2025-11-20-1663.csv,1.9366666666666933e-10,,30,,0,,50 ohms time 0.01 no collimator
,SiC,1.0,Electron 110V,1.0,3.2838317827216953e-196,0.0,200.0,/Users/rkfuentes/Documents/md_anderson_analysis/yepes_code/data/2025-11-20/scope-results-2025-11-20-1664.csv,5.893333333333307e-10,,29,,0,,50 ohms time 0.01 no collimator
,SiC,1.0,Electron 110V,1.0,3.2838317827216953e-196,0.0,200.0,/Users/rkfuentes/Documents/md_anderson_analysis/yepes_code/data/2025-11-20/scope-results-2025-11-20-1665.csv,1.146666666666696e-10,,27,,0,,50 ohms time 0.01 no collimator
,SiC,1.0,Electron 110V,1.0,3.2838317827216953e-196,0.0,200.0,/Users/rkfuentes/Documents/md_anderson_analysis/yepes_code/data/2025-11-20/scope-results-2025-11-20-1666.csv,2.3699999999999913e-10,,29,,0,,50 ohms time 0.01 no collimator
,SiC,1.0,Electron 110V,1.0,3.2838317827216953e-196,0.0,200.0,/Users/rkfuentes/Documents/md_anderson_analysis/yepes_code/data/2025-11-20/scope-results-2025-11-20-1667.csv,1.6399999999999817e-10,,29,,0,,50 ohms time 0.01 no collimator
,SiC,1.0,Electron 110V,1.0,3.2838317827216953e-196,0.0,200.0,/Users/rkfuentes/Documents/md_anderson_analysis/yepes_code/data/2025-11-20/scope-results-2025-11-20-1668.csv,4.156000000000037e-09,,48,,0,,50 ohms time 0.01 no collimator
,SiC,1.0,Electron 85V,1.0,1.4910854504614855e-99,0.0,100.0,/Users/rkfuentes/Documents/md_anderson_analysis/yepes_code/data/2025-11-20/scope-results-2025-11-20-1798.csv,1.0053333333333028e-10,,28,,0,,50 ohms time 0.01 no collimator
,SiC,1.0,Electron 85V,1.0,1.4910854504614855e-99,0.0,100.0,/Users/rkfuentes/Documents/md_anderson_analysis/yepes_code/data/2025-11-20/scope-results-2025-11-20-1799.csv,5.186666666666921e-11,,26,,0,,50 ohms time 0.01 no collimator
,SiC,1.0,Electron 85V,1.0,1.4910854504614855e-99,0.0,100.0,/Users/rkfuentes/Documents/md_anderson_analysis/yepes_code/data/2025-11-20/scope-results-2025-11-20-1800.csv,1.5520000000000185e-10,,28,,0,,50 ohms time 0.01 no collimator
,SiC,1.0,Electron 85V,1.0,1.4910854504614855e-99,0.0,100.0,/Users/rkfuentes/Documents/md_anderson_analysis/yepes_code/data/2025-11-20/scope-results-2025-11-20-1801.csv,3.893333333333344e-11,,23,,0,,50 ohms time 0.01 no collimator
,SiC,1.0,Electron 85V,1.0,1.4910854504614855e-99,0.0,100.0,/Users/rkfuentes/Documents/md_anderson_analysis/yepes_code/data/2025-11-20/scope-results-2025-11-20-1802.csv,5.2133333333336045e-11,,20,,0,,50 ohms time 0.01 no collimator
,SiC,1.0,Electron 85V,1.0,1.4910854504614855e-99,0.0,100.0,/Users/rkfuentes/Documents/md_anderson_analysis/yepes_code/data/2025-11-20/scope-results-2025-11-20-1803.csv,9.560000000000279e-11,,26,,0,,50 ohms time 0.01 no collimator
,SiC,1.0,Electron 85V,1.0,1.4910854504614855e-99,0.0,100.0,/Users/rkfuentes/Documents/md_anderson_analysis/yepes_code/data/2025-11-20/scope-results-2025-11-20-1804.csv,3.693333333333137e-11,,26,,0,,50 ohms time 0.01 no collimator
,SiC,1.0,Electron 85V,1.0,1.4910854504614855e-99,0.0,100.0,/Users/rkfuentes/Documents/md_anderson_analysis/yepes_code/data/2025-11-20/scope-results-2025-11-20-1805.csv,3.768000000000044e-10,,28,,0,,50 ohms time 0.01 no collimator
,SiC,1.0,Electron 85V,1.0,1.4910854504614855e-99,0.0,100.0,/Users/rkfuentes/Documents/md_anderson_analysis/yepes_code/data/2025-11-20/scope-results-2025-11-20-1806.csv,7.106666666666815e-11,,24,,0,,50 ohms time 0.01 no collimator
,SiC,1.0,Electron 85V,1.0,1.4910854504614855e-99,0.0,100.0,/Users/rkfuentes/Documents/md_anderson_analysis/yepes_code/data/2025-11-20/scope-results-2025-11-20-1807.csv,6.266666666665692e-12,,22,,0,,50 ohms time 0.01 no collimator
,SiC,1.0,Electron 85V,1.0,1.4910854504614855e-99,0.0,100.0,/Users/rkfuentes/Documents/md_anderson_analysis/yepes_code/data/2025-11-20/scope-results-2025-11-20-1808.csv,2.5573333333333206e-10,,28,,0,,50 ohms time 0.01 no collimator
,SiC,1.0,Electron 110V,1.0,1.4910854504614855e-99,0.0,100.0,/Users/rkfuentes/Documents/md_anderson_analysis/yepes_code/data/2025-11-20/scope-results-2025-11-20-1869.csv,1.0828266666666658e-08,,90,,0,,50 ohms time 0.01
,SiC,1.0,Electron 110V,1.0,1.4910854504614855e-99,0.0,100.0,/Users/rkfuentes/Documents/md_anderson_analysis/yepes_code/data/2025-11-20/scope-results-2025-11-20-1870.csv,9.474666666666676e-09,,89,,0,,50 ohms time 0.01
,SiC,1.0,Electron 110V,1.0,1.4910854504614855e-99,0.0,100.0,/Users/rkfuentes/Documents/md_anderson_analysis/yepes_code/data/2025-11-20/scope-results-2025-11-20-1871.csv,3.036800000000006e-09,,59,,0,,50 ohms time 0.01
,SiC,1.0,Electron 110V,1.0,1.4910854504614855e-99,0.0,100.0,/Users/rkfuentes/Documents/md_anderson_analysis/yepes_code/data/2025-11-20/scope-results-2025-11-20-1872.csv,9.861333333333347e-09,,94,,0,,50 ohms time 0.01
,SiC,1.0,Electron 110V,1.0,1.4910854504614855e-99,0.0,100.0,/Users/rkfuentes/Documents/md_anderson_analysis/yepes_code/data/2025-11-20/scope-results-2025-11-20-1873.csv,9.46199999999999e-09,,86,,0,,50 ohms time 0.01
,SiC,1.0,Electron 110V,1.0,1.4910854504614855e-99,0.0,100.0,/Users/rkfuentes/Documents/md_anderson_analysis/yepes_code/data/2025-11-20/scope-results-2025-11-20-1874.csv,8.858133333333336e-09,,80,,0,,50 ohms time 0.01
,SiC,1.0,Electron 110V,1.0,1.4910854504614855e-99,0.0,100.0,/Users/rkfuentes/Documents/md_anderson_analysis/yepes_code/data/2025-11-20/scope-results-2025-11-20-1875.csv,1.0027200000000012e-08,,90,,0,,50 ohms time 0.01
,SiC,1.0,Electron 110V,1.0,1.4910854504614855e-99,0.0,100.0,/Users/rkfuentes/Documents/md_anderson_analysis/yepes_code/data/2025-11-20/scope-results-2025-11-20-1876.csv,2.9172000000000085e-09,,52,,0,,50 ohms time 0.01
,SiC,1.0,Electron 110V,1.0,1.4910854504614855e-99,0.0,100.0,/Users/rkfuentes/Documents/md_anderson_analysis/yepes_code/data/2025-11-20/scope-results-2025-11-20-1877.csv,9.498133333333338e-09,,81,,0,,50 ohms time 0.01
,SiC,1.0,Electron 110V,1.0,1.4910854504614855e-99,0.0,100.0,/Users/rkfuentes/Documents/md_anderson_analysis/yepes_code/data/2025-11-20/scope-results-2025-11-20-1878.csv,9.539866666666671e-09,,90,,0,,50 ohms time 0.01
,SiC,1.0,Electron 110V,1.0,1.4910854504614855e-99,0.0,100.0,/Users/rkfuentes/Documents/md_anderson_analysis/yepes_code/data/2025-11-20/scope-results-2025-11-20-1879.csv,8.926799999999972e-09,,84,,0,,50 ohms time 0.01
,SiC,1.0,Electron 110V,1.0,1.4910854504614855e-99,0.0,100.0,/Users/rkfuentes/Documents/md_anderson_analysis/yepes_code/data/2025-11-20/scope-results-2025-11-20-1880.csv,9.193599999999968e-09,,89,,0,,50 ohms time 0.01
,SiC,1.0,Electron 110V,1.0,1.4910854504614855e-99,0.0,100.0,/Users/rkfuentes/Documents/md_anderson_analysis/yepes_code/data/2025-11-20/scope-results-2025-11-20-1881.csv,1.0196000000000016e-08,,91,,0,,50 ohms time 0.01
,SiC,1.0,Electron 110V,1.0,1.461880927494686e-12,0.0,10.0,/Users/rkfuentes/Documents/md_anderson_analysis/yepes_code/data/2025-11-20/scope-results-2025-11-20-1930.csv,7.06159999999999e-09,,130,,0,,50 ohms time 0.01
,SiC,1.0,Electron 110V,1.0,1.461880927494686e-12,0.0,10.0,/Users/rkfuentes/Documents/md_anderson_analysis/yepes_code/data/2025-11-20/scope-results-2025-11-20-1931.csv,6.828133333333314e-09,,140,,0,,50 ohms time 0.01
,SiC,1.0,Electron 110V,1.0,1.461880927494686e-12,0.0,10.0,/Users/rkfuentes/Documents/md_anderson_analysis/yepes_code/data/2025-11-20/scope-results-2025-11-20-1932.csv,5.7946666666666806e-09,,156,,0,,50 ohms time 0.01
,SiC,1.0,Electron 110V,1.0,1.461880927494686e-12,0.0,10.0,/Users/rkfuentes/Documents/md_anderson_analysis/yepes_code/data/2025-11-20/scope-results-2025-11-20-1933.csv,6.881466666666638e-09,,139,,0,,50 ohms time 0.01
,SiC,1.0,Electron 110V,1.0,1.461880927494686e-12,0.0,10.0,/Users/rkfuentes/Documents/md_anderson_analysis/yepes_code/data/2025-11-20/scope-results-2025-11-20-1934.csv,6.229599999999992e-09,,133,,0,,50 ohms time 0.01
,SiC,1.0,Electron 110V,1.0,1.461880927494686e-12,0.0,10.0,/Users/rkfuentes/Documents/md_anderson_analysis/yepes_code/data/2025-11-20/scope-results-2025-11-20-1935.csv,6.979466666666696e-09,,138,,0,,50 ohms time 0.01
,SiC,1.0,Electron 110V,1.0,1.461880927494686e-12,0.0,10.0,/Users/rkfuentes/Documents/md_anderson_analysis/yepes_code/data/2025-11-20/scope-results-2025-11-20-1936.csv,6.9802666666666604e-09,,147,,0,,50 ohms time 0.01
,SiC,1.0,Electron 110V,1.0,1.461880927494686e-12,0.0,10.0,/Users/rkfuentes/Documents/md_anderson_analysis/yepes_code/data/2025-11-20/scope-results-2025-11-20-1937.csv,6.734400000000008e-09,,148,,0,,50 ohms time 0.01
,SiC,1.0,Electron 110V,1.0,1.461880927494686e-12,0.0,10.0,/Users/rkfuentes/Documents/md_anderson_analysis/yepes_code/data/2025-11-20/scope-results-2025-11-20-1938.csv,6.857600000000004e-09,,150,,0,,50 ohms time 0.01
,SiC,1.0,Electron 110V,1.0,1.461880927494686e-12,0.0,10.0,/Users/rkfuentes/Documents/md_anderson_analysis/yepes_code/data/2025-11-20/scope-results-2025-11-20-1939.csv,5.917733333333332e-09,,142,,0,,50 ohms time 0.01
,SiC,1.0,Electron 110V,1.0,1.461880927494686e-12,0.0,10.0,/Users/rkfuentes/Documents/md_anderson_analysis/yepes_code/data/2025-11-20/scope-results-2025-11-20-1940.csv,7.1392000000000235e-09,,139,,0,,50 ohms time 0.01
,SiC,1.0,Electron 191V,1.0,1.461880927494686e-12,0.0,10.0,/Users/rkfuentes/Documents/md_anderson_analysis/yepes_code/data/2025-11-20/scope-results-2025-11-20-1968.csv,4.756853333333333e-08,,148,,0,,50 ohms time 0.01
,SiC,1.0,Electron 191V,1.0,1.461880927494686e-12,0.0,10.0,/Users/rkfuentes/Documents/md_anderson_analysis/yepes_code/data/2025-11-20/scope-results-2025-11-20-1969.csv,4.110026666666667e-08,,133,,0,,50 ohms time 0.01
,SiC,1.0,Electron 191V,1.0,1.461880927494686e-12,0.0,10.0,/Users/rkfuentes/Documents/md_anderson_analysis/yepes_code/data/2025-11-20/scope-results-2025-11-20-1970.csv,3.996853333333333e-08,,141,,0,,50 ohms time 0.01
,SiC,1.0,Electron 191V,1.0,1.461880927494686e-12,0.0,10.0,/Users/rkfuentes/Documents/md_anderson_analysis/yepes_code/data/2025-11-20/scope-results-2025-11-20-1971.csv,4.697653333333334e-08,,146,,0,,50 ohms time 0.01
,SiC,1.0,Electron 191V,1.0,1.461880927494686e-12,0.0,10.0,/Users/rkfuentes/Documents/md_anderson_analysis/yepes_code/data/2025-11-20/scope-results-2025-11-20-1972.csv,4.240480000000003e-08,,131,,0,,50 ohms time 0.01
,SiC,1.0,Electron 191V,1.0,1.461880927494686e-12,0.0,10.0,/Users/rkfuentes/Documents/md_anderson_analysis/yepes_code/data/2025-11-20/scope-results-2025-11-20-1973.csv,4.197186666666667e-08,,149,,0,,50 ohms time 0.01
,SiC,1.0,Electron 191V,1.0,1.461880927494686e-12,0.0,10.0,/Users/rkfuentes/Documents/md_anderson_analysis/yepes_code/data/2025-11-20/scope-results-2025-11-20-1974.csv,3.943253333333334e-08,,140,,0,,50 ohms time 0.01
,SiC,1.0,Electron 110V,1.0,1.461880927494686e-12,0.0,10.0,/Users/rkfuentes/Documents/md_anderson_analysis/yepes_code/data/2025-11-20/scope-results-2025-11-20-1996.csv,4.0933333333333275e-09,,142,,0,,50 ohms time 0.01
,SiC,1.0,Electron 110V,1.0,1.461880927494686e-12,0.0,10.0,/Users/rkfuentes/Documents/md_anderson_analysis/yepes_code/data/2025-11-20/scope-results-2025-11-20-1997.csv,2.3082666666666807e-09,,149,,0,,50 ohms time 0.01
,SiC,1.0,Electron 110V,1.0,1.461880927494686e-12,0.0,10.0,/Users/rkfuentes/Documents/md_anderson_analysis/yepes_code/data/2025-11-20/scope-results-2025-11-20-1998.csv,4.027733333333328e-09,,158,,0,,50 ohms time 0.01
,SiC,1.0,Electron 110V,1.0,1.461880927494686e-12,0.0,10.0,/Users/rkfuentes/Documents/md_anderson_analysis/yepes_code/data/2025-11-20/scope-results-2025-11-20-1999.csv,4.201600000000005e-09,,143,,0,,50 ohms time 0.01
,SiC,1.0,Electron 110V,1.0,1.461880927494686e-12,0.0,10.0,/Users/rkfuentes/Documents/md_anderson_analysis/yepes_code/data/2025-11-20/scope-results-2025-11-20-2000.csv,3.124000000000004e-09,,139,,0,,50 ohms time 0.01
,SiC,1.0,Electron 110V,1.0,1.461880927494686e-12,0.0,10.0,/Users/rkfuentes/Documents/md_anderson_analysis/yepes_code/data/2025-11-20/scope-results-2025-11-20-2001.csv,2.310400000000001e-09,,145,,0,,50 ohms time 0.01
,SiC,1.0,Electron 191V,1.0,1.461880927494686e-12,0.0,10.0,/Users/rkfuentes/Documents/md_anderson_analysis/yepes_code/data/2025-11-20/scope-results-2025-11-20-2012.csv,2.6126933333333354e-08,,143,,0,,50 ohms time 0.01
,SiC,1.0,Electron 191V,1.0,1.461880927494686e-12,0.0,10.0,/Users/rkfuentes/Documents/md_anderson_analysis/yepes_code/data/2025-11-20/scope-results-2025-11-20-2013.csv,2.0180533333333326e-08,,144,,0,,50 ohms time 0.01
,SiC,1.0,Electron 191V,1.0,1.461880927494686e-12,0.0,10.0,/Users/rkfuentes/Documents/md_anderson_analysis/yepes_code/data/2025-11-20/scope-results-2025-11-20-2014.csv,2.07892e-08,,147,,0,,50 ohms time 0.01
,SiC,1.0,Electron 191V,1.0,1.461880927494686e-12,0.0,10.0,/Users/rkfuentes/Documents/md_anderson_analysis/yepes_code/data/2025-11-20/scope-results-2025-11-20-2015.csv,2.0263066666666663e-08,,147,,0,,50 ohms time 0.01
,SiC,1.0,Electron 191V,1.0,1.461880927494686e-12,0.0,10.0,/Users/rkfuentes/Documents/md_anderson_analysis/yepes_code/data/2025-11-20/scope-results-2025-11-20-2016.csv,2.0036933333333327e-08,,145,,0,,50 ohms time 0.01
,SiC,1.0,Electron 191V,1.0,1.461880927494686e-12,0.0,10.0,/Users/rkfuentes/Documents/md_anderson_analysis/yepes_code/data/2025-11-20/scope-results-2025-11-20-2017.csv,1.909773333333333e-08,,150,,0,,50 ohms time 0.01
,SiC,1.0,Electron 85V,2.0,1.471551653030126e-41,0.0,40.0,/Users/rkfuentes/Documents/md_anderson_analysis/yepes_code/data/2025-11-20/scope-results-2025-11-20-0048.csv,4.4533333333333204e-09,,263,,0,,50 ohms
,SiC,1.0,Electron 85V,2.0,1.471551653030126e-41,0.0,40.0,/Users/rkfuentes/Documents/md_anderson_analysis/yepes_code/data/2025-11-20/scope-results-2025-11-20-0049.csv,4.6026666666666855e-09,,238,,0,,50 ohms
,SiC,1.0,Electron 85V,2.0,1.471551653030126e-41,0.0,40.0,/Users/rkfuentes/Documents/md_anderson_analysis/yepes_code/data/2025-11-20/scope-results-2025-11-20-0050.csv,6.213333333333088e-10,,82,,0,,50 ohms
,SiC,1.0,Electron 85V,2.0,1.471551653030126e-41,0.0,40.0,/Users/rkfuentes/Documents/md_anderson_analysis/yepes_code/data/2025-11-20/scope-results-2025-11-20-0051.csv,4.536000000000021e-09,,253,,0,,50 ohms
,SiC,1.0,Electron 85V,2.0,1.471551653030126e-41,0.0,40.0,/Users/rkfuentes/Documents/md_anderson_analysis/yepes_code/data/2025-11-20/scope-results-2025-11-20-0052.csv,4.206666666666665e-09,,248,,0,,50 ohms
,SiC,1.0,Electron 85V,2.0,1.471551653030126e-41,0.0,40.0,/Users/rkfuentes/Documents/md_anderson_analysis/yepes_code/data/2025-11-20/scope-results-2025-11-20-0053.csv,2.696666666666672e-10,,247,,0,,50 ohms
,SiC,1.0,Electron 85V,2.0,1.471551653030126e-41,0.0,40.0,/Users/rkfuentes/Documents/md_anderson_analysis/yepes_code/data/2025-11-20/scope-results-2025-11-20-0054.csv,4.229333333333335e-09,,267,,0,,50 ohms
,SiC,1.0,Electron 85V,2.0,1.471551653030126e-41,0.0,40.0,/Users/rkfuentes/Documents/md_anderson_analysis/yepes_code/data/2025-11-20/scope-results-2025-11-20-0055.csv,4.230666666666675e-09,,242,,0,,50 ohms
,SiC,1.0,Electron 85V,2.0,1.471551653030126e-41,0.0,40.0,/Users/rkfuentes/Documents/md_anderson_analysis/yepes_code/data/2025-11-20/scope-results-2025-11-20-0056.csv,4.181333333333308e-09,,239,,0,,50 ohms
,SiC,1.0,Electron 85V,2.0,1.471551653030126e-41,0.0,40.0,/Users/rkfuentes/Documents/md_anderson_analysis/yepes_code/data/2025-11-20/scope-results-2025-11-20-0057.csv,8.575666666666677e-09,,244,,0,,50 ohms
,SiC,1.0,Electron 85V,2.0,1.471551653030126e-41,0.0,40.0,/Users/rkfuentes/Documents/md_anderson_analysis/yepes_code/data/2025-11-20/scope-results-2025-11-20-0058.csv,8.606666666666676e-09,,248,,0,,50 ohms
,SiC,1.0,Electron 85V,2.0,1.471551653030126e-41,0.0,40.0,/Users/rkfuentes/Documents/md_anderson_analysis/yepes_code/data/2025-11-20/scope-results-2025-11-20-0059.csv,9.333333333347633e-12,,263,,0,,50 ohms
,SiC,1.0,Electron 85V,2.0,1.471551653030126e-41,0.0,40.0,/Users/rkfuentes/Documents/md_anderson_analysis/yepes_code/data/2025-11-20/scope-results-2025-11-20-0060.csv,2.2933333333333303e-10,,20,,0,,50 ohms
,SiC,1.0,Electron 85V,2.0,1.471551653030126e-41,0.0,40.0,/Users/rkfuentes/Documents/md_anderson_analysis/yepes_code/data/2025-11-20/scope-results-2025-11-20-0061.csv,7.890666666666663e-09,,259,,0,,50 ohms
,SiC,1.0,Electron 85V,2.0,1.471551653030126e-41,0.0,40.0,/Users/rkfuentes/Documents/md_anderson_analysis/yepes_code/data/2025-11-20/scope-results-2025-11-20-0062.csv,1.70666666666658e-10,,29,,0,,50 ohms
,SiC,1.0,Electron 85V,2.0,1.471551653030126e-41,0.0,40.0,/Users/rkfuentes/Documents/md_anderson_analysis/yepes_code/data/2025-11-20/scope-results-2025-11-20-0063.csv,3.933333333333365e-09,,246,,0,,50 ohms
,SiC,1.0,Electron 85V,2.0,1.471551653030126e-41,0.0,40.0,/Users/rkfuentes/Documents/md_anderson_analysis/yepes_code/data/2025-11-20/scope-results-2025-11-20-0064.csv,4.73333333333335e-10,,293,,0,,50 ohms
,SiC,1.0,Electron 110V,2.0,1.471551653030126e-41,0.0,40.0,/Users/rkfuentes/Documents/md_anderson_analysis/yepes_code/data/2025-11-20/scope-results-2025-11-20-0113.csv,1.2771999999999984e-08,,82,,0,,50 ohms time 0.01
,SiC,1.0,Electron 110V,2.0,1.471551653030126e-41,0.0,40.0,/Users/rkfuentes/Documents/md_anderson_analysis/yepes_code/data/2025-11-20/scope-results-2025-11-20-0114.csv,2.501200000000001e-08,,255,,0,,50 ohms time 0.01
,SiC,1.0,Electron 110V,2.0,1.471551653030126e-41,0.0,40.0,/Users/rkfuentes/Documents/md_anderson_analysis/yepes_code/data/2025-11-20/scope-results-2025-11-20-0115.csv,2.914300000000002e-08,,255,,0,,50 ohms time 0.01
,SiC,1.0,Electron 110V,2.0,1.471551653030126e-41,0.0,40.0,/Users/rkfuentes/Documents/md_anderson_analysis/yepes_code/data/2025-11-20/scope-results-2025-11-20-0116.csv,2.5092666666666672e-08,,255,,0,,50 ohms time 0.01
,SiC,1.0,Electron 110V,2.0,1.471551653030126e-41,0.0,40.0,/Users/rkfuentes/Documents/md_anderson_analysis/yepes_code/data/2025-11-20/scope-results-2025-11-20-0117.csv,2.9273333333333326e-08,,263,,0,,50 ohms time 0.01
,SiC,1.0,Electron 110V,2.0,1.471551653030126e-41,0.0,40.0,/Users/rkfuentes/Documents/md_anderson_analysis/yepes_code/data/2025-11-20/scope-results-2025-11-20-0118.csv,2.983833333333337e-08,,261,,0,,50 ohms time 0.01
,SiC,1.0,Electron 110V,2.0,1.471551653030126e-41,0.0,40.0,/Users/rkfuentes/Documents/md_anderson_analysis/yepes_code/data/2025-11-20/scope-results-2025-11-20-0119.csv,2.8742666666666682e-08,,277,,0,,50 ohms time 0.01
,SiC,1.0,Electron 110V,2.0,1.471551653030126e-41,0.0,40.0,/Users/rkfuentes/Documents/md_anderson_analysis/yepes_code/data/2025-11-20/scope-results-2025-11-20-0120.csv,2.891066666666673e-08,,280,,0,,50 ohms time 0.01
,SiC,1.0,Electron 110V,2.0,1.471551653030126e-41,0.0,40.0,/Users/rkfuentes/Documents/md_anderson_analysis/yepes_code/data/2025-11-20/scope-results-2025-11-20-0121.csv,2.8752000000000008e-08,,270,,0,,50 ohms time 0.01
,SiC,1.0,Electron 110V,2.0,1.471551653030126e-41,0.0,40.0,/Users/rkfuentes/Documents/md_anderson_analysis/yepes_code/data/2025-11-20/scope-results-2025-11-20-0122.csv,2.9262666666666712e-08,,279,,0,,50 ohms time 0.01
,SiC,1.0,Electron 110V,2.0,1.471551653030126e-41,0.0,40.0,/Users/rkfuentes/Documents/md_anderson_analysis/yepes_code/data/2025-11-20/scope-results-2025-11-20-0123.csv,2.9255999999999997e-08,,260,,0,,50 ohms time 0.01
,SiC,1.0,Electron 110V,2.0,1.471551653030126e-41,0.0,40.0,/Users/rkfuentes/Documents/md_anderson_analysis/yepes_code/data/2025-11-20/scope-results-2025-11-20-0124.csv,2.8630666666666704e-08,,249,,0,,50 ohms time 0.01
,SiC,1.0,Electron 191V,2.0,1.471551653030126e-41,0.0,40.0,/Users/rkfuentes/Documents/md_anderson_analysis/yepes_code/data/2025-11-20/scope-results-2025-11-20-0161.csv,1.1437066666666667e-07,,178,,0,,50 ohms time 0.01
,SiC,1.0,Electron 191V,2.0,1.471551653030126e-41,0.0,40.0,/Users/rkfuentes/Documents/md_anderson_analysis/yepes_code/data/2025-11-20/scope-results-2025-11-20-0162.csv,1.109193333333334e-07,,163,,0,,50 ohms time 0.01
,SiC,1.0,Electron 191V,2.0,1.471551653030126e-41,0.0,40.0,/Users/rkfuentes/Documents/md_anderson_analysis/yepes_code/data/2025-11-20/scope-results-2025-11-20-0163.csv,1.0781433333333334e-07,,191,,0,,50 ohms time 0.01
,SiC,1.0,Electron 191V,2.0,1.471551653030126e-41,0.0,40.0,/Users/rkfuentes/Documents/md_anderson_analysis/yepes_code/data/2025-11-20/scope-results-2025-11-20-0164.csv,1.1279866666666667e-07,,182,,0,,50 ohms time 0.01
,SiC,1.0,Electron 191V,2.0,1.471551653030126e-41,0.0,40.0,/Users/rkfuentes/Documents/md_anderson_analysis/yepes_code/data/2025-11-20/scope-results-2025-11-20-0165.csv,1.0672266666666665e-07,,188,,0,,50 ohms time 0.01
,SiC,1.0,Electron 191V,2.0,1.471551653030126e-41,0.0,40.0,/Users/rkfuentes/Documents/md_anderson_analysis/yepes_code/data/2025-11-20/scope-results-2025-11-20-0166.csv,9.992966666666661e-08,,180,,0,,50 ohms time 0.01
,SiC,1.0,Electron 191V,2.0,1.471551653030126e-41,0.0,40.0,/Users/rkfuentes/Documents/md_anderson_analysis/yepes_code/data/2025-11-20/scope-results-2025-11-20-0167.csv,1.0266533333333332e-07,,181,,0,,50 ohms time 0.01
,SiC,1.0,Electron 191V,2.0,1.471551653030126e-41,0.0,40.0,/Users/rkfuentes/Documents/md_anderson_analysis/yepes_code/data/2025-11-20/scope-results-2025-11-20-0168.csv,1.0088933333333334e-07,,192,,0,,50 ohms time 0.01
,SiC,1.0,Electron 191V,2.0,1.471551653030126e-41,0.0,40.0,/Users/rkfuentes/Documents/md_anderson_analysis/yepes_code/data/2025-11-20/scope-results-2025-11-20-0169.csv,1.0474533333333335e-07,,187,,0,,50 ohms time 0.01
,SiC,1.0,Electron 191V,2.0,1.471551653030126e-41,0.0,40.0,/Users/rkfuentes/Documents/md_anderson_analysis/yepes_code/data/2025-11-20/scope-results-2025-11-20-0170.csv,1.0109433333333333e-07,,175,,0,,50 ohms time 0.01
,SiC,1.0,Electron 191V,2.0,1.471551653030126e-41,0.0,40.0,/Users/rkfuentes/Documents/md_anderson_analysis/yepes_code/data/2025-11-20/scope-results-2025-11-20-0171.csv,1.0433066666666668e-07,,186,,0,,50 ohms time 0.01
,SiC,1.0,Electron 191V,2.0,1.471551653030126e-41,0.0,40.0,/Users/rkfuentes/Documents/md_anderson_analysis/yepes_code/data/2025-11-20/scope-results-2025-11-20-0172.csv,1.0330666666666668e-07,,188,,0,,50 ohms time 0.01
,SiC,1.0,Electron 110V,2.0,1.471551653030126e-41,0.0,40.0,/Users/rkfuentes/Documents/md_anderson_analysis/yepes_code/data/2025-11-20/scope-results-2025-11-20-0321.csv,8.658666666666687e-09,,265,,0,,50 ohms time 0.01
,SiC,1.0,Electron 110V,2.0,1.471551653030126e-41,0.0,40.0,/Users/rkfuentes/Documents/md_anderson_analysis/yepes_code/data/2025-11-20/scope-results-2025-11-20-0322.csv,1.2574000000000019e-08,,270,,0,,50 ohms time 0.01
,SiC,1.0,Electron 110V,2.0,1.471551653030126e-41,0.0,40.0,/Users/rkfuentes/Documents/md_anderson_analysis/yepes_code/data/2025-11-20/scope-results-2025-11-20-0323.csv,1.2057333333333298e-08,,263,,0,,50 ohms time 0.01
,SiC,1.0,Electron 110V,2.0,1.471551653030126e-41,0.0,40.0,/Users/rkfuentes/Documents/md_anderson_analysis/yepes_code/data/2025-11-20/scope-results-2025-11-20-0324.csv,1.2604333333333328e-08,,248,,0,,50 ohms time 0.01
,SiC,1.0,Electron 110V,2.0,1.471551653030126e-41,0.0,40.0,/Users/rkfuentes/Documents/md_anderson_analysis/yepes_code/data/2025-11-20/scope-results-2025-11-20-0325.csv,8.359333333333325e-09,,253,,0,,50 ohms time 0.01
,SiC,1.0,Electron 110V,2.0,1.471551653030126e-41,0.0,40.0,/Users/rkfuentes/Documents/md_anderson_analysis/yepes_code/data/2025-11-20/scope-results-2025-11-20-0326.csv,1.2566666666666687e-08,,255,,0,,50 ohms time 0.01
,SiC,1.0,Electron 110V,2.0,1.471551653030126e-41,0.0,40.0,/Users/rkfuentes/Documents/md_anderson_analysis/yepes_code/data/2025-11-20/scope-results-2025-11-20-0327.csv,8.372000000000025e-09,,264,,0,,50 ohms time 0.01
,SiC,1.0,Electron 110V,2.0,1.471551653030126e-41,0.0,40.0,/Users/rkfuentes/Documents/md_anderson_analysis/yepes_code/data/2025-11-20/scope-results-2025-11-20-0328.csv,1.2026666666666662e-08,,291,,0,,50 ohms time 0.01
,SiC,1.0,Electron 110V,2.0,1.471551653030126e-41,0.0,40.0,/Users/rkfuentes/Documents/md_anderson_analysis/yepes_code/data/2025-11-20/scope-results-2025-11-20-0329.csv,8.47599999999999e-09,,260,,0,,50 ohms time 0.01
,SiC,1.0,Electron 110V,2.0,1.471551653030126e-41,0.0,40.0,/Users/rkfuentes/Documents/md_anderson_analysis/yepes_code/data/2025-11-20/scope-results-2025-11-20-0330.csv,1.2641333333333353e-08,,257,,0,,50 ohms time 0.01
,SiC,1.0,Electron 191V,2.0,1.471551653030126e-41,0.0,40.0,/Users/rkfuentes/Documents/md_anderson_analysis/yepes_code/data/2025-11-20/scope-results-2025-11-20-0380.csv,5.837600000000003e-08,,282,,0,,50 ohms time 0.01
,SiC,1.0,Electron 191V,2.0,1.471551653030126e-41,0.0,40.0,/Users/rkfuentes/Documents/md_anderson_analysis/yepes_code/data/2025-11-20/scope-results-2025-11-20-0381.csv,6.685166666666667e-08,,268,,0,,50 ohms time 0.01
,SiC,1.0,Electron 191V,2.0,1.471551653030126e-41,0.0,40.0,/Users/rkfuentes/Documents/md_anderson_analysis/yepes_code/data/2025-11-20/scope-results-2025-11-20-0382.csv,5.832266666666669e-08,,274,,0,,50 ohms time 0.01
,SiC,1.0,Electron 191V,2.0,1.471551653030126e-41,0.0,40.0,/Users/rkfuentes/Documents/md_anderson_analysis/yepes_code/data/2025-11-20/scope-results-2025-11-20-0383.csv,5.832300000000002e-08,,278,,0,,50 ohms time 0.01
,SiC,1.0,Electron 191V,2.0,1.471551653030126e-41,0.0,40.0,/Users/rkfuentes/Documents/md_anderson_analysis/yepes_code/data/2025-11-20/scope-results-2025-11-20-0384.csv,5.773600000000001e-08,,257,,0,,50 ohms time 0.01
,SiC,1.0,Electron 191V,2.0,1.471551653030126e-41,0.0,40.0,/Users/rkfuentes/Documents/md_anderson_analysis/yepes_code/data/2025-11-20/scope-results-2025-11-20-0385.csv,6.122733333333339e-08,,266,,0,,50 ohms time 0.01
,SiC,1.0,Electron 191V,2.0,1.471551653030126e-41,0.0,40.0,/Users/rkfuentes/Documents/md_anderson_analysis/yepes_code/data/2025-11-20/scope-results-2025-11-20-0386.csv,6.193333333333336e-08,,264,,0,,50 ohms time 0.01
,SiC,1.0,Electron 191V,2.0,1.471551653030126e-41,0.0,40.0,/Users/rkfuentes/Documents/md_anderson_analysis/yepes_code/data/2025-11-20/scope-results-2025-11-20-0387.csv,6.551733333333333e-08,,276,,0,,50 ohms time 0.01
,SiC,1.0,Electron 191V,2.0,1.471551653030126e-41,0.0,40.0,/Users/rkfuentes/Documents/md_anderson_analysis/yepes_code/data/2025-11-20/scope-results-2025-11-20-0388.csv,5.715166666666669e-08,,270,,0,,50 ohms time 0.01
,SiC,1.0,Electron 191V,2.0,1.471551653030126e-41,0.0,40.0,/Users/rkfuentes/Documents/md_anderson_analysis/yepes_code/data/2025-11-20/scope-results-2025-11-20-0389.csv,5.696266666666668e-08,,259,,0,,50 ohms time 0.01
,SiC,1.0,Electron 191V,2.0,1.471551653030126e-41,0.0,40.0,/Users/rkfuentes/Documents/md_anderson_analysis/yepes_code/data/2025-11-20/scope-results-2025-11-20-0390.csv,5.582000000000003e-08,,279,,0,,50 ohms time 0.01
,SiC,1.0,Electron 191V,2.0,1.471551653030126e-41,0.0,40.0,/Users/rkfuentes/Documents/md_anderson_analysis/yepes_code/data/2025-11-20/scope-results-2025-11-20-0391.csv,5.510266666666666e-08,,264,,0,,50 ohms time 0.01
,SiC,1.0,Electron 191V,2.0,1.471551653030126e-41,0.0,40.0,/Users/rkfuentes/Documents/md_anderson_analysis/yepes_code/data/2025-11-20/scope-results-2025-11-20-0673.csv,7.333333333333307e-10,,34,,0,,50 ohms time 0.01
,SiC,1.0,Electron 191V,2.0,1.471551653030126e-41,0.0,40.0,/Users/rkfuentes/Documents/md_anderson_analysis/yepes_code/data/2025-11-20/scope-results-2025-11-20-0674.csv,2.137999999999988e-09,,146,,0,,50 ohms time 0.01
,SiC,1.0,Electron 191V,2.0,1.471551653030126e-41,0.0,40.0,/Users/rkfuentes/Documents/md_anderson_analysis/yepes_code/data/2025-11-20/scope-results-2025-11-20-0675.csv,6.264000000000007e-09,,27,,0,,50 ohms time 0.01
,SiC,1.0,Electron 191V,2.0,1.471551653030126e-41,0.0,40.0,/Users/rkfuentes/Documents/md_anderson_analysis/yepes_code/data/2025-11-20/scope-results-2025-11-20-0676.csv,3.086666666667333e-11,,14,,0,,50 ohms time 0.01
,SiC,1.0,Electron 191V,2.0,1.471551653030126e-41,0.0,40.0,/Users/rkfuentes/Documents/md_anderson_analysis/yepes_code/data/2025-11-20/scope-results-2025-11-20-0677.csv,2.186933333333337e-09,,200,,0,,50 ohms time 0.01
,SiC,1.0,Electron 191V,2.0,1.471551653030126e-41,0.0,40.0,/Users/rkfuentes/Documents/md_anderson_analysis/yepes_code/data/2025-11-20/scope-results-2025-11-20-0678.csv,4.679999999999997e-10,,31,,0,,50 ohms time 0.01
,SiC,1.0,Electron 85V,2.0,1.471551653030126e-41,0.0,40.0,/Users/rkfuentes/Documents/md_anderson_analysis/yepes_code/data/2025-11-20/scope-results-2025-11-20-0679.csv,2.6000000000017168e-12,,42,,0,,50 ohms time 0.01
,SiC,1.0,Electron 85V,2.0,1.471551653030126e-41,0.0,40.0,/Users/rkfuentes/Documents/md_anderson_analysis/yepes_code/data/2025-11-20/scope-results-2025-11-20-0680.csv,1.971333333333328e-09,,601,,0,,50 ohms time 0.01
,SiC,1.0,Electron 85V,2.0,1.471551653030126e-41,0.0,40.0,/Users/rkfuentes/Documents/md_anderson_analysis/yepes_code/data/2025-11-20/scope-results-2025-11-20-0681.csv,1.5953333333330728e-10,,34,,0,,50 ohms time 0.01
,SiC,1.0,Electron 85V,2.0,1.471551653030126e-41,0.0,40.0,/Users/rkfuentes/Documents/md_anderson_analysis/yepes_code/data/2025-11-20/scope-results-2025-11-20-0682.csv,2.4333333333305674e-11,,27,,0,,50 ohms time 0.01
,SiC,1.0,Electron 85V,2.0,1.471551653030126e-41,0.0,40.0,/Users/rkfuentes/Documents/md_anderson_analysis/yepes_code/data/2025-11-20/scope-results-2025-11-20-0683.csv,9.08133333333332e-09,,41,,0,,50 ohms time 0.01
,SiC,1.0,Electron 85V,2.0,1.471551653030126e-41,0.0,40.0,/Users/rkfuentes/Documents/md_anderson_analysis/yepes_code/data/2025-11-20/scope-results-2025-11-20-0684.csv,9.780000000002134e-11,,32,,0,,50 ohms time 0.01
,SiC,1.0,Electron 85V,2.0,1.471551653030126e-41,0.0,40.0,/Users/rkfuentes/Documents/md_anderson_analysis/yepes_code/data/2025-11-20/scope-results-2025-11-20-0685.csv,2.91133590080449e-11,,24,,0,,50 ohms time 0.01
,SiC,1.0,Electron 85V,2.0,1.471551653030126e-41,0.0,40.0,/Users/rkfuentes/Documents/md_anderson_analysis/yepes_code/data/2025-11-20/scope-results-2025-11-20-0686.csv,1.0133333333311965e-11,,32,,0,,50 ohms time 0.01
,SiC,1.0,Electron 110V,2.0,1.471551653030126e-41,0.0,40.0,/Users/rkfuentes/Documents/md_anderson_analysis/yepes_code/data/2025-11-20/scope-results-2025-11-20-0687.csv,3.2946666666667684e-10,,43,,0,,50 ohms time 0.01
,SiC,1.0,Electron 110V,2.0,1.471551653030126e-41,0.0,40.0,/Users/rkfuentes/Documents/md_anderson_analysis/yepes_code/data/2025-11-20/scope-results-2025-11-20-0688.csv,1.3489333333333767e-09,,49,,0,,50 ohms time 0.01
,SiC,1.0,Electron 191V,2.0,1.471551653030126e-41,0.0,40.0,/Users/rkfuentes/Documents/md_anderson_analysis/yepes_code/data/2025-11-20/scope-results-2025-11-20-0689.csv,1.047646666666667e-08,,201,,0,,50 ohms time 0.01
,SiC,1.0,Electron 191V,2.0,1.471551653030126e-41,0.0,40.0,/Users/rkfuentes/Documents/md_anderson_analysis/yepes_code/data/2025-11-20/scope-results-2025-11-20-0690.csv,1.2058400000000024e-08,,202,,0,,50 ohms time 0.01
,SiC,1.0,Electron 191V,2.0,1.471551653030126e-41,0.0,40.0,/Users/rkfuentes/Documents/md_anderson_analysis/yepes_code/data/2025-11-20/scope-results-2025-11-20-0691.csv,8.70426666666668e-09,,172,,0,,50 ohms time 0.01
,SiC,1.0,Electron 191V,2.0,1.471551653030126e-41,0.0,40.0,/Users/rkfuentes/Documents/md_anderson_analysis/yepes_code/data/2025-11-20/scope-results-2025-11-20-0692.csv,5.873333333333262e-10,,244,,0,,50 ohms time 0.01
,SiC,1.0,Electron 191V,2.0,1.471551653030126e-41,0.0,40.0,/Users/rkfuentes/Documents/md_anderson_analysis/yepes_code/data/2025-11-20/scope-results-2025-11-20-0693.csv,4.4533333333334314e-11,,39,,0,,50 ohms time 0.01
,SiC,1.0,Electron 191V,2.0,1.471551653030126e-41,0.0,40.0,/Users/rkfuentes/Documents/md_anderson_analysis/yepes_code/data/2025-11-20/scope-results-2025-11-20-0694.csv,6.597066666666639e-09,,120,,0,,50 ohms time 0.01
,SiC,1.0,Electron 191V,2.0,1.471551653030126e-41,0.0,40.0,/Users/rkfuentes/Documents/md_anderson_analysis/yepes_code/data/2025-11-20/scope-results-2025-11-20-0695.csv,1.0800000000000437e-10,,23,,0,,50 ohms time 0.01
,SiC,1.0,Electron 85V,2.0,1.471551653030126e-41,0.0,40.0,/Users/rkfuentes/Documents/md_anderson_analysis/yepes_code/data/2025-11-20/scope-results-2025-11-20-0772.csv,7.079999999999116e-11,,31,,0,,50 ohms time 0.01
,SiC,1.0,Electron 85V,2.0,1.471551653030126e-41,0.0,40.0,/Users/rkfuentes/Documents/md_anderson_analysis/yepes_code/data/2025-11-20/scope-results-2025-11-20-0773.csv,1.9706666666660922e-10,,31,,0,,50 ohms time 0.01
,SiC,1.0,Electron 85V,2.0,1.471551653030126e-41,0.0,40.0,/Users/rkfuentes/Documents/md_anderson_analysis/yepes_code/data/2025-11-20/scope-results-2025-11-20-0774.csv,3.011466666666682e-09,,39,,0,,50 ohms time 0.01
,SiC,1.0,Electron 85V,2.0,1.471551653030126e-41,0.0,40.0,/Users/rkfuentes/Documents/md_anderson_analysis/yepes_code/data/2025-11-20/scope-results-2025-11-20-0775.csv,2.702666666666362e-10,,31,,0,,50 ohms time 0.01
,SiC,1.0,Electron 85V,2.0,1.471551653030126e-41,0.0,40.0,/Users/rkfuentes/Documents/md_anderson_analysis/yepes_code/data/2025-11-20/scope-results-2025-11-20-0776.csv,6.046666666665099e-11,,34,,0,,50 ohms time 0.01
,SiC,1.0,Electron 85V,2.0,1.471551653030126e-41,0.0,40.0,/Users/rkfuentes/Documents/md_anderson_analysis/yepes_code/data/2025-11-20/scope-results-2025-11-20-0777.csv,2.7554666666666847e-09,,38,,0,,50 ohms time 0.01
,SiC,1.0,Electron 85V,2.0,1.471551653030126e-41,0.0,40.0,/Users/rkfuentes/Documents/md_anderson_analysis/yepes_code/data/2025-11-20/scope-results-2025-11-20-0778.csv,4.908666666667037e-10,,31,,0,,50 ohms time 0.01
,SiC,1.0,Electron 85V,2.0,1.471551653030126e-41,0.0,40.0,/Users/rkfuentes/Documents/md_anderson_analysis/yepes_code/data/2025-11-20/scope-results-2025-11-20-0779.csv,3.912666666666653e-10,,33,,0,,50 ohms time 0.01
,SiC,1.0,Electron 85V,2.0,1.471551653030126e-41,0.0,40.0,/Users/rkfuentes/Documents/md_anderson_analysis/yepes_code/data/2025-11-20/scope-results-2025-11-20-0780.csv,2.926666666667064e-10,,30,,0,,50 ohms time 0.01
,SiC,1.0,Electron 85V,2.0,1.471551653030126e-41,0.0,40.0,/Users/rkfuentes/Documents/md_anderson_analysis/yepes_code/data/2025-11-20/scope-results-2025-11-20-0781.csv,3.8266666666666674e-10,,52,,0,,50 ohms time 0.01
,SiC,1.0,Electron 85V,2.0,1.471551653030126e-41,0.0,40.0,/Users/rkfuentes/Documents/md_anderson_analysis/yepes_code/data/2025-11-20/scope-results-2025-11-20-0782.csv,2.2219999999998927e-10,,32,,0,,50 ohms time 0.01
,SiC,1.0,Electron 85V,2.0,1.471551653030126e-41,0.0,40.0,/Users/rkfuentes/Documents/md_anderson_analysis/yepes_code/data/2025-11-20/scope-results-2025-11-20-0783.csv,2.4733333333360456e-11,,26,,0,,50 ohms time 0.01
,SiC,1.0,Electron 110V,2.0,1.471551653030126e-41,0.0,40.0,/Users/rkfuentes/Documents/md_anderson_analysis/yepes_code/data/2025-11-20/scope-results-2025-11-20-0784.csv,2.6338666666666747e-09,,120,,0,,50 ohms time 0.01
,SiC,1.0,Electron 110V,2.0,1.471551653030126e-41,0.0,40.0,/Users/rkfuentes/Documents/md_anderson_analysis/yepes_code/data/2025-11-20/scope-results-2025-11-20-0785.csv,6.273333333333316e-11,,23,,0,,50 ohms time 0.01
,SiC,1.0,Electron 110V,2.0,1.471551653030126e-41,0.0,40.0,/Users/rkfuentes/Documents/md_anderson_analysis/yepes_code/data/2025-11-20/scope-results-2025-11-20-0786.csv,1.2413333333333442e-10,,20,,0,,50 ohms time 0.01
,SiC,1.0,Electron 110V,2.0,1.471551653030126e-41,0.0,40.0,/Users/rkfuentes/Documents/md_anderson_analysis/yepes_code/data/2025-11-20/scope-results-2025-11-20-0787.csv,6.0724666666666806e-09,,285,,0,,50 ohms time 0.01
,SiC,1.0,Electron 110V,2.0,1.471551653030126e-41,0.0,40.0,/Users/rkfuentes/Documents/md_anderson_analysis/yepes_code/data/2025-11-20/scope-results-2025-11-20-0788.csv,3.7383999999999895e-09,,285,,0,,50 ohms time 0.01
,SiC,1.0,Electron 110V,2.0,1.471551653030126e-41,0.0,40.0,/Users/rkfuentes/Documents/md_anderson_analysis/yepes_code/data/2025-11-20/scope-results-2025-11-20-0789.csv,5.33413333333333e-09,,298,,0,,50 ohms time 0.01
,SiC,1.0,Electron 110V,2.0,1.471551653030126e-41,0.0,40.0,/Users/rkfuentes/Documents/md_anderson_analysis/yepes_code/data/2025-11-20/scope-results-2025-11-20-0790.csv,1.9520000000000042e-10,,24,,0,,50 ohms time 0.01
,SiC,1.0,Electron 110V,2.0,1.471551653030126e-41,0.0,40.0,/Users/rkfuentes/Documents/md_anderson_analysis/yepes_code/data/2025-11-20/scope-results-2025-11-20-0791.csv,2.3589333333333348e-09,,123,,0,,50 ohms time 0.01
,SiC,1.0,Electron 110V,2.0,1.471551653030126e-41,0.0,40.0,/Users/rkfuentes/Documents/md_anderson_analysis/yepes_code/data/2025-11-20/scope-results-2025-11-20-0792.csv,6.96666666666696e-11,,30,,0,,50 ohms time 0.01
,SiC,1.0,Electron 110V,2.0,1.471551653030126e-41,0.0,40.0,/Users/rkfuentes/Documents/md_anderson_analysis/yepes_code/data/2025-11-20/scope-results-2025-11-20-0793.csv,1.0850666666666585e-09,,291,,0,,50 ohms time 0.01
,SiC,1.0,Electron 110V,2.0,1.471551653030126e-41,0.0,40.0,/Users/rkfuentes/Documents/md_anderson_analysis/yepes_code/data/2025-11-20/scope-results-2025-11-20-0794.csv,3.733866666666679e-09,,277,,0,,50 ohms time 0.01
,SiC,1.0,Electron 191V,2.0,1.471551653030126e-41,0.0,40.0,/Users/rkfuentes/Documents/md_anderson_analysis/yepes_code/data/2025-11-20/scope-results-2025-11-20-0795.csv,1.6919466666666662e-08,,169,,0,,50 ohms time 0.01
,SiC,1.0,Electron 191V,2.0,1.471551653030126e-41,0.0,40.0,/Users/rkfuentes/Documents/md_anderson_analysis/yepes_code/data/2025-11-20/scope-results-2025-11-20-0796.csv,1.8260933333333355e-08,,167,,0,,50 ohms time 0.01
,SiC,1.0,Electron 191V,2.0,1.471551653030126e-41,0.0,40.0,/Users/rkfuentes/Documents/md_anderson_analysis/yepes_code/data/2025-11-20/scope-results-2025-11-20-0797.csv,1.532853333333333e-08,,190,,0,,50 ohms time 0.01
,SiC,1.0,Electron 191V,2.0,1.471551653030126e-41,0.0,40.0,/Users/rkfuentes/Documents/md_anderson_analysis/yepes_code/data/2025-11-20/scope-results-2025-11-20-0798.csv,1.7121466666666656e-08,,170,,0,,50 ohms time 0.01
,SiC,1.0,Electron 191V,2.0,1.471551653030126e-41,0.0,40.0,/Users/rkfuentes/Documents/md_anderson_analysis/yepes_code/data/2025-11-20/scope-results-2025-11-20-0799.csv,1.5401200000000017e-08,,181,,0,,50 ohms time 0.01
,SiC,1.0,Electron 191V,2.0,1.471551653030126e-41,0.0,40.0,/Users/rkfuentes/Documents/md_anderson_analysis/yepes_code/data/2025-11-20/scope-results-2025-11-20-0800.csv,1.7148799999999993e-08,,178,,0,,50 ohms time 0.01
,SiC,1.0,Electron 191V,2.0,1.471551653030126e-41,0.0,40.0,/Users/rkfuentes/Documents/md_anderson_analysis/yepes_code/data/2025-11-20/scope-results-2025-11-20-0801.csv,1.7161666666666676e-08,,162,,0,,50 ohms time 0.01
,SiC,1.0,Electron 191V,2.0,1.471551653030126e-41,0.0,40.0,/Users/rkfuentes/Documents/md_anderson_analysis/yepes_code/data/2025-11-20/scope-results-2025-11-20-0802.csv,1.7109866666666674e-08,,206,,0,,50 ohms time 0.01
,SiC,1.0,Electron 191V,2.0,1.471551653030126e-41,0.0,40.0,/Users/rkfuentes/Documents/md_anderson_analysis/yepes_code/data/2025-11-20/scope-results-2025-11-20-0803.csv,1.5753466666666653e-08,,180,,0,,50 ohms time 0.01
,SiC,1.0,Electron 191V,2.0,1.471551653030126e-41,0.0,40.0,/Users/rkfuentes/Documents/md_anderson_analysis/yepes_code/data/2025-11-20/scope-results-2025-11-20-0804.csv,1.7333066666666676e-08,,181,,0,,50 ohms time 0.01
,SiC,1.0,Electron 191V,2.0,1.471551653030126e-41,0.0,40.0,/Users/rkfuentes/Documents/md_anderson_analysis/yepes_code/data/2025-11-20/scope-results-2025-11-20-0805.csv,1.5482800000000003e-08,,174,,0,,50 ohms time 0.01
,SiC,1.0,Electron 191V,2.0,1.471551653030126e-41,0.0,40.0,/Users/rkfuentes/Documents/md_anderson_analysis/yepes_code/data/2025-11-20/scope-results-2025-11-20-0806.csv,1.535893333333334e-08,,176,,0,,50 ohms time 0.01
,SiC,1.0,Electron 191V,2.0,1.471551653030126e-41,0.0,40.0,/Users/rkfuentes/Documents/md_anderson_analysis/yepes_code/data/2025-11-20/scope-results-2025-11-20-0807.csv,1.3020266666666677e-08,,167,,0,,50 ohms time 0.01
,SiC,1.0,Electron 85V,2.0,1.471551653030126e-41,0.0,40.0,/Users/rkfuentes/Documents/md_anderson_analysis/yepes_code/data/2025-11-20/scope-results-2025-11-20-0898.csv,3.0000000000141042e-12,,34,,0,,50 ohms time 0.01
,SiC,1.0,Electron 85V,2.0,1.471551653030126e-41,0.0,40.0,/Users/rkfuentes/Documents/md_anderson_analysis/yepes_code/data/2025-11-20/scope-results-2025-11-20-0899.csv,1.2453333333333242e-10,,47,,0,,50 ohms time 0.01
,SiC,1.0,Electron 85V,2.0,1.471551653030126e-41,0.0,40.0,/Users/rkfuentes/Documents/md_anderson_analysis/yepes_code/data/2025-11-20/scope-results-2025-11-20-0900.csv,5.040000000002029e-11,,31,,0,,50 ohms time 0.01
,SiC,1.0,Electron 85V,2.0,1.471551653030126e-41,0.0,40.0,/Users/rkfuentes/Documents/md_anderson_analysis/yepes_code/data/2025-11-20/scope-results-2025-11-20-0901.csv,7.066666666666538e-11,,28,,0,,50 ohms time 0.01
,SiC,1.0,Electron 85V,2.0,1.471551653030126e-41,0.0,40.0,/Users/rkfuentes/Documents/md_anderson_analysis/yepes_code/data/2025-11-20/scope-results-2025-11-20-0902.csv,1.0713333333334438e-10,,31,,0,,50 ohms time 0.01
,SiC,1.0,Electron 85V,2.0,1.471551653030126e-41,0.0,40.0,/Users/rkfuentes/Documents/md_anderson_analysis/yepes_code/data/2025-11-20/scope-results-2025-11-20-0903.csv,2.1013333333331564e-10,,29,,0,,50 ohms time 0.01
,SiC,1.0,Electron 85V,2.0,1.471551653030126e-41,0.0,40.0,/Users/rkfuentes/Documents/md_anderson_analysis/yepes_code/data/2025-11-20/scope-results-2025-11-20-0904.csv,2.393333333330534e-11,,31,,0,,50 ohms time 0.01
,SiC,1.0,Electron 85V,2.0,1.471551653030126e-41,0.0,40.0,/Users/rkfuentes/Documents/md_anderson_analysis/yepes_code/data/2025-11-20/scope-results-2025-11-20-0905.csv,1.9826666666666755e-09,,39,,0,,50 ohms time 0.01
,SiC,1.0,Electron 85V,2.0,1.471551653030126e-41,0.0,40.0,/Users/rkfuentes/Documents/md_anderson_analysis/yepes_code/data/2025-11-20/scope-results-2025-11-20-0906.csv,5.17333333333253e-11,,35,,0,,50 ohms time 0.01
,SiC,1.0,Electron 85V,2.0,1.471551653030126e-41,0.0,40.0,/Users/rkfuentes/Documents/md_anderson_analysis/yepes_code/data/2025-11-20/scope-results-2025-11-20-0907.csv,4.5899999999996755e-10,,35,,0,,50 ohms time 0.01
,SiC,1.0,Electron 85V,2.0,1.471551653030126e-41,0.0,40.0,/Users/rkfuentes/Documents/md_anderson_analysis/yepes_code/data/2025-11-20/scope-results-2025-11-20-0908.csv,2.586666666666268e-10,,33,,0,,50 ohms time 0.01
,SiC,1.0,Electron 110V,2.0,1.471551653030126e-41,0.0,40.0,/Users/rkfuentes/Documents/md_anderson_analysis/yepes_code/data/2025-11-20/scope-results-2025-11-20-0956.csv,3.6906666666660177e-10,,36,,0,,50 ohms time 0.01
,SiC,1.0,Electron 110V,2.0,1.471551653030126e-41,0.0,40.0,/Users/rkfuentes/Documents/md_anderson_analysis/yepes_code/data/2025-11-20/scope-results-2025-11-20-0957.csv,1.599999999999911e-10,,45,,0,,50 ohms time 0.01
,SiC,1.0,Electron 110V,2.0,1.471551653030126e-41,0.0,40.0,/Users/rkfuentes/Documents/md_anderson_analysis/yepes_code/data/2025-11-20/scope-results-2025-11-20-0958.csv,1.3000000000000391e-09,,50,,0,,50 ohms time 0.01
,SiC,1.0,Electron 110V,2.0,1.471551653030126e-41,0.0,40.0,/Users/rkfuentes/Documents/md_anderson_analysis/yepes_code/data/2025-11-20/scope-results-2025-11-20-0959.csv,1.847133590080463e-10,,26,,0,,50 ohms time 0.01
,SiC,1.0,Electron 110V,2.0,1.471551653030126e-41,0.0,40.0,/Users/rkfuentes/Documents/md_anderson_analysis/yepes_code/data/2025-11-20/scope-results-2025-11-20-0960.csv,3.9580000000000056e-09,,38,,0,,50 ohms time 0.01
,SiC,1.0,Electron 110V,2.0,1.471551653030126e-41,0.0,40.0,/Users/rkfuentes/Documents/md_anderson_analysis/yepes_code/data/2025-11-20/scope-results-2025-11-20-0961.csv,1.623199999999992e-09,,187,,0,,50 ohms time 0.01
,SiC,1.0,Electron 110V,2.0,1.471551653030126e-41,0.0,40.0,/Users/rkfuentes/Documents/md_anderson_analysis/yepes_code/data/2025-11-20/scope-results-2025-11-20-0962.csv,2.620600000000014e-09,,41,,0,,50 ohms time 0.01
,SiC,1.0,Electron 110V,2.0,1.471551653030126e-41,0.0,40.0,/Users/rkfuentes/Documents/md_anderson_analysis/yepes_code/data/2025-11-20/scope-results-2025-11-20-0963.csv,1.4606666666666714e-10,,22,,0,,50 ohms time 0.01
,SiC,1.0,Electron 110V,2.0,1.471551653030126e-41,0.0,40.0,/Users/rkfuentes/Documents/md_anderson_analysis/yepes_code/data/2025-11-20/scope-results-2025-11-20-0964.csv,4.06613333333334e-09,,42,,0,,50 ohms time 0.01
,SiC,1.0,Electron 110V,2.0,1.471551653030126e-41,0.0,40.0,/Users/rkfuentes/Documents/md_anderson_analysis/yepes_code/data/2025-11-20/scope-results-2025-11-20-0965.csv,6.415999999999887e-10,,50,,0,,50 ohms time 0.01
,SiC,1.0,Electron 110V,2.0,1.471551653030126e-41,0.0,40.0,/Users/rkfuentes/Documents/md_anderson_analysis/yepes_code/data/2025-11-20/scope-results-2025-11-20-0966.csv,1.1869999999999983e-09,,51,,0,,50 ohms time 0.01
,SiC,1.0,Electron 110V,2.0,1.471551653030126e-41,0.0,40.0,/Users/rkfuentes/Documents/md_anderson_analysis/yepes_code/data/2025-11-20/scope-results-2025-11-20-0967.csv,6.441333333333306e-10,,68,,0,,50 ohms time 0.01
,SiC,1.0,Electron 110V,2.0,1.471551653030126e-41,0.0,40.0,/Users/rkfuentes/Documents/md_anderson_analysis/yepes_code/data/2025-11-20/scope-results-2025-11-20-0968.csv,3.877733333333322e-09,,279,,0,,50 ohms time 0.01
,SiC,1.0,Electron 191V,2.0,1.471551653030126e-41,0.0,40.0,/Users/rkfuentes/Documents/md_anderson_analysis/yepes_code/data/2025-11-20/scope-results-2025-11-20-1008.csv,1.2884533333333338e-08,,234,,0,,50 ohms time 0.01
,SiC,1.0,Electron 191V,2.0,1.471551653030126e-41,0.0,40.0,/Users/rkfuentes/Documents/md_anderson_analysis/yepes_code/data/2025-11-20/scope-results-2025-11-20-1009.csv,1.2884866666666648e-08,,200,,0,,50 ohms time 0.01
,SiC,1.0,Electron 191V,2.0,1.471551653030126e-41,0.0,40.0,/Users/rkfuentes/Documents/md_anderson_analysis/yepes_code/data/2025-11-20/scope-results-2025-11-20-1010.csv,9.94833333333331e-09,,210,,0,,50 ohms time 0.01
,SiC,1.0,Electron 191V,2.0,1.471551653030126e-41,0.0,40.0,/Users/rkfuentes/Documents/md_anderson_analysis/yepes_code/data/2025-11-20/scope-results-2025-11-20-1011.csv,1.1060000000000003e-08,,265,,0,,50 ohms time 0.01
,SiC,1.0,Electron 191V,2.0,1.471551653030126e-41,0.0,40.0,/Users/rkfuentes/Documents/md_anderson_analysis/yepes_code/data/2025-11-20/scope-results-2025-11-20-1012.csv,9.822533333333335e-09,,205,,0,,50 ohms time 0.01
,SiC,1.0,Electron 191V,2.0,1.471551653030126e-41,0.0,40.0,/Users/rkfuentes/Documents/md_anderson_analysis/yepes_code/data/2025-11-20/scope-results-2025-11-20-1013.csv,1.3189866666666646e-08,,264,,0,,50 ohms time 0.01
,SiC,1.0,Electron 191V,2.0,1.471551653030126e-41,0.0,40.0,/Users/rkfuentes/Documents/md_anderson_analysis/yepes_code/data/2025-11-20/scope-results-2025-11-20-1014.csv,1.2274666666666683e-08,,264,,0,,50 ohms time 0.01
,SiC,1.0,Electron 191V,2.0,1.471551653030126e-41,0.0,40.0,/Users/rkfuentes/Documents/md_anderson_analysis/yepes_code/data/2025-11-20/scope-results-2025-11-20-1015.csv,9.942399999999966e-09,,274,,0,,50 ohms time 0.01
,SiC,1.0,Electron 191V,2.0,1.471551653030126e-41,0.0,40.0,/Users/rkfuentes/Documents/md_anderson_analysis/yepes_code/data/2025-11-20/scope-results-2025-11-20-1016.csv,1.7162399999999994e-08,,262,,0,,50 ohms time 0.01
,SiC,1.0,Electron 191V,2.0,1.471551653030126e-41,0.0,40.0,/Users/rkfuentes/Documents/md_anderson_analysis/yepes_code/data/2025-11-20/scope-results-2025-11-20-1017.csv,1.5080866666666676e-08,,270,,0,,50 ohms time 0.01
,SiC,1.0,Electron 191V,2.0,1.471551653030126e-41,0.0,40.0,/Users/rkfuentes/Documents/md_anderson_analysis/yepes_code/data/2025-11-20/scope-results-2025-11-20-1018.csv,1.3615866666666679e-08,,269,,0,,50 ohms time 0.01
,SiC,1.0,Electron 85V,2.0,1.471551653030126e-41,0.0,40.0,/Users/rkfuentes/Documents/md_anderson_analysis/yepes_code/data/2025-11-20/scope-results-2025-11-20-1076.csv,1.8600000000000435e-10,,29,,0,,50 ohms time 0.01
,SiC,1.0,Electron 85V,2.0,1.471551653030126e-41,0.0,40.0,/Users/rkfuentes/Documents/md_anderson_analysis/yepes_code/data/2025-11-20/scope-results-2025-11-20-1077.csv,3.886666666667946e-11,,28,,0,,50 ohms time 0.01
,SiC,1.0,Electron 85V,2.0,1.471551653030126e-41,0.0,40.0,/Users/rkfuentes/Documents/md_anderson_analysis/yepes_code/data/2025-11-20/scope-results-2025-11-20-1078.csv,4.560000000000285e-11,,29,,0,,50 ohms time 0.01
,SiC,1.0,Electron 85V,2.0,1.471551653030126e-41,0.0,40.0,/Users/rkfuentes/Documents/md_anderson_analysis/yepes_code/data/2025-11-20/scope-results-2025-11-20-1079.csv,2.3273333333333844e-10,,36,,0,,50 ohms time 0.01
,SiC,1.0,Electron 85V,2.0,1.471551653030126e-41,0.0,40.0,/Users/rkfuentes/Documents/md_anderson_analysis/yepes_code/data/2025-11-20/scope-results-2025-11-20-1080.csv,3.07400000000023e-10,,30,,0,,50 ohms time 0.01
,SiC,1.0,Electron 85V,2.0,1.471551653030126e-41,0.0,40.0,/Users/rkfuentes/Documents/md_anderson_analysis/yepes_code/data/2025-11-20/scope-results-2025-11-20-1081.csv,3.9933333333325627e-11,,32,,0,,50 ohms time 0.01
,SiC,1.0,Electron 85V,2.0,1.471551653030126e-41,0.0,40.0,/Users/rkfuentes/Documents/md_anderson_analysis/yepes_code/data/2025-11-20/scope-results-2025-11-20-1082.csv,1.4753333333333015e-10,,32,,0,,50 ohms time 0.01
,SiC,1.0,Electron 85V,2.0,1.471551653030126e-41,0.0,40.0,/Users/rkfuentes/Documents/md_anderson_analysis/yepes_code/data/2025-11-20/scope-results-2025-11-20-1083.csv,9.440000000000985e-11,,30,,0,,50 ohms time 0.01
,SiC,1.0,Electron 85V,2.0,1.471551653030126e-41,0.0,40.0,/Users/rkfuentes/Documents/md_anderson_analysis/yepes_code/data/2025-11-20/scope-results-2025-11-20-1084.csv,2.367333333333551e-10,,31,,0,,50 ohms time 0.01
,SiC,1.0,Electron 85V,2.0,1.471551653030126e-41,0.0,40.0,/Users/rkfuentes/Documents/md_anderson_analysis/yepes_code/data/2025-11-20/scope-results-2025-11-20-1085.csv,2.6766666666668167e-10,,29,,0,,50 ohms time 0.01
,SiC,1.0,Electron 85V,2.0,1.471551653030126e-41,0.0,40.0,/Users/rkfuentes/Documents/md_anderson_analysis/yepes_code/data/2025-11-20/scope-results-2025-11-20-1086.csv,2.2613333333331473e-10,,38,,0,,50 ohms time 0.01
,SiC,1.0,Electron 85V,2.0,1.471551653030126e-41,0.0,40.0,/Users/rkfuentes/Documents/md_anderson_analysis/yepes_code/data/2025-11-20/scope-results-2025-11-20-1087.csv,1.5223999999999918e-09,,39,,0,,50 ohms time 0.01
,SiC,1.0,Electron 85V,2.0,1.471551653030126e-41,0.0,40.0,/Users/rkfuentes/Documents/md_anderson_analysis/yepes_code/data/2025-11-20/scope-results-2025-11-20-1088.csv,6.620000000000035e-11,,24,,0,,50 ohms time 0.01
,SiC,1.0,Electron 110V,2.0,1.471551653030126e-41,0.0,40.0,/Users/rkfuentes/Documents/md_anderson_analysis/yepes_code/data/2025-11-20/scope-results-2025-11-20-1135.csv,7.1249333333333094e-09,,46,,0,,50 ohms time 0.01
,SiC,1.0,Electron 110V,2.0,1.471551653030126e-41,0.0,40.0,/Users/rkfuentes/Documents/md_anderson_analysis/yepes_code/data/2025-11-20/scope-results-2025-11-20-1136.csv,3.103040000000003e-08,,208,,0,,50 ohms time 0.01
,SiC,1.0,Electron 110V,2.0,1.471551653030126e-41,0.0,40.0,/Users/rkfuentes/Documents/md_anderson_analysis/yepes_code/data/2025-11-20/scope-results-2025-11-20-1137.csv,1.0525593333333335e-07,,478,,0,,50 ohms time 0.01
,SiC,1.0,Electron 110V,2.0,1.471551653030126e-41,0.0,40.0,/Users/rkfuentes/Documents/md_anderson_analysis/yepes_code/data/2025-11-20/scope-results-2025-11-20-1138.csv,1.7191466666666676e-08,,519,,0,,50 ohms time 0.01
,SiC,1.0,Electron 110V,2.0,1.471551653030126e-41,0.0,40.0,/Users/rkfuentes/Documents/md_anderson_analysis/yepes_code/data/2025-11-20/scope-results-2025-11-20-1139.csv,9.0720000000003e-10,,42,,0,,50 ohms time 0.01
,SiC,1.0,Electron 110V,2.0,1.471551653030126e-41,0.0,40.0,/Users/rkfuentes/Documents/md_anderson_analysis/yepes_code/data/2025-11-20/scope-results-2025-11-20-1140.csv,3.8860000000003446e-10,,32,,0,,50 ohms time 0.01
,SiC,1.0,Electron 110V,2.0,1.471551653030126e-41,0.0,40.0,/Users/rkfuentes/Documents/md_anderson_analysis/yepes_code/data/2025-11-20/scope-results-2025-11-20-1141.csv,1.0355666666666651e-08,,57,,0,,50 ohms time 0.01
,SiC,1.0,Electron 110V,2.0,1.471551653030126e-41,0.0,40.0,/Users/rkfuentes/Documents/md_anderson_analysis/yepes_code/data/2025-11-20/scope-results-2025-11-20-1142.csv,4.4941251984445296e-11,,26,,0,,50 ohms time 0.01
,SiC,1.0,Electron 110V,2.0,1.471551653030126e-41,0.0,40.0,/Users/rkfuentes/Documents/md_anderson_analysis/yepes_code/data/2025-11-20/scope-results-2025-11-20-1143.csv,3.635333333333334e-08,,487,,0,,50 ohms time 0.01
,SiC,1.0,Electron 110V,2.0,1.471551653030126e-41,0.0,40.0,/Users/rkfuentes/Documents/md_anderson_analysis/yepes_code/data/2025-11-20/scope-results-2025-11-20-1144.csv,3.3972666666666566e-09,,49,,0,,50 ohms time 0.01
,SiC,1.0,Electron 110V,2.0,1.471551653030126e-41,0.0,40.0,/Users/rkfuentes/Documents/md_anderson_analysis/yepes_code/data/2025-11-20/scope-results-2025-11-20-1145.csv,5.604708399481276e-11,,28,,0,,50 ohms time 0.01
,SiC,1.0,Electron 110V,2.0,1.471551653030126e-41,0.0,40.0,/Users/rkfuentes/Documents/md_anderson_analysis/yepes_code/data/2025-11-20/scope-results-2025-11-20-1146.csv,4.484669234137794e-11,,27,,0,,50 ohms time 0.01
,SiC,1.0,Electron 191V,2.0,1.471551653030126e-41,0.0,40.0,/Users/rkfuentes/Documents/md_anderson_analysis/yepes_code/data/2025-11-20/scope-results-2025-11-20-1194.csv,6.948666666666614e-10,,143,,0,,50 ohms time 0.01
,SiC,1.0,Electron 191V,2.0,1.471551653030126e-41,0.0,40.0,/Users/rkfuentes/Documents/md_anderson_analysis/yepes_code/data/2025-11-20/scope-results-2025-11-20-1195.csv,3.1675999999999927e-09,,155,,0,,50 ohms time 0.01
,SiC,1.0,Electron 191V,2.0,1.471551653030126e-41,0.0,40.0,/Users/rkfuentes/Documents/md_anderson_analysis/yepes_code/data/2025-11-20/scope-results-2025-11-20-1196.csv,1.3180666666666553e-09,,134,,0,,50 ohms time 0.01
,SiC,1.0,Electron 191V,2.0,1.471551653030126e-41,0.0,40.0,/Users/rkfuentes/Documents/md_anderson_analysis/yepes_code/data/2025-11-20/scope-results-2025-11-20-1197.csv,8.976666666666663e-10,,39,,0,,50 ohms time 0.01
,SiC,1.0,Electron 191V,2.0,1.471551653030126e-41,0.0,40.0,/Users/rkfuentes/Documents/md_anderson_analysis/yepes_code/data/2025-11-20/scope-results-2025-11-20-1198.csv,1.1893333333333487e-10,,138,,0,,50 ohms time 0.01
,SiC,1.0,Electron 191V,2.0,1.471551653030126e-41,0.0,40.0,/Users/rkfuentes/Documents/md_anderson_analysis/yepes_code/data/2025-11-20/scope-results-2025-11-20-1199.csv,8.875333333333364e-10,,147,,0,,50 ohms time 0.01
,SiC,1.0,Electron 191V,2.0,1.471551653030126e-41,0.0,40.0,/Users/rkfuentes/Documents/md_anderson_analysis/yepes_code/data/2025-11-20/scope-results-2025-11-20-1200.csv,1.5815999999999917e-09,,141,,0,,50 ohms time 0.01
,SiC,1.0,Electron 191V,2.0,1.471551653030126e-41,0.0,40.0,/Users/rkfuentes/Documents/md_anderson_analysis/yepes_code/data/2025-11-20/scope-results-2025-11-20-1201.csv,1.1253333333332592e-10,,129,,0,,50 ohms time 0.01
,SiC,1.0,Electron 191V,2.0,1.471551653030126e-41,0.0,40.0,/Users/rkfuentes/Documents/md_anderson_analysis/yepes_code/data/2025-11-20/scope-results-2025-11-20-1202.csv,3.0645333333333283e-09,,130,,0,,50 ohms time 0.01
,SiC,1.0,Electron 191V,2.0,1.471551653030126e-41,0.0,40.0,/Users/rkfuentes/Documents/md_anderson_analysis/yepes_code/data/2025-11-20/scope-results-2025-11-20-1203.csv,2.9034666666666747e-09,,172,,0,,50 ohms time 0.01
,SiC,1.0,Electron 191V,2.0,1.471551653030126e-41,0.0,40.0,/Users/rkfuentes/Documents/md_anderson_analysis/yepes_code/data/2025-11-20/scope-results-2025-11-20-1204.csv,2.4688000000000045e-09,,123,,0,,50 ohms time 0.01
,SiC,1.0,Electron 191V,2.0,1.471551653030126e-41,0.0,40.0,/Users/rkfuentes/Documents/md_anderson_analysis/yepes_code/data/2025-11-20/scope-results-2025-11-20-1205.csv,2.000066666666663e-09,,140,,0,,50 ohms time 0.01
,SiC,1.0,Electron 85V,2.0,1.471551653030126e-41,0.0,40.0,/Users/rkfuentes/Documents/md_anderson_analysis/yepes_code/data/2025-11-20/scope-results-2025-11-20-1251.csv,2.7333333333574592e-12,,33,,0,,50 ohms time 0.01
,SiC,1.0,Electron 85V,2.0,1.471551653030126e-41,0.0,40.0,/Users/rkfuentes/Documents/md_anderson_analysis/yepes_code/data/2025-11-20/scope-results-2025-11-20-1252.csv,2.4000000000006396e-11,,31,,0,,50 ohms time 0.01
,SiC,1.0,Electron 85V,2.0,1.471551653030126e-41,0.0,40.0,/Users/rkfuentes/Documents/md_anderson_analysis/yepes_code/data/2025-11-20/scope-results-2025-11-20-1253.csv,6.639999999998302e-11,,37,,0,,50 ohms time 0.01
,SiC,1.0,Electron 85V,2.0,1.471551653030126e-41,0.0,40.0,/Users/rkfuentes/Documents/md_anderson_analysis/yepes_code/data/2025-11-20/scope-results-2025-11-20-1254.csv,4.266666666668512e-12,,60,,0,,50 ohms time 0.01
,SiC,1.0,Electron 85V,2.0,1.471551653030126e-41,0.0,40.0,/Users/rkfuentes/Documents/md_anderson_analysis/yepes_code/data/2025-11-20/scope-results-2025-11-20-1255.csv,2.1339999999995257e-10,,27,,0,,50 ohms time 0.01
,SiC,1.0,Electron 85V,2.0,1.471551653030126e-41,0.0,40.0,/Users/rkfuentes/Documents/md_anderson_analysis/yepes_code/data/2025-11-20/scope-results-2025-11-20-1256.csv,1.4379999999999874e-10,,47,,0,,50 ohms time 0.01
,SiC,1.0,Electron 85V,2.0,1.471551653030126e-41,0.0,40.0,/Users/rkfuentes/Documents/md_anderson_analysis/yepes_code/data/2025-11-20/scope-results-2025-11-20-1257.csv,7.680000000000986e-11,,32,,0,,50 ohms time 0.01
,SiC,1.0,Electron 85V,2.0,1.471551653030126e-41,0.0,40.0,/Users/rkfuentes/Documents/md_anderson_analysis/yepes_code/data/2025-11-20/scope-results-2025-11-20-1258.csv,3.120000000000037e-11,,57,,0,,50 ohms time 0.01
,SiC,1.0,Electron 85V,2.0,1.471551653030126e-41,0.0,40.0,/Users/rkfuentes/Documents/md_anderson_analysis/yepes_code/data/2025-11-20/scope-results-2025-11-20-1259.csv,4.508666666666807e-10,,39,,0,,50 ohms time 0.01
,SiC,1.0,Electron 85V,2.0,1.471551653030126e-41,0.0,40.0,/Users/rkfuentes/Documents/md_anderson_analysis/yepes_code/data/2025-11-20/scope-results-2025-11-20-1260.csv,2.2426666666673636e-10,,29,,0,,50 ohms time 0.01
,SiC,1.0,Electron 85V,2.0,1.471551653030126e-41,0.0,40.0,/Users/rkfuentes/Documents/md_anderson_analysis/yepes_code/data/2025-11-20/scope-results-2025-11-20-1261.csv,4.2806666666668237e-10,,34,,0,,50 ohms time 0.01
,SiC,1.0,Electron 85V,2.0,1.471551653030126e-41,0.0,40.0,/Users/rkfuentes/Documents/md_anderson_analysis/yepes_code/data/2025-11-20/scope-results-2025-11-20-1262.csv,6.45333333333512e-11,,30,,0,,50 ohms time 0.01
,SiC,1.0,Electron 110V,2.0,1.471551653030126e-41,0.0,40.0,/Users/rkfuentes/Documents/md_anderson_analysis/yepes_code/data/2025-11-20/scope-results-2025-11-20-1300.csv,1.4977333333333338e-08,,43,,0,,50 ohms time 0.01
,SiC,1.0,Electron 110V,2.0,1.471551653030126e-41,0.0,40.0,/Users/rkfuentes/Documents/md_anderson_analysis/yepes_code/data/2025-11-20/scope-results-2025-11-20-1301.csv,1.062800000000015e-09,,59,,0,,50 ohms time 0.01
,SiC,1.0,Electron 110V,2.0,1.471551653030126e-41,0.0,40.0,/Users/rkfuentes/Documents/md_anderson_analysis/yepes_code/data/2025-11-20/scope-results-2025-11-20-1302.csv,1.2580025674711003e-11,,26,,0,,50 ohms time 0.01
,SiC,1.0,Electron 110V,2.0,1.471551653030126e-41,0.0,40.0,/Users/rkfuentes/Documents/md_anderson_analysis/yepes_code/data/2025-11-20/scope-results-2025-11-20-1303.csv,6.451733333333331e-09,,38,,0,,50 ohms time 0.01
,SiC,1.0,Electron 110V,2.0,1.471551653030126e-41,0.0,40.0,/Users/rkfuentes/Documents/md_anderson_analysis/yepes_code/data/2025-11-20/scope-results-2025-11-20-1304.csv,5.25600000000012e-10,,35,,0,,50 ohms time 0.01
,SiC,1.0,Electron 110V,2.0,1.471551653030126e-41,0.0,40.0,/Users/rkfuentes/Documents/md_anderson_analysis/yepes_code/data/2025-11-20/scope-results-2025-11-20-1305.csv,1.0794666666666719e-09,,44,,0,,50 ohms time 0.01
,SiC,1.0,Electron 110V,2.0,1.471551653030126e-41,0.0,40.0,/Users/rkfuentes/Documents/md_anderson_analysis/yepes_code/data/2025-11-20/scope-results-2025-11-20-1306.csv,1.2951199999999982e-08,,40,,0,,50 ohms time 0.01
,SiC,1.0,Electron 110V,2.0,1.471551653030126e-41,0.0,40.0,/Users/rkfuentes/Documents/md_anderson_analysis/yepes_code/data/2025-11-20/scope-results-2025-11-20-1307.csv,1.642850666666667e-07,,603,,0,,50 ohms time 0.01
,SiC,1.0,Electron 110V,2.0,1.471551653030126e-41,0.0,40.0,/Users/rkfuentes/Documents/md_anderson_analysis/yepes_code/data/2025-11-20/scope-results-2025-11-20-1308.csv,1.8348533333333327e-08,,106,,0,,50 ohms time 0.01
,SiC,1.0,Electron 110V,2.0,1.471551653030126e-41,0.0,40.0,/Users/rkfuentes/Documents/md_anderson_analysis/yepes_code/data/2025-11-20/scope-results-2025-11-20-1309.csv,1.6879013333333338e-07,,530,,0,,50 ohms time 0.01
,SiC,1.0,Electron 110V,2.0,1.471551653030126e-41,0.0,40.0,/Users/rkfuentes/Documents/md_anderson_analysis/yepes_code/data/2025-11-20/scope-results-2025-11-20-1310.csv,5.63346666666667e-09,,93,,0,,50 ohms time 0.01
,SiC,1.0,Electron 110V,2.0,1.471551653030126e-41,0.0,40.0,/Users/rkfuentes/Documents/md_anderson_analysis/yepes_code/data/2025-11-20/scope-results-2025-11-20-1311.csv,1.4516933333333306e-08,,42,,0,,50 ohms time 0.01
,SiC,1.0,Electron 110V,2.0,1.471551653030126e-41,0.0,40.0,/Users/rkfuentes/Documents/md_anderson_analysis/yepes_code/data/2025-11-20/scope-results-2025-11-20-1312.csv,3.439099999999996e-08,,532,,0,,50 ohms time 0.01
,SiC,1.0,Electron 191V,2.0,1.471551653030126e-41,0.0,40.0,/Users/rkfuentes/Documents/md_anderson_analysis/yepes_code/data/2025-11-20/scope-results-2025-11-20-1357.csv,1.4790000000000006e-09,,100,,0,,50 ohms time 0.01
,SiC,1.0,Electron 191V,2.0,1.471551653030126e-41,0.0,40.0,/Users/rkfuentes/Documents/md_anderson_analysis/yepes_code/data/2025-11-20/scope-results-2025-11-20-1358.csv,6.768000000000009e-10,,163,,0,,50 ohms time 0.01
,SiC,1.0,Electron 191V,2.0,1.471551653030126e-41,0.0,40.0,/Users/rkfuentes/Documents/md_anderson_analysis/yepes_code/data/2025-11-20/scope-results-2025-11-20-1359.csv,5.286000000000211e-10,,132,,0,,50 ohms time 0.01
,SiC,1.0,Electron 191V,2.0,1.471551653030126e-41,0.0,40.0,/Users/rkfuentes/Documents/md_anderson_analysis/yepes_code/data/2025-11-20/scope-results-2025-11-20-1360.csv,3.609333333333344e-10,,26,,0,,50 ohms time 0.01
,SiC,1.0,Electron 191V,2.0,1.471551653030126e-41,0.0,40.0,/Users/rkfuentes/Documents/md_anderson_analysis/yepes_code/data/2025-11-20/scope-results-2025-11-20-1361.csv,1.0496666666666547e-09,,140,,0,,50 ohms time 0.01
,SiC,1.0,Electron 191V,2.0,1.471551653030126e-41,0.0,40.0,/Users/rkfuentes/Documents/md_anderson_analysis/yepes_code/data/2025-11-20/scope-results-2025-11-20-1362.csv,8.362666666666688e-10,,96,,0,,50 ohms time 0.01
,SiC,1.0,Electron 191V,2.0,1.471551653030126e-41,0.0,40.0,/Users/rkfuentes/Documents/md_anderson_analysis/yepes_code/data/2025-11-20/scope-results-2025-11-20-1363.csv,2.9593333333332955e-10,,37,,0,,50 ohms time 0.01
,SiC,1.0,Electron 191V,2.0,1.471551653030126e-41,0.0,40.0,/Users/rkfuentes/Documents/md_anderson_analysis/yepes_code/data/2025-11-20/scope-results-2025-11-20-1364.csv,2.9089333333333327e-09,,147,,0,,50 ohms time 0.01
,SiC,1.0,Electron 191V,2.0,1.471551653030126e-41,0.0,40.0,/Users/rkfuentes/Documents/md_anderson_analysis/yepes_code/data/2025-11-20/scope-results-2025-11-20-1365.csv,4.271999999999994e-10,,25,,0,,50 ohms time 0.01
,SiC,1.0,Electron 191V,2.0,1.471551653030126e-41,0.0,40.0,/Users/rkfuentes/Documents/md_anderson_analysis/yepes_code/data/2025-11-20/scope-results-2025-11-20-1366.csv,4.733333333334415e-12,,27,,0,,50 ohms time 0.01
,SiC,1.0,Electron 191V,2.0,1.471551653030126e-41,0.0,40.0,/Users/rkfuentes/Documents/md_anderson_analysis/yepes_code/data/2025-11-20/scope-results-2025-11-20-1367.csv,6.475999999999972e-10,,26,,0,,50 ohms time 0.01
,SiC,1.0,Electron 191V,2.0,1.471551653030126e-41,0.0,40.0,/Users/rkfuentes/Documents/md_anderson_analysis/yepes_code/data/2025-11-20/scope-results-2025-11-20-1368.csv,2.201333333333397e-10,,84,,0,,50 ohms time 0.01
,SiC,1.0,Electron 191V,2.0,1.471551653030126e-41,0.0,40.0,/Users/rkfuentes/Documents/md_anderson_analysis/yepes_code/data/2025-11-20/scope-results-2025-11-20-1369.csv,1.5159999999999987e-09,,173,,0,,50 ohms time 0.01
,SiC,1.0,Electron 191V,2.0,1.471551653030126e-41,0.0,40.0,/Users/rkfuentes/Documents/md_anderson_analysis/yepes_code/data/2025-11-20/scope-results-2025-11-20-1370.csv,5.313333333334316e-11,,94,,0,,50 ohms time 0.01
,SiC,1.0,Electron 191V,2.0,1.471551653030126e-41,0.0,40.0,/Users/rkfuentes/Documents/md_anderson_analysis/yepes_code/data/2025-11-20/scope-results-2025-11-20-1371.csv,8.800000000000158e-11,,32,,0,,50 ohms time 0.01
,SiC,1.0,Electron 191V,2.0,1.471551653030126e-41,0.0,40.0,/Users/rkfuentes/Documents/md_anderson_analysis/yepes_code/data/2025-11-20/scope-results-2025-11-20-1372.csv,1.8944666666666596e-09,,150,,0,,50 ohms time 0.01
,SiC,1.0,Electron 191V,2.0,1.471551653030126e-41,0.0,40.0,/Users/rkfuentes/Documents/md_anderson_analysis/yepes_code/data/2025-11-20/scope-results-2025-11-20-1373.csv,1.0938666666666726e-09,,113,,0,,50 ohms time 0.01
,SiC,1.0,Electron 191V,2.0,1.471551653030126e-41,0.0,40.0,/Users/rkfuentes/Documents/md_anderson_analysis/yepes_code/data/2025-11-20/scope-results-2025-11-20-1374.csv,8.928000000000031e-10,,142,,0,,50 ohms time 0.01
,SiC,1.0,Electron 191V,2.0,1.471551653030126e-41,0.0,40.0,/Users/rkfuentes/Documents/md_anderson_analysis/yepes_code/data/2025-11-20/scope-results-2025-11-20-1375.csv,3.231666666666661e-09,,140,,0,,50 ohms time 0.01
,SiC,1.0,Electron 191V,2.0,1.471551653030126e-41,0.0,40.0,/Users/rkfuentes/Documents/md_anderson_analysis/yepes_code/data/2025-11-20/scope-results-2025-11-20-1376.csv,4.749333333333286e-10,,92,,0,,50 ohms time 0.01
,SiC,1.0,Electron 191V,2.0,1.471551653030126e-41,0.0,40.0,/Users/rkfuentes/Documents/md_anderson_analysis/yepes_code/data/2025-11-20/scope-results-2025-11-20-1377.csv,1.2144000000000023e-09,,148,,0,,50 ohms time 0.01
,SiC,1.0,Electron 191V,2.0,1.471551653030126e-41,0.0,40.0,/Users/rkfuentes/Documents/md_anderson_analysis/yepes_code/data/2025-11-20/scope-results-2025-11-20-1378.csv,2.5222000000000056e-09,,142,,0,,50 ohms time 0.01
,SiC,1.0,Electron 85V,2.0,1.471551653030126e-41,0.0,40.0,/Users/rkfuentes/Documents/md_anderson_analysis/yepes_code/data/2025-11-20/scope-results-2025-11-20-1414.csv,2.4986666666663355e-10,,57,,0,,50 ohms time 0.01
,SiC,1.0,Electron 85V,2.0,1.471551653030126e-41,0.0,40.0,/Users/rkfuentes/Documents/md_anderson_analysis/yepes_code/data/2025-11-20/scope-results-2025-11-20-1415.csv,1.0853333333332194e-10,,28,,0,,50 ohms time 0.01
,SiC,1.0,Electron 85V,2.0,1.471551653030126e-41,0.0,40.0,/Users/rkfuentes/Documents/md_anderson_analysis/yepes_code/data/2025-11-20/scope-results-2025-11-20-1416.csv,9.920000000001554e-11,,30,,0,,50 ohms time 0.01
,SiC,1.0,Electron 85V,2.0,1.471551653030126e-41,0.0,40.0,/Users/rkfuentes/Documents/md_anderson_analysis/yepes_code/data/2025-11-20/scope-results-2025-11-20-1417.csv,3.718666666666395e-10,,40,,0,,50 ohms time 0.01
,SiC,1.0,Electron 85V,2.0,1.471551653030126e-41,0.0,40.0,/Users/rkfuentes/Documents/md_anderson_analysis/yepes_code/data/2025-11-20/scope-results-2025-11-20-1418.csv,3.533333333333447e-10,,36,,0,,50 ohms time 0.01
,SiC,1.0,Electron 85V,2.0,1.471551653030126e-41,0.0,40.0,/Users/rkfuentes/Documents/md_anderson_analysis/yepes_code/data/2025-11-20/scope-results-2025-11-20-1419.csv,9.173333333333169e-11,,31,,0,,50 ohms time 0.01
,SiC,1.0,Electron 85V,2.0,1.471551653030126e-41,0.0,40.0,/Users/rkfuentes/Documents/md_anderson_analysis/yepes_code/data/2025-11-20/scope-results-2025-11-20-1420.csv,2.4359999999996584e-10,,34,,0,,50 ohms time 0.01
,SiC,1.0,Electron 85V,2.0,1.471551653030126e-41,0.0,40.0,/Users/rkfuentes/Documents/md_anderson_analysis/yepes_code/data/2025-11-20/scope-results-2025-11-20-1421.csv,2.0813333333333586e-10,,27,,0,,50 ohms time 0.01
,SiC,1.0,Electron 85V,2.0,1.471551653030126e-41,0.0,40.0,/Users/rkfuentes/Documents/md_anderson_analysis/yepes_code/data/2025-11-20/scope-results-2025-11-20-1422.csv,9.060000000001339e-11,,37,,0,,50 ohms time 0.01
,SiC,1.0,Electron 85V,2.0,1.471551653030126e-41,0.0,40.0,/Users/rkfuentes/Documents/md_anderson_analysis/yepes_code/data/2025-11-20/scope-results-2025-11-20-1423.csv,6.16666666667062e-11,,29,,0,,50 ohms time 0.01
,SiC,1.0,Electron 85V,2.0,1.471551653030126e-41,0.0,40.0,/Users/rkfuentes/Documents/md_anderson_analysis/yepes_code/data/2025-11-20/scope-results-2025-11-20-1424.csv,3.468666666666646e-10,,37,,0,,50 ohms time 0.01
,SiC,1.0,Electron 110V,2.0,1.471551653030126e-41,0.0,40.0,/Users/rkfuentes/Documents/md_anderson_analysis/yepes_code/data/2025-11-20/scope-results-2025-11-20-1462.csv,2.4973333333333417e-09,,51,,0,,50 ohms time 0.01
,SiC,1.0,Electron 110V,2.0,1.471551653030126e-41,0.0,40.0,/Users/rkfuentes/Documents/md_anderson_analysis/yepes_code/data/2025-11-20/scope-results-2025-11-20-1463.csv,7.456933333333335e-08,,614,,0,,50 ohms time 0.01
,SiC,1.0,Electron 110V,2.0,1.471551653030126e-41,0.0,40.0,/Users/rkfuentes/Documents/md_anderson_analysis/yepes_code/data/2025-11-20/scope-results-2025-11-20-1464.csv,1.0369199999999994e-08,,37,,0,,50 ohms time 0.01
,SiC,1.0,Electron 110V,2.0,1.471551653030126e-41,0.0,40.0,/Users/rkfuentes/Documents/md_anderson_analysis/yepes_code/data/2025-11-20/scope-results-2025-11-20-1465.csv,7.418666666666598e-10,,59,,0,,50 ohms time 0.01
,SiC,1.0,Electron 110V,2.0,1.471551653030126e-41,0.0,40.0,/Users/rkfuentes/Documents/md_anderson_analysis/yepes_code/data/2025-11-20/scope-results-2025-11-20-1466.csv,9.954266666666674e-09,,51,,0,,50 ohms time 0.01
,SiC,1.0,Electron 110V,2.0,1.471551653030126e-41,0.0,40.0,/Users/rkfuentes/Documents/md_anderson_analysis/yepes_code/data/2025-11-20/scope-results-2025-11-20-1467.csv,7.040000000000673e-11,,40,,0,,50 ohms time 0.01
,SiC,1.0,Electron 110V,2.0,1.471551653030126e-41,0.0,40.0,/Users/rkfuentes/Documents/md_anderson_analysis/yepes_code/data/2025-11-20/scope-results-2025-11-20-1468.csv,8.673333333333357e-10,,54,,0,,50 ohms time 0.01
,SiC,1.0,Electron 110V,2.0,1.471551653030126e-41,0.0,40.0,/Users/rkfuentes/Documents/md_anderson_analysis/yepes_code/data/2025-11-20/scope-results-2025-11-20-1469.csv,4.748533333333332e-09,,47,,0,,50 ohms time 0.01
,SiC,1.0,Electron 110V,2.0,1.471551653030126e-41,0.0,40.0,/Users/rkfuentes/Documents/md_anderson_analysis/yepes_code/data/2025-11-20/scope-results-2025-11-20-1470.csv,1.6791999999999987e-09,,45,,0,,50 ohms time 0.01
,SiC,1.0,Electron 191V,2.0,1.471551653030126e-41,0.0,40.0,/Users/rkfuentes/Documents/md_anderson_analysis/yepes_code/data/2025-11-20/scope-results-2025-11-20-1505.csv,2.950666666666685e-10,,43,,0,,50 ohms time 0.01
,SiC,1.0,Electron 191V,2.0,1.471551653030126e-41,0.0,40.0,/Users/rkfuentes/Documents/md_anderson_analysis/yepes_code/data/2025-11-20/scope-results-2025-11-20-1506.csv,2.1386666666667594e-10,,217,,0,,50 ohms time 0.01
,SiC,1.0,Electron 191V,2.0,1.471551653030126e-41,0.0,40.0,/Users/rkfuentes/Documents/md_anderson_analysis/yepes_code/data/2025-11-20/scope-results-2025-11-20-1507.csv,2.0029333333333273e-09,,222,,0,,50 ohms time 0.01
,SiC,1.0,Electron 191V,2.0,1.471551653030126e-41,0.0,40.0,/Users/rkfuentes/Documents/md_anderson_analysis/yepes_code/data/2025-11-20/scope-results-2025-11-20-1508.csv,2.5333333333333323e-10,,44,,0,,50 ohms time 0.01
,SiC,1.0,Electron 191V,2.0,1.471551653030126e-41,0.0,40.0,/Users/rkfuentes/Documents/md_anderson_analysis/yepes_code/data/2025-11-20/scope-results-2025-11-20-1509.csv,1.213600000000007e-09,,201,,0,,50 ohms time 0.01
,SiC,1.0,Electron 191V,2.0,1.471551653030126e-41,0.0,40.0,/Users/rkfuentes/Documents/md_anderson_analysis/yepes_code/data/2025-11-20/scope-results-2025-11-20-1510.csv,1.389333333333347e-10,,37,,0,,50 ohms time 0.01
,SiC,1.0,Electron 191V,2.0,1.471551653030126e-41,0.0,40.0,/Users/rkfuentes/Documents/md_anderson_analysis/yepes_code/data/2025-11-20/scope-results-2025-11-20-1511.csv,2.062666666666703e-10,,27,,0,,50 ohms time 0.01
,SiC,1.0,Electron 191V,2.0,1.471551653030126e-41,0.0,40.0,/Users/rkfuentes/Documents/md_anderson_analysis/yepes_code/data/2025-11-20/scope-results-2025-11-20-1512.csv,2.0960000000000205e-10,,20,,0,,50 ohms time 0.01
,SiC,1.0,Electron 191V,2.0,1.471551653030126e-41,0.0,40.0,/Users/rkfuentes/Documents/md_anderson_analysis/yepes_code/data/2025-11-20/scope-results-2025-11-20-1513.csv,2.3229333333333287e-09,,147,,0,,50 ohms time 0.01
,SiC,1.0,Electron 191V,2.0,1.471551653030126e-41,0.0,40.0,/Users/rkfuentes/Documents/md_anderson_analysis/yepes_code/data/2025-11-20/scope-results-2025-11-20-1514.csv,1.642666666666622e-10,,41,,0,,50 ohms time 0.01
,SiC,1.0,Electron 191V,2.0,1.471551653030126e-41,0.0,40.0,/Users/rkfuentes/Documents/md_anderson_analysis/yepes_code/data/2025-11-20/scope-results-2025-11-20-1515.csv,6.879999999998897e-11,,140,,0,,50 ohms time 0.01
,SiC,1.0,Electron 85V,2.0,1.471551653030126e-41,0.0,40.0,/Users/rkfuentes/Documents/md_anderson_analysis/yepes_code/data/2025-11-20/scope-results-2025-11-20-1532.csv,6.346666666666788e-11,,48,,0,,50 ohms time 0.01 no collimator
,SiC,1.0,Electron 85V,2.0,1.471551653030126e-41,0.0,40.0,/Users/rkfuentes/Documents/md_anderson_analysis/yepes_code/data/2025-11-20/scope-results-2025-11-20-1533.csv,7.330655073906761e-10,,476,,0,,50 ohms time 0.01 no collimator
,SiC,1.0,Electron 85V,2.0,1.471551653030126e-41,0.0,40.0,/Users/rkfuentes/Documents/md_anderson_analysis/yepes_code/data/2025-11-20/scope-results-2025-11-20-1534.csv,2.2800000000001035e-11,,31,,0,,50 ohms time 0.01 no collimator
,SiC,1.0,Electron 85V,2.0,1.471551653030126e-41,0.0,40.0,/Users/rkfuentes/Documents/md_anderson_analysis/yepes_code/data/2025-11-20/scope-results-2025-11-20-1535.csv,3.1386666666666606e-10,,41,,0,,50 ohms time 0.01 no collimator
,SiC,1.0,Electron 85V,2.0,1.471551653030126e-41,0.0,40.0,/Users/rkfuentes/Documents/md_anderson_analysis/yepes_code/data/2025-11-20/scope-results-2025-11-20-1536.csv,7.993333333333291e-11,,28,,0,,50 ohms time 0.01 no collimator
,SiC,1.0,Electron 85V,2.0,1.471551653030126e-41,0.0,40.0,/Users/rkfuentes/Documents/md_anderson_analysis/yepes_code/data/2025-11-20/scope-results-2025-11-20-1537.csv,4.469999999999916e-10,,60,,0,,50 ohms time 0.01 no collimator
,SiC,1.0,Electron 85V,2.0,1.471551653030126e-41,0.0,40.0,/Users/rkfuentes/Documents/md_anderson_analysis/yepes_code/data/2025-11-20/scope-results-2025-11-20-1538.csv,2.5553307658620902e-11,,34,,0,,50 ohms time 0.01 no collimator
,SiC,1.0,Electron 85V,2.0,1.471551653030126e-41,0.0,40.0,/Users/rkfuentes/Documents/md_anderson_analysis/yepes_code/data/2025-11-20/scope-results-2025-11-20-1539.csv,1.0394007702413617e-10,,27,,0,,50 ohms time 0.01 no collimator
,SiC,1.0,Electron 85V,2.0,1.471551653030126e-41,0.0,40.0,/Users/rkfuentes/Documents/md_anderson_analysis/yepes_code/data/2025-11-20/scope-results-2025-11-20-1540.csv,4.099999999998615e-11,,46,,0,,50 ohms time 0.01 no collimator
,SiC,1.0,Electron 85V,2.0,1.471551653030126e-41,0.0,40.0,/Users/rkfuentes/Documents/md_anderson_analysis/yepes_code/data/2025-11-20/scope-results-2025-11-20-1541.csv,1.1440000000000137e-10,,29,,0,,50 ohms time 0.01 no collimator
,SiC,1.0,Electron 85V,2.0,1.471551653030126e-41,0.0,40.0,/Users/rkfuentes/Documents/md_anderson_analysis/yepes_code/data/2025-11-20/scope-results-2025-11-20-1542.csv,1.850666666666694e-10,,51,,0,,50 ohms time 0.01 no collimator
,SiC,1.0,Electron 85V,2.0,1.471551653030126e-41,0.0,40.0,/Users/rkfuentes/Documents/md_anderson_analysis/yepes_code/data/2025-11-20/scope-results-2025-11-20-1543.csv,1.9498002567471328e-10,,27,,0,,50 ohms time 0.01 no collimator
,SiC,1.0,Electron 85V,2.0,1.471551653030126e-41,0.0,40.0,/Users/rkfuentes/Documents/md_anderson_analysis/yepes_code/data/2025-11-20/scope-results-2025-11-20-1544.csv,7.440000000002736e-11,,63,,0,,50 ohms time 0.01 no collimator
,SiC,1.0,Electron 85V,2.0,1.471551653030126e-41,0.0,40.0,/Users/rkfuentes/Documents/md_anderson_analysis/yepes_code/data/2025-11-20/scope-results-2025-11-20-1545.csv,1.8506666666670219e-10,,75,,0,,50 ohms time 0.01 no collimator
,SiC,1.0,Electron 85V,2.0,1.471551653030126e-41,0.0,40.0,/Users/rkfuentes/Documents/md_anderson_analysis/yepes_code/data/2025-11-20/scope-results-2025-11-20-1546.csv,9.99999999999815e-12,,29,,0,,50 ohms time 0.01 no collimator
,SiC,1.0,Electron 110V,2.0,1.471551653030126e-41,0.0,40.0,/Users/rkfuentes/Documents/md_anderson_analysis/yepes_code/data/2025-11-20/scope-results-2025-11-20-1547.csv,9.176533333333352e-09,,275,,0,,50 ohms time 0.01 no collimator
,SiC,1.0,Electron 110V,2.0,1.471551653030126e-41,0.0,40.0,/Users/rkfuentes/Documents/md_anderson_analysis/yepes_code/data/2025-11-20/scope-results-2025-11-20-1548.csv,6.452133333333336e-09,,283,,0,,50 ohms time 0.01 no collimator
,SiC,1.0,Electron 191V,2.0,1.471551653030126e-41,0.0,40.0,/Users/rkfuentes/Documents/md_anderson_analysis/yepes_code/data/2025-11-20/scope-results-2025-11-20-1549.csv,2.537040000000002e-08,,137,,0,,50 ohms time 0.01 no collimator
,SiC,1.0,Electron 191V,2.0,1.471551653030126e-41,0.0,40.0,/Users/rkfuentes/Documents/md_anderson_analysis/yepes_code/data/2025-11-20/scope-results-2025-11-20-1550.csv,2.1052466666666673e-08,,132,,0,,50 ohms time 0.01 no collimator
,SiC,1.0,Electron 110V,2.0,1.471551653030126e-41,0.0,40.0,/Users/rkfuentes/Documents/md_anderson_analysis/yepes_code/data/2025-11-20/scope-results-2025-11-20-1551.csv,1.7525799999999983e-08,,157,,0,,50 ohms time 0.01 no collimator
,SiC,1.0,Electron 110V,2.0,1.471551653030126e-41,0.0,40.0,/Users/rkfuentes/Documents/md_anderson_analysis/yepes_code/data/2025-11-20/scope-results-2025-11-20-1552.csv,1.6384000000000033e-08,,139,,0,,50 ohms time 0.01 no collimator
,SiC,1.0,Electron 110V,2.0,1.471551653030126e-41,0.0,40.0,/Users/rkfuentes/Documents/md_anderson_analysis/yepes_code/data/2025-11-20/scope-results-2025-11-20-1553.csv,1.4919266666666676e-08,,146,,0,,50 ohms time 0.01 no collimator
,SiC,1.0,Electron 110V,2.0,1.471551653030126e-41,0.0,40.0,/Users/rkfuentes/Documents/md_anderson_analysis/yepes_code/data/2025-11-20/scope-results-2025-11-20-1560.csv,1.7461600000000003e-08,,144,,0,,50 ohms time 0.01 no collimator
,SiC,1.0,Electron 110V,2.0,1.471551653030126e-41,0.0,40.0,/Users/rkfuentes/Documents/md_anderson_analysis/yepes_code/data/2025-11-20/scope-results-2025-11-20-1561.csv,1.347333333333331e-08,,142,,0,,50 ohms time 0.01 no collimator
,SiC,1.0,Electron 110V,2.0,1.471551653030126e-41,0.0,40.0,/Users/rkfuentes/Documents/md_anderson_analysis/yepes_code/data/2025-11-20/scope-results-2025-11-20-1562.csv,1.4585066666666685e-08,,144,,0,,50 ohms time 0.01 no collimator
,SiC,1.0,Electron 110V,2.0,1.471551653030126e-41,0.0,40.0,/Users/rkfuentes/Documents/md_anderson_analysis/yepes_code/data/2025-11-20/scope-results-2025-11-20-1563.csv,1.5294266666666675e-08,,135,,0,,50 ohms time 0.01 no collimator
,SiC,1.0,Electron 191V,2.0,1.471551653030126e-41,0.0,40.0,/Users/rkfuentes/Documents/md_anderson_analysis/yepes_code/data/2025-11-20/scope-results-2025-11-20-1564.csv,1.7818133333333346e-08,,31,,0,,50 ohms time 0.01 no collimator
,SiC,1.0,Electron 191V,2.0,1.471551653030126e-41,0.0,40.0,/Users/rkfuentes/Documents/md_anderson_analysis/yepes_code/data/2025-11-20/scope-results-2025-11-20-1565.csv,1.828693333333332e-08,,21,,0,,50 ohms time 0.01 no collimator
,SiC,1.0,Electron 191V,2.0,1.471551653030126e-41,0.0,40.0,/Users/rkfuentes/Documents/md_anderson_analysis/yepes_code/data/2025-11-20/scope-results-2025-11-20-1566.csv,1.667653333333333e-08,,30,,0,,50 ohms time 0.01 no collimator
,SiC,1.0,Electron 191V,2.0,1.471551653030126e-41,0.0,40.0,/Users/rkfuentes/Documents/md_anderson_analysis/yepes_code/data/2025-11-20/scope-results-2025-11-20-1567.csv,3.153013333333334e-08,,34,,0,,50 ohms time 0.01 no collimator
,SiC,1.0,Electron 191V,2.0,1.471551653030126e-41,0.0,40.0,/Users/rkfuentes/Documents/md_anderson_analysis/yepes_code/data/2025-11-20/scope-results-2025-11-20-1568.csv,3.204e-08,,34,,0,,50 ohms time 0.01 no collimator
,SiC,1.0,Electron 191V,2.0,1.471551653030126e-41,0.0,40.0,/Users/rkfuentes/Documents/md_anderson_analysis/yepes_code/data/2025-11-20/scope-results-2025-11-20-1569.csv,3.7260133333333336e-08,,28,,0,,50 ohms time 0.01 no collimator
,SiC,1.0,Electron 191V,2.0,1.471551653030126e-41,0.0,40.0,/Users/rkfuentes/Documents/md_anderson_analysis/yepes_code/data/2025-11-20/scope-results-2025-11-20-1570.csv,3.224746666666668e-08,,37,,0,,50 ohms time 0.01 no collimator
,SiC,1.0,Electron 191V,2.0,1.471551653030126e-41,0.0,40.0,/Users/rkfuentes/Documents/md_anderson_analysis/yepes_code/data/2025-11-20/scope-results-2025-11-20-1571.csv,3.196866666666668e-08,,23,,0,,50 ohms time 0.01 no collimator
,SiC,1.0,Electron 191V,2.0,1.471551653030126e-41,0.0,40.0,/Users/rkfuentes/Documents/md_anderson_analysis/yepes_code/data/2025-11-20/scope-results-2025-11-20-1572.csv,2.9813333333333415e-10,,18,,0,,50 ohms time 0.01 no collimator
,SiC,1.0,Electron 191V,2.0,1.471551653030126e-41,0.0,40.0,/Users/rkfuentes/Documents/md_anderson_analysis/yepes_code/data/2025-11-20/scope-results-2025-11-20-1573.csv,4.000000000010748e-12,,23,,0,,50 ohms time 0.01 no collimator
,SiC,1.0,Electron 110V,2.0,1.471551653030126e-41,0.0,40.0,/Users/rkfuentes/Documents/md_anderson_analysis/yepes_code/data/2025-11-20/scope-results-2025-11-20-1581.csv,1.3897333333333338e-08,,130,,0,,50 ohms time 0.01 no collimator
,SiC,1.0,Electron 110V,2.0,1.471551653030126e-41,0.0,40.0,/Users/rkfuentes/Documents/md_anderson_analysis/yepes_code/data/2025-11-20/scope-results-2025-11-20-1582.csv,1.2533333333333326e-08,,120,,0,,50 ohms time 0.01 no collimator
,SiC,1.0,Electron 110V,2.0,1.471551653030126e-41,0.0,40.0,/Users/rkfuentes/Documents/md_anderson_analysis/yepes_code/data/2025-11-20/scope-results-2025-11-20-1583.csv,9.531999999999996e-09,,142,,0,,50 ohms time 0.01 no collimator
,SiC,1.0,Electron 85V,2.0,3.2838317827216953e-196,0.0,200.0,/Users/rkfuentes/Documents/md_anderson_analysis/yepes_code/data/2025-11-20/scope-results-2025-11-20-1617.csv,5.133333333333436e-11,,26,,0,,50 ohms time 0.01 no collimator
,SiC,1.0,Electron 85V,2.0,3.2838317827216953e-196,0.0,200.0,/Users/rkfuentes/Documents/md_anderson_analysis/yepes_code/data/2025-11-20/scope-results-2025-11-20-1618.csv,3.3666666666665174e-11,,30,,0,,50 ohms time 0.01 no collimator
,SiC,1.0,Electron 85V,2.0,3.2838317827216953e-196,0.0,200.0,/Users/rkfuentes/Documents/md_anderson_analysis/yepes_code/data/2025-11-20/scope-results-2025-11-20-1619.csv,4.393333333333331e-10,,26,,0,,50 ohms time 0.01 no collimator
,SiC,1.0,Electron 85V,2.0,3.2838317827216953e-196,0.0,200.0,/Users/rkfuentes/Documents/md_anderson_analysis/yepes_code/data/2025-11-20/scope-results-2025-11-20-1620.csv,1.600000000000148e-11,,21,,0,,50 ohms time 0.01 no collimator
,SiC,1.0,Electron 85V,2.0,3.2838317827216953e-196,0.0,200.0,/Users/rkfuentes/Documents/md_anderson_analysis/yepes_code/data/2025-11-20/scope-results-2025-11-20-1621.csv,1.0666666666663804e-11,,22,,0,,50 ohms time 0.01 no collimator
,SiC,1.0,Electron 85V,2.0,3.2838317827216953e-196,0.0,200.0,/Users/rkfuentes/Documents/md_anderson_analysis/yepes_code/data/2025-11-20/scope-results-2025-11-20-1622.csv,3.113666666666643e-09,,46,,0,,50 ohms time 0.01 no collimator
,SiC,1.0,Electron 85V,2.0,3.2838317827216953e-196,0.0,200.0,/Users/rkfuentes/Documents/md_anderson_analysis/yepes_code/data/2025-11-20/scope-results-2025-11-20-1623.csv,1.6333333333333148e-11,,19,,0,,50 ohms time 0.01 no collimator
,SiC,1.0,Electron 85V,2.0,3.2838317827216953e-196,0.0,200.0,/Users/rkfuentes/Documents/md_anderson_analysis/yepes_code/data/2025-11-20/scope-results-2025-11-20-1624.csv,5.3666666666660536e-11,,25,,0,,50 ohms time 0.01 no collimator
,SiC,1.0,Electron 85V,2.0,3.2838317827216953e-196,0.0,200.0,/Users/rkfuentes/Documents/md_anderson_analysis/yepes_code/data/2025-11-20/scope-results-2025-11-20-1625.csv,1.069999999999993e-10,,33,,0,,50 ohms time 0.01 no collimator
,SiC,1.0,Electron 85V,2.0,3.2838317827216953e-196,0.0,200.0,/Users/rkfuentes/Documents/md_anderson_analysis/yepes_code/data/2025-11-20/scope-results-2025-11-20-1626.csv,3.3366666666666495e-10,,18,,0,,50 ohms time 0.01 no collimator
,SiC,1.0,Electron 85V,2.0,3.2838317827216953e-196,0.0,200.0,/Users/rkfuentes/Documents/md_anderson_analysis/yepes_code/data/2025-11-20/scope-results-2025-11-20-1627.csv,3.4666666666669274e-11,,25,,0,,50 ohms time 0.01 no collimator
,SiC,1.0,Electron 85V,2.0,3.2838317827216953e-196,0.0,200.0,/Users/rkfuentes/Documents/md_anderson_analysis/yepes_code/data/2025-11-20/scope-results-2025-11-20-1628.csv,8.933333333333608e-11,,18,,0,,50 ohms time 0.01 no collimator
,SiC,1.0,Electron 85V,2.0,3.2838317827216953e-196,0.0,200.0,/Users/rkfuentes/Documents/md_anderson_analysis/yepes_code/data/2025-11-20/scope-results-2025-11-20-1629.csv,2.133333333332703e-11,,17,,0,,50 ohms time 0.01 no collimator
,SiC,1.0,Electron 110V,2.0,3.2838317827216953e-196,0.0,200.0,/Users/rkfuentes/Documents/md_anderson_analysis/yepes_code/data/2025-11-20/scope-results-2025-11-20-1670.csv,3.3426666666666543e-09,,45,,0,,50 ohms time 0.01 no collimator
,SiC,1.0,Electron 110V,2.0,3.2838317827216953e-196,0.0,200.0,/Users/rkfuentes/Documents/md_anderson_analysis/yepes_code/data/2025-11-20/scope-results-2025-11-20-1671.csv,8.033333333334217e-11,,27,,0,,50 ohms time 0.01 no collimator
,SiC,1.0,Electron 110V,2.0,3.2838317827216953e-196,0.0,200.0,/Users/rkfuentes/Documents/md_anderson_analysis/yepes_code/data/2025-11-20/scope-results-2025-11-20-1672.csv,1.8766666666666607e-10,,25,,0,,50 ohms time 0.01 no collimator
,SiC,1.0,Electron 110V,2.0,3.2838317827216953e-196,0.0,200.0,/Users/rkfuentes/Documents/md_anderson_analysis/yepes_code/data/2025-11-20/scope-results-2025-11-20-1673.csv,9.466666666666276e-11,,25,,0,,50 ohms time 0.01 no collimator
,SiC,1.0,Electron 110V,2.0,3.2838317827216953e-196,0.0,200.0,/Users/rkfuentes/Documents/md_anderson_analysis/yepes_code/data/2025-11-20/scope-results-2025-11-20-1674.csv,2.5900000000000055e-10,,32,,0,,50 ohms time 0.01 no collimator
,SiC,1.0,Electron 110V,2.0,3.2838317827216953e-196,0.0,200.0,/Users/rkfuentes/Documents/md_anderson_analysis/yepes_code/data/2025-11-20/scope-results-2025-11-20-1675.csv,2.7299999999999755e-09,,50,,0,,50 ohms time 0.01 no collimator
,SiC,1.0,Electron 110V,2.0,3.2838317827216953e-196,0.0,200.0,/Users/rkfuentes/Documents/md_anderson_analysis/yepes_code/data/2025-11-20/scope-results-2025-11-20-1676.csv,3.0396666666666705e-09,,51,,0,,50 ohms time 0.01 no collimator
,SiC,1.0,Electron 110V,2.0,3.2838317827216953e-196,0.0,200.0,/Users/rkfuentes/Documents/md_anderson_analysis/yepes_code/data/2025-11-20/scope-results-2025-11-20-1677.csv,2.735999999999993e-09,,52,,0,,50 ohms time 0.01 no collimator
,SiC,1.0,Electron 110V,2.0,3.2838317827216953e-196,0.0,200.0,/Users/rkfuentes/Documents/md_anderson_analysis/yepes_code/data/2025-11-20/scope-results-2025-11-20-1678.csv,2.6666666666670927e-11,,15,,0,,50 ohms time 0.01 no collimator
,SiC,1.0,Electron 110V,2.0,3.2838317827216953e-196,0.0,200.0,/Users/rkfuentes/Documents/md_anderson_analysis/yepes_code/data/2025-11-20/scope-results-2025-11-20-1679.csv,6.533333333332976e-11,,26,,0,,50 ohms time 0.01 no collimator
,SiC,1.0,Electron 110V,2.0,3.2838317827216953e-196,0.0,200.0,/Users/rkfuentes/Documents/md_anderson_analysis/yepes_code/data/2025-11-20/scope-results-2025-11-20-1680.csv,2.9866666666666646e-10,,32,,0,,50 ohms time 0.01 no collimator
,SiC,1.0,Electron 110V,2.0,3.2838317827216953e-196,0.0,200.0,/Users/rkfuentes/Documents/md_anderson_analysis/yepes_code/data/2025-11-20/scope-results-2025-11-20-1681.csv,4.486666666666688e-09,,43,,0,,50 ohms time 0.01 no collimator
,SiC,1.0,Electron 110V,2.0,3.2838317827216953e-196,0.0,200.0,/Users/rkfuentes/Documents/md_anderson_analysis/yepes_code/data/2025-11-20/scope-results-2025-11-20-1682.csv,2.9510000000000387e-09,,49,,0,,50 ohms time 0.01 no collimator
,SiC,1.0,Electron 110V,2.0,3.2838317827216953e-196,0.0,200.0,/Users/rkfuentes/Documents/md_anderson_analysis/yepes_code/data/2025-11-20/scope-results-2025-11-20-1683.csv,1.8163333333333377e-09,,50,,0,,50 ohms time 0.01 no collimator
,SiC,1.0,Electron 110V,2.0,3.2838317827216953e-196,0.0,200.0,/Users/rkfuentes/Documents/md_anderson_analysis/yepes_code/data/2025-11-20/scope-results-2025-11-20-1684.csv,1.233333333332995e-11,,27,,0,,50 ohms time 0.01 no collimator
,SiC,1.0,Electron 110V,2.0,3.2838317827216953e-196,0.0,200.0,/Users/rkfuentes/Documents/md_anderson_analysis/yepes_code/data/2025-11-20/scope-results-2025-11-20-1685.csv,5.466666666666118e-11,,83,,0,,50 ohms time 0.01 no collimator
,SiC,1.0,Electron 110V,2.0,3.2838317827216953e-196,0.0,200.0,/Users/rkfuentes/Documents/md_anderson_analysis/yepes_code/data/2025-11-20/scope-results-2025-11-20-1686.csv,4.5333333333331096e-11,,22,,0,,50 ohms time 0.01 no collimator
,SiC,1.0,Electron 110V,2.0,3.2838317827216953e-196,0.0,200.0,/Users/rkfuentes/Documents/md_anderson_analysis/yepes_code/data/2025-11-20/scope-results-2025-11-20-1687.csv,5.599999999999997e-11,,24,,0,,50 ohms time 0.01 no collimator
,SiC,1.0,Electron 110V,2.0,3.2838317827216953e-196,0.0,200.0,/Users/rkfuentes/Documents/md_anderson_analysis/yepes_code/data/2025-11-20/scope-results-2025-11-20-1688.csv,1.6586666666666614e-09,,32,,0,,50 ohms time 0.01 no collimator
,SiC,1.0,Electron 110V,2.0,3.2838317827216953e-196,0.0,200.0,/Users/rkfuentes/Documents/md_anderson_analysis/yepes_code/data/2025-11-20/scope-results-2025-11-20-1689.csv,3.466666666666842e-11,,28,,0,,50 ohms time 0.01 no collimator
,SiC,1.0,Electron 110V,2.0,3.2838317827216953e-196,0.0,200.0,/Users/rkfuentes/Documents/md_anderson_analysis/yepes_code/data/2025-11-20/scope-results-2025-11-20-1690.csv,7.013333333333298e-10,,24,,0,,50 ohms time 0.01 no collimator
,SiC,1.0,Electron 110V,2.0,3.2838317827216953e-196,0.0,200.0,/Users/rkfuentes/Documents/md_anderson_analysis/yepes_code/data/2025-11-20/scope-results-2025-11-20-1691.csv,1.2233333333333694e-10,,22,,0,,50 ohms time 0.01 no collimator
,SiC,1.0,Electron 110V,2.0,3.2838317827216953e-196,0.0,200.0,/Users/rkfuentes/Documents/md_anderson_analysis/yepes_code/data/2025-11-20/scope-results-2025-11-20-1692.csv,3.266666666666602e-11,,26,,0,,50 ohms time 0.01 no collimator
,SiC,1.0,Electron 110V,2.0,3.2838317827216953e-196,0.0,200.0,/Users/rkfuentes/Documents/md_anderson_analysis/yepes_code/data/2025-11-20/scope-results-2025-11-20-1693.csv,1.3066666666666632e-10,,29,,0,,50 ohms time 0.01 no collimator
,SiC,1.0,Electron 110V,2.0,3.2838317827216953e-196,0.0,200.0,/Users/rkfuentes/Documents/md_anderson_analysis/yepes_code/data/2025-11-20/scope-results-2025-11-20-1694.csv,1.903333333333369e-10,,26,,0,,50 ohms time 0.01 no collimator
,SiC,1.0,Electron 110V,2.0,3.2838317827216953e-196,0.0,200.0,/Users/rkfuentes/Documents/md_anderson_analysis/yepes_code/data/2025-11-20/scope-results-2025-11-20-1695.csv,1.130666666666669e-09,,23,,0,,50 ohms time 0.01 no collimator
,SiC,1.0,Electron 110V,2.0,3.2838317827216953e-196,0.0,200.0,/Users/rkfuentes/Documents/md_anderson_analysis/yepes_code/data/2025-11-20/scope-results-2025-11-20-1696.csv,2.8426666666666697e-09,,37,,0,,50 ohms time 0.01 no collimator
,SiC,1.0,Electron 110V,2.0,3.2838317827216953e-196,0.0,200.0,/Users/rkfuentes/Documents/md_anderson_analysis/yepes_code/data/2025-11-20/scope-results-2025-11-20-1697.csv,7.16666666666664e-11,,21,,0,,50 ohms time 0.01 no collimator
,SiC,1.0,Electron 110V,2.0,3.2838317827216953e-196,0.0,200.0,/Users/rkfuentes/Documents/md_anderson_analysis/yepes_code/data/2025-11-20/scope-results-2025-11-20-1698.csv,7.06666666666632e-11,,28,,0,,50 ohms time 0.01 no collimator
,SiC,1.0,Electron 110V,2.0,3.2838317827216953e-196,0.0,200.0,/Users/rkfuentes/Documents/md_anderson_analysis/yepes_code/data/2025-11-20/scope-results-2025-11-20-1699.csv,2.2986666666666612e-09,,32,,0,,50 ohms time 0.01 no collimator
,SiC,1.0,Electron 110V,2.0,3.2838317827216953e-196,0.0,200.0,/Users/rkfuentes/Documents/md_anderson_analysis/yepes_code/data/2025-11-20/scope-results-2025-11-20-1700.csv,2.5080000000000033e-09,,49,,0,,50 ohms time 0.01 no collimator
,SiC,1.0,Electron 110V,2.0,3.2838317827216953e-196,0.0,200.0,/Users/rkfuentes/Documents/md_anderson_analysis/yepes_code/data/2025-11-20/scope-results-2025-11-20-1701.csv,1.4366666666666537e-10,,29,,0,,50 ohms time 0.01 no collimator
,SiC,1.0,Electron 110V,2.0,3.2838317827216953e-196,0.0,200.0,/Users/rkfuentes/Documents/md_anderson_analysis/yepes_code/data/2025-11-20/scope-results-2025-11-20-1702.csv,1.7800000000000075e-09,,120,,0,,50 ohms time 0.01 no collimator
,SiC,1.0,Electron 85V,2.0,1.4910854504614855e-99,0.0,100.0,/Users/rkfuentes/Documents/md_anderson_analysis/yepes_code/data/2025-11-20/scope-results-2025-11-20-1809.csv,2.0946666666666829e-10,,28,,0,,50 ohms time 0.01 no collimator
,SiC,1.0,Electron 85V,2.0,1.4910854504614855e-99,0.0,100.0,/Users/rkfuentes/Documents/md_anderson_analysis/yepes_code/data/2025-11-20/scope-results-2025-11-20-1810.csv,5.4133333333334416e-11,,26,,0,,50 ohms time 0.01 no collimator
,SiC,1.0,Electron 85V,2.0,1.4910854504614855e-99,0.0,100.0,/Users/rkfuentes/Documents/md_anderson_analysis/yepes_code/data/2025-11-20/scope-results-2025-11-20-1811.csv,1.9733333333333133e-10,,26,,0,,50 ohms time 0.01 no collimator
,SiC,1.0,Electron 85V,2.0,1.4910854504614855e-99,0.0,100.0,/Users/rkfuentes/Documents/md_anderson_analysis/yepes_code/data/2025-11-20/scope-results-2025-11-20-1812.csv,2.824000000000001e-10,,25,,0,,50 ohms time 0.01 no collimator
,SiC,1.0,Electron 85V,2.0,1.4910854504614855e-99,0.0,100.0,/Users/rkfuentes/Documents/md_anderson_analysis/yepes_code/data/2025-11-20/scope-results-2025-11-20-1813.csv,5.453333333333516e-11,,25,,0,,50 ohms time 0.01 no collimator
,SiC,1.0,Electron 85V,2.0,1.4910854504614855e-99,0.0,100.0,/Users/rkfuentes/Documents/md_anderson_analysis/yepes_code/data/2025-11-20/scope-results-2025-11-20-1814.csv,3.6133333333335945e-11,,26,,0,,50 ohms time 0.01 no collimator
,SiC,1.0,Electron 85V,2.0,1.4910854504614855e-99,0.0,100.0,/Users/rkfuentes/Documents/md_anderson_analysis/yepes_code/data/2025-11-20/scope-results-2025-11-20-1815.csv,8.266666666666813e-11,,27,,0,,50 ohms time 0.01 no collimator
,SiC,1.0,Electron 85V,2.0,1.4910854504614855e-99,0.0,100.0,/Users/rkfuentes/Documents/md_anderson_analysis/yepes_code/data/2025-11-20/scope-results-2025-11-20-1816.csv,9.293333333333536e-11,,26,,0,,50 ohms time 0.01 no collimator
,SiC,1.0,Electron 85V,2.0,1.4910854504614855e-99,0.0,100.0,/Users/rkfuentes/Documents/md_anderson_analysis/yepes_code/data/2025-11-20/scope-results-2025-11-20-1817.csv,8.786666666666551e-11,,26,,0,,50 ohms time 0.01 no collimator
,SiC,1.0,Electron 85V,2.0,1.4910854504614855e-99,0.0,100.0,/Users/rkfuentes/Documents/md_anderson_analysis/yepes_code/data/2025-11-20/scope-results-2025-11-20-1818.csv,2.180000000000017e-10,,24,,0,,50 ohms time 0.01 no collimator
,SiC,1.0,Electron 85V,2.0,1.4910854504614855e-99,0.0,100.0,/Users/rkfuentes/Documents/md_anderson_analysis/yepes_code/data/2025-11-20/scope-results-2025-11-20-1819.csv,8.999999999999637e-11,,34,,0,,50 ohms time 0.01 no collimator
,SiC,1.0,Electron 85V,2.0,1.4910854504614855e-99,0.0,100.0,/Users/rkfuentes/Documents/md_anderson_analysis/yepes_code/data/2025-11-20/scope-results-2025-11-20-1820.csv,1.917333333333359e-10,,24,,0,,50 ohms time 0.01 no collimator
,SiC,1.0,Electron 85V,2.0,1.4910854504614855e-99,0.0,100.0,/Users/rkfuentes/Documents/md_anderson_analysis/yepes_code/data/2025-11-20/scope-results-2025-11-20-1821.csv,5.880000000000157e-11,,27,,0,,50 ohms time 0.01 no collimator
,SiC,1.0,Electron 85V,2.0,1.4910854504614855e-99,0.0,100.0,/Users/rkfuentes/Documents/md_anderson_analysis/yepes_code/data/2025-11-20/scope-results-2025-11-20-1822.csv,1.834666666666667e-10,,23,,0,,50 ohms time 0.01 no collimator
,SiC,1.0,Electron 85V,2.0,1.4910854504614855e-99,0.0,100.0,/Users/rkfuentes/Documents/md_anderson_analysis/yepes_code/data/2025-11-20/scope-results-2025-11-20-1823.csv,2.5813333333333434e-10,,25,,0,,50 ohms time 0.01 no collimator
,SiC,1.0,Electron 85V,2.0,1.4910854504614855e-99,0.0,100.0,/Users/rkfuentes/Documents/md_anderson_analysis/yepes_code/data/2025-11-20/scope-results-2025-11-20-1824.csv,4.266666666667436e-12,,18,,0,,50 ohms time 0.01 no collimator
,SiC,1.0,Electron 85V,2.0,1.4910854504614855e-99,0.0,100.0,/Users/rkfuentes/Documents/md_anderson_analysis/yepes_code/data/2025-11-20/scope-results-2025-11-20-1825.csv,1.0519999999999985e-10,,27,,0,,50 ohms time 0.01 no collimator
,SiC,1.0,Electron 85V,2.0,1.4910854504614855e-99,0.0,100.0,/Users/rkfuentes/Documents/md_anderson_analysis/yepes_code/data/2025-11-20/scope-results-2025-11-20-1826.csv,8.373333333333309e-11,,27,,0,,50 ohms time 0.01 no collimator
,SiC,1.0,Electron 110V,2.0,1.4910854504614855e-99,0.0,100.0,/Users/rkfuentes/Documents/md_anderson_analysis/yepes_code/data/2025-11-20/scope-results-2025-11-20-1882.csv,9.82666666666667e-09,,103,,0,,50 ohms time 0.01
,SiC,1.0,Electron 110V,2.0,1.4910854504614855e-99,0.0,100.0,/Users/rkfuentes/Documents/md_anderson_analysis/yepes_code/data/2025-11-20/scope-results-2025-11-20-1883.csv,8.540800000000011e-09,,86,,0,,50 ohms time 0.01
,SiC,1.0,Electron 110V,2.0,1.4910854504614855e-99,0.0,100.0,/Users/rkfuentes/Documents/md_anderson_analysis/yepes_code/data/2025-11-20/scope-results-2025-11-20-1884.csv,9.282666666666672e-09,,93,,0,,50 ohms time 0.01
,SiC,1.0,Electron 110V,2.0,1.4910854504614855e-99,0.0,100.0,/Users/rkfuentes/Documents/md_anderson_analysis/yepes_code/data/2025-11-20/scope-results-2025-11-20-1885.csv,9.365866666666692e-09,,89,,0,,50 ohms time 0.01
,SiC,1.0,Electron 110V,2.0,1.4910854504614855e-99,0.0,100.0,/Users/rkfuentes/Documents/md_anderson_analysis/yepes_code/data/2025-11-20/scope-results-2025-11-20-1886.csv,9.787733333333326e-09,,94,,0,,50 ohms time 0.01
,SiC,1.0,Electron 110V,2.0,1.4910854504614855e-99,0.0,100.0,/Users/rkfuentes/Documents/md_anderson_analysis/yepes_code/data/2025-11-20/scope-results-2025-11-20-1887.csv,8.498800000000013e-09,,96,,0,,50 ohms time 0.01
,SiC,1.0,Electron 110V,2.0,1.471551653030126e-41,0.0,40.0,/Users/rkfuentes/Documents/md_anderson_analysis/yepes_code/data/2025-11-20/scope-results-2025-11-20-1888.csv,1.002613333333333e-08,,259,,0,,50 ohms time 0.01
,SiC,1.0,Electron 110V,2.0,1.471551653030126e-41,0.0,40.0,/Users/rkfuentes/Documents/md_anderson_analysis/yepes_code/data/2025-11-20/scope-results-2025-11-20-1889.csv,9.765333333333338e-09,,274,,0,,50 ohms time 0.01
,SiC,1.0,Electron 110V,2.0,1.471551653030126e-41,0.0,40.0,/Users/rkfuentes/Documents/md_anderson_analysis/yepes_code/data/2025-11-20/scope-results-2025-11-20-1890.csv,8.897066666666681e-09,,271,,0,,50 ohms time 0.01
,SiC,1.0,Electron 110V,2.0,1.471551653030126e-41,0.0,40.0,/Users/rkfuentes/Documents/md_anderson_analysis/yepes_code/data/2025-11-20/scope-results-2025-11-20-1891.csv,1.2556799999999992e-08,,276,,0,,50 ohms time 0.01
,SiC,1.0,Electron 110V,2.0,3.1564567068236633e-22,0.0,20.0,/Users/rkfuentes/Documents/md_anderson_analysis/yepes_code/data/2025-11-20/scope-results-2025-11-20-1892.csv,1.1888666666666669e-08,,257,,0,,50 ohms time 0.01
,SiC,1.0,Electron 110V,2.0,3.1564567068236633e-22,0.0,20.0,/Users/rkfuentes/Documents/md_anderson_analysis/yepes_code/data/2025-11-20/scope-results-2025-11-20-1893.csv,1.1444800000000012e-08,,264,,0,,50 ohms time 0.01
,SiC,1.0,Electron 110V,2.0,3.1564567068236633e-22,0.0,20.0,/Users/rkfuentes/Documents/md_anderson_analysis/yepes_code/data/2025-11-20/scope-results-2025-11-20-1894.csv,1.2883866666666675e-08,,282,,0,,50 ohms time 0.01
,SiC,1.0,Electron 110V,2.0,0.006770553328207308,0.0,0.0,/Users/rkfuentes/Documents/md_anderson_analysis/yepes_code/data/2025-11-20/scope-results-2025-11-20-1895.csv,8.980000000000031e-09,,267,,0,,50 ohms time 0.01
,SiC,1.0,Electron 110V,2.0,0.006770553328207308,0.0,0.0,/Users/rkfuentes/Documents/md_anderson_analysis/yepes_code/data/2025-11-20/scope-results-2025-11-20-1896.csv,8.930133333333323e-09,,253,,0,,50 ohms time 0.01
,SiC,1.0,Electron 110V,2.0,0.006770553328207308,0.0,0.0,/Users/rkfuentes/Documents/md_anderson_analysis/yepes_code/data/2025-11-20/scope-results-2025-11-20-1897.csv,8.612800000000011e-09,,285,,0,,50 ohms time 0.01
,SiC,1.0,Electron 110V,2.0,0.006770553328207308,0.0,0.0,/Users/rkfuentes/Documents/md_anderson_analysis/yepes_code/data/2025-11-20/scope-results-2025-11-20-1898.csv,8.135999999999981e-09,,277,,0,,50 ohms time 0.01
,SiC,1.0,Electron 110V,2.0,0.006770553328207308,0.0,0.0,/Users/rkfuentes/Documents/md_anderson_analysis/yepes_code/data/2025-11-20/scope-results-2025-11-20-1899.csv,6.866133333333351e-09,,255,,0,,50 ohms time 0.01
,SiC,1.0,Electron 110V,2.0,0.006770553328207308,0.0,0.0,/Users/rkfuentes/Documents/md_anderson_analysis/yepes_code/data/2025-11-20/scope-results-2025-11-20-1900.csv,8.400933333333305e-09,,266,,0,,50 ohms time 0.01
,SiC,1.0,Electron 110V,2.0,0.006770553328207308,0.0,0.0,/Users/rkfuentes/Documents/md_anderson_analysis/yepes_code/data/2025-11-20/scope-results-2025-11-20-1901.csv,1.0177466666666658e-08,,268,,0,,50 ohms time 0.01
,SiC,1.0,Electron 110V,2.0,1.461880927494686e-12,0.0,10.0,/Users/rkfuentes/Documents/md_anderson_analysis/yepes_code/data/2025-11-20/scope-results-2025-11-20-1902.csv,1.0773333333333336e-08,,278,,0,,50 ohms time 0.01
,SiC,1.0,Electron 110V,2.0,1.461880927494686e-12,0.0,10.0,/Users/rkfuentes/Documents/md_anderson_analysis/yepes_code/data/2025-11-20/scope-results-2025-11-20-1903.csv,9.154266666666664e-09,,268,,0,,50 ohms time 0.01
,SiC,1.0,Electron 110V,2.0,1.461880927494686e-12,0.0,10.0,/Users/rkfuentes/Documents/md_anderson_analysis/yepes_code/data/2025-11-20/scope-results-2025-11-20-1941.csv,9.568133333333355e-09,,271,,0,,50 ohms time 0.01
,SiC,1.0,Electron 110V,2.0,1.461880927494686e-12,0.0,10.0,/Users/rkfuentes/Documents/md_anderson_analysis/yepes_code/data/2025-11-20/scope-results-2025-11-20-1942.csv,8.613333333333322e-09,,271,,0,,50 ohms time 0.01
,SiC,1.0,Electron 110V,2.0,1.461880927494686e-12,0.0,10.0,/Users/rkfuentes/Documents/md_anderson_analysis/yepes_code/data/2025-11-20/scope-results-2025-11-20-1943.csv,1.0328266666666685e-08,,278,,0,,50 ohms time 0.01
,SiC,1.0,Electron 110V,2.0,1.461880927494686e-12,0.0,10.0,/Users/rkfuentes/Documents/md_anderson_analysis/yepes_code/data/2025-11-20/scope-results-2025-11-20-1944.csv,9.706666666666673e-09,,259,,0,,50 ohms time 0.01
,SiC,1.0,Electron 110V,2.0,1.461880927494686e-12,0.0,10.0,/Users/rkfuentes/Documents/md_anderson_analysis/yepes_code/data/2025-11-20/scope-results-2025-11-20-1945.csv,8.123200000000047e-09,,263,,0,,50 ohms time 0.01
,SiC,1.0,Electron 191V,2.0,1.461880927494686e-12,0.0,10.0,/Users/rkfuentes/Documents/md_anderson_analysis/yepes_code/data/2025-11-20/scope-results-2025-11-20-1975.csv,5.326773333333336e-08,,232,,0,,50 ohms time 0.01
,SiC,1.0,Electron 191V,2.0,1.461880927494686e-12,0.0,10.0,/Users/rkfuentes/Documents/md_anderson_analysis/yepes_code/data/2025-11-20/scope-results-2025-11-20-1976.csv,5.181066666666667e-08,,194,,0,,50 ohms time 0.01
,SiC,1.0,Electron 191V,2.0,1.461880927494686e-12,0.0,10.0,/Users/rkfuentes/Documents/md_anderson_analysis/yepes_code/data/2025-11-20/scope-results-2025-11-20-1977.csv,4.852373333333334e-08,,201,,0,,50 ohms time 0.01
,SiC,1.0,Electron 191V,2.0,1.461880927494686e-12,0.0,10.0,/Users/rkfuentes/Documents/md_anderson_analysis/yepes_code/data/2025-11-20/scope-results-2025-11-20-1978.csv,5.424746666666666e-08,,246,,0,,50 ohms time 0.01
,SiC,1.0,Electron 191V,2.0,1.461880927494686e-12,0.0,10.0,/Users/rkfuentes/Documents/md_anderson_analysis/yepes_code/data/2025-11-20/scope-results-2025-11-20-1979.csv,4.900786666666667e-08,,203,,0,,50 ohms time 0.01
,SiC,1.0,Electron 191V,2.0,1.461880927494686e-12,0.0,10.0,/Users/rkfuentes/Documents/md_anderson_analysis/yepes_code/data/2025-11-20/scope-results-2025-11-20-1980.csv,4.516213333333336e-08,,194,,0,,50 ohms time 0.01
,SiC,1.0,Electron 110V,2.0,1.461880927494686e-12,0.0,10.0,/Users/rkfuentes/Documents/md_anderson_analysis/yepes_code/data/2025-11-20/scope-results-2025-11-20-2002.csv,3.5413333333333372e-09,,276,,0,,50 ohms time 0.01
,SiC,1.0,Electron 110V,2.0,1.461880927494686e-12,0.0,10.0,/Users/rkfuentes/Documents/md_anderson_analysis/yepes_code/data/2025-11-20/scope-results-2025-11-20-2003.csv,2.4250666666666628e-09,,277,,0,,50 ohms time 0.01
,SiC,1.0,Electron 110V,2.0,1.461880927494686e-12,0.0,10.0,/Users/rkfuentes/Documents/md_anderson_analysis/yepes_code/data/2025-11-20/scope-results-2025-11-20-2004.csv,3.4597333333333234e-09,,305,,0,,50 ohms time 0.01
,SiC,1.0,Electron 191V,2.0,1.461880927494686e-12,0.0,10.0,/Users/rkfuentes/Documents/md_anderson_analysis/yepes_code/data/2025-11-20/scope-results-2025-11-20-2018.csv,2.5730533333333363e-08,,287,,0,,50 ohms time 0.01
,SiC,1.0,Electron 191V,2.0,1.461880927494686e-12,0.0,10.0,/Users/rkfuentes/Documents/md_anderson_analysis/yepes_code/data/2025-11-20/scope-results-2025-11-20-2019.csv,2.2236266666666685e-08,,271,,0,,50 ohms time 0.01
,SiC,1.0,Electron 191V,2.0,1.461880927494686e-12,0.0,10.0,/Users/rkfuentes/Documents/md_anderson_analysis/yepes_code/data/2025-11-20/scope-results-2025-11-20-2020.csv,2.299680000000001e-08,,273,,0,,50 ohms time 0.01
,SiC,1.0,Electron 191V,2.0,1.461880927494686e-12,0.0,10.0,/Users/rkfuentes/Documents/md_anderson_analysis/yepes_code/data/2025-11-20/scope-results-2025-11-20-2021.csv,2.541760000000004e-08,,276,,0,,50 ohms time 0.01
,SiC,1.0,Electron 191V,2.0,1.461880927494686e-12,0.0,10.0,/Users/rkfuentes/Documents/md_anderson_analysis/yepes_code/data/2025-11-20/scope-results-2025-11-20-2022.csv,2.8953333333333354e-08,,264,,0,,50 ohms time 0.01
,SiC,1.0,Electron 191V,2.0,1.461880927494686e-12,0.0,10.0,/Users/rkfuentes/Documents/md_anderson_analysis/yepes_code/data/2025-11-20/scope-results-2025-11-20-2023.csv,2.1485866666666686e-08,,266,,0,,50 ohms time 0.01
,SiC,1.0,Electron 191V,2.0,1.461880927494686e-12,0.0,10.0,/Users/rkfuentes/Documents/md_anderson_analysis/yepes_code/data/2025-11-20/scope-results-2025-11-20-2024.csv,2.166613333333334e-08,,265,,0,,50 ohms time 0.01
,SiC,1.0,Electron 85V,3.0,1.471551653030126e-41,0.0,40.0,/Users/rkfuentes/Documents/md_anderson_analysis/yepes_code/data/2025-11-20/scope-results-2025-11-20-0065.csv,5.7266666666666655e-09,,422,,0,,50 ohms
,SiC,1.0,Electron 85V,3.0,1.471551653030126e-41,0.0,40.0,/Users/rkfuentes/Documents/md_anderson_analysis/yepes_code/data/2025-11-20/scope-results-2025-11-20-0066.csv,5.793333333333367e-09,,382,,0,,50 ohms
,SiC,1.0,Electron 85V,3.0,1.471551653030126e-41,0.0,40.0,/Users/rkfuentes/Documents/md_anderson_analysis/yepes_code/data/2025-11-20/scope-results-2025-11-20-0067.csv,6.107999999999996e-09,,398,,0,,50 ohms
,SiC,1.0,Electron 85V,3.0,1.471551653030126e-41,0.0,40.0,/Users/rkfuentes/Documents/md_anderson_analysis/yepes_code/data/2025-11-20/scope-results-2025-11-20-0068.csv,5.990666666666682e-09,,404,,0,,50 ohms
,SiC,1.0,Electron 85V,3.0,1.471551653030126e-41,0.0,40.0,/Users/rkfuentes/Documents/md_anderson_analysis/yepes_code/data/2025-11-20/scope-results-2025-11-20-0069.csv,6.898666666666656e-09,,375,,0,,50 ohms
,SiC,1.0,Electron 85V,3.0,1.471551653030126e-41,0.0,40.0,/Users/rkfuentes/Documents/md_anderson_analysis/yepes_code/data/2025-11-20/scope-results-2025-11-20-0070.csv,1.3273666666666656e-08,,391,,0,,50 ohms
,SiC,1.0,Electron 85V,3.0,1.471551653030126e-41,0.0,40.0,/Users/rkfuentes/Documents/md_anderson_analysis/yepes_code/data/2025-11-20/scope-results-2025-11-20-0071.csv,5.681333333333329e-09,,375,,0,,50 ohms
,SiC,1.0,Electron 85V,3.0,1.471551653030126e-41,0.0,40.0,/Users/rkfuentes/Documents/md_anderson_analysis/yepes_code/data/2025-11-20/scope-results-2025-11-20-0072.csv,6.1343333333332736e-09,,379,,0,,50 ohms
,SiC,1.0,Electron 85V,3.0,1.471551653030126e-41,0.0,40.0,/Users/rkfuentes/Documents/md_anderson_analysis/yepes_code/data/2025-11-20/scope-results-2025-11-20-0073.csv,6.0986666666666985e-09,,384,,0,,50 ohms
,SiC,1.0,Electron 85V,3.0,1.471551653030126e-41,0.0,40.0,/Users/rkfuentes/Documents/md_anderson_analysis/yepes_code/data/2025-11-20/scope-results-2025-11-20-0074.csv,6.322999999999968e-09,,377,,0,,50 ohms
,SiC,1.0,Electron 85V,3.0,1.471551653030126e-41,0.0,40.0,/Users/rkfuentes/Documents/md_anderson_analysis/yepes_code/data/2025-11-20/scope-results-2025-11-20-0075.csv,6.410666666666696e-09,,380,,0,,50 ohms
,SiC,1.0,Electron 85V,3.0,1.471551653030126e-41,0.0,40.0,/Users/rkfuentes/Documents/md_anderson_analysis/yepes_code/data/2025-11-20/scope-results-2025-11-20-0076.csv,1.2638333333333358e-08,,385,,0,,50 ohms
,SiC,1.0,Electron 85V,3.0,1.471551653030126e-41,0.0,40.0,/Users/rkfuentes/Documents/md_anderson_analysis/yepes_code/data/2025-11-20/scope-results-2025-11-20-0077.csv,6.044000000000016e-09,,386,,0,,50 ohms
,SiC,1.0,Electron 85V,3.0,1.471551653030126e-41,0.0,40.0,/Users/rkfuentes/Documents/md_anderson_analysis/yepes_code/data/2025-11-20/scope-results-2025-11-20-0078.csv,1.8133333333333847e-10,,23,,0,,50 ohms
,SiC,1.0,Electron 85V,3.0,1.471551653030126e-41,0.0,40.0,/Users/rkfuentes/Documents/md_anderson_analysis/yepes_code/data/2025-11-20/scope-results-2025-11-20-0079.csv,6.148000000000041e-09,,372,,0,,50 ohms
,SiC,1.0,Electron 85V,3.0,1.471551653030126e-41,0.0,40.0,/Users/rkfuentes/Documents/md_anderson_analysis/yepes_code/data/2025-11-20/scope-results-2025-11-20-0080.csv,1.3241333333333358e-08,,410,,0,,50 ohms
,SiC,1.0,Electron 85V,3.0,1.471551653030126e-41,0.0,40.0,/Users/rkfuentes/Documents/md_anderson_analysis/yepes_code/data/2025-11-20/scope-results-2025-11-20-0081.csv,6.250666666666678e-09,,396,,0,,50 ohms
,SiC,1.0,Electron 85V,3.0,1.471551653030126e-41,0.0,40.0,/Users/rkfuentes/Documents/md_anderson_analysis/yepes_code/data/2025-11-20/scope-results-2025-11-20-0082.csv,5.9439999999999695e-09,,384,,0,,50 ohms
,SiC,1.0,Electron 85V,3.0,1.471551653030126e-41,0.0,40.0,/Users/rkfuentes/Documents/md_anderson_analysis/yepes_code/data/2025-11-20/scope-results-2025-11-20-0083.csv,6.314666666666688e-09,,391,,0,,50 ohms
,SiC,1.0,Electron 85V,3.0,1.471551653030126e-41,0.0,40.0,/Users/rkfuentes/Documents/md_anderson_analysis/yepes_code/data/2025-11-20/scope-results-2025-11-20-0084.csv,1.2889333333333412e-08,,365,,0,,50 ohms
,SiC,1.0,Electron 110V,3.0,1.471551653030126e-41,0.0,40.0,/Users/rkfuentes/Documents/md_anderson_analysis/yepes_code/data/2025-11-20/scope-results-2025-11-20-0125.csv,4.345066666666666e-08,,405,,0,,50 ohms time 0.01
,SiC,1.0,Electron 110V,3.0,1.471551653030126e-41,0.0,40.0,/Users/rkfuentes/Documents/md_anderson_analysis/yepes_code/data/2025-11-20/scope-results-2025-11-20-0126.csv,3.668033333333342e-08,,413,,0,,50 ohms time 0.01
,SiC,1.0,Electron 110V,3.0,1.471551653030126e-41,0.0,40.0,/Users/rkfuentes/Documents/md_anderson_analysis/yepes_code/data/2025-11-20/scope-results-2025-11-20-0127.csv,3.692800000000003e-08,,416,,0,,50 ohms time 0.01
,SiC,1.0,Electron 110V,3.0,1.471551653030126e-41,0.0,40.0,/Users/rkfuentes/Documents/md_anderson_analysis/yepes_code/data/2025-11-20/scope-results-2025-11-20-0128.csv,2.9998333333333304e-08,,406,,0,,50 ohms time 0.01
,SiC,1.0,Electron 110V,3.0,1.471551653030126e-41,0.0,40.0,/Users/rkfuentes/Documents/md_anderson_analysis/yepes_code/data/2025-11-20/scope-results-2025-11-20-0129.csv,3.614933333333336e-08,,413,,0,,50 ohms time 0.01
,SiC,1.0,Electron 110V,3.0,1.471551653030126e-41,0.0,40.0,/Users/rkfuentes/Documents/md_anderson_analysis/yepes_code/data/2025-11-20/scope-results-2025-11-20-0130.csv,3.6653333333333366e-08,,391,,0,,50 ohms time 0.01
,SiC,1.0,Electron 110V,3.0,1.471551653030126e-41,0.0,40.0,/Users/rkfuentes/Documents/md_anderson_analysis/yepes_code/data/2025-11-20/scope-results-2025-11-20-0131.csv,3.595066666666665e-08,,412,,0,,50 ohms time 0.01
,SiC,1.0,Electron 110V,3.0,1.471551653030126e-41,0.0,40.0,/Users/rkfuentes/Documents/md_anderson_analysis/yepes_code/data/2025-11-20/scope-results-2025-11-20-0132.csv,3.588899999999998e-08,,397,,0,,50 ohms time 0.01
,SiC,1.0,Electron 110V,3.0,1.471551653030126e-41,0.0,40.0,/Users/rkfuentes/Documents/md_anderson_analysis/yepes_code/data/2025-11-20/scope-results-2025-11-20-0133.csv,3.62063333333333e-08,,399,,0,,50 ohms time 0.01
,SiC,1.0,Electron 110V,3.0,1.471551653030126e-41,0.0,40.0,/Users/rkfuentes/Documents/md_anderson_analysis/yepes_code/data/2025-11-20/scope-results-2025-11-20-0134.csv,2.9056000000000015e-08,,391,,0,,50 ohms time 0.01
,SiC,1.0,Electron 110V,3.0,1.471551653030126e-41,0.0,40.0,/Users/rkfuentes/Documents/md_anderson_analysis/yepes_code/data/2025-11-20/scope-results-2025-11-20-0135.csv,2.9133999999999975e-08,,406,,0,,50 ohms time 0.01
,SiC,1.0,Electron 110V,3.0,1.471551653030126e-41,0.0,40.0,/Users/rkfuentes/Documents/md_anderson_analysis/yepes_code/data/2025-11-20/scope-results-2025-11-20-0136.csv,3.5265999999999967e-08,,399,,0,,50 ohms time 0.01
,SiC,1.0,Electron 191V,3.0,1.471551653030126e-41,0.0,40.0,/Users/rkfuentes/Documents/md_anderson_analysis/yepes_code/data/2025-11-20/scope-results-2025-11-20-0173.csv,4.2133333333333503e-10,,25,,0,,50 ohms time 0.01
,SiC,1.0,Electron 191V,3.0,1.471551653030126e-41,0.0,40.0,/Users/rkfuentes/Documents/md_anderson_analysis/yepes_code/data/2025-11-20/scope-results-2025-11-20-0174.csv,4.0266666666666383e-10,,25,,0,,50 ohms time 0.01
,SiC,1.0,Electron 191V,3.0,1.471551653030126e-41,0.0,40.0,/Users/rkfuentes/Documents/md_anderson_analysis/yepes_code/data/2025-11-20/scope-results-2025-11-20-0175.csv,5.043333333333249e-10,,22,,0,,50 ohms time 0.01
,SiC,1.0,Electron 191V,3.0,1.471551653030126e-41,0.0,40.0,/Users/rkfuentes/Documents/md_anderson_analysis/yepes_code/data/2025-11-20/scope-results-2025-11-20-0176.csv,4.133333333333389e-11,,25,,0,,50 ohms time 0.01
,SiC,1.0,Electron 191V,3.0,1.471551653030126e-41,0.0,40.0,/Users/rkfuentes/Documents/md_anderson_analysis/yepes_code/data/2025-11-20/scope-results-2025-11-20-0177.csv,3.810000000000037e-10,,26,,0,,50 ohms time 0.01
,SiC,1.0,Electron 191V,3.0,1.471551653030126e-41,0.0,40.0,/Users/rkfuentes/Documents/md_anderson_analysis/yepes_code/data/2025-11-20/scope-results-2025-11-20-0178.csv,4.4266666666666736e-10,,22,,0,,50 ohms time 0.01
,SiC,1.0,Electron 191V,3.0,1.471551653030126e-41,0.0,40.0,/Users/rkfuentes/Documents/md_anderson_analysis/yepes_code/data/2025-11-20/scope-results-2025-11-20-0179.csv,8.333333333334513e-12,,24,,0,,50 ohms time 0.01
,SiC,1.0,Electron 191V,3.0,1.471551653030126e-41,0.0,40.0,/Users/rkfuentes/Documents/md_anderson_analysis/yepes_code/data/2025-11-20/scope-results-2025-11-20-0180.csv,4.640000000000038e-10,,27,,0,,50 ohms time 0.01
,SiC,1.0,Electron 191V,3.0,1.471551653030126e-41,0.0,40.0,/Users/rkfuentes/Documents/md_anderson_analysis/yepes_code/data/2025-11-20/scope-results-2025-11-20-0181.csv,4.800000000000004e-10,,20,,0,,50 ohms time 0.01
,SiC,1.0,Electron 191V,3.0,1.471551653030126e-41,0.0,40.0,/Users/rkfuentes/Documents/md_anderson_analysis/yepes_code/data/2025-11-20/scope-results-2025-11-20-0182.csv,4.6233333333333396e-10,,18,,0,,50 ohms time 0.01
,SiC,1.0,Electron 191V,3.0,1.471551653030126e-41,0.0,40.0,/Users/rkfuentes/Documents/md_anderson_analysis/yepes_code/data/2025-11-20/scope-results-2025-11-20-0183.csv,3.6666666666661655e-11,,17,,0,,50 ohms time 0.01
,SiC,1.0,Electron 191V,3.0,3.1564567068236633e-22,0.0,20.0,/Users/rkfuentes/Documents/md_anderson_analysis/yepes_code/data/2025-11-20/scope-results-2025-11-20-0194.csv,8.126533333333335e-08,,242,,0,,50 ohms time 0.01
,SiC,1.0,Electron 191V,3.0,3.1564567068236633e-22,0.0,20.0,/Users/rkfuentes/Documents/md_anderson_analysis/yepes_code/data/2025-11-20/scope-results-2025-11-20-0195.csv,8.4288e-08,,232,,0,,50 ohms time 0.01
,SiC,1.0,Electron 191V,3.0,1.471551653030126e-41,0.0,40.0,/Users/rkfuentes/Documents/md_anderson_analysis/yepes_code/data/2025-11-20/scope-results-2025-11-20-0196.csv,7.533333333333659e-11,,20,,0,,50 ohms time 0.01
,SiC,1.0,Electron 191V,3.0,1.471551653030126e-41,0.0,40.0,/Users/rkfuentes/Documents/md_anderson_analysis/yepes_code/data/2025-11-20/scope-results-2025-11-20-0197.csv,5.556666666666702e-10,,17,,0,,50 ohms time 0.01
,SiC,1.0,Electron 191V,3.0,1.461880927494686e-12,0.0,10.0,/Users/rkfuentes/Documents/md_anderson_analysis/yepes_code/data/2025-11-20/scope-results-2025-11-20-0198.csv,7.911733333333336e-08,,263,,0,,50 ohms time 0.01
,SiC,1.0,Electron 191V,3.0,1.461880927494686e-12,0.0,10.0,/Users/rkfuentes/Documents/md_anderson_analysis/yepes_code/data/2025-11-20/scope-results-2025-11-20-0199.csv,7.771199999999996e-08,,274,,0,,50 ohms time 0.01
,SiC,1.0,Electron 191V,3.0,0.0007312282254654905,0.0,1.0,/Users/rkfuentes/Documents/md_anderson_analysis/yepes_code/data/2025-11-20/scope-results-2025-11-20-0200.csv,7.184666666666669e-08,,336,,0,,50 ohms time 0.01
,SiC,1.0,Electron 191V,3.0,0.0007312282254654905,0.0,1.0,/Users/rkfuentes/Documents/md_anderson_analysis/yepes_code/data/2025-11-20/scope-results-2025-11-20-0201.csv,6.514933333333335e-08,,338,,0,,50 ohms time 0.01
,SiC,1.0,Electron 191V,3.0,0.0007312282254654905,0.0,1.0,/Users/rkfuentes/Documents/md_anderson_analysis/yepes_code/data/2025-11-20/scope-results-2025-11-20-0202.csv,1.599999999999556e-11,,25,,0,,50 ohms time 0.01
,SiC,1.0,Electron 85V,3.0,1.471551653030126e-41,0.0,40.0,/Users/rkfuentes/Documents/md_anderson_analysis/yepes_code/data/2025-11-20/scope-results-2025-11-20-0277.csv,6.519999999999897e-10,,65,,0,,50 ohms time 0.01
,SiC,1.0,Electron 85V,3.0,1.471551653030126e-41,0.0,40.0,/Users/rkfuentes/Documents/md_anderson_analysis/yepes_code/data/2025-11-20/scope-results-2025-11-20-0278.csv,2.3758666666666672e-08,,100,,0,,50 ohms time 0.01
,SiC,1.0,Electron 85V,3.0,1.471551653030126e-41,0.0,40.0,/Users/rkfuentes/Documents/md_anderson_analysis/yepes_code/data/2025-11-20/scope-results-2025-11-20-0279.csv,7.586666666666626e-10,,36,,0,,50 ohms time 0.01
,SiC,1.0,Electron 85V,3.0,1.471551653030126e-41,0.0,40.0,/Users/rkfuentes/Documents/md_anderson_analysis/yepes_code/data/2025-11-20/scope-results-2025-11-20-0280.csv,2.9986666666666724e-09,,98,,0,,50 ohms time 0.01
,SiC,1.0,Electron 85V,3.0,1.471551653030126e-41,0.0,40.0,/Users/rkfuentes/Documents/md_anderson_analysis/yepes_code/data/2025-11-20/scope-results-2025-11-20-0281.csv,1.1030000000000062e-09,,34,,0,,50 ohms time 0.01
,SiC,1.0,Electron 85V,3.0,1.471551653030126e-41,0.0,40.0,/Users/rkfuentes/Documents/md_anderson_analysis/yepes_code/data/2025-11-20/scope-results-2025-11-20-0282.csv,7.266666666665056e-11,,30,,0,,50 ohms time 0.01
,SiC,1.0,Electron 85V,3.0,1.471551653030126e-41,0.0,40.0,/Users/rkfuentes/Documents/md_anderson_analysis/yepes_code/data/2025-11-20/scope-results-2025-11-20-0283.csv,6.106666666666677e-09,,61,,0,,50 ohms time 0.01
,SiC,1.0,Electron 85V,3.0,1.471551653030126e-41,0.0,40.0,/Users/rkfuentes/Documents/md_anderson_analysis/yepes_code/data/2025-11-20/scope-results-2025-11-20-0284.csv,5.989999999999864e-10,,110,,0,,50 ohms time 0.01
,SiC,1.0,Electron 85V,3.0,1.471551653030126e-41,0.0,40.0,/Users/rkfuentes/Documents/md_anderson_analysis/yepes_code/data/2025-11-20/scope-results-2025-11-20-0285.csv,1.0332868814140483e-09,,61,,0,,50 ohms time 0.01
,SiC,1.0,Electron 85V,3.0,1.471551653030126e-41,0.0,40.0,/Users/rkfuentes/Documents/md_anderson_analysis/yepes_code/data/2025-11-20/scope-results-2025-11-20-0286.csv,3.6000000000001007e-11,,26,,0,,50 ohms time 0.01
,SiC,1.0,Electron 85V,3.0,1.471551653030126e-41,0.0,40.0,/Users/rkfuentes/Documents/md_anderson_analysis/yepes_code/data/2025-11-20/scope-results-2025-11-20-0287.csv,9.343333333333248e-10,,35,,0,,50 ohms time 0.01
,SiC,1.0,Electron 85V,3.0,1.471551653030126e-41,0.0,40.0,/Users/rkfuentes/Documents/md_anderson_analysis/yepes_code/data/2025-11-20/scope-results-2025-11-20-0288.csv,2.391066666666668e-08,,97,,0,,50 ohms time 0.01
,SiC,1.0,Electron 85V,3.0,1.471551653030126e-41,0.0,40.0,/Users/rkfuentes/Documents/md_anderson_analysis/yepes_code/data/2025-11-20/scope-results-2025-11-20-0289.csv,6.213333333333145e-10,,48,,0,,50 ohms time 0.01
,SiC,1.0,Electron 85V,3.0,1.471551653030126e-41,0.0,40.0,/Users/rkfuentes/Documents/md_anderson_analysis/yepes_code/data/2025-11-20/scope-results-2025-11-20-0290.csv,7.143333333333077e-10,,69,,0,,50 ohms time 0.01
,SiC,1.0,Electron 110V,3.0,1.471551653030126e-41,0.0,40.0,/Users/rkfuentes/Documents/md_anderson_analysis/yepes_code/data/2025-11-20/scope-results-2025-11-20-0331.csv,1.6580000000000007e-08,,399,,0,,50 ohms time 0.01
,SiC,1.0,Electron 110V,3.0,1.471551653030126e-41,0.0,40.0,/Users/rkfuentes/Documents/md_anderson_analysis/yepes_code/data/2025-11-20/scope-results-2025-11-20-0332.csv,9.416666666666688e-09,,393,,0,,50 ohms time 0.01
,SiC,1.0,Electron 110V,3.0,1.471551653030126e-41,0.0,40.0,/Users/rkfuentes/Documents/md_anderson_analysis/yepes_code/data/2025-11-20/scope-results-2025-11-20-0333.csv,1.6518666666666595e-08,,381,,0,,50 ohms time 0.01
,SiC,1.0,Electron 110V,3.0,1.471551653030126e-41,0.0,40.0,/Users/rkfuentes/Documents/md_anderson_analysis/yepes_code/data/2025-11-20/scope-results-2025-11-20-0345.csv,1.6053333333333314e-08,,403,,0,,50 ohms time 0.01
,SiC,1.0,Electron 110V,3.0,1.471551653030126e-41,0.0,40.0,/Users/rkfuentes/Documents/md_anderson_analysis/yepes_code/data/2025-11-20/scope-results-2025-11-20-0346.csv,1.5986333333333318e-08,,373,,0,,50 ohms time 0.01
,SiC,1.0,Electron 110V,3.0,1.471551653030126e-41,0.0,40.0,/Users/rkfuentes/Documents/md_anderson_analysis/yepes_code/data/2025-11-20/scope-results-2025-11-20-0347.csv,9.465000000000035e-09,,403,,0,,50 ohms time 0.01
,SiC,1.0,Electron 110V,3.0,1.471551653030126e-41,0.0,40.0,/Users/rkfuentes/Documents/md_anderson_analysis/yepes_code/data/2025-11-20/scope-results-2025-11-20-0348.csv,1.0098666666666666e-08,,395,,0,,50 ohms time 0.01
,SiC,1.0,Electron 110V,3.0,1.471551653030126e-41,0.0,40.0,/Users/rkfuentes/Documents/md_anderson_analysis/yepes_code/data/2025-11-20/scope-results-2025-11-20-0349.csv,1.5944000000000063e-08,,399,,0,,50 ohms time 0.01
,SiC,1.0,Electron 110V,3.0,1.471551653030126e-41,0.0,40.0,/Users/rkfuentes/Documents/md_anderson_analysis/yepes_code/data/2025-11-20/scope-results-2025-11-20-0350.csv,1.6166666666666613e-08,,383,,0,,50 ohms time 0.01
,SiC,1.0,Electron 110V,3.0,1.471551653030126e-41,0.0,40.0,/Users/rkfuentes/Documents/md_anderson_analysis/yepes_code/data/2025-11-20/scope-results-2025-11-20-0351.csv,1.6009333333333327e-08,,397,,0,,50 ohms time 0.01
,SiC,1.0,Electron 110V,3.0,1.471551653030126e-41,0.0,40.0,/Users/rkfuentes/Documents/md_anderson_analysis/yepes_code/data/2025-11-20/scope-results-2025-11-20-0352.csv,1.5737333333333343e-08,,380,,0,,50 ohms time 0.01
,SiC,1.0,Electron 110V,3.0,1.471551653030126e-41,0.0,40.0,/Users/rkfuentes/Documents/md_anderson_analysis/yepes_code/data/2025-11-20/scope-results-2025-11-20-0353.csv,1.6186666666666675e-08,,370,,0,,50 ohms time 0.01
,SiC,1.0,Electron 191V,3.0,1.471551653030126e-41,0.0,40.0,/Users/rkfuentes/Documents/md_anderson_analysis/yepes_code/data/2025-11-20/scope-results-2025-11-20-0392.csv,6.435466666666668e-08,,400,,0,,50 ohms time 0.01
,SiC,1.0,Electron 191V,3.0,1.471551653030126e-41,0.0,40.0,/Users/rkfuentes/Documents/md_anderson_analysis/yepes_code/data/2025-11-20/scope-results-2025-11-20-0393.csv,6.412666666666666e-08,,400,,0,,50 ohms time 0.01
,SiC,1.0,Electron 191V,3.0,1.471551653030126e-41,0.0,40.0,/Users/rkfuentes/Documents/md_anderson_analysis/yepes_code/data/2025-11-20/scope-results-2025-11-20-0394.csv,7.038133333333332e-08,,392,,0,,50 ohms time 0.01
,SiC,1.0,Electron 191V,3.0,1.471551653030126e-41,0.0,40.0,/Users/rkfuentes/Documents/md_anderson_analysis/yepes_code/data/2025-11-20/scope-results-2025-11-20-0395.csv,6.341266666666664e-08,,404,,0,,50 ohms time 0.01
,SiC,1.0,Electron 191V,3.0,1.471551653030126e-41,0.0,40.0,/Users/rkfuentes/Documents/md_anderson_analysis/yepes_code/data/2025-11-20/scope-results-2025-11-20-0396.csv,6.305533333333339e-08,,403,,0,,50 ohms time 0.01
,SiC,1.0,Electron 191V,3.0,1.471551653030126e-41,0.0,40.0,/Users/rkfuentes/Documents/md_anderson_analysis/yepes_code/data/2025-11-20/scope-results-2025-11-20-0397.csv,7.001733333333338e-08,,392,,0,,50 ohms time 0.01
,SiC,1.0,Electron 191V,3.0,1.471551653030126e-41,0.0,40.0,/Users/rkfuentes/Documents/md_anderson_analysis/yepes_code/data/2025-11-20/scope-results-2025-11-20-0398.csv,6.284533333333335e-08,,398,,0,,50 ohms time 0.01
,SiC,1.0,Electron 191V,3.0,1.471551653030126e-41,0.0,40.0,/Users/rkfuentes/Documents/md_anderson_analysis/yepes_code/data/2025-11-20/scope-results-2025-11-20-0399.csv,6.239066666666668e-08,,411,,0,,50 ohms time 0.01
,SiC,1.0,Electron 191V,3.0,1.471551653030126e-41,0.0,40.0,/Users/rkfuentes/Documents/md_anderson_analysis/yepes_code/data/2025-11-20/scope-results-2025-11-20-0400.csv,6.330633333333333e-08,,399,,0,,50 ohms time 0.01
,SiC,1.0,Electron 191V,3.0,1.471551653030126e-41,0.0,40.0,/Users/rkfuentes/Documents/md_anderson_analysis/yepes_code/data/2025-11-20/scope-results-2025-11-20-0401.csv,6.220099999999999e-08,,385,,0,,50 ohms time 0.01
,SiC,1.0,Electron 191V,3.0,1.471551653030126e-41,0.0,40.0,/Users/rkfuentes/Documents/md_anderson_analysis/yepes_code/data/2025-11-20/scope-results-2025-11-20-0402.csv,5.5761333333333335e-08,,404,,0,,50 ohms time 0.01
,SiC,1.0,Electron 85V,3.0,1.471551653030126e-41,0.0,40.0,/Users/rkfuentes/Documents/md_anderson_analysis/yepes_code/data/2025-11-20/scope-results-2025-11-20-0808.csv,1.0501333333333107e-09,,33,,0,,50 ohms time 0.01
,SiC,1.0,Electron 85V,3.0,1.471551653030126e-41,0.0,40.0,/Users/rkfuentes/Documents/md_anderson_analysis/yepes_code/data/2025-11-20/scope-results-2025-11-20-0809.csv,9.487266666666684e-09,,34,,0,,50 ohms time 0.01
,SiC,1.0,Electron 85V,3.0,1.471551653030126e-41,0.0,40.0,/Users/rkfuentes/Documents/md_anderson_analysis/yepes_code/data/2025-11-20/scope-results-2025-11-20-0810.csv,2.074666666666784e-10,,30,,0,,50 ohms time 0.01
,SiC,1.0,Electron 85V,3.0,1.471551653030126e-41,0.0,40.0,/Users/rkfuentes/Documents/md_anderson_analysis/yepes_code/data/2025-11-20/scope-results-2025-11-20-0811.csv,2.359999999995319e-11,,33,,0,,50 ohms time 0.01
,SiC,1.0,Electron 85V,3.0,1.471551653030126e-41,0.0,40.0,/Users/rkfuentes/Documents/md_anderson_analysis/yepes_code/data/2025-11-20/scope-results-2025-11-20-0812.csv,9.185866666666674e-09,,36,,0,,50 ohms time 0.01
,SiC,1.0,Electron 85V,3.0,1.471551653030126e-41,0.0,40.0,/Users/rkfuentes/Documents/md_anderson_analysis/yepes_code/data/2025-11-20/scope-results-2025-11-20-0813.csv,1.4783999999999814e-09,,29,,0,,50 ohms time 0.01
,SiC,1.0,Electron 85V,3.0,1.471551653030126e-41,0.0,40.0,/Users/rkfuentes/Documents/md_anderson_analysis/yepes_code/data/2025-11-20/scope-results-2025-11-20-0814.csv,2.8171466666666646e-08,,106,,0,,50 ohms time 0.01
,SiC,1.0,Electron 85V,3.0,1.471551653030126e-41,0.0,40.0,/Users/rkfuentes/Documents/md_anderson_analysis/yepes_code/data/2025-11-20/scope-results-2025-11-20-0815.csv,5.14073333333336e-09,,39,,0,,50 ohms time 0.01
,SiC,1.0,Electron 85V,3.0,1.471551653030126e-41,0.0,40.0,/Users/rkfuentes/Documents/md_anderson_analysis/yepes_code/data/2025-11-20/scope-results-2025-11-20-0816.csv,1.200666666666592e-10,,85,,0,,50 ohms time 0.01
,SiC,1.0,Electron 85V,3.0,1.471551653030126e-41,0.0,40.0,/Users/rkfuentes/Documents/md_anderson_analysis/yepes_code/data/2025-11-20/scope-results-2025-11-20-0817.csv,1.9446666666664112e-10,,34,,0,,50 ohms time 0.01
,SiC,1.0,Electron 85V,3.0,1.471551653030126e-41,0.0,40.0,/Users/rkfuentes/Documents/md_anderson_analysis/yepes_code/data/2025-11-20/scope-results-2025-11-20-0818.csv,2.594666666666674e-10,,62,,0,,50 ohms time 0.01
,SiC,1.0,Electron 85V,3.0,1.471551653030126e-41,0.0,40.0,/Users/rkfuentes/Documents/md_anderson_analysis/yepes_code/data/2025-11-20/scope-results-2025-11-20-0819.csv,2.836266666666662e-09,,39,,0,,50 ohms time 0.01
,SiC,1.0,Electron 85V,3.0,1.471551653030126e-41,0.0,40.0,/Users/rkfuentes/Documents/md_anderson_analysis/yepes_code/data/2025-11-20/scope-results-2025-11-20-0820.csv,5.191999999999972e-10,,33,,0,,50 ohms time 0.01
,SiC,1.0,Electron 85V,3.0,1.471551653030126e-41,0.0,40.0,/Users/rkfuentes/Documents/md_anderson_analysis/yepes_code/data/2025-11-20/scope-results-2025-11-20-0821.csv,5.044666666666516e-10,,32,,0,,50 ohms time 0.01
,SiC,1.0,Electron 110V,3.0,1.471551653030126e-41,0.0,40.0,/Users/rkfuentes/Documents/md_anderson_analysis/yepes_code/data/2025-11-20/scope-results-2025-11-20-0822.csv,4.736866666666658e-09,,407,,0,,50 ohms time 0.01
,SiC,1.0,Electron 110V,3.0,1.471551653030126e-41,0.0,40.0,/Users/rkfuentes/Documents/md_anderson_analysis/yepes_code/data/2025-11-20/scope-results-2025-11-20-0823.csv,3.24319999999998e-09,,155,,0,,50 ohms time 0.01
,SiC,1.0,Electron 110V,3.0,1.471551653030126e-41,0.0,40.0,/Users/rkfuentes/Documents/md_anderson_analysis/yepes_code/data/2025-11-20/scope-results-2025-11-20-0824.csv,8.833333333332845e-11,,24,,0,,50 ohms time 0.01
,SiC,1.0,Electron 110V,3.0,1.471551653030126e-41,0.0,40.0,/Users/rkfuentes/Documents/md_anderson_analysis/yepes_code/data/2025-11-20/scope-results-2025-11-20-0825.csv,8.499999999999486e-11,,28,,0,,50 ohms time 0.01
,SiC,1.0,Electron 110V,3.0,1.471551653030126e-41,0.0,40.0,/Users/rkfuentes/Documents/md_anderson_analysis/yepes_code/data/2025-11-20/scope-results-2025-11-20-0826.csv,2.8957999999999937e-09,,117,,0,,50 ohms time 0.01
,SiC,1.0,Electron 110V,3.0,1.471551653030126e-41,0.0,40.0,/Users/rkfuentes/Documents/md_anderson_analysis/yepes_code/data/2025-11-20/scope-results-2025-11-20-0827.csv,3.439999999999956e-10,,41,,0,,50 ohms time 0.01
,SiC,1.0,Electron 110V,3.0,1.471551653030126e-41,0.0,40.0,/Users/rkfuentes/Documents/md_anderson_analysis/yepes_code/data/2025-11-20/scope-results-2025-11-20-0828.csv,3.2753333333333387e-10,,23,,0,,50 ohms time 0.01
,SiC,1.0,Electron 110V,3.0,1.471551653030126e-41,0.0,40.0,/Users/rkfuentes/Documents/md_anderson_analysis/yepes_code/data/2025-11-20/scope-results-2025-11-20-0829.csv,2.7266666666666635e-09,,233,,0,,50 ohms time 0.01
,SiC,1.0,Electron 110V,3.0,1.471551653030126e-41,0.0,40.0,/Users/rkfuentes/Documents/md_anderson_analysis/yepes_code/data/2025-11-20/scope-results-2025-11-20-0830.csv,6.031733333333361e-09,,644,,0,,50 ohms time 0.01
,SiC,1.0,Electron 110V,3.0,1.471551653030126e-41,0.0,40.0,/Users/rkfuentes/Documents/md_anderson_analysis/yepes_code/data/2025-11-20/scope-results-2025-11-20-0831.csv,5.221866666666638e-09,,643,,0,,50 ohms time 0.01
,SiC,1.0,Electron 110V,3.0,1.471551653030126e-41,0.0,40.0,/Users/rkfuentes/Documents/md_anderson_analysis/yepes_code/data/2025-11-20/scope-results-2025-11-20-0832.csv,5.962666666666694e-10,,29,,0,,50 ohms time 0.01
,SiC,1.0,Electron 110V,3.0,1.471551653030126e-41,0.0,40.0,/Users/rkfuentes/Documents/md_anderson_analysis/yepes_code/data/2025-11-20/scope-results-2025-11-20-0833.csv,2.430933333333341e-09,,86,,0,,50 ohms time 0.01
,SiC,1.0,Electron 191V,3.0,1.471551653030126e-41,0.0,40.0,/Users/rkfuentes/Documents/md_anderson_analysis/yepes_code/data/2025-11-20/scope-results-2025-11-20-0834.csv,1.4520533333333335e-08,,177,,0,,50 ohms time 0.01
,SiC,1.0,Electron 191V,3.0,1.471551653030126e-41,0.0,40.0,/Users/rkfuentes/Documents/md_anderson_analysis/yepes_code/data/2025-11-20/scope-results-2025-11-20-0835.csv,1.1879066666666687e-08,,176,,0,,50 ohms time 0.01
,SiC,1.0,Electron 191V,3.0,1.471551653030126e-41,0.0,40.0,/Users/rkfuentes/Documents/md_anderson_analysis/yepes_code/data/2025-11-20/scope-results-2025-11-20-0836.csv,1.438959999999998e-08,,178,,0,,50 ohms time 0.01
,SiC,1.0,Electron 191V,3.0,1.471551653030126e-41,0.0,40.0,/Users/rkfuentes/Documents/md_anderson_analysis/yepes_code/data/2025-11-20/scope-results-2025-11-20-0837.csv,1.58262e-08,,166,,0,,50 ohms time 0.01
,SiC,1.0,Electron 191V,3.0,1.471551653030126e-41,0.0,40.0,/Users/rkfuentes/Documents/md_anderson_analysis/yepes_code/data/2025-11-20/scope-results-2025-11-20-0838.csv,1.4228199999999986e-08,,184,,0,,50 ohms time 0.01
,SiC,1.0,Electron 191V,3.0,1.471551653030126e-41,0.0,40.0,/Users/rkfuentes/Documents/md_anderson_analysis/yepes_code/data/2025-11-20/scope-results-2025-11-20-0839.csv,1.2800800000000006e-08,,183,,0,,50 ohms time 0.01
,SiC,1.0,Electron 191V,3.0,1.471551653030126e-41,0.0,40.0,/Users/rkfuentes/Documents/md_anderson_analysis/yepes_code/data/2025-11-20/scope-results-2025-11-20-0840.csv,1.3490866666666683e-08,,183,,0,,50 ohms time 0.01
,SiC,1.0,Electron 191V,3.0,1.471551653030126e-41,0.0,40.0,/Users/rkfuentes/Documents/md_anderson_analysis/yepes_code/data/2025-11-20/scope-results-2025-11-20-0841.csv,1.2335199999999997e-08,,173,,0,,50 ohms time 0.01
,SiC,1.0,Electron 191V,3.0,1.471551653030126e-41,0.0,40.0,/Users/rkfuentes/Documents/md_anderson_analysis/yepes_code/data/2025-11-20/scope-results-2025-11-20-0842.csv,1.4174999999999996e-08,,177,,0,,50 ohms time 0.01
,SiC,1.0,Electron 191V,3.0,1.471551653030126e-41,0.0,40.0,/Users/rkfuentes/Documents/md_anderson_analysis/yepes_code/data/2025-11-20/scope-results-2025-11-20-0843.csv,1.454933333333333e-08,,173,,0,,50 ohms time 0.01
,SiC,1.0,Electron 191V,3.0,1.471551653030126e-41,0.0,40.0,/Users/rkfuentes/Documents/md_anderson_analysis/yepes_code/data/2025-11-20/scope-results-2025-11-20-0844.csv,1.297573333333331e-08,,163,,0,,50 ohms time 0.01
,SiC,1.0,Electron 191V,3.0,1.471551653030126e-41,0.0,40.0,/Users/rkfuentes/Documents/md_anderson_analysis/yepes_code/data/2025-11-20/scope-results-2025-11-20-0845.csv,1.4046666666666664e-10,,44,,0,,50 ohms time 0.01
,SiC,1.0,Electron 191V,3.0,1.471551653030126e-41,0.0,40.0,/Users/rkfuentes/Documents/md_anderson_analysis/yepes_code/data/2025-11-20/scope-results-2025-11-20-0846.csv,2.526666666666535e-11,,41,,0,,50 ohms time 0.01
,SiC,1.0,Electron 191V,3.0,1.471551653030126e-41,0.0,40.0,/Users/rkfuentes/Documents/md_anderson_analysis/yepes_code/data/2025-11-20/scope-results-2025-11-20-0847.csv,1.4000000000000034e-10,,45,,0,,50 ohms time 0.01
,SiC,1.0,Electron 85V,3.0,1.471551653030126e-41,0.0,40.0,/Users/rkfuentes/Documents/md_anderson_analysis/yepes_code/data/2025-11-20/scope-results-2025-11-20-0916.csv,6.906000000000106e-10,,28,,0,,50 ohms time 0.01
,SiC,1.0,Electron 85V,3.0,1.471551653030126e-41,0.0,40.0,/Users/rkfuentes/Documents/md_anderson_analysis/yepes_code/data/2025-11-20/scope-results-2025-11-20-0917.csv,7.015599999999995e-09,,46,,0,,50 ohms time 0.01
,SiC,1.0,Electron 85V,3.0,1.471551653030126e-41,0.0,40.0,/Users/rkfuentes/Documents/md_anderson_analysis/yepes_code/data/2025-11-20/scope-results-2025-11-20-0918.csv,3.238000000000046e-10,,38,,0,,50 ohms time 0.01
,SiC,1.0,Electron 85V,3.0,1.471551653030126e-41,0.0,40.0,/Users/rkfuentes/Documents/md_anderson_analysis/yepes_code/data/2025-11-20/scope-results-2025-11-20-0919.csv,1.7800000000002485e-10,,37,,0,,50 ohms time 0.01
,SiC,1.0,Electron 85V,3.0,1.471551653030126e-41,0.0,40.0,/Users/rkfuentes/Documents/md_anderson_analysis/yepes_code/data/2025-11-20/scope-results-2025-11-20-0920.csv,9.920000000000869e-11,,31,,0,,50 ohms time 0.01
,SiC,1.0,Electron 85V,3.0,1.471551653030126e-41,0.0,40.0,/Users/rkfuentes/Documents/md_anderson_analysis/yepes_code/data/2025-11-20/scope-results-2025-11-20-0921.csv,4.1333333333331866e-11,,44,,0,,50 ohms time 0.01
,SiC,1.0,Electron 85V,3.0,1.471551653030126e-41,0.0,40.0,/Users/rkfuentes/Documents/md_anderson_analysis/yepes_code/data/2025-11-20/scope-results-2025-11-20-0922.csv,1.2359999999999255e-10,,31,,0,,50 ohms time 0.01
,SiC,1.0,Electron 85V,3.0,1.471551653030126e-41,0.0,40.0,/Users/rkfuentes/Documents/md_anderson_analysis/yepes_code/data/2025-11-20/scope-results-2025-11-20-0923.csv,9.860000000000627e-11,,32,,0,,50 ohms time 0.01
,SiC,1.0,Electron 85V,3.0,1.471551653030126e-41,0.0,40.0,/Users/rkfuentes/Documents/md_anderson_analysis/yepes_code/data/2025-11-20/scope-results-2025-11-20-0924.csv,5.206000000000089e-10,,33,,0,,50 ohms time 0.01
,SiC,1.0,Electron 85V,3.0,1.471551653030126e-41,0.0,40.0,/Users/rkfuentes/Documents/md_anderson_analysis/yepes_code/data/2025-11-20/scope-results-2025-11-20-0925.csv,1.8599999999972153e-11,,32,,0,,50 ohms time 0.01
,SiC,1.0,Electron 85V,3.0,1.471551653030126e-41,0.0,40.0,/Users/rkfuentes/Documents/md_anderson_analysis/yepes_code/data/2025-11-20/scope-results-2025-11-20-0926.csv,4.786666666668846e-11,,34,,0,,50 ohms time 0.01
,SiC,1.0,Electron 85V,3.0,1.471551653030126e-41,0.0,40.0,/Users/rkfuentes/Documents/md_anderson_analysis/yepes_code/data/2025-11-20/scope-results-2025-11-20-0927.csv,6.266666666665767e-11,,32,,0,,50 ohms time 0.01
,SiC,1.0,Electron 85V,3.0,1.471551653030126e-41,0.0,40.0,/Users/rkfuentes/Documents/md_anderson_analysis/yepes_code/data/2025-11-20/scope-results-2025-11-20-0928.csv,1.396266666666672e-09,,43,,0,,50 ohms time 0.01
,SiC,1.0,Electron 110V,3.0,1.471551653030126e-41,0.0,40.0,/Users/rkfuentes/Documents/md_anderson_analysis/yepes_code/data/2025-11-20/scope-results-2025-11-20-0969.csv,2.1271999999999883e-09,,371,,0,,50 ohms time 0.01
,SiC,1.0,Electron 110V,3.0,1.471551653030126e-41,0.0,40.0,/Users/rkfuentes/Documents/md_anderson_analysis/yepes_code/data/2025-11-20/scope-results-2025-11-20-0970.csv,6.984800000000006e-09,,383,,0,,50 ohms time 0.01
,SiC,1.0,Electron 110V,3.0,1.471551653030126e-41,0.0,40.0,/Users/rkfuentes/Documents/md_anderson_analysis/yepes_code/data/2025-11-20/scope-results-2025-11-20-0971.csv,2.6989133333333316e-08,,622,,0,,50 ohms time 0.01
,SiC,1.0,Electron 110V,3.0,1.471551653030126e-41,0.0,40.0,/Users/rkfuentes/Documents/md_anderson_analysis/yepes_code/data/2025-11-20/scope-results-2025-11-20-0972.csv,4.962399999999998e-09,,380,,0,,50 ohms time 0.01
,SiC,1.0,Electron 110V,3.0,1.471551653030126e-41,0.0,40.0,/Users/rkfuentes/Documents/md_anderson_analysis/yepes_code/data/2025-11-20/scope-results-2025-11-20-0973.csv,1.3727999999999868e-09,,47,,0,,50 ohms time 0.01
,SiC,1.0,Electron 110V,3.0,1.471551653030126e-41,0.0,40.0,/Users/rkfuentes/Documents/md_anderson_analysis/yepes_code/data/2025-11-20/scope-results-2025-11-20-0974.csv,4.666666666746249e-13,,49,,0,,50 ohms time 0.01
,SiC,1.0,Electron 110V,3.0,1.471551653030126e-41,0.0,40.0,/Users/rkfuentes/Documents/md_anderson_analysis/yepes_code/data/2025-11-20/scope-results-2025-11-20-0975.csv,6.1442666666666745e-09,,371,,0,,50 ohms time 0.01
,SiC,1.0,Electron 110V,3.0,1.471551653030126e-41,0.0,40.0,/Users/rkfuentes/Documents/md_anderson_analysis/yepes_code/data/2025-11-20/scope-results-2025-11-20-0976.csv,5.826666666666652e-11,,41,,0,,50 ohms time 0.01
,SiC,1.0,Electron 110V,3.0,1.471551653030126e-41,0.0,40.0,/Users/rkfuentes/Documents/md_anderson_analysis/yepes_code/data/2025-11-20/scope-results-2025-11-20-0977.csv,4.904689010697484e-11,,28,,0,,50 ohms time 0.01
,SiC,1.0,Electron 110V,3.0,1.471551653030126e-41,0.0,40.0,/Users/rkfuentes/Documents/md_anderson_analysis/yepes_code/data/2025-11-20/scope-results-2025-11-20-0978.csv,3.5082666666666873e-09,,394,,0,,50 ohms time 0.01
,SiC,1.0,Electron 110V,3.0,1.471551653030126e-41,0.0,40.0,/Users/rkfuentes/Documents/md_anderson_analysis/yepes_code/data/2025-11-20/scope-results-2025-11-20-0979.csv,6.551999999999981e-10,,342,,0,,50 ohms time 0.01
,SiC,1.0,Electron 110V,3.0,1.471551653030126e-41,0.0,40.0,/Users/rkfuentes/Documents/md_anderson_analysis/yepes_code/data/2025-11-20/scope-results-2025-11-20-0980.csv,5.917333333333324e-09,,394,,0,,50 ohms time 0.01
,SiC,1.0,Electron 110V,3.0,1.471551653030126e-41,0.0,40.0,/Users/rkfuentes/Documents/md_anderson_analysis/yepes_code/data/2025-11-20/scope-results-2025-11-20-0981.csv,3.687533333333324e-09,,381,,0,,50 ohms time 0.01
,SiC,1.0,Electron 191V,3.0,1.471551653030126e-41,0.0,40.0,/Users/rkfuentes/Documents/md_anderson_analysis/yepes_code/data/2025-11-20/scope-results-2025-11-20-1037.csv,1.2908466666666666e-08,,279,,0,,50 ohms time 0.01
,SiC,1.0,Electron 191V,3.0,1.471551653030126e-41,0.0,40.0,/Users/rkfuentes/Documents/md_anderson_analysis/yepes_code/data/2025-11-20/scope-results-2025-11-20-1038.csv,1.2148933333333349e-08,,309,,0,,50 ohms time 0.01
,SiC,1.0,Electron 191V,3.0,1.471551653030126e-41,0.0,40.0,/Users/rkfuentes/Documents/md_anderson_analysis/yepes_code/data/2025-11-20/scope-results-2025-11-20-1039.csv,8.335733333333349e-09,,250,,0,,50 ohms time 0.01
,SiC,1.0,Electron 191V,3.0,1.471551653030126e-41,0.0,40.0,/Users/rkfuentes/Documents/md_anderson_analysis/yepes_code/data/2025-11-20/scope-results-2025-11-20-1040.csv,8.838666666666656e-09,,280,,0,,50 ohms time 0.01
,SiC,1.0,Electron 191V,3.0,1.471551653030126e-41,0.0,40.0,/Users/rkfuentes/Documents/md_anderson_analysis/yepes_code/data/2025-11-20/scope-results-2025-11-20-1041.csv,9.951600000000004e-09,,296,,0,,50 ohms time 0.01
,SiC,1.0,Electron 191V,3.0,1.471551653030126e-41,0.0,40.0,/Users/rkfuentes/Documents/md_anderson_analysis/yepes_code/data/2025-11-20/scope-results-2025-11-20-1042.csv,8.778933333333348e-09,,321,,0,,50 ohms time 0.01
,SiC,1.0,Electron 191V,3.0,1.471551653030126e-41,0.0,40.0,/Users/rkfuentes/Documents/md_anderson_analysis/yepes_code/data/2025-11-20/scope-results-2025-11-20-1043.csv,8.541066666666658e-09,,291,,0,,50 ohms time 0.01
,SiC,1.0,Electron 191V,3.0,1.471551653030126e-41,0.0,40.0,/Users/rkfuentes/Documents/md_anderson_analysis/yepes_code/data/2025-11-20/scope-results-2025-11-20-1044.csv,6.9008000000000074e-09,,313,,0,,50 ohms time 0.01
,SiC,1.0,Electron 191V,3.0,1.471551653030126e-41,0.0,40.0,/Users/rkfuentes/Documents/md_anderson_analysis/yepes_code/data/2025-11-20/scope-results-2025-11-20-1045.csv,1.510026666666665e-08,,279,,0,,50 ohms time 0.01
,SiC,1.0,Electron 191V,3.0,1.471551653030126e-41,0.0,40.0,/Users/rkfuentes/Documents/md_anderson_analysis/yepes_code/data/2025-11-20/scope-results-2025-11-20-1046.csv,1.656380000000001e-08,,266,,0,,50 ohms time 0.01
,SiC,1.0,Electron 191V,3.0,1.471551653030126e-41,0.0,40.0,/Users/rkfuentes/Documents/md_anderson_analysis/yepes_code/data/2025-11-20/scope-results-2025-11-20-1047.csv,1.339333333333302e-10,,69,,0,,50 ohms time 0.01
,SiC,1.0,Electron 85V,3.0,1.471551653030126e-41,0.0,40.0,/Users/rkfuentes/Documents/md_anderson_analysis/yepes_code/data/2025-11-20/scope-results-2025-11-20-1089.csv,1.5733333333328185e-11,,33,,0,,50 ohms time 0.01
,SiC,1.0,Electron 85V,3.0,1.471551653030126e-41,0.0,40.0,/Users/rkfuentes/Documents/md_anderson_analysis/yepes_code/data/2025-11-20/scope-results-2025-11-20-1090.csv,2.899333333333735e-10,,28,,0,,50 ohms time 0.01
,SiC,1.0,Electron 85V,3.0,1.471551653030126e-41,0.0,40.0,/Users/rkfuentes/Documents/md_anderson_analysis/yepes_code/data/2025-11-20/scope-results-2025-11-20-1091.csv,9.72666666666796e-11,,31,,0,,50 ohms time 0.01
,SiC,1.0,Electron 85V,3.0,1.471551653030126e-41,0.0,40.0,/Users/rkfuentes/Documents/md_anderson_analysis/yepes_code/data/2025-11-20/scope-results-2025-11-20-1092.csv,8.236121490235334e-11,,31,,0,,50 ohms time 0.01
,SiC,1.0,Electron 85V,3.0,1.471551653030126e-41,0.0,40.0,/Users/rkfuentes/Documents/md_anderson_analysis/yepes_code/data/2025-11-20/scope-results-2025-11-20-1093.csv,3.132666666666481e-10,,29,,0,,50 ohms time 0.01
,SiC,1.0,Electron 85V,3.0,1.471551653030126e-41,0.0,40.0,/Users/rkfuentes/Documents/md_anderson_analysis/yepes_code/data/2025-11-20/scope-results-2025-11-20-1094.csv,2.5399999999999975e-11,,51,,0,,50 ohms time 0.01
,SiC,1.0,Electron 85V,3.0,1.471551653030126e-41,0.0,40.0,/Users/rkfuentes/Documents/md_anderson_analysis/yepes_code/data/2025-11-20/scope-results-2025-11-20-1095.csv,3.315333333333557e-10,,38,,0,,50 ohms time 0.01
,SiC,1.0,Electron 85V,3.0,1.471551653030126e-41,0.0,40.0,/Users/rkfuentes/Documents/md_anderson_analysis/yepes_code/data/2025-11-20/scope-results-2025-11-20-1096.csv,1.7599999999999857e-11,,37,,0,,50 ohms time 0.01
,SiC,1.0,Electron 85V,3.0,1.471551653030126e-41,0.0,40.0,/Users/rkfuentes/Documents/md_anderson_analysis/yepes_code/data/2025-11-20/scope-results-2025-11-20-1097.csv,2.9753333333331474e-10,,31,,0,,50 ohms time 0.01
,SiC,1.0,Electron 85V,3.0,1.471551653030126e-41,0.0,40.0,/Users/rkfuentes/Documents/md_anderson_analysis/yepes_code/data/2025-11-20/scope-results-2025-11-20-1098.csv,2.0318399999999966e-08,,35,,0,,50 ohms time 0.01
,SiC,1.0,Electron 85V,3.0,1.471551653030126e-41,0.0,40.0,/Users/rkfuentes/Documents/md_anderson_analysis/yepes_code/data/2025-11-20/scope-results-2025-11-20-1099.csv,1.488666666666724e-10,,32,,0,,50 ohms time 0.01
,SiC,1.0,Electron 85V,3.0,1.471551653030126e-41,0.0,40.0,/Users/rkfuentes/Documents/md_anderson_analysis/yepes_code/data/2025-11-20/scope-results-2025-11-20-1100.csv,4.705333333333346e-10,,33,,0,,50 ohms time 0.01
,SiC,1.0,Electron 110V,3.0,1.471551653030126e-41,0.0,40.0,/Users/rkfuentes/Documents/md_anderson_analysis/yepes_code/data/2025-11-20/scope-results-2025-11-20-1147.csv,1.7109399999999957e-08,,37,,0,,50 ohms time 0.01
,SiC,1.0,Electron 110V,3.0,1.471551653030126e-41,0.0,40.0,/Users/rkfuentes/Documents/md_anderson_analysis/yepes_code/data/2025-11-20/scope-results-2025-11-20-1148.csv,1.1243799999999974e-08,,630,,0,,50 ohms time 0.01
,SiC,1.0,Electron 110V,3.0,1.471551653030126e-41,0.0,40.0,/Users/rkfuentes/Documents/md_anderson_analysis/yepes_code/data/2025-11-20/scope-results-2025-11-20-1149.csv,6.96448e-08,,607,,0,,50 ohms time 0.01
,SiC,1.0,Electron 110V,3.0,1.471551653030126e-41,0.0,40.0,/Users/rkfuentes/Documents/md_anderson_analysis/yepes_code/data/2025-11-20/scope-results-2025-11-20-1150.csv,8.498666666666244e-10,,44,,0,,50 ohms time 0.01
,SiC,1.0,Electron 110V,3.0,1.471551653030126e-41,0.0,40.0,/Users/rkfuentes/Documents/md_anderson_analysis/yepes_code/data/2025-11-20/scope-results-2025-11-20-1151.csv,8.718133333333336e-09,,45,,0,,50 ohms time 0.01
,SiC,1.0,Electron 110V,3.0,1.471551653030126e-41,0.0,40.0,/Users/rkfuentes/Documents/md_anderson_analysis/yepes_code/data/2025-11-20/scope-results-2025-11-20-1152.csv,4.5439999999998687e-10,,54,,0,,50 ohms time 0.01
,SiC,1.0,Electron 110V,3.0,1.471551653030126e-41,0.0,40.0,/Users/rkfuentes/Documents/md_anderson_analysis/yepes_code/data/2025-11-20/scope-results-2025-11-20-1153.csv,1.0413960000000001e-07,,626,,0,,50 ohms time 0.01
,SiC,1.0,Electron 110V,3.0,1.471551653030126e-41,0.0,40.0,/Users/rkfuentes/Documents/md_anderson_analysis/yepes_code/data/2025-11-20/scope-results-2025-11-20-1154.csv,1.624800000000009e-09,,53,,0,,50 ohms time 0.01
,SiC,1.0,Electron 110V,3.0,1.471551653030126e-41,0.0,40.0,/Users/rkfuentes/Documents/md_anderson_analysis/yepes_code/data/2025-11-20/scope-results-2025-11-20-1155.csv,9.573333333334416e-11,,64,,0,,50 ohms time 0.01
,SiC,1.0,Electron 110V,3.0,1.471551653030126e-41,0.0,40.0,/Users/rkfuentes/Documents/md_anderson_analysis/yepes_code/data/2025-11-20/scope-results-2025-11-20-1156.csv,1.7965066666666652e-08,,78,,0,,50 ohms time 0.01
,SiC,1.0,Electron 110V,3.0,1.471551653030126e-41,0.0,40.0,/Users/rkfuentes/Documents/md_anderson_analysis/yepes_code/data/2025-11-20/scope-results-2025-11-20-1157.csv,1.1727999999999863e-09,,47,,0,,50 ohms time 0.01
,SiC,1.0,Electron 191V,3.0,1.471551653030126e-41,0.0,40.0,/Users/rkfuentes/Documents/md_anderson_analysis/yepes_code/data/2025-11-20/scope-results-2025-11-20-1206.csv,1.673333333333014e-11,,40,,0,,50 ohms time 0.01
,SiC,1.0,Electron 191V,3.0,1.471551653030126e-41,0.0,40.0,/Users/rkfuentes/Documents/md_anderson_analysis/yepes_code/data/2025-11-20/scope-results-2025-11-20-1207.csv,1.7540666666666658e-09,,124,,0,,50 ohms time 0.01
,SiC,1.0,Electron 191V,3.0,1.471551653030126e-41,0.0,40.0,/Users/rkfuentes/Documents/md_anderson_analysis/yepes_code/data/2025-11-20/scope-results-2025-11-20-1208.csv,2.023733333333332e-09,,132,,0,,50 ohms time 0.01
,SiC,1.0,Electron 191V,3.0,1.471551653030126e-41,0.0,40.0,/Users/rkfuentes/Documents/md_anderson_analysis/yepes_code/data/2025-11-20/scope-results-2025-11-20-1209.csv,2.9767999999999925e-09,,127,,0,,50 ohms time 0.01
,SiC,1.0,Electron 191V,3.0,1.471551653030126e-41,0.0,40.0,/Users/rkfuentes/Documents/md_anderson_analysis/yepes_code/data/2025-11-20/scope-results-2025-11-20-1210.csv,4.68800000000005e-10,,178,,0,,50 ohms time 0.01
,SiC,1.0,Electron 191V,3.0,1.471551653030126e-41,0.0,40.0,/Users/rkfuentes/Documents/md_anderson_analysis/yepes_code/data/2025-11-20/scope-results-2025-11-20-1211.csv,1.6433333333333336e-10,,137,,0,,50 ohms time 0.01
,SiC,1.0,Electron 191V,3.0,1.471551653030126e-41,0.0,40.0,/Users/rkfuentes/Documents/md_anderson_analysis/yepes_code/data/2025-11-20/scope-results-2025-11-20-1212.csv,2.7333333333333544e-10,,143,,0,,50 ohms time 0.01
,SiC,1.0,Electron 191V,3.0,1.471551653030126e-41,0.0,40.0,/Users/rkfuentes/Documents/md_anderson_analysis/yepes_code/data/2025-11-20/scope-results-2025-11-20-1221.csv,2.12999999999997e-10,,184,,0,,50 ohms time 0.01
,SiC,1.0,Electron 191V,3.0,1.471551653030126e-41,0.0,40.0,/Users/rkfuentes/Documents/md_anderson_analysis/yepes_code/data/2025-11-20/scope-results-2025-11-20-1222.csv,7.66666666666679e-10,,118,,0,,50 ohms time 0.01
,SiC,1.0,Electron 191V,3.0,1.471551653030126e-41,0.0,40.0,/Users/rkfuentes/Documents/md_anderson_analysis/yepes_code/data/2025-11-20/scope-results-2025-11-20-1223.csv,2.536933333333347e-09,,119,,0,,50 ohms time 0.01
,SiC,1.0,Electron 191V,3.0,1.471551653030126e-41,0.0,40.0,/Users/rkfuentes/Documents/md_anderson_analysis/yepes_code/data/2025-11-20/scope-results-2025-11-20-1224.csv,2.7813333333333945e-10,,170,,0,,50 ohms time 0.01
,SiC,1.0,Electron 191V,3.0,1.471551653030126e-41,0.0,40.0,/Users/rkfuentes/Documents/md_anderson_analysis/yepes_code/data/2025-11-20/scope-results-2025-11-20-1225.csv,8.027999999999947e-10,,140,,0,,50 ohms time 0.01
,SiC,1.0,Electron 191V,3.0,1.471551653030126e-41,0.0,40.0,/Users/rkfuentes/Documents/md_anderson_analysis/yepes_code/data/2025-11-20/scope-results-2025-11-20-1226.csv,9.899333333333355e-10,,193,,0,,50 ohms time 0.01
,SiC,1.0,Electron 85V,3.0,1.471551653030126e-41,0.0,40.0,/Users/rkfuentes/Documents/md_anderson_analysis/yepes_code/data/2025-11-20/scope-results-2025-11-20-1263.csv,9.75333333333525e-11,,26,,0,,50 ohms time 0.01
,SiC,1.0,Electron 85V,3.0,1.471551653030126e-41,0.0,40.0,/Users/rkfuentes/Documents/md_anderson_analysis/yepes_code/data/2025-11-20/scope-results-2025-11-20-1264.csv,7.599999999999775e-11,,48,,0,,50 ohms time 0.01
,SiC,1.0,Electron 85V,3.0,1.471551653030126e-41,0.0,40.0,/Users/rkfuentes/Documents/md_anderson_analysis/yepes_code/data/2025-11-20/scope-results-2025-11-20-1265.csv,1.6602666666666439e-09,,33,,0,,50 ohms time 0.01
,SiC,1.0,Electron 85V,3.0,1.471551653030126e-41,0.0,40.0,/Users/rkfuentes/Documents/md_anderson_analysis/yepes_code/data/2025-11-20/scope-results-2025-11-20-1266.csv,1.352666666666587e-10,,31,,0,,50 ohms time 0.01
,SiC,1.0,Electron 85V,3.0,1.471551653030126e-41,0.0,40.0,/Users/rkfuentes/Documents/md_anderson_analysis/yepes_code/data/2025-11-20/scope-results-2025-11-20-1267.csv,2.970000000000335e-10,,28,,0,,50 ohms time 0.01
,SiC,1.0,Electron 85V,3.0,1.471551653030126e-41,0.0,40.0,/Users/rkfuentes/Documents/md_anderson_analysis/yepes_code/data/2025-11-20/scope-results-2025-11-20-1268.csv,3.616666666666873e-10,,60,,0,,50 ohms time 0.01
,SiC,1.0,Electron 85V,3.0,1.471551653030126e-41,0.0,40.0,/Users/rkfuentes/Documents/md_anderson_analysis/yepes_code/data/2025-11-20/scope-results-2025-11-20-1269.csv,2.900666666666803e-10,,39,,0,,50 ohms time 0.01
,SiC,1.0,Electron 85V,3.0,1.471551653030126e-41,0.0,40.0,/Users/rkfuentes/Documents/md_anderson_analysis/yepes_code/data/2025-11-20/scope-results-2025-11-20-1270.csv,8.513333333331714e-11,,32,,0,,50 ohms time 0.01
,SiC,1.0,Electron 85V,3.0,1.471551653030126e-41,0.0,40.0,/Users/rkfuentes/Documents/md_anderson_analysis/yepes_code/data/2025-11-20/scope-results-2025-11-20-1271.csv,4.290666666666592e-10,,59,,0,,50 ohms time 0.01
,SiC,1.0,Electron 85V,3.0,1.471551653030126e-41,0.0,40.0,/Users/rkfuentes/Documents/md_anderson_analysis/yepes_code/data/2025-11-20/scope-results-2025-11-20-1272.csv,2.824266666666659e-09,,52,,0,,50 ohms time 0.01
,SiC,1.0,Electron 85V,3.0,1.471551653030126e-41,0.0,40.0,/Users/rkfuentes/Documents/md_anderson_analysis/yepes_code/data/2025-11-20/scope-results-2025-11-20-1273.csv,1.7593333333335444e-10,,33,,0,,50 ohms time 0.01
,SiC,1.0,Electron 85V,3.0,1.471551653030126e-41,0.0,40.0,/Users/rkfuentes/Documents/md_anderson_analysis/yepes_code/data/2025-11-20/scope-results-2025-11-20-1274.csv,8.439999999997674e-11,,34,,0,,50 ohms time 0.01
,SiC,1.0,Electron 110V,3.0,1.471551653030126e-41,0.0,40.0,/Users/rkfuentes/Documents/md_anderson_analysis/yepes_code/data/2025-11-20/scope-results-2025-11-20-1313.csv,3.061066666666671e-09,,61,,0,,50 ohms time 0.01
,SiC,1.0,Electron 110V,3.0,1.471551653030126e-41,0.0,40.0,/Users/rkfuentes/Documents/md_anderson_analysis/yepes_code/data/2025-11-20/scope-results-2025-11-20-1314.csv,3.6858666666666702e-09,,43,,0,,50 ohms time 0.01
,SiC,1.0,Electron 110V,3.0,1.471551653030126e-41,0.0,40.0,/Users/rkfuentes/Documents/md_anderson_analysis/yepes_code/data/2025-11-20/scope-results-2025-11-20-1315.csv,6.658466666666666e-09,,43,,0,,50 ohms time 0.01
,SiC,1.0,Electron 110V,3.0,1.471551653030126e-41,0.0,40.0,/Users/rkfuentes/Documents/md_anderson_analysis/yepes_code/data/2025-11-20/scope-results-2025-11-20-1316.csv,6.373866666666643e-09,,40,,0,,50 ohms time 0.01
,SiC,1.0,Electron 110V,3.0,1.471551653030126e-41,0.0,40.0,/Users/rkfuentes/Documents/md_anderson_analysis/yepes_code/data/2025-11-20/scope-results-2025-11-20-1317.csv,3.150906666666665e-08,,92,,0,,50 ohms time 0.01
,SiC,1.0,Electron 110V,3.0,1.471551653030126e-41,0.0,40.0,/Users/rkfuentes/Documents/md_anderson_analysis/yepes_code/data/2025-11-20/scope-results-2025-11-20-1318.csv,7.623333333333274e-10,,42,,0,,50 ohms time 0.01
,SiC,1.0,Electron 110V,3.0,1.471551653030126e-41,0.0,40.0,/Users/rkfuentes/Documents/md_anderson_analysis/yepes_code/data/2025-11-20/scope-results-2025-11-20-1319.csv,8.309266666666683e-09,,42,,0,,50 ohms time 0.01
,SiC,1.0,Electron 110V,3.0,1.471551653030126e-41,0.0,40.0,/Users/rkfuentes/Documents/md_anderson_analysis/yepes_code/data/2025-11-20/scope-results-2025-11-20-1320.csv,6.090053333333331e-08,,665,,0,,50 ohms time 0.01
,SiC,1.0,Electron 110V,3.0,1.471551653030126e-41,0.0,40.0,/Users/rkfuentes/Documents/md_anderson_analysis/yepes_code/data/2025-11-20/scope-results-2025-11-20-1321.csv,5.40533333333331e-10,,50,,0,,50 ohms time 0.01
,SiC,1.0,Electron 110V,3.0,1.471551653030126e-41,0.0,40.0,/Users/rkfuentes/Documents/md_anderson_analysis/yepes_code/data/2025-11-20/scope-results-2025-11-20-1327.csv,4.3458666666666895e-09,,426,,0,,50 ohms time 0.01
,SiC,1.0,Electron 110V,3.0,1.471551653030126e-41,0.0,40.0,/Users/rkfuentes/Documents/md_anderson_analysis/yepes_code/data/2025-11-20/scope-results-2025-11-20-1328.csv,6.4975333333333296e-09,,48,,0,,50 ohms time 0.01
,SiC,1.0,Electron 110V,3.0,1.471551653030126e-41,0.0,40.0,/Users/rkfuentes/Documents/md_anderson_analysis/yepes_code/data/2025-11-20/scope-results-2025-11-20-1329.csv,1.077080000000002e-08,,40,,0,,50 ohms time 0.01
,SiC,1.0,Electron 191V,3.0,1.471551653030126e-41,0.0,40.0,/Users/rkfuentes/Documents/md_anderson_analysis/yepes_code/data/2025-11-20/scope-results-2025-11-20-1379.csv,1.1093333333332325e-10,,105,,0,,50 ohms time 0.01
,SiC,1.0,Electron 191V,3.0,1.471551653030126e-41,0.0,40.0,/Users/rkfuentes/Documents/md_anderson_analysis/yepes_code/data/2025-11-20/scope-results-2025-11-20-1380.csv,1.0849333333333431e-09,,172,,0,,50 ohms time 0.01
,SiC,1.0,Electron 191V,3.0,1.471551653030126e-41,0.0,40.0,/Users/rkfuentes/Documents/md_anderson_analysis/yepes_code/data/2025-11-20/scope-results-2025-11-20-1381.csv,6.724666666666712e-10,,183,,0,,50 ohms time 0.01
,SiC,1.0,Electron 191V,3.0,1.471551653030126e-41,0.0,40.0,/Users/rkfuentes/Documents/md_anderson_analysis/yepes_code/data/2025-11-20/scope-results-2025-11-20-1382.csv,1.7413333333333238e-09,,139,,0,,50 ohms time 0.01
,SiC,1.0,Electron 191V,3.0,1.471551653030126e-41,0.0,40.0,/Users/rkfuentes/Documents/md_anderson_analysis/yepes_code/data/2025-11-20/scope-results-2025-11-20-1383.csv,1.776133333333322e-09,,145,,0,,50 ohms time 0.01
,SiC,1.0,Electron 191V,3.0,1.471551653030126e-41,0.0,40.0,/Users/rkfuentes/Documents/md_anderson_analysis/yepes_code/data/2025-11-20/scope-results-2025-11-20-1384.csv,5.413333333333326e-10,,129,,0,,50 ohms time 0.01
,SiC,1.0,Electron 191V,3.0,1.471551653030126e-41,0.0,40.0,/Users/rkfuentes/Documents/md_anderson_analysis/yepes_code/data/2025-11-20/scope-results-2025-11-20-1385.csv,1.2477333333333465e-09,,156,,0,,50 ohms time 0.01
,SiC,1.0,Electron 191V,3.0,1.471551653030126e-41,0.0,40.0,/Users/rkfuentes/Documents/md_anderson_analysis/yepes_code/data/2025-11-20/scope-results-2025-11-20-1386.csv,5.15999999999995e-11,,24,,0,,50 ohms time 0.01
,SiC,1.0,Electron 191V,3.0,1.471551653030126e-41,0.0,40.0,/Users/rkfuentes/Documents/md_anderson_analysis/yepes_code/data/2025-11-20/scope-results-2025-11-20-1387.csv,9.109333333333386e-10,,103,,0,,50 ohms time 0.01
,SiC,1.0,Electron 191V,3.0,1.471551653030126e-41,0.0,40.0,/Users/rkfuentes/Documents/md_anderson_analysis/yepes_code/data/2025-11-20/scope-results-2025-11-20-1388.csv,3.9013333333333037e-10,,90,,0,,50 ohms time 0.01
,SiC,1.0,Electron 191V,3.0,1.471551653030126e-41,0.0,40.0,/Users/rkfuentes/Documents/md_anderson_analysis/yepes_code/data/2025-11-20/scope-results-2025-11-20-1389.csv,2.65533333333334e-09,,147,,0,,50 ohms time 0.01
,SiC,1.0,Electron 191V,3.0,1.471551653030126e-41,0.0,40.0,/Users/rkfuentes/Documents/md_anderson_analysis/yepes_code/data/2025-11-20/scope-results-2025-11-20-1390.csv,1.5839999999998637e-10,,124,,0,,50 ohms time 0.01
,SiC,1.0,Electron 191V,3.0,1.471551653030126e-41,0.0,40.0,/Users/rkfuentes/Documents/md_anderson_analysis/yepes_code/data/2025-11-20/scope-results-2025-11-20-1391.csv,6.205333333333295e-10,,113,,0,,50 ohms time 0.01
,SiC,1.0,Electron 85V,3.0,1.471551653030126e-41,0.0,40.0,/Users/rkfuentes/Documents/md_anderson_analysis/yepes_code/data/2025-11-20/scope-results-2025-11-20-1425.csv,2.4740000000000185e-10,,29,,0,,50 ohms time 0.01
,SiC,1.0,Electron 85V,3.0,1.471551653030126e-41,0.0,40.0,/Users/rkfuentes/Documents/md_anderson_analysis/yepes_code/data/2025-11-20/scope-results-2025-11-20-1426.csv,1.8453333333335476e-10,,28,,0,,50 ohms time 0.01
,SiC,1.0,Electron 85V,3.0,1.471551653030126e-41,0.0,40.0,/Users/rkfuentes/Documents/md_anderson_analysis/yepes_code/data/2025-11-20/scope-results-2025-11-20-1427.csv,2.714666666667035e-10,,37,,0,,50 ohms time 0.01
,SiC,1.0,Electron 85V,3.0,1.471551653030126e-41,0.0,40.0,/Users/rkfuentes/Documents/md_anderson_analysis/yepes_code/data/2025-11-20/scope-results-2025-11-20-1428.csv,2.7333333333332975e-10,,31,,0,,50 ohms time 0.01
,SiC,1.0,Electron 85V,3.0,1.471551653030126e-41,0.0,40.0,/Users/rkfuentes/Documents/md_anderson_analysis/yepes_code/data/2025-11-20/scope-results-2025-11-20-1429.csv,2.4813333333336705e-10,,34,,0,,50 ohms time 0.01
,SiC,1.0,Electron 85V,3.0,1.471551653030126e-41,0.0,40.0,/Users/rkfuentes/Documents/md_anderson_analysis/yepes_code/data/2025-11-20/scope-results-2025-11-20-1430.csv,3.2426666666666087e-10,,40,,0,,50 ohms time 0.01
,SiC,1.0,Electron 85V,3.0,1.471551653030126e-41,0.0,40.0,/Users/rkfuentes/Documents/md_anderson_analysis/yepes_code/data/2025-11-20/scope-results-2025-11-20-1431.csv,1.2206666666664954e-10,,32,,0,,50 ohms time 0.01
,SiC,1.0,Electron 85V,3.0,1.471551653030126e-41,0.0,40.0,/Users/rkfuentes/Documents/md_anderson_analysis/yepes_code/data/2025-11-20/scope-results-2025-11-20-1432.csv,1.6693333333333708e-10,,53,,0,,50 ohms time 0.01
,SiC,1.0,Electron 85V,3.0,1.471551653030126e-41,0.0,40.0,/Users/rkfuentes/Documents/md_anderson_analysis/yepes_code/data/2025-11-20/scope-results-2025-11-20-1433.csv,1.2693333333333561e-10,,49,,0,,50 ohms time 0.01
,SiC,1.0,Electron 85V,3.0,1.471551653030126e-41,0.0,40.0,/Users/rkfuentes/Documents/md_anderson_analysis/yepes_code/data/2025-11-20/scope-results-2025-11-20-1434.csv,2.743333333333202e-10,,33,,0,,50 ohms time 0.01
,SiC,1.0,Electron 85V,3.0,1.471551653030126e-41,0.0,40.0,/Users/rkfuentes/Documents/md_anderson_analysis/yepes_code/data/2025-11-20/scope-results-2025-11-20-1435.csv,6.426666666666743e-11,,34,,0,,50 ohms time 0.01
,SiC,1.0,Electron 85V,3.0,1.471551653030126e-41,0.0,40.0,/Users/rkfuentes/Documents/md_anderson_analysis/yepes_code/data/2025-11-20/scope-results-2025-11-20-1436.csv,2.4939999999999135e-10,,29,,0,,50 ohms time 0.01
,SiC,1.0,Electron 110V,3.0,1.471551653030126e-41,0.0,40.0,/Users/rkfuentes/Documents/md_anderson_analysis/yepes_code/data/2025-11-20/scope-results-2025-11-20-1471.csv,1.2208593333333332e-07,,652,,0,,50 ohms time 0.01
,SiC,1.0,Electron 110V,3.0,1.471551653030126e-41,0.0,40.0,/Users/rkfuentes/Documents/md_anderson_analysis/yepes_code/data/2025-11-20/scope-results-2025-11-20-1472.csv,6.999733333333308e-09,,651,,0,,50 ohms time 0.01
,SiC,1.0,Electron 110V,3.0,1.471551653030126e-41,0.0,40.0,/Users/rkfuentes/Documents/md_anderson_analysis/yepes_code/data/2025-11-20/scope-results-2025-11-20-1473.csv,8.159733333333333e-09,,44,,0,,50 ohms time 0.01
,SiC,1.0,Electron 110V,3.0,1.471551653030126e-41,0.0,40.0,/Users/rkfuentes/Documents/md_anderson_analysis/yepes_code/data/2025-11-20/scope-results-2025-11-20-1474.csv,1.0641999999999993e-09,,43,,0,,50 ohms time 0.01
,SiC,1.0,Electron 110V,3.0,1.471551653030126e-41,0.0,40.0,/Users/rkfuentes/Documents/md_anderson_analysis/yepes_code/data/2025-11-20/scope-results-2025-11-20-1475.csv,9.491431016639398e-11,,24,,0,,50 ohms time 0.01
,SiC,1.0,Electron 110V,3.0,1.471551653030126e-41,0.0,40.0,/Users/rkfuentes/Documents/md_anderson_analysis/yepes_code/data/2025-11-20/scope-results-2025-11-20-1476.csv,1.8979999999998638e-10,,29,,0,,50 ohms time 0.01
,SiC,1.0,Electron 110V,3.0,1.471551653030126e-41,0.0,40.0,/Users/rkfuentes/Documents/md_anderson_analysis/yepes_code/data/2025-11-20/scope-results-2025-11-20-1477.csv,2.36326666666667e-09,,44,,0,,50 ohms time 0.01
,SiC,1.0,Electron 110V,3.0,1.471551653030126e-41,0.0,40.0,/Users/rkfuentes/Documents/md_anderson_analysis/yepes_code/data/2025-11-20/scope-results-2025-11-20-1478.csv,1.0759199999999997e-08,,178,,0,,50 ohms time 0.01
,SiC,1.0,Electron 110V,3.0,1.471551653030126e-41,0.0,40.0,/Users/rkfuentes/Documents/md_anderson_analysis/yepes_code/data/2025-11-20/scope-results-2025-11-20-1479.csv,1.6375333333333327e-09,,34,,0,,50 ohms time 0.01
,SiC,1.0,Electron 110V,3.0,1.471551653030126e-41,0.0,40.0,/Users/rkfuentes/Documents/md_anderson_analysis/yepes_code/data/2025-11-20/scope-results-2025-11-20-1480.csv,1.6126666666666327e-10,,34,,0,,50 ohms time 0.01
,SiC,1.0,Electron 110V,3.0,1.471551653030126e-41,0.0,40.0,/Users/rkfuentes/Documents/md_anderson_analysis/yepes_code/data/2025-11-20/scope-results-2025-11-20-1481.csv,6.969200000000017e-09,,44,,0,,50 ohms time 0.01
,SiC,1.0,Electron 191V,3.0,1.471551653030126e-41,0.0,40.0,/Users/rkfuentes/Documents/md_anderson_analysis/yepes_code/data/2025-11-20/scope-results-2025-11-20-1516.csv,2.8285333333333225e-09,,216,,0,,50 ohms time 0.01
,SiC,1.0,Electron 191V,3.0,1.471551653030126e-41,0.0,40.0,/Users/rkfuentes/Documents/md_anderson_analysis/yepes_code/data/2025-11-20/scope-results-2025-11-20-1517.csv,2.5237333333333316e-09,,274,,0,,50 ohms time 0.01
,SiC,1.0,Electron 191V,3.0,1.471551653030126e-41,0.0,40.0,/Users/rkfuentes/Documents/md_anderson_analysis/yepes_code/data/2025-11-20/scope-results-2025-11-20-1518.csv,6.773333333333136e-11,,45,,0,,50 ohms time 0.01
,SiC,1.0,Electron 191V,3.0,1.471551653030126e-41,0.0,40.0,/Users/rkfuentes/Documents/md_anderson_analysis/yepes_code/data/2025-11-20/scope-results-2025-11-20-1519.csv,3.3334000000000063e-09,,232,,0,,50 ohms time 0.01
,SiC,1.0,Electron 191V,3.0,1.471551653030126e-41,0.0,40.0,/Users/rkfuentes/Documents/md_anderson_analysis/yepes_code/data/2025-11-20/scope-results-2025-11-20-1520.csv,5.528666666666661e-10,,37,,0,,50 ohms time 0.01
,SiC,1.0,Electron 191V,3.0,1.471551653030126e-41,0.0,40.0,/Users/rkfuentes/Documents/md_anderson_analysis/yepes_code/data/2025-11-20/scope-results-2025-11-20-1521.csv,2.3169333333333227e-09,,204,,0,,50 ohms time 0.01
,SiC,1.0,Electron 191V,3.0,1.471551653030126e-41,0.0,40.0,/Users/rkfuentes/Documents/md_anderson_analysis/yepes_code/data/2025-11-20/scope-results-2025-11-20-1522.csv,2.752266666666668e-09,,196,,0,,50 ohms time 0.01
,SiC,1.0,Electron 191V,3.0,1.471551653030126e-41,0.0,40.0,/Users/rkfuentes/Documents/md_anderson_analysis/yepes_code/data/2025-11-20/scope-results-2025-11-20-1523.csv,7.381333333333478e-10,,153,,0,,50 ohms time 0.01
,SiC,1.0,Electron 191V,3.0,1.471551653030126e-41,0.0,40.0,/Users/rkfuentes/Documents/md_anderson_analysis/yepes_code/data/2025-11-20/scope-results-2025-11-20-1524.csv,2.5626666666666685e-10,,25,,0,,50 ohms time 0.01
,SiC,1.0,Electron 191V,3.0,1.471551653030126e-41,0.0,40.0,/Users/rkfuentes/Documents/md_anderson_analysis/yepes_code/data/2025-11-20/scope-results-2025-11-20-1525.csv,4.173866666666673e-09,,290,,0,,50 ohms time 0.01
,SiC,1.0,Electron 191V,3.0,1.471551653030126e-41,0.0,40.0,/Users/rkfuentes/Documents/md_anderson_analysis/yepes_code/data/2025-11-20/scope-results-2025-11-20-1526.csv,8.946666666666534e-10,,181,,0,,50 ohms time 0.01
,SiC,1.0,Electron 191V,3.0,1.471551653030126e-41,0.0,40.0,/Users/rkfuentes/Documents/md_anderson_analysis/yepes_code/data/2025-11-20/scope-results-2025-11-20-1527.csv,3.999999999990629e-12,,214,,0,,50 ohms time 0.01
,SiC,1.0,Electron 191V,3.0,1.471551653030126e-41,0.0,40.0,/Users/rkfuentes/Documents/md_anderson_analysis/yepes_code/data/2025-11-20/scope-results-2025-11-20-1528.csv,1.084267180160922e-10,,29,,0,,50 ohms time 0.01
,SiC,1.0,Electron 191V,3.0,1.471551653030126e-41,0.0,40.0,/Users/rkfuentes/Documents/md_anderson_analysis/yepes_code/data/2025-11-20/scope-results-2025-11-20-1529.csv,2.0646666666666584e-10,,27,,0,,50 ohms time 0.01
,SiC,1.0,Electron 191V,3.0,1.471551653030126e-41,0.0,40.0,/Users/rkfuentes/Documents/md_anderson_analysis/yepes_code/data/2025-11-20/scope-results-2025-11-20-1530.csv,4.857333333333326e-10,,27,,0,,50 ohms time 0.01
,SiC,1.0,Electron 191V,3.0,1.471551653030126e-41,0.0,40.0,/Users/rkfuentes/Documents/md_anderson_analysis/yepes_code/data/2025-11-20/scope-results-2025-11-20-1531.csv,1.0792000000000082e-09,,24,,0,,50 ohms time 0.01
,SiC,1.0,Electron 110V,3.0,1.471551653030126e-41,0.0,40.0,/Users/rkfuentes/Documents/md_anderson_analysis/yepes_code/data/2025-11-20/scope-results-2025-11-20-1584.csv,1.4432000000000018e-08,,129,,0,,50 ohms time 0.01 no collimator
,SiC,1.0,Electron 110V,3.0,1.471551653030126e-41,0.0,40.0,/Users/rkfuentes/Documents/md_anderson_analysis/yepes_code/data/2025-11-20/scope-results-2025-11-20-1585.csv,1.2332999999999989e-08,,139,,0,,50 ohms time 0.01 no collimator
,SiC,1.0,Electron 110V,3.0,1.471551653030126e-41,0.0,40.0,/Users/rkfuentes/Documents/md_anderson_analysis/yepes_code/data/2025-11-20/scope-results-2025-11-20-1586.csv,1.4481333333333328e-08,,139,,0,,50 ohms time 0.01 no collimator
,SiC,1.0,Electron 191V,3.0,1.471551653030126e-41,0.0,40.0,/Users/rkfuentes/Documents/md_anderson_analysis/yepes_code/data/2025-11-20/scope-results-2025-11-20-1587.csv,7.233333333333425e-11,,18,,0,,50 ohms time 0.01 no collimator
,SiC,1.0,Electron 191V,3.0,1.471551653030126e-41,0.0,40.0,/Users/rkfuentes/Documents/md_anderson_analysis/yepes_code/data/2025-11-20/scope-results-2025-11-20-1588.csv,1.0999999999999356e-11,,23,,0,,50 ohms time 0.01 no collimator
,SiC,1.0,Electron 191V,3.0,1.471551653030126e-41,0.0,40.0,/Users/rkfuentes/Documents/md_anderson_analysis/yepes_code/data/2025-11-20/scope-results-2025-11-20-1589.csv,3.483333333333392e-10,,21,,0,,50 ohms time 0.01 no collimator
,SiC,1.0,Electron 191V,3.0,1.471551653030126e-41,0.0,40.0,/Users/rkfuentes/Documents/md_anderson_analysis/yepes_code/data/2025-11-20/scope-results-2025-11-20-1590.csv,7.416666666666719e-10,,55,,0,,50 ohms time 0.01 no collimator
,SiC,1.0,Electron 85V,3.0,3.2838317827216953e-196,0.0,200.0,/Users/rkfuentes/Documents/md_anderson_analysis/yepes_code/data/2025-11-20/scope-results-2025-11-20-1630.csv,8.00000000000012e-11,,17,,0,,50 ohms time 0.01 no collimator
,SiC,1.0,Electron 85V,3.0,3.2838317827216953e-196,0.0,200.0,/Users/rkfuentes/Documents/md_anderson_analysis/yepes_code/data/2025-11-20/scope-results-2025-11-20-1631.csv,1.5999999999997815e-11,,15,,0,,50 ohms time 0.01 no collimator
,SiC,1.0,Electron 85V,3.0,3.2838317827216953e-196,0.0,200.0,/Users/rkfuentes/Documents/md_anderson_analysis/yepes_code/data/2025-11-20/scope-results-2025-11-20-1632.csv,3.033333333333335e-11,,19,,0,,50 ohms time 0.01 no collimator
,SiC,1.0,Electron 85V,3.0,3.2838317827216953e-196,0.0,200.0,/Users/rkfuentes/Documents/md_anderson_analysis/yepes_code/data/2025-11-20/scope-results-2025-11-20-1633.csv,7.600000000000117e-11,,24,,0,,50 ohms time 0.01 no collimator
,SiC,1.0,Electron 85V,3.0,3.2838317827216953e-196,0.0,200.0,/Users/rkfuentes/Documents/md_anderson_analysis/yepes_code/data/2025-11-20/scope-results-2025-11-20-1634.csv,5.0666666666667926e-11,,19,,0,,50 ohms time 0.01 no collimator
,SiC,1.0,Electron 85V,3.0,3.2838317827216953e-196,0.0,200.0,/Users/rkfuentes/Documents/md_anderson_analysis/yepes_code/data/2025-11-20/scope-results-2025-11-20-1635.csv,3.3133333333333223e-09,,51,,0,,50 ohms time 0.01 no collimator
,SiC,1.0,Electron 85V,3.0,3.2838317827216953e-196,0.0,200.0,/Users/rkfuentes/Documents/md_anderson_analysis/yepes_code/data/2025-11-20/scope-results-2025-11-20-1636.csv,7.000000000001374e-12,,19,,0,,50 ohms time 0.01 no collimator
,SiC,1.0,Electron 85V,3.0,3.2838317827216953e-196,0.0,200.0,/Users/rkfuentes/Documents/md_anderson_analysis/yepes_code/data/2025-11-20/scope-results-2025-11-20-1637.csv,2.899999999999681e-11,,30,,0,,50 ohms time 0.01 no collimator
,SiC,1.0,Electron 85V,3.0,3.2838317827216953e-196,0.0,200.0,/Users/rkfuentes/Documents/md_anderson_analysis/yepes_code/data/2025-11-20/scope-results-2025-11-20-1638.csv,3.833333333333515e-11,,21,,0,,50 ohms time 0.01 no collimator
,SiC,1.0,Electron 85V,3.0,3.2838317827216953e-196,0.0,200.0,/Users/rkfuentes/Documents/md_anderson_analysis/yepes_code/data/2025-11-20/scope-results-2025-11-20-1639.csv,6.43333333333347e-11,,27,,0,,50 ohms time 0.01 no collimator
,SiC,1.0,Electron 85V,3.0,3.2838317827216953e-196,0.0,200.0,/Users/rkfuentes/Documents/md_anderson_analysis/yepes_code/data/2025-11-20/scope-results-2025-11-20-1640.csv,1.003333333333329e-10,,20,,0,,50 ohms time 0.01 no collimator
,SiC,1.0,Electron 85V,3.0,3.2838317827216953e-196,0.0,200.0,/Users/rkfuentes/Documents/md_anderson_analysis/yepes_code/data/2025-11-20/scope-results-2025-11-20-1641.csv,6.899999999999875e-11,,19,,0,,50 ohms time 0.01 no collimator
,SiC,1.0,Electron 85V,3.0,3.2838317827216953e-196,0.0,200.0,/Users/rkfuentes/Documents/md_anderson_analysis/yepes_code/data/2025-11-20/scope-results-2025-11-20-1642.csv,2.2333333333331624e-11,,25,,0,,50 ohms time 0.01 no collimator
,SiC,1.0,Electron 110V,3.0,3.2838317827216953e-196,0.0,200.0,/Users/rkfuentes/Documents/md_anderson_analysis/yepes_code/data/2025-11-20/scope-results-2025-11-20-1703.csv,1.9566666666667072e-10,,26,,0,,50 ohms time 0.01 no collimator
,SiC,1.0,Electron 110V,3.0,3.2838317827216953e-196,0.0,200.0,/Users/rkfuentes/Documents/md_anderson_analysis/yepes_code/data/2025-11-20/scope-results-2025-11-20-1704.csv,2.0573333333333355e-10,,27,,0,,50 ohms time 0.01 no collimator
,SiC,1.0,Electron 110V,3.0,3.2838317827216953e-196,0.0,200.0,/Users/rkfuentes/Documents/md_anderson_analysis/yepes_code/data/2025-11-20/scope-results-2025-11-20-1705.csv,4.53333333333346e-11,,27,,0,,50 ohms time 0.01 no collimator
,SiC,1.0,Electron 110V,3.0,3.2838317827216953e-196,0.0,200.0,/Users/rkfuentes/Documents/md_anderson_analysis/yepes_code/data/2025-11-20/scope-results-2025-11-20-1706.csv,7.479999999999828e-11,,26,,0,,50 ohms time 0.01 no collimator
,SiC,1.0,Electron 110V,3.0,3.2838317827216953e-196,0.0,200.0,/Users/rkfuentes/Documents/md_anderson_analysis/yepes_code/data/2025-11-20/scope-results-2025-11-20-1707.csv,1.0946666666666797e-10,,31,,0,,50 ohms time 0.01 no collimator
,SiC,1.0,Electron 110V,3.0,3.2838317827216953e-196,0.0,200.0,/Users/rkfuentes/Documents/md_anderson_analysis/yepes_code/data/2025-11-20/scope-results-2025-11-20-1708.csv,6.106666666666357e-11,,27,,0,,50 ohms time 0.01 no collimator
,SiC,1.0,Electron 110V,3.0,3.2838317827216953e-196,0.0,200.0,/Users/rkfuentes/Documents/md_anderson_analysis/yepes_code/data/2025-11-20/scope-results-2025-11-20-1709.csv,3.2639999999999957e-10,,27,,0,,50 ohms time 0.01 no collimator
,SiC,1.0,Electron 110V,3.0,3.2838317827216953e-196,0.0,200.0,/Users/rkfuentes/Documents/md_anderson_analysis/yepes_code/data/2025-11-20/scope-results-2025-11-20-1710.csv,1.3466666666667899e-11,,21,,0,,50 ohms time 0.01 no collimator
,SiC,1.0,Electron 110V,3.0,3.2838317827216953e-196,0.0,200.0,/Users/rkfuentes/Documents/md_anderson_analysis/yepes_code/data/2025-11-20/scope-results-2025-11-20-1711.csv,1.6661333333333367e-09,,52,,0,,50 ohms time 0.01 no collimator
,SiC,1.0,Electron 110V,3.0,3.2838317827216953e-196,0.0,200.0,/Users/rkfuentes/Documents/md_anderson_analysis/yepes_code/data/2025-11-20/scope-results-2025-11-20-1712.csv,3.293333333333185e-11,,22,,0,,50 ohms time 0.01 no collimator
,SiC,1.0,Electron 110V,3.0,3.2838317827216953e-196,0.0,200.0,/Users/rkfuentes/Documents/md_anderson_analysis/yepes_code/data/2025-11-20/scope-results-2025-11-20-1713.csv,1.3364666666666645e-08,,156,,0,,50 ohms time 0.01 no collimator
,SiC,1.0,Electron 110V,3.0,3.2838317827216953e-196,0.0,200.0,/Users/rkfuentes/Documents/md_anderson_analysis/yepes_code/data/2025-11-20/scope-results-2025-11-20-1714.csv,1.7702666666666683e-09,,33,,0,,50 ohms time 0.01 no collimator
,SiC,1.0,Electron 110V,3.0,3.2838317827216953e-196,0.0,200.0,/Users/rkfuentes/Documents/md_anderson_analysis/yepes_code/data/2025-11-20/scope-results-2025-11-20-1715.csv,5.0266666666669536e-11,,19,,0,,50 ohms time 0.01 no collimator
,SiC,1.0,Electron 110V,3.0,3.2838317827216953e-196,0.0,200.0,/Users/rkfuentes/Documents/md_anderson_analysis/yepes_code/data/2025-11-20/scope-results-2025-11-20-1716.csv,9.066666666667456e-12,,28,,0,,50 ohms time 0.01 no collimator
,SiC,1.0,Electron 110V,3.0,3.2838317827216953e-196,0.0,200.0,/Users/rkfuentes/Documents/md_anderson_analysis/yepes_code/data/2025-11-20/scope-results-2025-11-20-1717.csv,1.0079999999999957e-09,,38,,0,,50 ohms time 0.01 no collimator
,SiC,1.0,Electron 110V,3.0,3.2838317827216953e-196,0.0,200.0,/Users/rkfuentes/Documents/md_anderson_analysis/yepes_code/data/2025-11-20/scope-results-2025-11-20-1718.csv,1.2906666666666746e-10,,30,,0,,50 ohms time 0.01 no collimator
,SiC,1.0,Electron 110V,3.0,3.2838317827216953e-196,0.0,200.0,/Users/rkfuentes/Documents/md_anderson_analysis/yepes_code/data/2025-11-20/scope-results-2025-11-20-1719.csv,6.569333333333335e-10,,32,,0,,50 ohms time 0.01 no collimator
,SiC,1.0,Electron 110V,3.0,3.2838317827216953e-196,0.0,200.0,/Users/rkfuentes/Documents/md_anderson_analysis/yepes_code/data/2025-11-20/scope-results-2025-11-20-1720.csv,3.3999999999999844e-11,,27,,0,,50 ohms time 0.01 no collimator
,SiC,1.0,Electron 110V,3.0,3.2838317827216953e-196,0.0,200.0,/Users/rkfuentes/Documents/md_anderson_analysis/yepes_code/data/2025-11-20/scope-results-2025-11-20-1721.csv,2.9599999999999427e-10,,51,,0,,50 ohms time 0.01 no collimator
,SiC,1.0,Electron 110V,3.0,3.2838317827216953e-196,0.0,200.0,/Users/rkfuentes/Documents/md_anderson_analysis/yepes_code/data/2025-11-20/scope-results-2025-11-20-1722.csv,5.135999999999958e-10,,82,,0,,50 ohms time 0.01 no collimator
,SiC,1.0,Electron 110V,3.0,3.2838317827216953e-196,0.0,200.0,/Users/rkfuentes/Documents/md_anderson_analysis/yepes_code/data/2025-11-20/scope-results-2025-11-20-1723.csv,9.251858538535829e-27,,0,,0,,50 ohms time 0.01 no collimator
,SiC,1.0,Electron 110V,3.0,3.2838317827216953e-196,0.0,200.0,/Users/rkfuentes/Documents/md_anderson_analysis/yepes_code/data/2025-11-20/scope-results-2025-11-20-1724.csv,1.7584000000000075e-09,,322,,0,,50 ohms time 0.01 no collimator
,SiC,1.0,Electron 110V,3.0,3.2838317827216953e-196,0.0,200.0,/Users/rkfuentes/Documents/md_anderson_analysis/yepes_code/data/2025-11-20/scope-results-2025-11-20-1725.csv,3.613333333333424e-11,,19,,0,,50 ohms time 0.01 no collimator
,SiC,1.0,Electron 110V,3.0,3.2838317827216953e-196,0.0,200.0,/Users/rkfuentes/Documents/md_anderson_analysis/yepes_code/data/2025-11-20/scope-results-2025-11-20-1726.csv,5.013333333333258e-11,,27,,0,,50 ohms time 0.01 no collimator
,SiC,1.0,Electron 110V,3.0,3.2838317827216953e-196,0.0,200.0,/Users/rkfuentes/Documents/md_anderson_analysis/yepes_code/data/2025-11-20/scope-results-2025-11-20-1727.csv,8.186666666666919e-11,,24,,0,,50 ohms time 0.01 no collimator
,SiC,1.0,Electron 110V,3.0,3.2838317827216953e-196,0.0,200.0,/Users/rkfuentes/Documents/md_anderson_analysis/yepes_code/data/2025-11-20/scope-results-2025-11-20-1728.csv,4.213333333333807e-11,,27,,0,,50 ohms time 0.01 no collimator
,SiC,1.0,Electron 110V,3.0,3.2838317827216953e-196,0.0,200.0,/Users/rkfuentes/Documents/md_anderson_analysis/yepes_code/data/2025-11-20/scope-results-2025-11-20-1729.csv,1.7653333333332958e-10,,27,,0,,50 ohms time 0.01 no collimator
,SiC,1.0,Electron 110V,3.0,3.2838317827216953e-196,0.0,200.0,/Users/rkfuentes/Documents/md_anderson_analysis/yepes_code/data/2025-11-20/scope-results-2025-11-20-1730.csv,9.251858538535829e-27,,0,,0,,50 ohms time 0.01 no collimator
,SiC,1.0,Electron 110V,3.0,3.2838317827216953e-196,0.0,200.0,/Users/rkfuentes/Documents/md_anderson_analysis/yepes_code/data/2025-11-20/scope-results-2025-11-20-1731.csv,6.933333333332614e-12,,27,,0,,50 ohms time 0.01 no collimator
,SiC,1.0,Electron 110V,3.0,3.2838317827216953e-196,0.0,200.0,/Users/rkfuentes/Documents/md_anderson_analysis/yepes_code/data/2025-11-20/scope-results-2025-11-20-1732.csv,1.9746666666667342e-10,,18,,0,,50 ohms time 0.01 no collimator
,SiC,1.0,Electron 110V,3.0,3.2838317827216953e-196,0.0,200.0,/Users/rkfuentes/Documents/md_anderson_analysis/yepes_code/data/2025-11-20/scope-results-2025-11-20-1733.csv,8.586666666666522e-11,,23,,0,,50 ohms time 0.01 no collimator
,SiC,1.0,Electron 85V,3.0,3.2838317827216953e-196,0.0,200.0,/Users/rkfuentes/Documents/md_anderson_analysis/yepes_code/data/2025-11-20/scope-results-2025-11-20-1734.csv,1.3808000000000064e-09,,68,,0,,50 ohms time 0.01 no collimator
,SiC,1.0,Electron 85V,3.0,3.2838317827216953e-196,0.0,200.0,/Users/rkfuentes/Documents/md_anderson_analysis/yepes_code/data/2025-11-20/scope-results-2025-11-20-1735.csv,2.893333333333505e-11,,26,,0,,50 ohms time 0.01 no collimator
,SiC,1.0,Electron 85V,3.0,3.2838317827216953e-196,0.0,200.0,/Users/rkfuentes/Documents/md_anderson_analysis/yepes_code/data/2025-11-20/scope-results-2025-11-20-1736.csv,1.6800000000000045e-10,,26,,0,,50 ohms time 0.01 no collimator
,SiC,1.0,Electron 85V,3.0,3.2838317827216953e-196,0.0,200.0,/Users/rkfuentes/Documents/md_anderson_analysis/yepes_code/data/2025-11-20/scope-results-2025-11-20-1737.csv,1.1373333333333261e-10,,28,,0,,50 ohms time 0.01 no collimator
,SiC,1.0,Electron 85V,3.0,3.2838317827216953e-196,0.0,200.0,/Users/rkfuentes/Documents/md_anderson_analysis/yepes_code/data/2025-11-20/scope-results-2025-11-20-1738.csv,2.5615999999999776e-09,,56,,0,,50 ohms time 0.01 no collimator
,SiC,1.0,Electron 85V,3.0,3.2838317827216953e-196,0.0,200.0,/Users/rkfuentes/Documents/md_anderson_analysis/yepes_code/data/2025-11-20/scope-results-2025-11-20-1739.csv,2.119999999999957e-11,,20,,0,,50 ohms time 0.01 no collimator
,SiC,1.0,Electron 85V,3.0,3.2838317827216953e-196,0.0,200.0,/Users/rkfuentes/Documents/md_anderson_analysis/yepes_code/data/2025-11-20/scope-results-2025-11-20-1740.csv,2.8119999999999883e-10,,31,,0,,50 ohms time 0.01 no collimator
,SiC,1.0,Electron 85V,3.0,3.2838317827216953e-196,0.0,200.0,/Users/rkfuentes/Documents/md_anderson_analysis/yepes_code/data/2025-11-20/scope-results-2025-11-20-1741.csv,9.000000000000282e-11,,30,,0,,50 ohms time 0.01 no collimator
,SiC,1.0,Electron 85V,3.0,3.2838317827216953e-196,0.0,200.0,/Users/rkfuentes/Documents/md_anderson_analysis/yepes_code/data/2025-11-20/scope-results-2025-11-20-1742.csv,1.5893333333333064e-10,,26,,0,,50 ohms time 0.01 no collimator
,SiC,1.0,Electron 85V,3.0,3.2838317827216953e-196,0.0,200.0,/Users/rkfuentes/Documents/md_anderson_analysis/yepes_code/data/2025-11-20/scope-results-2025-11-20-1743.csv,3.2346666666666714e-10,,25,,0,,50 ohms time 0.01 no collimator
,SiC,1.0,Electron 85V,3.0,3.2838317827216953e-196,0.0,200.0,/Users/rkfuentes/Documents/md_anderson_analysis/yepes_code/data/2025-11-20/scope-results-2025-11-20-1744.csv,1.7946666666666733e-10,,28,,0,,50 ohms time 0.01 no collimator
,SiC,1.0,Electron 85V,3.0,3.2838317827216953e-196,0.0,200.0,/Users/rkfuentes/Documents/md_anderson_analysis/yepes_code/data/2025-11-20/scope-results-2025-11-20-1745.csv,5.440000000000229e-11,,26,,0,,50 ohms time 0.01 no collimator
,SiC,1.0,Electron 85V,3.0,3.2838317827216953e-196,0.0,200.0,/Users/rkfuentes/Documents/md_anderson_analysis/yepes_code/data/2025-11-20/scope-results-2025-11-20-1746.csv,2.371733333333311e-09,,56,,0,,50 ohms time 0.01 no collimator
,SiC,1.0,Electron 85V,3.0,3.2838317827216953e-196,0.0,200.0,/Users/rkfuentes/Documents/md_anderson_analysis/yepes_code/data/2025-11-20/scope-results-2025-11-20-1747.csv,3.359999999999959e-11,,36,,0,,50 ohms time 0.01 no collimator
,SiC,1.0,Electron 85V,3.0,3.2838317827216953e-196,0.0,200.0,/Users/rkfuentes/Documents/md_anderson_analysis/yepes_code/data/2025-11-20/scope-results-2025-11-20-1748.csv,4.854666666666694e-10,,53,,0,,50 ohms time 0.01 no collimator
,SiC,1.0,Electron 85V,3.0,3.2838317827216953e-196,0.0,200.0,/Users/rkfuentes/Documents/md_anderson_analysis/yepes_code/data/2025-11-20/scope-results-2025-11-20-1749.csv,3.359999999999868e-11,,33,,0,,50 ohms time 0.01 no collimator
,SiC,1.0,Electron 85V,3.0,3.2838317827216953e-196,0.0,200.0,/Users/rkfuentes/Documents/md_anderson_analysis/yepes_code/data/2025-11-20/scope-results-2025-11-20-1750.csv,1.533333333333336e-10,,26,,0,,50 ohms time 0.01 no collimator
,SiC,1.0,Electron 85V,3.0,3.2838317827216953e-196,0.0,200.0,/Users/rkfuentes/Documents/md_anderson_analysis/yepes_code/data/2025-11-20/scope-results-2025-11-20-1751.csv,1.2266666666669056e-11,,39,,0,,50 ohms time 0.01 no collimator
,SiC,1.0,Electron 85V,3.0,3.2838317827216953e-196,0.0,200.0,/Users/rkfuentes/Documents/md_anderson_analysis/yepes_code/data/2025-11-20/scope-results-2025-11-20-1752.csv,1.5959999999999837e-10,,23,,0,,50 ohms time 0.01 no collimator
,SiC,1.0,Electron 85V,3.0,3.2838317827216953e-196,0.0,200.0,/Users/rkfuentes/Documents/md_anderson_analysis/yepes_code/data/2025-11-20/scope-results-2025-11-20-1753.csv,4.0160000000000076e-10,,35,,0,,50 ohms time 0.01 no collimator
,SiC,1.0,Electron 85V,3.0,3.2838317827216953e-196,0.0,200.0,/Users/rkfuentes/Documents/md_anderson_analysis/yepes_code/data/2025-11-20/scope-results-2025-11-20-1754.csv,1.8666666666668415e-11,,22,,0,,50 ohms time 0.01 no collimator
,SiC,1.0,Electron 85V,3.0,3.2838317827216953e-196,0.0,200.0,/Users/rkfuentes/Documents/md_anderson_analysis/yepes_code/data/2025-11-20/scope-results-2025-11-20-1755.csv,1.4720000000000092e-10,,27,,0,,50 ohms time 0.01 no collimator
,SiC,1.0,Electron 85V,3.0,3.2838317827216953e-196,0.0,200.0,/Users/rkfuentes/Documents/md_anderson_analysis/yepes_code/data/2025-11-20/scope-results-2025-11-20-1756.csv,2.173333333333335e-09,,32,,0,,50 ohms time 0.01 no collimator
,SiC,1.0,Electron 85V,3.0,3.2838317827216953e-196,0.0,200.0,/Users/rkfuentes/Documents/md_anderson_analysis/yepes_code/data/2025-11-20/scope-results-2025-11-20-1757.csv,8.653333333333476e-11,,27,,0,,50 ohms time 0.01 no collimator
,SiC,1.0,Electron 85V,3.0,3.2838317827216953e-196,0.0,200.0,/Users/rkfuentes/Documents/md_anderson_analysis/yepes_code/data/2025-11-20/scope-results-2025-11-20-1758.csv,2.273466666666713e-09,,55,,0,,50 ohms time 0.01 no collimator
,SiC,1.0,Electron 85V,3.0,3.2838317827216953e-196,0.0,200.0,/Users/rkfuentes/Documents/md_anderson_analysis/yepes_code/data/2025-11-20/scope-results-2025-11-20-1759.csv,2.488000000000023e-10,,28,,0,,50 ohms time 0.01 no collimator
,SiC,1.0,Electron 85V,3.0,3.2838317827216953e-196,0.0,200.0,/Users/rkfuentes/Documents/md_anderson_analysis/yepes_code/data/2025-11-20/scope-results-2025-11-20-1760.csv,1.4933333333333473e-10,,21,,0,,50 ohms time 0.01 no collimator
,SiC,1.0,Electron 85V,3.0,3.2838317827216953e-196,0.0,200.0,/Users/rkfuentes/Documents/md_anderson_analysis/yepes_code/data/2025-11-20/scope-results-2025-11-20-1761.csv,1.8982666666666286e-09,,57,,0,,50 ohms time 0.01 no collimator
,SiC,1.0,Electron 85V,3.0,3.2838317827216953e-196,0.0,200.0,/Users/rkfuentes/Documents/md_anderson_analysis/yepes_code/data/2025-11-20/scope-results-2025-11-20-1762.csv,3.360000000000073e-11,,32,,0,,50 ohms time 0.01 no collimator
,SiC,1.0,Electron 85V,3.0,3.2838317827216953e-196,0.0,200.0,/Users/rkfuentes/Documents/md_anderson_analysis/yepes_code/data/2025-11-20/scope-results-2025-11-20-1763.csv,2.1152000000000293e-09,,48,,0,,50 ohms time 0.01 no collimator
,SiC,1.0,Electron 85V,3.0,3.2838317827216953e-196,0.0,200.0,/Users/rkfuentes/Documents/md_anderson_analysis/yepes_code/data/2025-11-20/scope-results-2025-11-20-1764.csv,2.164266666666646e-09,,62,,0,,50 ohms time 0.01 no collimator
,SiC,1.0,Electron 85V,3.0,3.2838317827216953e-196,0.0,200.0,/Users/rkfuentes/Documents/md_anderson_analysis/yepes_code/data/2025-11-20/scope-results-2025-11-20-1765.csv,2.09066666666665e-10,,27,,0,,50 ohms time 0.01 no collimator
,SiC,1.0,Electron 85V,3.0,3.2838317827216953e-196,0.0,200.0,/Users/rkfuentes/Documents/md_anderson_analysis/yepes_code/data/2025-11-20/scope-results-2025-11-20-1766.csv,1.5706666666666521e-10,,24,,0,,50 ohms time 0.01 no collimator
,SiC,1.0,Electron 85V,3.0,3.2838317827216953e-196,0.0,200.0,/Users/rkfuentes/Documents/md_anderson_analysis/yepes_code/data/2025-11-20/scope-results-2025-11-20-1767.csv,2.190933333333335e-09,,39,,0,,50 ohms time 0.01 no collimator
,SiC,1.0,Electron 85V,3.0,3.2838317827216953e-196,0.0,200.0,/Users/rkfuentes/Documents/md_anderson_analysis/yepes_code/data/2025-11-20/scope-results-2025-11-20-1768.csv,7.506666666666467e-11,,27,,0,,50 ohms time 0.01 no collimator
,SiC,1.0,Electron 85V,3.0,3.2838317827216953e-196,0.0,200.0,/Users/rkfuentes/Documents/md_anderson_analysis/yepes_code/data/2025-11-20/scope-results-2025-11-20-1769.csv,3.80000000000006e-11,,23,,0,,50 ohms time 0.01 no collimator
,SiC,1.0,Electron 85V,3.0,3.2838317827216953e-196,0.0,200.0,/Users/rkfuentes/Documents/md_anderson_analysis/yepes_code/data/2025-11-20/scope-results-2025-11-20-1770.csv,3.706666666666663e-11,,28,,0,,50 ohms time 0.01 no collimator
,SiC,1.0,Electron 85V,3.0,3.2838317827216953e-196,0.0,200.0,/Users/rkfuentes/Documents/md_anderson_analysis/yepes_code/data/2025-11-20/scope-results-2025-11-20-1771.csv,6.839999999999947e-11,,33,,0,,50 ohms time 0.01 no collimator
,SiC,1.0,Electron 85V,3.0,3.2838317827216953e-196,0.0,200.0,/Users/rkfuentes/Documents/md_anderson_analysis/yepes_code/data/2025-11-20/scope-results-2025-11-20-1772.csv,4.2666666666667515e-11,,28,,0,,50 ohms time 0.01 no collimator
,SiC,1.0,Electron 85V,3.0,3.2838317827216953e-196,0.0,200.0,/Users/rkfuentes/Documents/md_anderson_analysis/yepes_code/data/2025-11-20/scope-results-2025-11-20-1773.csv,5.0933333333331243e-11,,27,,0,,50 ohms time 0.01 no collimator
,SiC,1.0,Electron 85V,3.0,3.2838317827216953e-196,0.0,200.0,/Users/rkfuentes/Documents/md_anderson_analysis/yepes_code/data/2025-11-20/scope-results-2025-11-20-1774.csv,5.200000000000087e-11,,25,,0,,50 ohms time 0.01 no collimator
,SiC,1.0,Electron 85V,3.0,3.2838317827216953e-196,0.0,200.0,/Users/rkfuentes/Documents/md_anderson_analysis/yepes_code/data/2025-11-20/scope-results-2025-11-20-1775.csv,7.199999999999966e-11,,28,,0,,50 ohms time 0.01 no collimator
,SiC,1.0,Electron 85V,3.0,3.2838317827216953e-196,0.0,200.0,/Users/rkfuentes/Documents/md_anderson_analysis/yepes_code/data/2025-11-20/scope-results-2025-11-20-1776.csv,3.3599999999999867e-09,,43,,0,,50 ohms time 0.01 no collimator
,SiC,1.0,Electron 85V,3.0,3.2838317827216953e-196,0.0,200.0,/Users/rkfuentes/Documents/md_anderson_analysis/yepes_code/data/2025-11-20/scope-results-2025-11-20-1777.csv,2.2757478477034073e-09,,21,,0,,50 ohms time 0.01 no collimator
,SiC,1.0,Electron 110V,3.0,3.2838317827216953e-196,0.0,200.0,/Users/rkfuentes/Documents/md_anderson_analysis/yepes_code/data/2025-11-20/scope-results-2025-11-20-1778.csv,6.141333333333339e-09,,47,,0,,50 ohms time 0.01 no collimator
,SiC,1.0,Electron 110V,3.0,3.2838317827216953e-196,0.0,200.0,/Users/rkfuentes/Documents/md_anderson_analysis/yepes_code/data/2025-11-20/scope-results-2025-11-20-1779.csv,3.9199999999998195e-11,,25,,0,,50 ohms time 0.01 no collimator
,SiC,1.0,Electron 110V,3.0,3.2838317827216953e-196,0.0,200.0,/Users/rkfuentes/Documents/md_anderson_analysis/yepes_code/data/2025-11-20/scope-results-2025-11-20-1780.csv,7.466666666665416e-12,,22,,0,,50 ohms time 0.01 no collimator
,SiC,1.0,Electron 110V,3.0,3.2838317827216953e-196,0.0,200.0,/Users/rkfuentes/Documents/md_anderson_analysis/yepes_code/data/2025-11-20/scope-results-2025-11-20-1781.csv,7.599999999999674e-12,,29,,0,,50 ohms time 0.01 no collimator
,SiC,1.0,Electron 110V,3.0,3.2838317827216953e-196,0.0,200.0,/Users/rkfuentes/Documents/md_anderson_analysis/yepes_code/data/2025-11-20/scope-results-2025-11-20-1782.csv,5.933333333333531e-11,,23,,0,,50 ohms time 0.01 no collimator
,SiC,1.0,Electron 110V,3.0,3.2838317827216953e-196,0.0,200.0,/Users/rkfuentes/Documents/md_anderson_analysis/yepes_code/data/2025-11-20/scope-results-2025-11-20-1783.csv,3.253333333333171e-11,,22,,0,,50 ohms time 0.01 no collimator
,SiC,1.0,Electron 110V,3.0,3.2838317827216953e-196,0.0,200.0,/Users/rkfuentes/Documents/md_anderson_analysis/yepes_code/data/2025-11-20/scope-results-2025-11-20-1784.csv,5.313333333333319e-10,,27,,0,,50 ohms time 0.01 no collimator
,SiC,1.0,Electron 110V,3.0,3.2838317827216953e-196,0.0,200.0,/Users/rkfuentes/Documents/md_anderson_analysis/yepes_code/data/2025-11-20/scope-results-2025-11-20-1785.csv,3.9333333333334173e-11,,23,,0,,50 ohms time 0.01 no collimator
,SiC,1.0,Electron 85V,3.0,1.4910854504614855e-99,0.0,100.0,/Users/rkfuentes/Documents/md_anderson_analysis/yepes_code/data/2025-11-20/scope-results-2025-11-20-1827.csv,9.453333333333334e-11,,27,,0,,50 ohms time 0.01 no collimator
,SiC,1.0,Electron 85V,3.0,1.4910854504614855e-99,0.0,100.0,/Users/rkfuentes/Documents/md_anderson_analysis/yepes_code/data/2025-11-20/scope-results-2025-11-20-1828.csv,8.506666666666782e-11,,26,,0,,50 ohms time 0.01 no collimator
,SiC,1.0,Electron 85V,3.0,1.4910854504614855e-99,0.0,100.0,/Users/rkfuentes/Documents/md_anderson_analysis/yepes_code/data/2025-11-20/scope-results-2025-11-20-1829.csv,8.879999999999809e-11,,34,,0,,50 ohms time 0.01 no collimator
,SiC,1.0,Electron 85V,3.0,1.4910854504614855e-99,0.0,100.0,/Users/rkfuentes/Documents/md_anderson_analysis/yepes_code/data/2025-11-20/scope-results-2025-11-20-1830.csv,4.3333333333331064e-11,,26,,0,,50 ohms time 0.01 no collimator
,SiC,1.0,Electron 85V,3.0,1.4910854504614855e-99,0.0,100.0,/Users/rkfuentes/Documents/md_anderson_analysis/yepes_code/data/2025-11-20/scope-results-2025-11-20-1831.csv,7.1733333333334e-11,,30,,0,,50 ohms time 0.01 no collimator
,SiC,1.0,Electron 85V,3.0,1.4910854504614855e-99,0.0,100.0,/Users/rkfuentes/Documents/md_anderson_analysis/yepes_code/data/2025-11-20/scope-results-2025-11-20-1832.csv,1.4346666666666616e-10,,26,,0,,50 ohms time 0.01 no collimator
,SiC,1.0,Electron 85V,3.0,1.4910854504614855e-99,0.0,100.0,/Users/rkfuentes/Documents/md_anderson_analysis/yepes_code/data/2025-11-20/scope-results-2025-11-20-1833.csv,2.5866666666665906e-11,,26,,0,,50 ohms time 0.01 no collimator
,SiC,1.0,Electron 85V,3.0,1.4910854504614855e-99,0.0,100.0,/Users/rkfuentes/Documents/md_anderson_analysis/yepes_code/data/2025-11-20/scope-results-2025-11-20-1834.csv,6.666666666666806e-11,,27,,0,,50 ohms time 0.01 no collimator
,SiC,1.0,Electron 85V,3.0,1.4910854504614855e-99,0.0,100.0,/Users/rkfuentes/Documents/md_anderson_analysis/yepes_code/data/2025-11-20/scope-results-2025-11-20-1835.csv,1.1320000000000015e-10,,23,,0,,50 ohms time 0.01 no collimator
,SiC,1.0,Electron 85V,3.0,1.4910854504614855e-99,0.0,100.0,/Users/rkfuentes/Documents/md_anderson_analysis/yepes_code/data/2025-11-20/scope-results-2025-11-20-1836.csv,4.440000000000052e-11,,29,,0,,50 ohms time 0.01 no collimator
,SiC,1.0,Electron 85V,3.0,1.4910854504614855e-99,0.0,100.0,/Users/rkfuentes/Documents/md_anderson_analysis/yepes_code/data/2025-11-20/scope-results-2025-11-20-1837.csv,1.5960000000000364e-10,,25,,0,,50 ohms time 0.01 no collimator
,SiC,1.0,Electron 85V,3.0,1.4910854504614855e-99,0.0,100.0,/Users/rkfuentes/Documents/md_anderson_analysis/yepes_code/data/2025-11-20/scope-results-2025-11-20-1838.csv,9.426666666666463e-11,,24,,0,,50 ohms time 0.01 no collimator
,SiC,1.0,Electron 85V,3.0,1.4910854504614855e-99,0.0,100.0,/Users/rkfuentes/Documents/md_anderson_analysis/yepes_code/data/2025-11-20/scope-results-2025-11-20-1839.csv,1.8000000000001017e-11,,23,,0,,50 ohms time 0.01 no collimator
,SiC,1.0,Electron 85V,3.0,1.4910854504614855e-99,0.0,100.0,/Users/rkfuentes/Documents/md_anderson_analysis/yepes_code/data/2025-11-20/scope-results-2025-11-20-1840.csv,3.186666666666511e-11,,23,,0,,50 ohms time 0.01 no collimator
,SiC,1.0,Electron 85V,3.0,1.4910854504614855e-99,0.0,100.0,/Users/rkfuentes/Documents/md_anderson_analysis/yepes_code/data/2025-11-20/scope-results-2025-11-20-1841.csv,1.1040000000000071e-10,,26,,0,,1M ohms time 0.01
,SiC,1.0,Electron 85V,3.0,1.4910854504614855e-99,0.0,100.0,/Users/rkfuentes/Documents/md_anderson_analysis/yepes_code/data/2025-11-20/scope-results-2025-11-20-1842.csv,2.0533333333336436e-11,,32,,0,,1M ohms time 0.01
,SiC,1.0,Electron 85V,3.0,1.4910854504614855e-99,0.0,100.0,/Users/rkfuentes/Documents/md_anderson_analysis/yepes_code/data/2025-11-20/scope-results-2025-11-20-1843.csv,6.674266666666606e-09,,20,,0,,1M ohms time 0.01
,SiC,1.0,Electron 85V,3.0,1.4910854504614855e-99,0.0,100.0,/Users/rkfuentes/Documents/md_anderson_analysis/yepes_code/data/2025-11-20/scope-results-2025-11-20-1844.csv,2.296000000000002e-09,,30,,0,,1M ohms time 0.01
,SiC,1.0,Electron 85V,3.0,1.4910854504614855e-99,0.0,100.0,/Users/rkfuentes/Documents/md_anderson_analysis/yepes_code/data/2025-11-20/scope-results-2025-11-20-1845.csv,9.733333333333103e-11,,19,,0,,1M ohms time 0.01
,SiC,1.0,Electron 85V,3.0,1.4910854504614855e-99,0.0,100.0,/Users/rkfuentes/Documents/md_anderson_analysis/yepes_code/data/2025-11-20/scope-results-2025-11-20-1846.csv,2.7466666666666697e-11,,22,,0,,1M ohms time 0.01
,SiC,1.0,Electron 85V,3.0,1.4910854504614855e-99,0.0,100.0,/Users/rkfuentes/Documents/md_anderson_analysis/yepes_code/data/2025-11-20/scope-results-2025-11-20-1847.csv,2.619999999999967e-10,,30,,0,,1M ohms time 0.01
,SiC,1.0,Electron 85V,3.0,1.4910854504614855e-99,0.0,100.0,/Users/rkfuentes/Documents/md_anderson_analysis/yepes_code/data/2025-11-20/scope-results-2025-11-20-1848.csv,6.40000000000037e-12,,18,,0,,1M ohms time 0.01
,SiC,1.0,Electron 85V,3.0,1.4910854504614855e-99,0.0,100.0,/Users/rkfuentes/Documents/md_anderson_analysis/yepes_code/data/2025-11-20/scope-results-2025-11-20-1849.csv,2.2177333333333907e-09,,28,,0,,1M ohms time 0.01
,SiC,1.0,Electron 110V,3.0,1.461880927494686e-12,0.0,10.0,/Users/rkfuentes/Documents/md_anderson_analysis/yepes_code/data/2025-11-20/scope-results-2025-11-20-1946.csv,1.028159999999997e-08,,373,,0,,50 ohms time 0.01
,SiC,1.0,Electron 110V,3.0,1.461880927494686e-12,0.0,10.0,/Users/rkfuentes/Documents/md_anderson_analysis/yepes_code/data/2025-11-20/scope-results-2025-11-20-1947.csv,1.0733600000000032e-08,,405,,0,,50 ohms time 0.01
,SiC,1.0,Electron 110V,3.0,1.461880927494686e-12,0.0,10.0,/Users/rkfuentes/Documents/md_anderson_analysis/yepes_code/data/2025-11-20/scope-results-2025-11-20-1948.csv,9.662533333333382e-09,,415,,0,,50 ohms time 0.01
,SiC,1.0,Electron 110V,3.0,1.461880927494686e-12,0.0,10.0,/Users/rkfuentes/Documents/md_anderson_analysis/yepes_code/data/2025-11-20/scope-results-2025-11-20-1949.csv,8.631199999999967e-09,,413,,0,,50 ohms time 0.01
,SiC,1.0,Electron 110V,3.0,1.461880927494686e-12,0.0,10.0,/Users/rkfuentes/Documents/md_anderson_analysis/yepes_code/data/2025-11-20/scope-results-2025-11-20-1950.csv,1.0105999999999955e-08,,392,,0,,50 ohms time 0.01
,SiC,1.0,Electron 110V,3.0,1.461880927494686e-12,0.0,10.0,/Users/rkfuentes/Documents/md_anderson_analysis/yepes_code/data/2025-11-20/scope-results-2025-11-20-1951.csv,9.947066666666646e-09,,405,,0,,50 ohms time 0.01
,SiC,1.0,Electron 110V,3.0,1.461880927494686e-12,0.0,10.0,/Users/rkfuentes/Documents/md_anderson_analysis/yepes_code/data/2025-11-20/scope-results-2025-11-20-1952.csv,3.159719999999998e-08,,89,,0,,50 ohms time 0.01
,SiC,1.0,Electron 110V,3.0,1.461880927494686e-12,0.0,10.0,/Users/rkfuentes/Documents/md_anderson_analysis/yepes_code/data/2025-11-20/scope-results-2025-11-20-1953.csv,2.9497466666666637e-08,,81,,0,,50 ohms time 0.01
,SiC,1.0,Electron 110V,3.0,1.461880927494686e-12,0.0,10.0,/Users/rkfuentes/Documents/md_anderson_analysis/yepes_code/data/2025-11-20/scope-results-2025-11-20-1954.csv,2.8990933333333342e-08,,83,,0,,50 ohms time 0.01
,SiC,1.0,Electron 191V,3.0,1.461880927494686e-12,0.0,10.0,/Users/rkfuentes/Documents/md_anderson_analysis/yepes_code/data/2025-11-20/scope-results-2025-11-20-1955.csv,3.24204e-08,,78,,0,,50 ohms time 0.01
,SiC,1.0,Electron 191V,3.0,1.461880927494686e-12,0.0,10.0,/Users/rkfuentes/Documents/md_anderson_analysis/yepes_code/data/2025-11-20/scope-results-2025-11-20-1956.csv,2.914480000000002e-08,,81,,0,,50 ohms time 0.01
,SiC,1.0,Electron 191V,3.0,1.461880927494686e-12,0.0,10.0,/Users/rkfuentes/Documents/md_anderson_analysis/yepes_code/data/2025-11-20/scope-results-2025-11-20-1957.csv,2.9777066666666688e-08,,79,,0,,50 ohms time 0.01
,SiC,1.0,Electron 191V,3.0,1.461880927494686e-12,0.0,10.0,/Users/rkfuentes/Documents/md_anderson_analysis/yepes_code/data/2025-11-20/scope-results-2025-11-20-1958.csv,2.996933333333334e-08,,82,,0,,50 ohms time 0.01
,SiC,1.0,Electron 191V,3.0,1.461880927494686e-12,0.0,10.0,/Users/rkfuentes/Documents/md_anderson_analysis/yepes_code/data/2025-11-20/scope-results-2025-11-20-1959.csv,3.0209066666666695e-08,,76,,0,,50 ohms time 0.01
,SiC,1.0,Electron 191V,3.0,1.461880927494686e-12,0.0,10.0,/Users/rkfuentes/Documents/md_anderson_analysis/yepes_code/data/2025-11-20/scope-results-2025-11-20-1960.csv,3.1726400000000004e-08,,83,,0,,50 ohms time 0.01
,SiC,1.0,Electron 191V,3.0,1.461880927494686e-12,0.0,10.0,/Users/rkfuentes/Documents/md_anderson_analysis/yepes_code/data/2025-11-20/scope-results-2025-11-20-1961.csv,2.9575466666666686e-08,,85,,0,,50 ohms time 0.01
,SiC,1.0,Electron 191V,3.0,1.461880927494686e-12,0.0,10.0,/Users/rkfuentes/Documents/md_anderson_analysis/yepes_code/data/2025-11-20/scope-results-2025-11-20-1981.csv,5.168e-08,,250,,0,,50 ohms time 0.01
,SiC,1.0,Electron 191V,3.0,1.461880927494686e-12,0.0,10.0,/Users/rkfuentes/Documents/md_anderson_analysis/yepes_code/data/2025-11-20/scope-results-2025-11-20-1982.csv,4.177066666666664e-08,,209,,0,,50 ohms time 0.01
,SiC,1.0,Electron 191V,3.0,1.461880927494686e-12,0.0,10.0,/Users/rkfuentes/Documents/md_anderson_analysis/yepes_code/data/2025-11-20/scope-results-2025-11-20-1983.csv,4.8753200000000024e-08,,236,,0,,50 ohms time 0.01
,SiC,1.0,Electron 191V,3.0,1.461880927494686e-12,0.0,10.0,/Users/rkfuentes/Documents/md_anderson_analysis/yepes_code/data/2025-11-20/scope-results-2025-11-20-1984.csv,4.283680000000001e-08,,203,,0,,50 ohms time 0.01
,SiC,1.0,Electron 191V,3.0,1.461880927494686e-12,0.0,10.0,/Users/rkfuentes/Documents/md_anderson_analysis/yepes_code/data/2025-11-20/scope-results-2025-11-20-1985.csv,4.162973333333337e-08,,202,,0,,50 ohms time 0.01
,SiC,1.0,Electron 191V,3.0,1.461880927494686e-12,0.0,10.0,/Users/rkfuentes/Documents/md_anderson_analysis/yepes_code/data/2025-11-20/scope-results-2025-11-20-1986.csv,1.4933333333334344e-10,,28,,0,,50 ohms time 0.01
,SiC,1.0,Electron 110V,3.0,1.461880927494686e-12,0.0,10.0,/Users/rkfuentes/Documents/md_anderson_analysis/yepes_code/data/2025-11-20/scope-results-2025-11-20-2005.csv,6.157333333333323e-09,,400,,0,,50 ohms time 0.01
,SiC,1.0,Electron 110V,3.0,1.461880927494686e-12,0.0,10.0,/Users/rkfuentes/Documents/md_anderson_analysis/yepes_code/data/2025-11-20/scope-results-2025-11-20-2006.csv,1.3606666666666372e-09,,369,,0,,50 ohms time 0.01
,SiC,1.0,Electron 110V,3.0,1.461880927494686e-12,0.0,10.0,/Users/rkfuentes/Documents/md_anderson_analysis/yepes_code/data/2025-11-20/scope-results-2025-11-20-2007.csv,5.69226666666666e-09,,371,,0,,50 ohms time 0.01
,SiC,1.0,Electron 191V,3.0,1.461880927494686e-12,0.0,10.0,/Users/rkfuentes/Documents/md_anderson_analysis/yepes_code/data/2025-11-20/scope-results-2025-11-20-2025.csv,3.8979999999999976e-08,,406,,0,,50 ohms time 0.01
,SiC,1.0,Electron 191V,3.0,1.461880927494686e-12,0.0,10.0,/Users/rkfuentes/Documents/md_anderson_analysis/yepes_code/data/2025-11-20/scope-results-2025-11-20-2026.csv,2.7545466666666684e-08,,381,,0,,50 ohms time 0.01
,SiC,1.0,Electron 191V,3.0,1.461880927494686e-12,0.0,10.0,/Users/rkfuentes/Documents/md_anderson_analysis/yepes_code/data/2025-11-20/scope-results-2025-11-20-2027.csv,3.2020666666666624e-08,,403,,0,,50 ohms time 0.01
,SiC,1.0,Electron 191V,3.0,1.461880927494686e-12,0.0,10.0,/Users/rkfuentes/Documents/md_anderson_analysis/yepes_code/data/2025-11-20/scope-results-2025-11-20-2028.csv,2.661493333333335e-08,,380,,0,,50 ohms time 0.01
