Unnamed: 0,Detector,Channel,Beam,Pulse,Dose,X,Z,File,ch1_area,ch2_area,ch1_peaks,ch2_peaks,ch1_osc_count,ch2_osc_count,HV
,BNL,"12 (ch1 in csv), 16 (ch2 in csv)",Electrons 85V,0.5,0,,100,/Users/rkfuentes/Documents/md_anderson_analysis/yepes_code/data/2025-10-14/scope-results-2025-10-14-0973.csv,8.008608000000026e-09,2.6032170666666664e-08,0,0,0,0,"HV 20, very noisy channel 2 despite swapped cable"
,BNL,"12 (ch1 in csv), 16 (ch2 in csv)",Electrons 85V,0.5,0,,100,/Users/rkfuentes/Documents/md_anderson_analysis/yepes_code/data/2025-10-14/scope-results-2025-10-14-0974.csv,3.642533333333282e-09,2.4012037333333338e-08,0,0,0,0,"HV 20, very noisy channel 2 despite swapped cable"
,BNL,"12 (ch1 in csv), 16 (ch2 in csv)",Electrons 85V,0.5,0,,100,/Users/rkfuentes/Documents/md_anderson_analysis/yepes_code/data/2025-10-14/scope-results-2025-10-14-1002.csv,6.317703786666668e-07,1.1770443199999992e-07,0,0,0,0,HV 50
,BNL,"12 (ch1 in csv), 16 (ch2 in csv)",Electrons 85V,0.5,0,,100,/Users/rkfuentes/Documents/md_anderson_analysis/yepes_code/data/2025-10-14/scope-results-2025-10-14-1003.csv,6.400477333333334e-07,1.0580337866666672e-07,0,0,0,0,HV 50
,BNL,"12 (ch1 in csv), 16 (ch2 in csv)",Electrons 85V,0.5,0,,100,/Users/rkfuentes/Documents/md_anderson_analysis/yepes_code/data/2025-10-14/scope-results-2025-10-14-1004.csv,6.348628000000001e-07,1.261224266666668e-07,0,0,0,0,HV 50
,BNL,"12 (ch1 in csv), 16 (ch2 in csv)",Electrons 85V,0.5,0,,100,/Users/rkfuentes/Documents/md_anderson_analysis/yepes_code/data/2025-10-14/scope-results-2025-10-14-1005.csv,6.415015333333334e-07,1.179448240000001e-07,0,0,0,0,HV 50
,BNL,"12 (ch1 in csv), 16 (ch2 in csv)",Electrons 85V,0.5,0,,100,/Users/rkfuentes/Documents/md_anderson_analysis/yepes_code/data/2025-10-14/scope-results-2025-10-14-1006.csv,6.436200640000001e-07,1.1234955733333356e-07,0,0,0,0,HV 50
,BNL,"12 (ch1 in csv), 16 (ch2 in csv)",Electrons 85V,0.5,0,,100,/Users/rkfuentes/Documents/md_anderson_analysis/yepes_code/data/2025-10-14/scope-results-2025-10-14-1007.csv,5.06667786666667e-07,1.1583594666666673e-07,0,0,0,0,HV 50
,BNL,"12 (ch1 in csv), 16 (ch2 in csv)",Electrons 85V,0.5,0,,100,/Users/rkfuentes/Documents/md_anderson_analysis/yepes_code/data/2025-10-14/scope-results-2025-10-14-1008.csv,2.5953880533333347e-07,1.199984453333332e-07,0,0,0,0,HV 50
,BNL,"12 (ch1 in csv), 16 (ch2 in csv)",Electrons 85V,0.5,0,,100,/Users/rkfuentes/Documents/md_anderson_analysis/yepes_code/data/2025-10-14/scope-results-2025-10-14-1009.csv,2.4577974399999983e-07,1.2461868799999997e-07,0,0,0,0,HV 50
,BNL,"12 (ch1 in csv), 16 (ch2 in csv)",Electrons 85V,0.5,0,,100,/Users/rkfuentes/Documents/md_anderson_analysis/yepes_code/data/2025-10-14/scope-results-2025-10-14-1010.csv,2.5843940266666663e-07,1.105920000000001e-07,0,0,0,0,HV 50
,BNL,"12 (ch1 in csv), 16 (ch2 in csv)",Electrons 85V,0.5,0,,100,/Users/rkfuentes/Documents/md_anderson_analysis/yepes_code/data/2025-10-14/scope-results-2025-10-14-1121.csv,6.51591088e-07,2.9216997866666647e-07,0,0,0,0,HV 100
,BNL,"12 (ch1 in csv), 16 (ch2 in csv)",Electrons 85V,0.5,0,,100,/Users/rkfuentes/Documents/md_anderson_analysis/yepes_code/data/2025-10-14/scope-results-2025-10-14-1122.csv,6.611582666666668e-07,2.7752236533333316e-07,0,0,0,0,HV 100
,BNL,"12 (ch1 in csv), 16 (ch2 in csv)",Electrons 85V,0.5,0,,100,/Users/rkfuentes/Documents/md_anderson_analysis/yepes_code/data/2025-10-14/scope-results-2025-10-14-1123.csv,6.5695232e-07,2.8750843199999983e-07,0,0,0,0,HV 100
,BNL,"12 (ch1 in csv), 16 (ch2 in csv)",Electrons 85V,0.5,0,,100,/Users/rkfuentes/Documents/md_anderson_analysis/yepes_code/data/2025-10-14/scope-results-2025-10-14-1124.csv,6.726343786666667e-07,2.996154559999996e-07,0,0,0,0,HV 100
,BNL,"12 (ch1 in csv), 16 (ch2 in csv)",Electrons 85V,0.5,0,,100,/Users/rkfuentes/Documents/md_anderson_analysis/yepes_code/data/2025-10-14/scope-results-2025-10-14-1125.csv,1.6271796933333335e-06,2.8595234666666673e-07,0,0,0,0,HV 100
,BNL,"12 (ch1 in csv), 16 (ch2 in csv)",Electrons 85V,0.5,0,,100,/Users/rkfuentes/Documents/md_anderson_analysis/yepes_code/data/2025-10-14/scope-results-2025-10-14-1126.csv,1.6518308e-06,3.0873602666666637e-07,0,0,0,0,HV 100
,BNL,"12 (ch1 in csv), 16 (ch2 in csv)",Electrons 85V,0.5,0,,100,/Users/rkfuentes/Documents/md_anderson_analysis/yepes_code/data/2025-10-14/scope-results-2025-10-14-1127.csv,6.898789133333332e-07,3.1171514666666703e-07,0,0,0,0,HV 100
,BNL,"12 (ch1 in csv), 16 (ch2 in csv)",Electrons 85V,0.5,0,,100,/Users/rkfuentes/Documents/md_anderson_analysis/yepes_code/data/2025-10-14/scope-results-2025-10-14-1128.csv,6.86121453333333e-07,2.9256798666666647e-07,0,0,0,0,HV 100
,BNL,"12 (ch1 in csv), 16 (ch2 in csv)",Electrons 85V,0.5,0,,100,/Users/rkfuentes/Documents/md_anderson_analysis/yepes_code/data/2025-10-14/scope-results-2025-10-14-1129.csv,6.734157333333335e-07,3.129637333333334e-07,0,0,0,0,HV 100
,BNL,"12 (ch1 in csv), 16 (ch2 in csv)",Electrons 85V,0.5,0,,100,/Users/rkfuentes/Documents/md_anderson_analysis/yepes_code/data/2025-10-14/scope-results-2025-10-14-1130.csv,6.696513999999997e-07,2.9692860000000016e-07,0,0,0,0,HV 100
,BNL,"12 (ch1 in csv), 16 (ch2 in csv)",Electrons 85V,0.5,0,,100,/Users/rkfuentes/Documents/md_anderson_analysis/yepes_code/data/2025-10-14/scope-results-2025-10-14-1131.csv,6.978529999999999e-07,3.0514604e-07,0,0,0,0,HV 100
,BNL,"12 (ch1 in csv), 16 (ch2 in csv)",Electrons 85V,0.5,0,,100,/Users/rkfuentes/Documents/md_anderson_analysis/yepes_code/data/2025-10-14/scope-results-2025-10-14-1132.csv,6.748547066666667e-07,2.8527830666666657e-07,0,0,0,0,HV 100
,BNL,"12 (ch1 in csv), 16 (ch2 in csv)",Electrons 85V,0.5,0,,100,/Users/rkfuentes/Documents/md_anderson_analysis/yepes_code/data/2025-10-14/scope-results-2025-10-14-1133.csv,6.663718999999997e-07,2.7978360000000007e-07,0,0,0,0,HV 100
,BNL,"12 (ch1 in csv), 16 (ch2 in csv)",Electrons 85V,0.5,0,,100,/Users/rkfuentes/Documents/md_anderson_analysis/yepes_code/data/2025-10-14/scope-results-2025-10-14-1134.csv,6.708163866666667e-07,2.997063333333332e-07,0,0,0,0,HV 100
,BNL,"12 (ch1 in csv), 16 (ch2 in csv)",Electrons 85V,0.5,0,,100,/Users/rkfuentes/Documents/md_anderson_analysis/yepes_code/data/2025-10-14/scope-results-2025-10-14-1135.csv,6.699817266666664e-07,3.047749533333334e-07,0,0,0,0,HV 100
,BNL,"12 (ch1 in csv), 16 (ch2 in csv)",Electrons 85V,0.5,0,,100,/Users/rkfuentes/Documents/md_anderson_analysis/yepes_code/data/2025-10-14/scope-results-2025-10-14-1136.csv,6.635110866666667e-07,2.929122666666667e-07,0,0,0,0,HV 100
,BNL,"12 (ch1 in csv), 16 (ch2 in csv)",Electrons 85V,0.5,0,,100,/Users/rkfuentes/Documents/md_anderson_analysis/yepes_code/data/2025-10-14/scope-results-2025-10-14-1137.csv,1.6227321866666662e-06,3.124400733333333e-07,0,0,0,0,HV 100
,BNL,"12 (ch1 in csv), 16 (ch2 in csv)",Electrons 85V,0.5,0,,100,/Users/rkfuentes/Documents/md_anderson_analysis/yepes_code/data/2025-10-14/scope-results-2025-10-14-1138.csv,6.810552333333329e-07,3.021808000000001e-07,0,0,0,0,HV 100
,BNL,"12 (ch1 in csv), 16 (ch2 in csv)",Electrons 85V,0.5,0,,100,/Users/rkfuentes/Documents/md_anderson_analysis/yepes_code/data/2025-10-14/scope-results-2025-10-14-1139.csv,6.574591666666667e-07,2.6604607999999994e-07,0,0,0,0,HV 100
,BNL,"12 (ch1 in csv), 16 (ch2 in csv)",Electrons 85V,0.5,0,,100,/Users/rkfuentes/Documents/md_anderson_analysis/yepes_code/data/2025-10-14/scope-results-2025-10-14-1140.csv,6.730452e-07,3.131523e-07,0,0,0,0,HV 100
,BNL,"12 (ch1 in csv), 16 (ch2 in csv)",Electrons 85V,0.5,0,,100,/Users/rkfuentes/Documents/md_anderson_analysis/yepes_code/data/2025-10-14/scope-results-2025-10-14-1141.csv,6.625652066666668e-07,2.8143866666666685e-07,0,0,0,0,HV 100
,BNL,"12 (ch1 in csv), 16 (ch2 in csv)",Electrons 85V,0.5,0,,100,/Users/rkfuentes/Documents/md_anderson_analysis/yepes_code/data/2025-10-14/scope-results-2025-10-14-1142.csv,6.662022933333331e-07,2.979772266666666e-07,0,0,0,0,HV 100
,BNL,"12 (ch1 in csv), 16 (ch2 in csv)",Electrons 85V,0.5,0,,100,/Users/rkfuentes/Documents/md_anderson_analysis/yepes_code/data/2025-10-14/scope-results-2025-10-14-1143.csv,6.588916133333332e-07,3.053412266666664e-07,0,0,0,0,HV 100
,BNL,"12 (ch1 in csv), 16 (ch2 in csv)",Electrons 85V,0.5,0,,100,/Users/rkfuentes/Documents/md_anderson_analysis/yepes_code/data/2025-10-14/scope-results-2025-10-14-1144.csv,6.764895399999999e-07,3.104965666666663e-07,0,0,0,0,HV 100
,BNL,"12 (ch1 in csv), 16 (ch2 in csv)",Electrons 85V,0.5,0,,100,/Users/rkfuentes/Documents/md_anderson_analysis/yepes_code/data/2025-10-14/scope-results-2025-10-14-1145.csv,6.766013133333333e-07,3.0091075333333313e-07,0,0,0,0,HV 100
,BNL,"12 (ch1 in csv), 16 (ch2 in csv)",Electrons 85V,0.5,0,,100,/Users/rkfuentes/Documents/md_anderson_analysis/yepes_code/data/2025-10-14/scope-results-2025-10-14-1146.csv,6.719645333333332e-07,2.8131474666666674e-07,0,0,0,0,HV 100
,BNL,"12 (ch1 in csv), 16 (ch2 in csv)",Electrons 85V,0.5,0,,100,/Users/rkfuentes/Documents/md_anderson_analysis/yepes_code/data/2025-10-14/scope-results-2025-10-14-1230.csv,1.8238666666678326e-10,1.2276866666670428e-09,0,0,0,0,HV 10
,BNL,"12 (ch1 in csv), 16 (ch2 in csv)",Electrons 85V,0.5,0,,100,/Users/rkfuentes/Documents/md_anderson_analysis/yepes_code/data/2025-10-14/scope-results-2025-10-14-1231.csv,1.1310133333333441e-08,1.8049439999999973e-08,0,0,0,0,HV 10
,BNL,"12 (ch1 in csv), 16 (ch2 in csv)",Electrons 85V,0.5,0,,100,/Users/rkfuentes/Documents/md_anderson_analysis/yepes_code/data/2025-10-14/scope-results-2025-10-14-1232.csv,1.5084346666666746e-08,1.1901296281800402e-06,0,0,0,0,HV 10
,BNL,"12 (ch1 in csv), 16 (ch2 in csv)",Electrons 85V,0.5,0,,125,/Users/rkfuentes/Documents/md_anderson_analysis/yepes_code/data/2025-10-14/scope-results-2025-10-14-1289.csv,2.739779759999999e-07,2.0868010666666693e-08,0,0,0,0,HV 50
,BNL,"12 (ch1 in csv), 16 (ch2 in csv)",Electrons 85V,0.5,0,,125,/Users/rkfuentes/Documents/md_anderson_analysis/yepes_code/data/2025-10-14/scope-results-2025-10-14-1290.csv,2.480674639999997e-07,3.9096330472103015e-07,0,0,0,0,HV 50
,BNL,"12 (ch1 in csv), 16 (ch2 in csv)",Electrons 85V,0.5,0,,125,/Users/rkfuentes/Documents/md_anderson_analysis/yepes_code/data/2025-10-14/scope-results-2025-10-14-1291.csv,2.4935698133333384e-07,5.634535308641975e-07,0,0,0,0,HV 50
,BNL,"12 (ch1 in csv), 16 (ch2 in csv)",Electrons 85V,0.5,0,,125,/Users/rkfuentes/Documents/md_anderson_analysis/yepes_code/data/2025-10-14/scope-results-2025-10-14-1292.csv,2.704398853333336e-07,2.061802666666668e-08,0,0,0,0,HV 50
,BNL,"12 (ch1 in csv), 16 (ch2 in csv)",Electrons 85V,0.5,0,,125,/Users/rkfuentes/Documents/md_anderson_analysis/yepes_code/data/2025-10-14/scope-results-2025-10-14-1293.csv,2.7737821333333334e-07,2.570017227513227e-07,0,0,0,0,HV 50
,BNL,"12 (ch1 in csv), 16 (ch2 in csv)",Electrons 85V,0.5,0,,125,/Users/rkfuentes/Documents/md_anderson_analysis/yepes_code/data/2025-10-14/scope-results-2025-10-14-1294.csv,2.7555556266666677e-07,4.499999754157627e-07,0,0,0,0,HV 50
,BNL,"12 (ch1 in csv), 16 (ch2 in csv)",Electrons 85V,0.5,0,,125,/Users/rkfuentes/Documents/md_anderson_analysis/yepes_code/data/2025-10-14/scope-results-2025-10-14-1295.csv,2.6385349333333355e-07,2.4709212799999975e-07,0,0,0,0,HV 50
,BNL,"12 (ch1 in csv), 16 (ch2 in csv)",Electrons 85V,0.5,0,,125,/Users/rkfuentes/Documents/md_anderson_analysis/yepes_code/data/2025-10-14/scope-results-2025-10-14-1296.csv,9.64620391048292e-07,9.026716533333331e-07,0,0,0,0,HV 50
,BNL,"12 (ch1 in csv), 16 (ch2 in csv)",Electrons 85V,0.5,0,,125,/Users/rkfuentes/Documents/md_anderson_analysis/yepes_code/data/2025-10-14/scope-results-2025-10-14-1297.csv,9.19396933333334e-07,7.316538959999996e-07,0,0,0,0,HV 50
,BNL,"12 (ch1 in csv), 16 (ch2 in csv)",Electrons 85V,0.5,0,,125,/Users/rkfuentes/Documents/md_anderson_analysis/yepes_code/data/2025-10-14/scope-results-2025-10-14-1298.csv,2.582300213333335e-07,3.7211929599999985e-07,0,0,0,0,HV 50
,BNL,"12 (ch1 in csv), 16 (ch2 in csv)",Electrons 85V,0.5,0,,125,/Users/rkfuentes/Documents/md_anderson_analysis/yepes_code/data/2025-10-14/scope-results-2025-10-14-1299.csv,9.42918957906713e-07,7.573321546666664e-07,0,0,0,0,HV 50
,BNL,"12 (ch1 in csv), 16 (ch2 in csv)",Electrons 85V,0.5,0,,125,/Users/rkfuentes/Documents/md_anderson_analysis/yepes_code/data/2025-10-14/scope-results-2025-10-14-1300.csv,2.600987946666669e-07,2.6837673469387746e-07,0,0,0,0,HV 50
,BNL,"12 (ch1 in csv), 16 (ch2 in csv)",Electrons 85V,0.5,0,,125,/Users/rkfuentes/Documents/md_anderson_analysis/yepes_code/data/2025-10-14/scope-results-2025-10-14-1301.csv,2.6518464000000026e-07,2.8488693333333335e-07,0,0,0,0,HV 50
,BNL,"12 (ch1 in csv), 16 (ch2 in csv)",Electrons 85V,0.5,0,,125,/Users/rkfuentes/Documents/md_anderson_analysis/yepes_code/data/2025-10-14/scope-results-2025-10-14-1302.csv,2.579101546666667e-07,4.1425119466666674e-07,0,0,0,0,HV 50
,BNL,"12 (ch1 in csv), 16 (ch2 in csv)",Electrons 85V,0.5,0,,125,/Users/rkfuentes/Documents/md_anderson_analysis/yepes_code/data/2025-10-14/scope-results-2025-10-14-1303.csv,9.423526308243728e-07,8.035542400000003e-07,0,0,0,0,HV 50
,BNL,"12 (ch1 in csv), 16 (ch2 in csv)",Electrons 85V,0.5,0,,125,/Users/rkfuentes/Documents/md_anderson_analysis/yepes_code/data/2025-10-14/scope-results-2025-10-14-1304.csv,2.723796293333335e-07,2.880630349750182e-07,0,0,0,0,HV 50
,BNL,"12 (ch1 in csv), 16 (ch2 in csv)",Electrons 85V,0.5,0,,125,/Users/rkfuentes/Documents/md_anderson_analysis/yepes_code/data/2025-10-14/scope-results-2025-10-14-1305.csv,2.616330240000001e-07,9.13389576e-07,0,0,0,0,HV 50
,BNL,"12 (ch1 in csv), 16 (ch2 in csv)",Electrons 85V,0.5,0,,125,/Users/rkfuentes/Documents/md_anderson_analysis/yepes_code/data/2025-10-14/scope-results-2025-10-14-1306.csv,2.861248959999999e-07,8.643624853333333e-07,0,0,0,0,HV 50
,BNL,"12 (ch1 in csv), 16 (ch2 in csv)",Electrons 85V,0.5,0,,125,/Users/rkfuentes/Documents/md_anderson_analysis/yepes_code/data/2025-10-14/scope-results-2025-10-14-1307.csv,2.8358209866666664e-07,3.784481306666673e-07,0,0,0,0,HV 50
,BNL,"12 (ch1 in csv), 16 (ch2 in csv)",Electrons 85V,0.5,0,,125,/Users/rkfuentes/Documents/md_anderson_analysis/yepes_code/data/2025-10-14/scope-results-2025-10-14-1308.csv,2.753412266666667e-07,2.706046965174126e-07,0,0,0,0,HV 50
,BNL,"12 (ch1 in csv), 16 (ch2 in csv)",Electrons 85V,0.5,0,,125,/Users/rkfuentes/Documents/md_anderson_analysis/yepes_code/data/2025-10-14/scope-results-2025-10-14-1309.csv,2.746782266666668e-07,3.710829226666665e-07,0,0,0,0,HV 50
,BNL,"12 (ch1 in csv), 16 (ch2 in csv)",Electrons 85V,0.5,0,,125,/Users/rkfuentes/Documents/md_anderson_analysis/yepes_code/data/2025-10-14/scope-results-2025-10-14-1310.csv,2.781504586666671e-07,9.415937919999996e-07,0,0,0,0,HV 50
,BNL,"12 (ch1 in csv), 16 (ch2 in csv)",Electrons 85V,0.5,0,,125,/Users/rkfuentes/Documents/md_anderson_analysis/yepes_code/data/2025-10-14/scope-results-2025-10-14-1311.csv,2.741385173333332e-07,8.717584186666667e-07,0,0,0,0,HV 50
,BNL,"12 (ch1 in csv), 16 (ch2 in csv)",Electrons 85V,0.5,0,,125,/Users/rkfuentes/Documents/md_anderson_analysis/yepes_code/data/2025-10-14/scope-results-2025-10-14-1379.csv,3.052533333328175e-10,1.3801834666666638e-08,0,0,0,0,HV 20
,BNL,"12 (ch1 in csv), 16 (ch2 in csv)",Electrons 85V,0.5,0,,125,/Users/rkfuentes/Documents/md_anderson_analysis/yepes_code/data/2025-10-14/scope-results-2025-10-14-1380.csv,3.2081338858195227e-07,2.0072053333333325e-08,0,0,0,0,HV 20
,BNL,"12 (ch1 in csv), 16 (ch2 in csv)",Electrons 85V,0.5,0,,125,/Users/rkfuentes/Documents/md_anderson_analysis/yepes_code/data/2025-10-14/scope-results-2025-10-14-1389.csv,4.3204671733333347e-07,2.066450000000002e-07,0,0,0,0,HV 100
,BNL,"12 (ch1 in csv), 16 (ch2 in csv)",Electrons 85V,0.5,0,,125,/Users/rkfuentes/Documents/md_anderson_analysis/yepes_code/data/2025-10-14/scope-results-2025-10-14-1390.csv,4.3661017600000015e-07,2.359798560000001e-07,0,0,0,0,HV 100
,BNL,"12 (ch1 in csv), 16 (ch2 in csv)",Electrons 85V,0.5,0,,125,/Users/rkfuentes/Documents/md_anderson_analysis/yepes_code/data/2025-10-14/scope-results-2025-10-14-1391.csv,4.533487680000002e-07,2.484777280000001e-07,0,0,0,0,HV 100
,BNL,"12 (ch1 in csv), 16 (ch2 in csv)",Electrons 85V,0.5,0,,125,/Users/rkfuentes/Documents/md_anderson_analysis/yepes_code/data/2025-10-14/scope-results-2025-10-14-1392.csv,4.600986666666666e-07,2.3565578666666696e-07,0,0,0,0,HV 100
,BNL,"12 (ch1 in csv), 16 (ch2 in csv)",Electrons 85V,0.5,0,,125,/Users/rkfuentes/Documents/md_anderson_analysis/yepes_code/data/2025-10-14/scope-results-2025-10-14-1393.csv,4.568167973333336e-07,2.3811115733333324e-07,0,0,0,0,HV 100
,BNL,"12 (ch1 in csv), 16 (ch2 in csv)",Electrons 85V,0.5,0,,125,/Users/rkfuentes/Documents/md_anderson_analysis/yepes_code/data/2025-10-14/scope-results-2025-10-14-1394.csv,4.627958400000002e-07,2.607047466666672e-07,0,0,0,0,HV 100
,BNL,"12 (ch1 in csv), 16 (ch2 in csv)",Electrons 85V,0.5,0,,125,/Users/rkfuentes/Documents/md_anderson_analysis/yepes_code/data/2025-10-14/scope-results-2025-10-14-1395.csv,4.296471413333335e-07,1.9828744000000062e-07,0,0,0,0,HV 100
,BNL,"12 (ch1 in csv), 16 (ch2 in csv)",Electrons 85V,0.5,0,,125,/Users/rkfuentes/Documents/md_anderson_analysis/yepes_code/data/2025-10-14/scope-results-2025-10-14-1396.csv,4.3890393333333337e-07,2.1380460266666674e-07,0,0,0,0,HV 100
,BNL,"12 (ch1 in csv), 16 (ch2 in csv)",Electrons 85V,0.5,0,,125,/Users/rkfuentes/Documents/md_anderson_analysis/yepes_code/data/2025-10-14/scope-results-2025-10-14-1397.csv,4.402710933333328e-07,2.4505264000000003e-07,0,0,0,0,HV 100
,BNL,"12 (ch1 in csv), 16 (ch2 in csv)",Electrons 85V,0.5,0,,125,/Users/rkfuentes/Documents/md_anderson_analysis/yepes_code/data/2025-10-14/scope-results-2025-10-14-1398.csv,4.5562941866666693e-07,2.2273450133333328e-07,0,0,0,0,HV 100
,BNL,"12 (ch1 in csv), 16 (ch2 in csv)",Electrons 85V,0.5,0,,125,/Users/rkfuentes/Documents/md_anderson_analysis/yepes_code/data/2025-10-14/scope-results-2025-10-14-1399.csv,4.471302613333333e-07,2.4741792000000026e-07,0,0,0,0,HV 100
,BNL,"12 (ch1 in csv), 16 (ch2 in csv)",Electrons 85V,0.5,0,,125,/Users/rkfuentes/Documents/md_anderson_analysis/yepes_code/data/2025-10-14/scope-results-2025-10-14-1400.csv,4.1951971999999987e-07,2.4397845333333345e-07,0,0,0,0,HV 100
,BNL,"12 (ch1 in csv), 16 (ch2 in csv)",Electrons 85V,0.5,0,,125,/Users/rkfuentes/Documents/md_anderson_analysis/yepes_code/data/2025-10-14/scope-results-2025-10-14-1401.csv,4.616437333333333e-07,2.6127111200000007e-07,0,0,0,0,HV 100
,BNL,"12 (ch1 in csv), 16 (ch2 in csv)",Electrons 85V,0.5,0,,125,/Users/rkfuentes/Documents/md_anderson_analysis/yepes_code/data/2025-10-14/scope-results-2025-10-14-1402.csv,4.3928207733333363e-07,2.3058706666666633e-07,0,0,0,0,HV 100
,BNL,"12 (ch1 in csv), 16 (ch2 in csv)",Electrons 85V,0.5,0,,125,/Users/rkfuentes/Documents/md_anderson_analysis/yepes_code/data/2025-10-14/scope-results-2025-10-14-1403.csv,4.278004053333335e-07,2.625800959999999e-07,0,0,0,0,HV 100
,BNL,"12 (ch1 in csv), 16 (ch2 in csv)",Electrons 85V,0.5,0,,125,/Users/rkfuentes/Documents/md_anderson_analysis/yepes_code/data/2025-10-14/scope-results-2025-10-14-1404.csv,4.3612914666666665e-07,2.36430272e-07,0,0,0,0,HV 100
,BNL,"12 (ch1 in csv), 16 (ch2 in csv)",Electrons 85V,0.5,0,,125,/Users/rkfuentes/Documents/md_anderson_analysis/yepes_code/data/2025-10-14/scope-results-2025-10-14-1405.csv,4.301713119999999e-07,2.5245568e-07,0,0,0,0,HV 100
,BNL,"12 (ch1 in csv), 16 (ch2 in csv)",Electrons 85V,0.5,0,,125,/Users/rkfuentes/Documents/md_anderson_analysis/yepes_code/data/2025-10-14/scope-results-2025-10-14-1406.csv,4.392258266666668e-07,2.2212059733333333e-07,0,0,0,0,HV 100
,BNL,"12 (ch1 in csv), 16 (ch2 in csv)",Electrons 85V,0.5,0,,125,/Users/rkfuentes/Documents/md_anderson_analysis/yepes_code/data/2025-10-14/scope-results-2025-10-14-1407.csv,4.457104853333335e-07,1.9804754666666718e-07,0,0,0,0,HV 100
,BNL,"12 (ch1 in csv), 16 (ch2 in csv)",Electrons 85V,0.5,0,,125,/Users/rkfuentes/Documents/md_anderson_analysis/yepes_code/data/2025-10-14/scope-results-2025-10-14-1408.csv,4.3648926399999994e-07,2.06328768e-07,0,0,0,0,HV 100
,BNL,"12 (ch1 in csv), 16 (ch2 in csv)",Electrons 85V,0.5,0,,125,/Users/rkfuentes/Documents/md_anderson_analysis/yepes_code/data/2025-10-14/scope-results-2025-10-14-1409.csv,4.4264154133333343e-07,1.9623740799999998e-07,0,0,0,0,HV 100
,BNL,"12 (ch1 in csv), 16 (ch2 in csv)",Electrons 85V,0.5,0,,125,/Users/rkfuentes/Documents/md_anderson_analysis/yepes_code/data/2025-10-14/scope-results-2025-10-14-1410.csv,4.204608000000001e-07,2.5027290666666626e-07,0,0,0,0,HV 100
,BNL,"12 (ch1 in csv), 16 (ch2 in csv)",Electrons 85V,0.5,0,,125,/Users/rkfuentes/Documents/md_anderson_analysis/yepes_code/data/2025-10-14/scope-results-2025-10-14-1411.csv,4.2752271466666655e-07,2.4272731733333315e-07,0,0,0,0,HV 100
,BNL,"12 (ch1 in csv), 16 (ch2 in csv)",Electrons 85V,0.5,0,,150,/Users/rkfuentes/Documents/md_anderson_analysis/yepes_code/data/2025-10-14/scope-results-2025-10-14-1481.csv,1.855779866666665e-07,1.7177361173333334e-06,0,0,0,0,HV 100
,BNL,"12 (ch1 in csv), 16 (ch2 in csv)",Electrons 85V,0.5,0,,150,/Users/rkfuentes/Documents/md_anderson_analysis/yepes_code/data/2025-10-14/scope-results-2025-10-14-1482.csv,6.506413277310936e-07,1.5904704533333328e-06,0,0,0,0,HV 100
,BNL,"12 (ch1 in csv), 16 (ch2 in csv)",Electrons 85V,0.5,0,,150,/Users/rkfuentes/Documents/md_anderson_analysis/yepes_code/data/2025-10-14/scope-results-2025-10-14-1483.csv,2.011336533333333e-07,1.410907573333334e-07,0,0,0,0,HV 100
,BNL,"12 (ch1 in csv), 16 (ch2 in csv)",Electrons 85V,0.5,0,,150,/Users/rkfuentes/Documents/md_anderson_analysis/yepes_code/data/2025-10-14/scope-results-2025-10-14-1484.csv,2.0281728000000002e-07,1.6726263200000005e-06,0,0,0,0,HV 100
,BNL,"12 (ch1 in csv), 16 (ch2 in csv)",Electrons 85V,0.5,0,,150,/Users/rkfuentes/Documents/md_anderson_analysis/yepes_code/data/2025-10-14/scope-results-2025-10-14-1485.csv,2.0214264266666656e-07,1.485177599999998e-07,0,0,0,0,HV 100
,BNL,"12 (ch1 in csv), 16 (ch2 in csv)",Electrons 85V,0.5,0,,150,/Users/rkfuentes/Documents/md_anderson_analysis/yepes_code/data/2025-10-14/scope-results-2025-10-14-1486.csv,2.066928000000001e-07,1.7473322933333336e-06,0,0,0,0,HV 100
,BNL,"12 (ch1 in csv), 16 (ch2 in csv)",Electrons 85V,0.5,0,,150,/Users/rkfuentes/Documents/md_anderson_analysis/yepes_code/data/2025-10-14/scope-results-2025-10-14-1487.csv,1.7037733333333317e-07,1.5921462640000003e-06,0,0,0,0,HV 100
,BNL,"12 (ch1 in csv), 16 (ch2 in csv)",Electrons 85V,0.5,0,,150,/Users/rkfuentes/Documents/md_anderson_analysis/yepes_code/data/2025-10-14/scope-results-2025-10-14-1488.csv,2.0611097599999987e-07,1.4329965333333325e-07,0,0,0,0,HV 100
,BNL,"12 (ch1 in csv), 16 (ch2 in csv)",Electrons 85V,0.5,0,,150,/Users/rkfuentes/Documents/md_anderson_analysis/yepes_code/data/2025-10-14/scope-results-2025-10-14-1489.csv,1.4494392266666677e-07,1.6292984000000001e-06,0,0,0,0,HV 100
,BNL,"12 (ch1 in csv), 16 (ch2 in csv)",Electrons 85V,0.5,0,,150,/Users/rkfuentes/Documents/md_anderson_analysis/yepes_code/data/2025-10-14/scope-results-2025-10-14-1490.csv,1.989114666666667e-07,1.3389554933333335e-07,0,0,0,0,HV 100
,BNL,"12 (ch1 in csv), 16 (ch2 in csv)",Electrons 85V,0.5,0,,150,/Users/rkfuentes/Documents/md_anderson_analysis/yepes_code/data/2025-10-14/scope-results-2025-10-14-1491.csv,1.8952220000000014e-07,1.486331032e-06,0,0,0,0,HV 100
,BNL,"12 (ch1 in csv), 16 (ch2 in csv)",Electrons 85V,0.5,0,,150,/Users/rkfuentes/Documents/md_anderson_analysis/yepes_code/data/2025-10-14/scope-results-2025-10-14-1492.csv,1.914058800000001e-07,1.3307600373333335e-06,0,0,0,0,HV 100
,BNL,"12 (ch1 in csv), 16 (ch2 in csv)",Electrons 85V,0.5,0,,150,/Users/rkfuentes/Documents/md_anderson_analysis/yepes_code/data/2025-10-14/scope-results-2025-10-14-1493.csv,1.9542234133333347e-07,1.4423012266666663e-07,0,0,0,0,HV 100
,BNL,"12 (ch1 in csv), 16 (ch2 in csv)",Electrons 85V,0.5,0,,150,/Users/rkfuentes/Documents/md_anderson_analysis/yepes_code/data/2025-10-14/scope-results-2025-10-14-1494.csv,1.9859005866666666e-07,1.27731424e-07,0,0,0,0,HV 100
,BNL,"12 (ch1 in csv), 16 (ch2 in csv)",Electrons 85V,0.5,0,,150,/Users/rkfuentes/Documents/md_anderson_analysis/yepes_code/data/2025-10-14/scope-results-2025-10-14-1495.csv,2.01318192e-07,1.547107973333333e-07,0,0,0,0,HV 100
,BNL,"12 (ch1 in csv), 16 (ch2 in csv)",Electrons 85V,0.5,0,,150,/Users/rkfuentes/Documents/md_anderson_analysis/yepes_code/data/2025-10-14/scope-results-2025-10-14-1496.csv,2.0488948533333342e-07,1.3563756986666668e-06,0,0,0,0,HV 100
,BNL,"12 (ch1 in csv), 16 (ch2 in csv)",Electrons 85V,0.5,0,,150,/Users/rkfuentes/Documents/md_anderson_analysis/yepes_code/data/2025-10-14/scope-results-2025-10-14-1497.csv,1.9910979733333353e-07,1.0843012235427275e-06,0,0,0,0,HV 100
,BNL,"12 (ch1 in csv), 16 (ch2 in csv)",Electrons 85V,0.5,0,,150,/Users/rkfuentes/Documents/md_anderson_analysis/yepes_code/data/2025-10-14/scope-results-2025-10-14-1498.csv,2.0795453866666665e-07,1.2770484776119406e-06,0,0,0,0,HV 100
,BNL,"12 (ch1 in csv), 16 (ch2 in csv)",Electrons 85V,0.5,0,,150,/Users/rkfuentes/Documents/md_anderson_analysis/yepes_code/data/2025-10-14/scope-results-2025-10-14-1499.csv,6.17731283746557e-07,1.4450621866666653e-07,0,0,0,0,HV 100
,BNL,"12 (ch1 in csv), 16 (ch2 in csv)",Electrons 85V,0.5,0,,150,/Users/rkfuentes/Documents/md_anderson_analysis/yepes_code/data/2025-10-14/scope-results-2025-10-14-1500.csv,1.9970312266666667e-07,1.326000992e-06,0,0,0,0,HV 100
,BNL,"12 (ch1 in csv), 16 (ch2 in csv)",Electrons 85V,0.5,0,,150,/Users/rkfuentes/Documents/md_anderson_analysis/yepes_code/data/2025-10-14/scope-results-2025-10-14-1501.csv,2.096746826666666e-07,1.4265386666666667e-07,0,0,0,0,HV 100
,BNL,"12 (ch1 in csv), 16 (ch2 in csv)",Electrons 85V,0.5,0,,150,/Users/rkfuentes/Documents/md_anderson_analysis/yepes_code/data/2025-10-14/scope-results-2025-10-14-1502.csv,6.481117037037048e-07,1.4802651040000005e-06,0,0,0,0,HV 100
,BNL,"12 (ch1 in csv), 16 (ch2 in csv)",Electrons 85V,0.5,0,,150,/Users/rkfuentes/Documents/md_anderson_analysis/yepes_code/data/2025-10-14/scope-results-2025-10-14-1503.csv,1.9107835733333326e-07,1.3914720533333324e-07,0,0,0,0,HV 100
,BNL,"12 (ch1 in csv), 16 (ch2 in csv)",Electrons 85V,0.5,0,,150,/Users/rkfuentes/Documents/md_anderson_analysis/yepes_code/data/2025-10-14/scope-results-2025-10-14-1504.csv,2.356799999990564e-11,1.6950346666666677e-09,0,0,0,0,HV 100
,BNL,"12 (ch1 in csv), 16 (ch2 in csv)",Electrons 85V,0.5,0,,150,/Users/rkfuentes/Documents/md_anderson_analysis/yepes_code/data/2025-10-14/scope-results-2025-10-14-1576.csv,5.021003693693703e-07,1.6293166320000006e-06,0,0,0,0,HV 50
,BNL,"12 (ch1 in csv), 16 (ch2 in csv)",Electrons 85V,0.5,0,,150,/Users/rkfuentes/Documents/md_anderson_analysis/yepes_code/data/2025-10-14/scope-results-2025-10-14-1577.csv,6.76349973333334e-08,1.0979261386666664e-06,0,0,0,0,HV 50
,BNL,"12 (ch1 in csv), 16 (ch2 in csv)",Electrons 85V,0.5,0,,150,/Users/rkfuentes/Documents/md_anderson_analysis/yepes_code/data/2025-10-14/scope-results-2025-10-14-1578.csv,5.043083162555359e-07,1.7106436159999996e-06,0,0,0,0,HV 50
,BNL,"12 (ch1 in csv), 16 (ch2 in csv)",Electrons 85V,0.5,0,,150,/Users/rkfuentes/Documents/md_anderson_analysis/yepes_code/data/2025-10-14/scope-results-2025-10-14-1579.csv,6.218250133333331e-08,1.0618282666666666e-06,0,0,0,0,HV 50
,BNL,"12 (ch1 in csv), 16 (ch2 in csv)",Electrons 85V,0.5,0,,150,/Users/rkfuentes/Documents/md_anderson_analysis/yepes_code/data/2025-10-14/scope-results-2025-10-14-1580.csv,6.321793600000002e-08,1.4418288533333342e-06,0,0,0,0,HV 50
,BNL,"12 (ch1 in csv), 16 (ch2 in csv)",Electrons 85V,0.5,0,,150,/Users/rkfuentes/Documents/md_anderson_analysis/yepes_code/data/2025-10-14/scope-results-2025-10-14-1581.csv,6.705759466666666e-08,1.0376076266666668e-06,0,0,0,0,HV 50
,BNL,"12 (ch1 in csv), 16 (ch2 in csv)",Electrons 85V,0.5,0,,150,/Users/rkfuentes/Documents/md_anderson_analysis/yepes_code/data/2025-10-14/scope-results-2025-10-14-1582.csv,6.1881432e-08,1.5321838426666678e-06,0,0,0,0,HV 50
,BNL,"12 (ch1 in csv), 16 (ch2 in csv)",Electrons 85V,0.5,0,,150,/Users/rkfuentes/Documents/md_anderson_analysis/yepes_code/data/2025-10-14/scope-results-2025-10-14-1583.csv,4.9981440000000004e-08,1.0477661333333337e-06,0,0,0,0,HV 50
,BNL,"12 (ch1 in csv), 16 (ch2 in csv)",Electrons 85V,0.5,0,,150,/Users/rkfuentes/Documents/md_anderson_analysis/yepes_code/data/2025-10-14/scope-results-2025-10-14-1584.csv,4.7526855855855936e-07,1.4380802293333335e-06,0,0,0,0,HV 50
,BNL,"12 (ch1 in csv), 16 (ch2 in csv)",Electrons 85V,0.5,0,,150,/Users/rkfuentes/Documents/md_anderson_analysis/yepes_code/data/2025-10-14/scope-results-2025-10-14-1585.csv,4.5968967971530234e-07,1.4655749333333333e-06,0,0,0,0,HV 50
,BNL,"12 (ch1 in csv), 16 (ch2 in csv)",Electrons 85V,0.5,0,,150,/Users/rkfuentes/Documents/md_anderson_analysis/yepes_code/data/2025-10-14/scope-results-2025-10-14-1586.csv,6.74173760000001e-08,1.4688236479999996e-06,0,0,0,0,HV 50
,BNL,"12 (ch1 in csv), 16 (ch2 in csv)",Electrons 85V,0.5,0,,150,/Users/rkfuentes/Documents/md_anderson_analysis/yepes_code/data/2025-10-14/scope-results-2025-10-14-1587.csv,4.6824444148641235e-07,9.668143673469387e-07,0,0,0,0,HV 50
,BNL,"12 (ch1 in csv), 16 (ch2 in csv)",Electrons 85V,0.5,0,,150,/Users/rkfuentes/Documents/md_anderson_analysis/yepes_code/data/2025-10-14/scope-results-2025-10-14-1588.csv,4.796999326599331e-07,1.2466939333333333e-06,0,0,0,0,HV 50
,BNL,"12 (ch1 in csv), 16 (ch2 in csv)",Electrons 85V,0.5,0,,150,/Users/rkfuentes/Documents/md_anderson_analysis/yepes_code/data/2025-10-14/scope-results-2025-10-14-1589.csv,6.93996266666666e-08,1.4825308826666651e-06,0,0,0,0,HV 50
,BNL,"12 (ch1 in csv), 16 (ch2 in csv)",Electrons 85V,0.5,0,,150,/Users/rkfuentes/Documents/md_anderson_analysis/yepes_code/data/2025-10-14/scope-results-2025-10-14-1590.csv,5.911057066666666e-08,1.4294238693333338e-06,0,0,0,0,HV 50
,BNL,"12 (ch1 in csv), 16 (ch2 in csv)",Electrons 85V,0.5,0,,150,/Users/rkfuentes/Documents/md_anderson_analysis/yepes_code/data/2025-10-14/scope-results-2025-10-14-1591.csv,6.368906666666669e-08,1.5064396266666673e-06,0,0,0,0,HV 50
,BNL,"12 (ch1 in csv), 16 (ch2 in csv)",Electrons 85V,0.5,0,,150,/Users/rkfuentes/Documents/md_anderson_analysis/yepes_code/data/2025-10-14/scope-results-2025-10-14-1592.csv,6.539644000000005e-08,1.6173578426666667e-06,0,0,0,0,HV 50
,BNL,"12 (ch1 in csv), 16 (ch2 in csv)",Electrons 85V,0.5,0,,175,/Users/rkfuentes/Documents/md_anderson_analysis/yepes_code/data/2025-10-14/scope-results-2025-10-14-1675.csv,1.2780248533333325e-07,1.927210986666671e-07,0,0,0,0,HV 100
,BNL,"12 (ch1 in csv), 16 (ch2 in csv)",Electrons 85V,0.5,0,,175,/Users/rkfuentes/Documents/md_anderson_analysis/yepes_code/data/2025-10-14/scope-results-2025-10-14-1676.csv,1.2812800000000002e-07,1.0777601066666677e-07,0,0,0,0,HV 100
,BNL,"12 (ch1 in csv), 16 (ch2 in csv)",Electrons 85V,0.5,0,,175,/Users/rkfuentes/Documents/md_anderson_analysis/yepes_code/data/2025-10-14/scope-results-2025-10-14-1677.csv,1.3479033600000032e-07,1.2023933333333323e-07,0,0,0,0,HV 100
,BNL,"12 (ch1 in csv), 16 (ch2 in csv)",Electrons 85V,0.5,0,,175,/Users/rkfuentes/Documents/md_anderson_analysis/yepes_code/data/2025-10-14/scope-results-2025-10-14-1678.csv,1.437057466666667e-07,2.3344437333333328e-07,0,0,0,0,HV 100
,BNL,"12 (ch1 in csv), 16 (ch2 in csv)",Electrons 85V,0.5,0,,175,/Users/rkfuentes/Documents/md_anderson_analysis/yepes_code/data/2025-10-14/scope-results-2025-10-14-1679.csv,1.435951573333335e-07,1.3365184799999994e-07,0,0,0,0,HV 100
,BNL,"12 (ch1 in csv), 16 (ch2 in csv)",Electrons 85V,0.5,0,,175,/Users/rkfuentes/Documents/md_anderson_analysis/yepes_code/data/2025-10-14/scope-results-2025-10-14-1680.csv,1.4159901866666658e-07,1.1099896000000007e-07,0,0,0,0,HV 100
,BNL,"12 (ch1 in csv), 16 (ch2 in csv)",Electrons 85V,0.5,0,,175,/Users/rkfuentes/Documents/md_anderson_analysis/yepes_code/data/2025-10-14/scope-results-2025-10-14-1681.csv,1.424843413333333e-07,1.4017564266666675e-07,0,0,0,0,HV 100
,BNL,"12 (ch1 in csv), 16 (ch2 in csv)",Electrons 85V,0.5,0,,175,/Users/rkfuentes/Documents/md_anderson_analysis/yepes_code/data/2025-10-14/scope-results-2025-10-14-1682.csv,1.397226400000002e-07,1.4822238933333353e-07,0,0,0,0,HV 100
,BNL,"12 (ch1 in csv), 16 (ch2 in csv)",Electrons 85V,0.5,0,,175,/Users/rkfuentes/Documents/md_anderson_analysis/yepes_code/data/2025-10-14/scope-results-2025-10-14-1683.csv,1.400554133333336e-07,1.346697333333333e-07,0,0,0,0,HV 100
,BNL,"12 (ch1 in csv), 16 (ch2 in csv)",Electrons 85V,0.5,0,,175,/Users/rkfuentes/Documents/md_anderson_analysis/yepes_code/data/2025-10-14/scope-results-2025-10-14-1684.csv,1.4361944533333357e-07,1.415019999999999e-07,0,0,0,0,HV 100
,BNL,"12 (ch1 in csv), 16 (ch2 in csv)",Electrons 85V,0.5,0,,175,/Users/rkfuentes/Documents/md_anderson_analysis/yepes_code/data/2025-10-14/scope-results-2025-10-14-1685.csv,1.446897706666665e-07,2.2251273600000045e-07,0,0,0,0,HV 100
,BNL,"12 (ch1 in csv), 16 (ch2 in csv)",Electrons 85V,0.5,0,,175,/Users/rkfuentes/Documents/md_anderson_analysis/yepes_code/data/2025-10-14/scope-results-2025-10-14-1686.csv,1.3927865600000014e-07,1.471664106666667e-07,0,0,0,0,HV 100
,BNL,"12 (ch1 in csv), 16 (ch2 in csv)",Electrons 85V,0.5,0,,175,/Users/rkfuentes/Documents/md_anderson_analysis/yepes_code/data/2025-10-14/scope-results-2025-10-14-1687.csv,1.4388729600000014e-07,1.280247253333332e-07,0,0,0,0,HV 100
,BNL,"12 (ch1 in csv), 16 (ch2 in csv)",Electrons 85V,0.5,0,,175,/Users/rkfuentes/Documents/md_anderson_analysis/yepes_code/data/2025-10-14/scope-results-2025-10-14-1727.csv,4.6381696969697116e-07,1.4633850133333313e-07,0,0,0,0,HV 50
,BNL,"12 (ch1 in csv), 16 (ch2 in csv)",Electrons 85V,0.5,0,,175,/Users/rkfuentes/Documents/md_anderson_analysis/yepes_code/data/2025-10-14/scope-results-2025-10-14-1728.csv,4.6238541333333416e-08,4.414259999999993e-08,0,0,0,0,HV 50
,BNL,"12 (ch1 in csv), 16 (ch2 in csv)",Electrons 85V,0.5,0,,175,/Users/rkfuentes/Documents/md_anderson_analysis/yepes_code/data/2025-10-14/scope-results-2025-10-14-1729.csv,4.705941333333334e-08,4.251258666666667e-08,0,0,0,0,HV 50
,BNL,"12 (ch1 in csv), 16 (ch2 in csv)",Electrons 85V,0.5,0,,175,/Users/rkfuentes/Documents/md_anderson_analysis/yepes_code/data/2025-10-14/scope-results-2025-10-14-1730.csv,3.819509333333327e-08,1.1249034666666662e-07,0,0,0,0,HV 50
,BNL,"12 (ch1 in csv), 16 (ch2 in csv)",Electrons 85V,0.5,0,,175,/Users/rkfuentes/Documents/md_anderson_analysis/yepes_code/data/2025-10-14/scope-results-2025-10-14-1731.csv,4.947572369942212e-07,1.0719432533333354e-07,0,0,0,0,HV 50
,BNL,"12 (ch1 in csv), 16 (ch2 in csv)",Electrons 85V,0.5,0,,175,/Users/rkfuentes/Documents/md_anderson_analysis/yepes_code/data/2025-10-14/scope-results-2025-10-14-1732.csv,5.6015584000000036e-08,4.755884800000004e-08,0,0,0,0,HV 50
,BNL,"12 (ch1 in csv), 16 (ch2 in csv)",Electrons 85V,0.5,0,,175,/Users/rkfuentes/Documents/md_anderson_analysis/yepes_code/data/2025-10-14/scope-results-2025-10-14-1733.csv,5.2510405333333423e-08,4.270208000000001e-08,0,0,0,0,HV 50
,BNL,"12 (ch1 in csv), 16 (ch2 in csv)",Electrons 85V,0.5,0,,175,/Users/rkfuentes/Documents/md_anderson_analysis/yepes_code/data/2025-10-14/scope-results-2025-10-14-1734.csv,6.494212479999994e-07,5.4805754666666925e-08,0,0,0,0,HV 50
,BNL,"12 (ch1 in csv), 16 (ch2 in csv)",Electrons 85V,0.5,0,,175,/Users/rkfuentes/Documents/md_anderson_analysis/yepes_code/data/2025-10-14/scope-results-2025-10-14-1735.csv,4.750982930262332e-07,1.3698053333333306e-07,0,0,0,0,HV 50
,BNL,"12 (ch1 in csv), 16 (ch2 in csv)",Electrons 85V,0.5,0,,175,/Users/rkfuentes/Documents/md_anderson_analysis/yepes_code/data/2025-10-14/scope-results-2025-10-14-1736.csv,5.366600533333335e-08,4.518948266666664e-08,0,0,0,0,HV 50
,BNL,"12 (ch1 in csv), 16 (ch2 in csv)",Electrons 85V,0.5,0,,175,/Users/rkfuentes/Documents/md_anderson_analysis/yepes_code/data/2025-10-14/scope-results-2025-10-14-1737.csv,5.214820533333338e-08,5.7508199999999926e-08,0,0,0,0,HV 50
,BNL,"12 (ch1 in csv), 16 (ch2 in csv)",Electrons 85V,0.5,0,,175,/Users/rkfuentes/Documents/md_anderson_analysis/yepes_code/data/2025-10-14/scope-results-2025-10-14-1738.csv,5.4417045333333426e-08,4.5356906666666715e-08,0,0,0,0,HV 50
,BNL,"12 (ch1 in csv), 16 (ch2 in csv)",Electrons 85V,0.5,0,,175,/Users/rkfuentes/Documents/md_anderson_analysis/yepes_code/data/2025-10-14/scope-results-2025-10-14-1739.csv,4.949344486692031e-07,1.130951999999998e-07,0,0,0,0,HV 50
,BNL,"12 (ch1 in csv), 16 (ch2 in csv)",Electrons 85V,0.5,0,,200,/Users/rkfuentes/Documents/md_anderson_analysis/yepes_code/data/2025-10-14/scope-results-2025-10-14-1781.csv,9.114581866666664e-08,9.141814613333324e-07,0,0,0,0,HV 100
,BNL,"12 (ch1 in csv), 16 (ch2 in csv)",Electrons 85V,0.5,0,,200,/Users/rkfuentes/Documents/md_anderson_analysis/yepes_code/data/2025-10-14/scope-results-2025-10-14-1782.csv,7.795926399999992e-08,7.133227813333335e-07,0,0,0,0,HV 100
,BNL,"12 (ch1 in csv), 16 (ch2 in csv)",Electrons 85V,0.5,0,,200,/Users/rkfuentes/Documents/md_anderson_analysis/yepes_code/data/2025-10-14/scope-results-2025-10-14-1783.csv,6.747528533333337e-08,8.824911466666671e-07,0,0,0,0,HV 100
,BNL,"12 (ch1 in csv), 16 (ch2 in csv)",Electrons 85V,0.5,0,,200,/Users/rkfuentes/Documents/md_anderson_analysis/yepes_code/data/2025-10-14/scope-results-2025-10-14-1784.csv,9.101442400000008e-08,8.719705066666682e-07,0,0,0,0,HV 100
,BNL,"12 (ch1 in csv), 16 (ch2 in csv)",Electrons 85V,0.5,0,,200,/Users/rkfuentes/Documents/md_anderson_analysis/yepes_code/data/2025-10-14/scope-results-2025-10-14-1785.csv,9.136525866666678e-08,8.439138770949737e-07,0,0,0,0,HV 100
,BNL,"12 (ch1 in csv), 16 (ch2 in csv)",Electrons 85V,0.5,0,,200,/Users/rkfuentes/Documents/md_anderson_analysis/yepes_code/data/2025-10-14/scope-results-2025-10-14-1786.csv,8.821730933333332e-08,7.444690666666673e-07,0,0,0,0,HV 100
,BNL,"12 (ch1 in csv), 16 (ch2 in csv)",Electrons 85V,0.5,0,,200,/Users/rkfuentes/Documents/md_anderson_analysis/yepes_code/data/2025-10-14/scope-results-2025-10-14-1787.csv,9.345034666666683e-08,1.4333493333333324e-08,0,0,0,0,HV 100
,BNL,"12 (ch1 in csv), 16 (ch2 in csv)",Electrons 85V,0.5,0,,200,/Users/rkfuentes/Documents/md_anderson_analysis/yepes_code/data/2025-10-14/scope-results-2025-10-14-1788.csv,8.664413866666668e-08,7.997713466666671e-07,0,0,0,0,HV 100
,BNL,"12 (ch1 in csv), 16 (ch2 in csv)",Electrons 85V,0.5,0,,200,/Users/rkfuentes/Documents/md_anderson_analysis/yepes_code/data/2025-10-14/scope-results-2025-10-14-1789.csv,9.400509333333343e-08,8.635810110701124e-07,0,0,0,0,HV 100
,BNL,"12 (ch1 in csv), 16 (ch2 in csv)",Electrons 85V,0.5,0,,200,/Users/rkfuentes/Documents/md_anderson_analysis/yepes_code/data/2025-10-14/scope-results-2025-10-14-1790.csv,8.728101066666673e-08,8.46600069333333e-07,0,0,0,0,HV 100
,BNL,"12 (ch1 in csv), 16 (ch2 in csv)",Electrons 85V,0.5,0,,200,/Users/rkfuentes/Documents/md_anderson_analysis/yepes_code/data/2025-10-14/scope-results-2025-10-14-1791.csv,6.850919200000012e-08,7.693315200000002e-07,0,0,0,0,HV 100
,BNL,"12 (ch1 in csv), 16 (ch2 in csv)",Electrons 85V,0.5,0,,200,/Users/rkfuentes/Documents/md_anderson_analysis/yepes_code/data/2025-10-14/scope-results-2025-10-14-1792.csv,8.751595733333337e-08,8.12182111999999e-07,0,0,0,0,HV 100
,BNL,"12 (ch1 in csv), 16 (ch2 in csv)",Electrons 85V,0.5,0,,200,/Users/rkfuentes/Documents/md_anderson_analysis/yepes_code/data/2025-10-14/scope-results-2025-10-14-1793.csv,9.690906933333335e-08,8.504164266666657e-07,0,0,0,0,HV 100
,BNL,"12 (ch1 in csv), 16 (ch2 in csv)",Electrons 85V,0.5,0,,200,/Users/rkfuentes/Documents/md_anderson_analysis/yepes_code/data/2025-10-14/scope-results-2025-10-14-1834.csv,2.668845599999999e-08,7.403467946666669e-07,0,0,0,0,HV 50
,BNL,"12 (ch1 in csv), 16 (ch2 in csv)",Electrons 85V,0.5,0,,200,/Users/rkfuentes/Documents/md_anderson_analysis/yepes_code/data/2025-10-14/scope-results-2025-10-14-1835.csv,2.594816533333331e-08,6.958282026666668e-07,0,0,0,0,HV 50
,BNL,"12 (ch1 in csv), 16 (ch2 in csv)",Electrons 85V,0.5,0,,200,/Users/rkfuentes/Documents/md_anderson_analysis/yepes_code/data/2025-10-14/scope-results-2025-10-14-1836.csv,3.749421866666675e-07,7.105734650856391e-07,0,0,0,0,HV 50
,BNL,"12 (ch1 in csv), 16 (ch2 in csv)",Electrons 85V,0.5,0,,200,/Users/rkfuentes/Documents/md_anderson_analysis/yepes_code/data/2025-10-14/scope-results-2025-10-14-1837.csv,2.8699026666666747e-08,8.477637066666658e-07,0,0,0,0,HV 50
,BNL,"12 (ch1 in csv), 16 (ch2 in csv)",Electrons 85V,0.5,0,,200,/Users/rkfuentes/Documents/md_anderson_analysis/yepes_code/data/2025-10-14/scope-results-2025-10-14-1838.csv,2.5882640000000038e-08,8.377089866666661e-07,0,0,0,0,HV 50
,BNL,"12 (ch1 in csv), 16 (ch2 in csv)",Electrons 85V,0.5,0,,200,/Users/rkfuentes/Documents/md_anderson_analysis/yepes_code/data/2025-10-14/scope-results-2025-10-14-1839.csv,3.029310400000001e-08,8.626956986666661e-07,0,0,0,0,HV 50
,BNL,"12 (ch1 in csv), 16 (ch2 in csv)",Electrons 85V,0.5,0,,200,/Users/rkfuentes/Documents/md_anderson_analysis/yepes_code/data/2025-10-14/scope-results-2025-10-14-1840.csv,3.096306133333341e-08,1.3947360000000008e-08,0,0,0,0,HV 50
,BNL,"12 (ch1 in csv), 16 (ch2 in csv)",Electrons 85V,0.5,0,,200,/Users/rkfuentes/Documents/md_anderson_analysis/yepes_code/data/2025-10-14/scope-results-2025-10-14-1841.csv,3.2752170666666674e-08,7.227952586666665e-07,0,0,0,0,HV 50
,BNL,"12 (ch1 in csv), 16 (ch2 in csv)",Electrons 85V,0.5,0,,200,/Users/rkfuentes/Documents/md_anderson_analysis/yepes_code/data/2025-10-14/scope-results-2025-10-14-1842.csv,2.615093866666666e-08,8.024388906666671e-07,0,0,0,0,HV 50
,BNL,"12 (ch1 in csv), 16 (ch2 in csv)",Electrons 85V,0.5,0,,200,/Users/rkfuentes/Documents/md_anderson_analysis/yepes_code/data/2025-10-14/scope-results-2025-10-14-1843.csv,3.282355733333334e-08,8.327057066666661e-07,0,0,0,0,HV 50
,BNL,"12 (ch1 in csv), 16 (ch2 in csv)",Electrons 85V,0.5,0,,200,/Users/rkfuentes/Documents/md_anderson_analysis/yepes_code/data/2025-10-14/scope-results-2025-10-14-1844.csv,3.1025549333333274e-08,7.437482266666668e-07,0,0,0,0,HV 50
,BNL,"12 (ch1 in csv), 16 (ch2 in csv)",Electrons 85V,0.5,0,,200,/Users/rkfuentes/Documents/md_anderson_analysis/yepes_code/data/2025-10-14/scope-results-2025-10-14-1845.csv,3.774052100192685e-07,1.4401482666666652e-08,0,0,0,0,HV 50
,BNL,"12 (ch1 in csv), 16 (ch2 in csv)",Electrons 85V,0.5,0,,200,/Users/rkfuentes/Documents/md_anderson_analysis/yepes_code/data/2025-10-14/scope-results-2025-10-14-1846.csv,2.731311999999994e-08,8.494688746666677e-07,0,0,0,0,HV 50
,BNL,"12 (ch1 in csv), 16 (ch2 in csv)",Electrons 85V,0.5,0,,227.5,/Users/rkfuentes/Documents/md_anderson_analysis/yepes_code/data/2025-10-14/scope-results-2025-10-14-1888.csv,1.8454818666666675e-08,1.981195466666667e-08,0,0,0,0,HV 50
,BNL,"12 (ch1 in csv), 16 (ch2 in csv)",Electrons 85V,0.5,0,,227.5,/Users/rkfuentes/Documents/md_anderson_analysis/yepes_code/data/2025-10-14/scope-results-2025-10-14-1889.csv,4.442571072124766e-07,1.2544406133333325e-07,0,0,0,0,HV 50
,BNL,"12 (ch1 in csv), 16 (ch2 in csv)",Electrons 85V,0.5,0,,227.5,/Users/rkfuentes/Documents/md_anderson_analysis/yepes_code/data/2025-10-14/scope-results-2025-10-14-1890.csv,4.692990084142405e-07,1.5097040000000008e-07,0,0,0,0,HV 50
,BNL,"12 (ch1 in csv), 16 (ch2 in csv)",Electrons 85V,0.5,0,,227.5,/Users/rkfuentes/Documents/md_anderson_analysis/yepes_code/data/2025-10-14/scope-results-2025-10-14-1891.csv,4.722965312085001e-07,5.1523301333333184e-08,0,0,0,0,HV 50
,BNL,"12 (ch1 in csv), 16 (ch2 in csv)",Electrons 85V,0.5,0,,227.5,/Users/rkfuentes/Documents/md_anderson_analysis/yepes_code/data/2025-10-14/scope-results-2025-10-14-1892.csv,4.7329298755730295e-07,9.82714719999999e-08,0,0,0,0,HV 50
,BNL,"12 (ch1 in csv), 16 (ch2 in csv)",Electrons 85V,0.5,0,,227.5,/Users/rkfuentes/Documents/md_anderson_analysis/yepes_code/data/2025-10-14/scope-results-2025-10-14-1893.csv,5.386348266666676e-07,2.7513367200000025e-07,0,0,0,0,HV 50
,BNL,"12 (ch1 in csv), 16 (ch2 in csv)",Electrons 85V,0.5,0,,227.5,/Users/rkfuentes/Documents/md_anderson_analysis/yepes_code/data/2025-10-14/scope-results-2025-10-14-1894.csv,4.6971862595419944e-07,2.1493959999999994e-08,0,0,0,0,HV 50
,BNL,"12 (ch1 in csv), 16 (ch2 in csv)",Electrons 85V,0.5,0,,227.5,/Users/rkfuentes/Documents/md_anderson_analysis/yepes_code/data/2025-10-14/scope-results-2025-10-14-1895.csv,5.51281384000001e-07,8.801760000000096e-09,0,0,0,0,HV 50
,BNL,"12 (ch1 in csv), 16 (ch2 in csv)",Electrons 85V,0.5,0,,227.5,/Users/rkfuentes/Documents/md_anderson_analysis/yepes_code/data/2025-10-14/scope-results-2025-10-14-1896.csv,4.6467000000000084e-07,9.00115706666666e-08,0,0,0,0,HV 50
,BNL,"12 (ch1 in csv), 16 (ch2 in csv)",Electrons 85V,0.5,0,,227.5,/Users/rkfuentes/Documents/md_anderson_analysis/yepes_code/data/2025-10-14/scope-results-2025-10-14-1897.csv,4.285202157996161e-07,1.8447098666666663e-08,0,0,0,0,HV 50
,BNL,"12 (ch1 in csv), 16 (ch2 in csv)",Electrons 85V,0.5,0,,227.5,/Users/rkfuentes/Documents/md_anderson_analysis/yepes_code/data/2025-10-14/scope-results-2025-10-14-1898.csv,5.307239226666671e-07,2.2000058666666675e-08,0,0,0,0,HV 50
,BNL,"12 (ch1 in csv), 16 (ch2 in csv)",Electrons 85V,0.5,0,,227.5,/Users/rkfuentes/Documents/md_anderson_analysis/yepes_code/data/2025-10-14/scope-results-2025-10-14-1899.csv,5.156723200000002e-07,2.0076026666666614e-08,0,0,0,0,HV 50
,BNL,"12 (ch1 in csv), 16 (ch2 in csv)",Electrons 85V,0.5,0,,227.5,/Users/rkfuentes/Documents/md_anderson_analysis/yepes_code/data/2025-10-14/scope-results-2025-10-14-1900.csv,5.17288746666667e-07,1.6749973333333285e-08,0,0,0,0,HV 50
,BNL,"12 (ch1 in csv), 16 (ch2 in csv)",Electrons 85V,0.5,0,,227.5,/Users/rkfuentes/Documents/md_anderson_analysis/yepes_code/data/2025-10-14/scope-results-2025-10-14-1901.csv,4.1733239895013217e-07,1.6172359999999934e-08,0,0,0,0,HV 50
,BNL,"12 (ch1 in csv), 16 (ch2 in csv)",Electrons 85V,0.5,0,,227.5,/Users/rkfuentes/Documents/md_anderson_analysis/yepes_code/data/2025-10-14/scope-results-2025-10-14-1943.csv,7.258304853333332e-07,6.287760266666667e-08,0,0,0,0,HV 100
,BNL,"12 (ch1 in csv), 16 (ch2 in csv)",Electrons 85V,0.5,0,,227.5,/Users/rkfuentes/Documents/md_anderson_analysis/yepes_code/data/2025-10-14/scope-results-2025-10-14-1944.csv,4.9190272000000046e-08,5.7684570666666544e-08,0,0,0,0,HV 100
,BNL,"12 (ch1 in csv), 16 (ch2 in csv)",Electrons 85V,0.5,0,,227.5,/Users/rkfuentes/Documents/md_anderson_analysis/yepes_code/data/2025-10-14/scope-results-2025-10-14-1945.csv,6.40962666666667e-08,2.0790642666666675e-07,0,0,0,0,HV 100
,BNL,"12 (ch1 in csv), 16 (ch2 in csv)",Electrons 85V,0.5,0,,227.5,/Users/rkfuentes/Documents/md_anderson_analysis/yepes_code/data/2025-10-14/scope-results-2025-10-14-1946.csv,6.066285866666674e-08,5.2012333333333345e-08,0,0,0,0,HV 100
,BNL,"12 (ch1 in csv), 16 (ch2 in csv)",Electrons 85V,0.5,0,,227.5,/Users/rkfuentes/Documents/md_anderson_analysis/yepes_code/data/2025-10-14/scope-results-2025-10-14-1947.csv,5.3322255999999995e-08,1.581973333333224e-09,0,0,0,0,HV 100
,BNL,"12 (ch1 in csv), 16 (ch2 in csv)",Electrons 85V,0.5,0,,227.5,/Users/rkfuentes/Documents/md_anderson_analysis/yepes_code/data/2025-10-14/scope-results-2025-10-14-1948.csv,5.364289333333344e-08,4.361238133333347e-08,0,0,0,0,HV 100
,BNL,"12 (ch1 in csv), 16 (ch2 in csv)",Electrons 85V,0.5,0,,227.5,/Users/rkfuentes/Documents/md_anderson_analysis/yepes_code/data/2025-10-14/scope-results-2025-10-14-1949.csv,6.050857600000003e-08,4.2338202666666754e-08,0,0,0,0,HV 100
,BNL,"12 (ch1 in csv), 16 (ch2 in csv)",Electrons 85V,0.5,0,,227.5,/Users/rkfuentes/Documents/md_anderson_analysis/yepes_code/data/2025-10-14/scope-results-2025-10-14-1950.csv,5.982597866666678e-08,5.010266133333323e-08,0,0,0,0,HV 100
,BNL,"12 (ch1 in csv), 16 (ch2 in csv)",Electrons 85V,0.5,0,,227.5,/Users/rkfuentes/Documents/md_anderson_analysis/yepes_code/data/2025-10-14/scope-results-2025-10-14-1951.csv,6.399881866666674e-08,5.578281333333332e-08,0,0,0,0,HV 100
,BNL,"12 (ch1 in csv), 16 (ch2 in csv)",Electrons 85V,0.5,0,,227.5,/Users/rkfuentes/Documents/md_anderson_analysis/yepes_code/data/2025-10-14/scope-results-2025-10-14-1952.csv,5.481546666666675e-08,4.4270786666666504e-08,0,0,0,0,HV 100
,BNL,"12 (ch1 in csv), 16 (ch2 in csv)",Electrons 85V,0.5,0,,227.5,/Users/rkfuentes/Documents/md_anderson_analysis/yepes_code/data/2025-10-14/scope-results-2025-10-14-1953.csv,4.8947274666666773e-08,5.306349333333354e-08,0,0,0,0,HV 100
,BNL,"12 (ch1 in csv), 16 (ch2 in csv)",Electrons 85V,0.5,0,,227.5,/Users/rkfuentes/Documents/md_anderson_analysis/yepes_code/data/2025-10-14/scope-results-2025-10-14-1954.csv,3.848271733333329e-08,3.570743466666675e-08,0,0,0,0,HV 100
,BNL,"12 (ch1 in csv), 16 (ch2 in csv)",Electrons 85V,0.5,0,,227.5,/Users/rkfuentes/Documents/md_anderson_analysis/yepes_code/data/2025-10-14/scope-results-2025-10-14-1955.csv,4.974161979166678e-07,1.4693186133333333e-07,0,0,0,0,HV 100
,BNL,"12 (ch1 in csv), 16 (ch2 in csv)",Electrons 85V,0.5,0,,75,/Users/rkfuentes/Documents/md_anderson_analysis/yepes_code/data/2025-10-14/scope-results-2025-10-14-1992.csv,5.431498399999999e-07,2.2864004799999984e-07,0,0,0,0,HV 100
,BNL,"12 (ch1 in csv), 16 (ch2 in csv)",Electrons 85V,0.5,0,,75,/Users/rkfuentes/Documents/md_anderson_analysis/yepes_code/data/2025-10-14/scope-results-2025-10-14-1993.csv,5.223068799999999e-07,2.642463973333332e-07,0,0,0,0,HV 100
,BNL,"12 (ch1 in csv), 16 (ch2 in csv)",Electrons 85V,0.5,0,,75,/Users/rkfuentes/Documents/md_anderson_analysis/yepes_code/data/2025-10-14/scope-results-2025-10-14-1994.csv,5.351015493333332e-07,2.6106563999999985e-07,0,0,0,0,HV 100
,BNL,"12 (ch1 in csv), 16 (ch2 in csv)",Electrons 85V,0.5,0,,75,/Users/rkfuentes/Documents/md_anderson_analysis/yepes_code/data/2025-10-14/scope-results-2025-10-14-1995.csv,5.221543359999998e-07,2.3950212479240812e-06,0,0,0,0,HV 100
,BNL,"12 (ch1 in csv), 16 (ch2 in csv)",Electrons 85V,0.5,0,,75,/Users/rkfuentes/Documents/md_anderson_analysis/yepes_code/data/2025-10-14/scope-results-2025-10-14-1996.csv,5.478313626666667e-07,2.2594240620155026e-06,0,0,0,0,HV 100
,BNL,"12 (ch1 in csv), 16 (ch2 in csv)",Electrons 85V,0.5,0,,75,/Users/rkfuentes/Documents/md_anderson_analysis/yepes_code/data/2025-10-14/scope-results-2025-10-14-1997.csv,5.286750186666665e-07,2.3202764153005465e-06,0,0,0,0,HV 100
,BNL,"12 (ch1 in csv), 16 (ch2 in csv)",Electrons 85V,0.5,0,,75,/Users/rkfuentes/Documents/md_anderson_analysis/yepes_code/data/2025-10-14/scope-results-2025-10-14-1998.csv,5.470293226666667e-07,2.4457022666666654e-07,0,0,0,0,HV 100
,BNL,"12 (ch1 in csv), 16 (ch2 in csv)",Electrons 85V,0.5,0,,75,/Users/rkfuentes/Documents/md_anderson_analysis/yepes_code/data/2025-10-14/scope-results-2025-10-14-1999.csv,5.365025920000002e-07,2.533818800000001e-07,0,0,0,0,HV 100
,BNL,"12 (ch1 in csv), 16 (ch2 in csv)",Electrons 85V,0.5,0,,75,/Users/rkfuentes/Documents/md_anderson_analysis/yepes_code/data/2025-10-14/scope-results-2025-10-14-2000.csv,5.318111359999999e-07,2.291421851380042e-06,0,0,0,0,HV 100
,BNL,"12 (ch1 in csv), 16 (ch2 in csv)",Electrons 85V,0.5,0,,75,/Users/rkfuentes/Documents/md_anderson_analysis/yepes_code/data/2025-10-14/scope-results-2025-10-14-2001.csv,5.297900746666667e-07,2.4399114125874123e-06,0,0,0,0,HV 100
,BNL,"12 (ch1 in csv), 16 (ch2 in csv)",Electrons 85V,0.5,0,,75,/Users/rkfuentes/Documents/md_anderson_analysis/yepes_code/data/2025-10-14/scope-results-2025-10-14-2032.csv,2.2926234666666672e-07,2.0102486743442096e-06,0,0,0,0,HV 50
,BNL,"12 (ch1 in csv), 16 (ch2 in csv)",Electrons 85V,0.5,0,,75,/Users/rkfuentes/Documents/md_anderson_analysis/yepes_code/data/2025-10-14/scope-results-2025-10-14-2033.csv,1.8664533333333113e-09,1.8432869604519773e-06,0,0,0,0,HV 50
,BNL,"12 (ch1 in csv), 16 (ch2 in csv)",Electrons 85V,0.5,0,,75,/Users/rkfuentes/Documents/md_anderson_analysis/yepes_code/data/2025-10-14/scope-results-2025-10-14-2034.csv,2.3286641066666675e-07,2.098467567229518e-06,0,0,0,0,HV 50
,BNL,"12 (ch1 in csv), 16 (ch2 in csv)",Electrons 85V,0.5,0,,75,/Users/rkfuentes/Documents/md_anderson_analysis/yepes_code/data/2025-10-14/scope-results-2025-10-14-2035.csv,2.2803271466666671e-07,2.0909955112830436e-06,0,0,0,0,HV 50
,BNL,"12 (ch1 in csv), 16 (ch2 in csv)",Electrons 85V,0.5,0,,75,/Users/rkfuentes/Documents/md_anderson_analysis/yepes_code/data/2025-10-14/scope-results-2025-10-14-2036.csv,2.2620556799999998e-07,1.541174853333335e-07,0,0,0,0,HV 50
,BNL,"12 (ch1 in csv), 16 (ch2 in csv)",Electrons 85V,0.5,0,,75,/Users/rkfuentes/Documents/md_anderson_analysis/yepes_code/data/2025-10-14/scope-results-2025-10-14-2037.csv,2.3632837333333327e-07,1.99518958778626e-06,0,0,0,0,HV 50
,BNL,"12 (ch1 in csv), 16 (ch2 in csv)",Electrons 85V,0.5,0,,75,/Users/rkfuentes/Documents/md_anderson_analysis/yepes_code/data/2025-10-14/scope-results-2025-10-14-2038.csv,2.398667733333333e-07,1.3155423466666683e-07,0,0,0,0,HV 50
,BNL,"12 (ch1 in csv), 16 (ch2 in csv)",Electrons 85V,0.5,0,,75,/Users/rkfuentes/Documents/md_anderson_analysis/yepes_code/data/2025-10-14/scope-results-2025-10-14-2039.csv,2.1900881599999997e-07,1.911355846994536e-06,0,0,0,0,HV 50
,BNL,"12 (ch1 in csv), 16 (ch2 in csv)",Electrons 85V,0.5,0,,75,/Users/rkfuentes/Documents/md_anderson_analysis/yepes_code/data/2025-10-14/scope-results-2025-10-14-2040.csv,2.275426213333332e-07,1.5332284000000022e-07,0,0,0,0,HV 50
,BNL,"12 (ch1 in csv), 16 (ch2 in csv)",Electrons 85V,0.5,0,,75,/Users/rkfuentes/Documents/md_anderson_analysis/yepes_code/data/2025-10-14/scope-results-2025-10-14-2041.csv,2.260174986666667e-07,1.4036709600000038e-07,0,0,0,0,HV 50
,BNL,"12 (ch1 in csv), 16 (ch2 in csv)",Electrons 85V,0.5,0,,75,/Users/rkfuentes/Documents/md_anderson_analysis/yepes_code/data/2025-10-14/scope-results-2025-10-14-2072.csv,1.58872877669903e-06,1.909957882352941e-06,0,0,0,0,HV 20
,BNL,"12 (ch1 in csv), 16 (ch2 in csv)",Electrons 85V,0.5,0,,75,/Users/rkfuentes/Documents/md_anderson_analysis/yepes_code/data/2025-10-14/scope-results-2025-10-14-2073.csv,2.2171200000000106e-09,4.697066666666159e-11,0,0,0,0,HV 20
,BNL,"12 (ch1 in csv), 16 (ch2 in csv)",Electrons 85V,0.5,0,,75,/Users/rkfuentes/Documents/md_anderson_analysis/yepes_code/data/2025-10-14/scope-results-2025-10-14-2074.csv,1.4743129227561224e-11,2.154042744639376e-06,0,0,0,0,HV 20
,BNL,"12 (ch1 in csv), 16 (ch2 in csv)",Electrons 85V,0.5,0,,75,/Users/rkfuentes/Documents/md_anderson_analysis/yepes_code/data/2025-10-14/scope-results-2025-10-14-2075.csv,1.6986214094132826e-06,1.588344410256411e-06,0,0,0,0,HV 20
,BNL,"12 (ch1 in csv), 16 (ch2 in csv)",Electrons 85V,0.5,0,,75,/Users/rkfuentes/Documents/md_anderson_analysis/yepes_code/data/2025-10-14/scope-results-2025-10-14-2076.csv,1.65492055245684e-06,2.100143902751121e-06,0,0,0,0,HV 20
,BNL,"12 (ch1 in csv), 16 (ch2 in csv)",Electrons 85V,1.0,0,,100,/Users/rkfuentes/Documents/md_anderson_analysis/yepes_code/data/2025-10-14/scope-results-2025-10-14-0862.csv,6.049835946666666e-07,9.322879626666667e-07,0,0,0,0,"HV 20, very noisy channel 2 despite swapped cable"
,BNL,"12 (ch1 in csv), 16 (ch2 in csv)",Electrons 85V,1.0,0,,100,/Users/rkfuentes/Documents/md_anderson_analysis/yepes_code/data/2025-10-14/scope-results-2025-10-14-0863.csv,5.86907413333333e-07,9.272189360000002e-07,0,0,0,0,"HV 20, very noisy channel 2 despite swapped cable"
,BNL,"12 (ch1 in csv), 16 (ch2 in csv)",Electrons 85V,1.0,0,,100,/Users/rkfuentes/Documents/md_anderson_analysis/yepes_code/data/2025-10-14/scope-results-2025-10-14-0864.csv,6.198917333333336e-07,8.971437386666668e-07,0,0,0,0,"HV 20, very noisy channel 2 despite swapped cable"
,BNL,"12 (ch1 in csv), 16 (ch2 in csv)",Electrons 85V,1.0,0,,100,/Users/rkfuentes/Documents/md_anderson_analysis/yepes_code/data/2025-10-14/scope-results-2025-10-14-0865.csv,2.3912748373333345e-06,1.2636370560000034e-06,0,0,0,0,"HV 20, very noisy channel 2 despite swapped cable"
,BNL,"12 (ch1 in csv), 16 (ch2 in csv)",Electrons 85V,1.0,0,,100,/Users/rkfuentes/Documents/md_anderson_analysis/yepes_code/data/2025-10-14/scope-results-2025-10-14-0866.csv,2.4414943680000006e-06,1.320833664000001e-06,0,0,0,0,"HV 20, very noisy channel 2 despite swapped cable"
,BNL,"12 (ch1 in csv), 16 (ch2 in csv)",Electrons 85V,1.0,0,,100,/Users/rkfuentes/Documents/md_anderson_analysis/yepes_code/data/2025-10-14/scope-results-2025-10-14-0867.csv,2.4579270826666683e-06,1.2751011840000014e-06,0,0,0,0,"HV 20, very noisy channel 2 despite swapped cable"
,BNL,"12 (ch1 in csv), 16 (ch2 in csv)",Electrons 85V,1.0,0,,100,/Users/rkfuentes/Documents/md_anderson_analysis/yepes_code/data/2025-10-14/scope-results-2025-10-14-0868.csv,1.219164202666667e-06,1.3056396160000002e-06,0,0,0,0,"HV 20, very noisy channel 2 despite swapped cable"
,BNL,"12 (ch1 in csv), 16 (ch2 in csv)",Electrons 85V,1.0,0,,100,/Users/rkfuentes/Documents/md_anderson_analysis/yepes_code/data/2025-10-14/scope-results-2025-10-14-0869.csv,1.2262557973333327e-06,1.1622117866666652e-06,0,0,0,0,"HV 20, very noisy channel 2 despite swapped cable"
,BNL,"12 (ch1 in csv), 16 (ch2 in csv)",Electrons 85V,1.0,0,,100,/Users/rkfuentes/Documents/md_anderson_analysis/yepes_code/data/2025-10-14/scope-results-2025-10-14-0870.csv,1.1192110613333333e-06,1.3840446933333348e-06,0,0,0,0,"HV 20, very noisy channel 2 despite swapped cable"
,BNL,"12 (ch1 in csv), 16 (ch2 in csv)",Electrons 85V,1.0,0,,100,/Users/rkfuentes/Documents/md_anderson_analysis/yepes_code/data/2025-10-14/scope-results-2025-10-14-0871.csv,1.1935712000000002e-06,1.364778928000001e-06,0,0,0,0,"HV 20, very noisy channel 2 despite swapped cable"
,BNL,"12 (ch1 in csv), 16 (ch2 in csv)",Electrons 85V,1.0,0,,100,/Users/rkfuentes/Documents/md_anderson_analysis/yepes_code/data/2025-10-14/scope-results-2025-10-14-0872.csv,1.1747868159999996e-06,1.1692890666666673e-06,0,0,0,0,"HV 20, very noisy channel 2 despite swapped cable"
,BNL,"12 (ch1 in csv), 16 (ch2 in csv)",Electrons 85V,1.0,0,,100,/Users/rkfuentes/Documents/md_anderson_analysis/yepes_code/data/2025-10-14/scope-results-2025-10-14-0873.csv,1.2184714400000002e-06,1.1689074986666664e-06,0,0,0,0,"HV 20, very noisy channel 2 despite swapped cable"
,BNL,"12 (ch1 in csv), 16 (ch2 in csv)",Electrons 85V,1.0,0,,100,/Users/rkfuentes/Documents/md_anderson_analysis/yepes_code/data/2025-10-14/scope-results-2025-10-14-0874.csv,1.232258986666667e-06,1.2715156000000013e-06,0,0,0,0,"HV 20, very noisy channel 2 despite swapped cable"
,BNL,"12 (ch1 in csv), 16 (ch2 in csv)",Electrons 85V,1.0,0,,100,/Users/rkfuentes/Documents/md_anderson_analysis/yepes_code/data/2025-10-14/scope-results-2025-10-14-0875.csv,1.1976565919999999e-06,1.3032888533333324e-06,0,0,0,0,"HV 20, very noisy channel 2 despite swapped cable"
,BNL,"12 (ch1 in csv), 16 (ch2 in csv)",Electrons 85V,1.0,0,,100,/Users/rkfuentes/Documents/md_anderson_analysis/yepes_code/data/2025-10-14/scope-results-2025-10-14-0876.csv,1.1937315093333326e-06,1.0925476266666667e-06,0,0,0,0,"HV 20, very noisy channel 2 despite swapped cable"
,BNL,"12 (ch1 in csv), 16 (ch2 in csv)",Electrons 85V,1.0,0,,100,/Users/rkfuentes/Documents/md_anderson_analysis/yepes_code/data/2025-10-14/scope-results-2025-10-14-0877.csv,1.2775955466666666e-06,1.170732768000001e-06,0,0,0,0,"HV 20, very noisy channel 2 despite swapped cable"
,BNL,"12 (ch1 in csv), 16 (ch2 in csv)",Electrons 85V,1.0,0,,100,/Users/rkfuentes/Documents/md_anderson_analysis/yepes_code/data/2025-10-14/scope-results-2025-10-14-0878.csv,1.2413559039999998e-06,1.3476539999999992e-06,0,0,0,0,"HV 20, very noisy channel 2 despite swapped cable"
,BNL,"12 (ch1 in csv), 16 (ch2 in csv)",Electrons 85V,1.0,0,,100,/Users/rkfuentes/Documents/md_anderson_analysis/yepes_code/data/2025-10-14/scope-results-2025-10-14-0879.csv,1.1131108373333333e-06,1.325165013333334e-06,0,0,0,0,"HV 20, very noisy channel 2 despite swapped cable"
,BNL,"12 (ch1 in csv), 16 (ch2 in csv)",Electrons 85V,1.0,0,,100,/Users/rkfuentes/Documents/md_anderson_analysis/yepes_code/data/2025-10-14/scope-results-2025-10-14-0880.csv,1.2593431893333335e-06,1.1731387680000005e-06,0,0,0,0,"HV 20, very noisy channel 2 despite swapped cable"
,BNL,"12 (ch1 in csv), 16 (ch2 in csv)",Electrons 85V,1.0,0,,100,/Users/rkfuentes/Documents/md_anderson_analysis/yepes_code/data/2025-10-14/scope-results-2025-10-14-0881.csv,1.2008691413333335e-06,1.1053685333333343e-06,0,0,0,0,"HV 20, very noisy channel 2 despite swapped cable"
,BNL,"12 (ch1 in csv), 16 (ch2 in csv)",Electrons 85V,1.0,0,,100,/Users/rkfuentes/Documents/md_anderson_analysis/yepes_code/data/2025-10-14/scope-results-2025-10-14-0882.csv,1.1855039999999996e-06,1.3034273066666664e-06,0,0,0,0,"HV 20, very noisy channel 2 despite swapped cable"
,BNL,"12 (ch1 in csv), 16 (ch2 in csv)",Electrons 85V,1.0,0,,100,/Users/rkfuentes/Documents/md_anderson_analysis/yepes_code/data/2025-10-14/scope-results-2025-10-14-0883.csv,1.1709823786666667e-06,1.350195072e-06,0,0,0,0,"HV 20, very noisy channel 2 despite swapped cable"
,BNL,"12 (ch1 in csv), 16 (ch2 in csv)",Electrons 85V,1.0,0,,100,/Users/rkfuentes/Documents/md_anderson_analysis/yepes_code/data/2025-10-14/scope-results-2025-10-14-0884.csv,1.1640430879999996e-06,1.1992917333333342e-06,0,0,0,0,"HV 20, very noisy channel 2 despite swapped cable"
,BNL,"12 (ch1 in csv), 16 (ch2 in csv)",Electrons 85V,1.0,0,,100,/Users/rkfuentes/Documents/md_anderson_analysis/yepes_code/data/2025-10-14/scope-results-2025-10-14-0885.csv,1.208113557333333e-06,1.3712698133333341e-06,0,0,0,0,"HV 20, very noisy channel 2 despite swapped cable"
,BNL,"12 (ch1 in csv), 16 (ch2 in csv)",Electrons 85V,1.0,0,,100,/Users/rkfuentes/Documents/md_anderson_analysis/yepes_code/data/2025-10-14/scope-results-2025-10-14-0886.csv,1.1248671573333333e-06,1.372627290666666e-06,0,0,0,0,"HV 20, very noisy channel 2 despite swapped cable"
,BNL,"12 (ch1 in csv), 16 (ch2 in csv)",Electrons 85V,1.0,0,,100,/Users/rkfuentes/Documents/md_anderson_analysis/yepes_code/data/2025-10-14/scope-results-2025-10-14-0887.csv,1.3242349066666665e-06,1.2513160853333333e-06,0,0,0,0,"HV 20, very noisy channel 2 despite swapped cable"
,BNL,"12 (ch1 in csv), 16 (ch2 in csv)",Electrons 85V,1.0,0,,100,/Users/rkfuentes/Documents/md_anderson_analysis/yepes_code/data/2025-10-14/scope-results-2025-10-14-0888.csv,1.2299895199999998e-06,1.1071980373333339e-06,0,0,0,0,"HV 20, very noisy channel 2 despite swapped cable"
,BNL,"12 (ch1 in csv), 16 (ch2 in csv)",Electrons 85V,1.0,0,,100,/Users/rkfuentes/Documents/md_anderson_analysis/yepes_code/data/2025-10-14/scope-results-2025-10-14-0889.csv,1.1889191893333335e-06,1.3839267146666665e-06,0,0,0,0,"HV 20, very noisy channel 2 despite swapped cable"
,BNL,"12 (ch1 in csv), 16 (ch2 in csv)",Electrons 85V,1.0,0,,100,/Users/rkfuentes/Documents/md_anderson_analysis/yepes_code/data/2025-10-14/scope-results-2025-10-14-0890.csv,1.2459498666666669e-06,1.3049851626666655e-06,0,0,0,0,"HV 20, very noisy channel 2 despite swapped cable"
,BNL,"12 (ch1 in csv), 16 (ch2 in csv)",Electrons 85V,1.0,0,,100,/Users/rkfuentes/Documents/md_anderson_analysis/yepes_code/data/2025-10-14/scope-results-2025-10-14-0891.csv,1.101933552e-06,1.416083754666665e-06,0,0,0,0,"HV 20, very noisy channel 2 despite swapped cable"
,BNL,"12 (ch1 in csv), 16 (ch2 in csv)",Electrons 85V,1.0,0,,100,/Users/rkfuentes/Documents/md_anderson_analysis/yepes_code/data/2025-10-14/scope-results-2025-10-14-0892.csv,1.1889794773333335e-06,1.314256213333334e-06,0,0,0,0,"HV 20, very noisy channel 2 despite swapped cable"
,BNL,"12 (ch1 in csv), 16 (ch2 in csv)",Electrons 85V,1.0,0,,100,/Users/rkfuentes/Documents/md_anderson_analysis/yepes_code/data/2025-10-14/scope-results-2025-10-14-0893.csv,1.2011626133333336e-06,1.203430799999999e-06,0,0,0,0,"HV 20, very noisy channel 2 despite swapped cable"
,BNL,"12 (ch1 in csv), 16 (ch2 in csv)",Electrons 85V,1.0,0,,100,/Users/rkfuentes/Documents/md_anderson_analysis/yepes_code/data/2025-10-14/scope-results-2025-10-14-0894.csv,1.2481314773333338e-06,1.2705593920000009e-06,0,0,0,0,"HV 20, very noisy channel 2 despite swapped cable"
,BNL,"12 (ch1 in csv), 16 (ch2 in csv)",Electrons 85V,1.0,0,,100,/Users/rkfuentes/Documents/md_anderson_analysis/yepes_code/data/2025-10-14/scope-results-2025-10-14-0895.csv,1.2652925333333332e-06,1.1455171626666677e-06,0,0,0,0,"HV 20, very noisy channel 2 despite swapped cable"
,BNL,"12 (ch1 in csv), 16 (ch2 in csv)",Electrons 85V,1.0,0,,100,/Users/rkfuentes/Documents/md_anderson_analysis/yepes_code/data/2025-10-14/scope-results-2025-10-14-0896.csv,1.25287744e-06,1.244148746666667e-06,0,0,0,0,"HV 20, very noisy channel 2 despite swapped cable"
,BNL,"12 (ch1 in csv), 16 (ch2 in csv)",Electrons 85V,1.0,0,,100,/Users/rkfuentes/Documents/md_anderson_analysis/yepes_code/data/2025-10-14/scope-results-2025-10-14-0897.csv,1.2131313546666663e-06,1.2790725973333333e-06,0,0,0,0,"HV 20, very noisy channel 2 despite swapped cable"
,BNL,"12 (ch1 in csv), 16 (ch2 in csv)",Electrons 85V,1.0,0,,100,/Users/rkfuentes/Documents/md_anderson_analysis/yepes_code/data/2025-10-14/scope-results-2025-10-14-0898.csv,1.2315831573333335e-06,1.237422506666667e-06,0,0,0,0,"HV 20, very noisy channel 2 despite swapped cable"
,BNL,"12 (ch1 in csv), 16 (ch2 in csv)",Electrons 85V,1.0,0,,100,/Users/rkfuentes/Documents/md_anderson_analysis/yepes_code/data/2025-10-14/scope-results-2025-10-14-0899.csv,1.1637780479999998e-06,1.4106386453333329e-06,0,0,0,0,"HV 20, very noisy channel 2 despite swapped cable"
,BNL,"12 (ch1 in csv), 16 (ch2 in csv)",Electrons 85V,1.0,0,,100,/Users/rkfuentes/Documents/md_anderson_analysis/yepes_code/data/2025-10-14/scope-results-2025-10-14-0900.csv,1.2369413546666669e-06,1.1830584533333317e-06,0,0,0,0,"HV 20, very noisy channel 2 despite swapped cable"
,BNL,"12 (ch1 in csv), 16 (ch2 in csv)",Electrons 85V,1.0,0,,100,/Users/rkfuentes/Documents/md_anderson_analysis/yepes_code/data/2025-10-14/scope-results-2025-10-14-0901.csv,1.230647802666667e-06,1.3993852160000005e-06,0,0,0,0,"HV 20, very noisy channel 2 despite swapped cable"
,BNL,"12 (ch1 in csv), 16 (ch2 in csv)",Electrons 85V,1.0,0,,100,/Users/rkfuentes/Documents/md_anderson_analysis/yepes_code/data/2025-10-14/scope-results-2025-10-14-0902.csv,1.20570368e-06,1.3463197760000003e-06,0,0,0,0,"HV 20, very noisy channel 2 despite swapped cable"
,BNL,"12 (ch1 in csv), 16 (ch2 in csv)",Electrons 85V,1.0,0,,100,/Users/rkfuentes/Documents/md_anderson_analysis/yepes_code/data/2025-10-14/scope-results-2025-10-14-0903.csv,1.2180492586666668e-06,1.1104929066666652e-06,0,0,0,0,"HV 20, very noisy channel 2 despite swapped cable"
,BNL,"12 (ch1 in csv), 16 (ch2 in csv)",Electrons 85V,1.0,0,,100,/Users/rkfuentes/Documents/md_anderson_analysis/yepes_code/data/2025-10-14/scope-results-2025-10-14-0904.csv,1.1286600053333333e-06,1.3974586666666674e-06,0,0,0,0,"HV 20, very noisy channel 2 despite swapped cable"
,BNL,"12 (ch1 in csv), 16 (ch2 in csv)",Electrons 85V,1.0,0,,100,/Users/rkfuentes/Documents/md_anderson_analysis/yepes_code/data/2025-10-14/scope-results-2025-10-14-0905.csv,1.222498261333333e-06,1.2464541813333322e-06,0,0,0,0,"HV 20, very noisy channel 2 despite swapped cable"
,BNL,"12 (ch1 in csv), 16 (ch2 in csv)",Electrons 85V,1.0,0,,100,/Users/rkfuentes/Documents/md_anderson_analysis/yepes_code/data/2025-10-14/scope-results-2025-10-14-0906.csv,1.234033941333333e-06,1.145470997333334e-06,0,0,0,0,"HV 20, very noisy channel 2 despite swapped cable"
,BNL,"12 (ch1 in csv), 16 (ch2 in csv)",Electrons 85V,1.0,0,,100,/Users/rkfuentes/Documents/md_anderson_analysis/yepes_code/data/2025-10-14/scope-results-2025-10-14-0907.csv,1.1502074879999999e-06,1.4413640959999996e-06,0,0,0,0,"HV 20, very noisy channel 2 despite swapped cable"
,BNL,"12 (ch1 in csv), 16 (ch2 in csv)",Electrons 85V,1.0,0,,100,/Users/rkfuentes/Documents/md_anderson_analysis/yepes_code/data/2025-10-14/scope-results-2025-10-14-0908.csv,1.16085208e-06,1.3382619306666672e-06,0,0,0,0,"HV 20, very noisy channel 2 despite swapped cable"
,BNL,"12 (ch1 in csv), 16 (ch2 in csv)",Electrons 85V,1.0,0,,100,/Users/rkfuentes/Documents/md_anderson_analysis/yepes_code/data/2025-10-14/scope-results-2025-10-14-0909.csv,1.2815469333333333e-06,1.2203362133333333e-06,0,0,0,0,"HV 20, very noisy channel 2 despite swapped cable"
,BNL,"12 (ch1 in csv), 16 (ch2 in csv)",Electrons 85V,1.0,0,,100,/Users/rkfuentes/Documents/md_anderson_analysis/yepes_code/data/2025-10-14/scope-results-2025-10-14-0910.csv,1.1570445226666668e-06,1.2812362880000015e-06,0,0,0,0,"HV 20, very noisy channel 2 despite swapped cable"
,BNL,"12 (ch1 in csv), 16 (ch2 in csv)",Electrons 85V,1.0,0,,100,/Users/rkfuentes/Documents/md_anderson_analysis/yepes_code/data/2025-10-14/scope-results-2025-10-14-0911.csv,1.2297967040000002e-06,1.1730027466666666e-06,0,0,0,0,"HV 20, very noisy channel 2 despite swapped cable"
,BNL,"12 (ch1 in csv), 16 (ch2 in csv)",Electrons 85V,1.0,0,,100,/Users/rkfuentes/Documents/md_anderson_analysis/yepes_code/data/2025-10-14/scope-results-2025-10-14-0912.csv,1.203755178666666e-06,1.3891351039999994e-06,0,0,0,0,"HV 20, very noisy channel 2 despite swapped cable"
,BNL,"12 (ch1 in csv), 16 (ch2 in csv)",Electrons 85V,1.0,0,,100,/Users/rkfuentes/Documents/md_anderson_analysis/yepes_code/data/2025-10-14/scope-results-2025-10-14-0913.csv,1.246837877333333e-06,1.2881507626666684e-06,0,0,0,0,"HV 20, very noisy channel 2 despite swapped cable"
,BNL,"12 (ch1 in csv), 16 (ch2 in csv)",Electrons 85V,1.0,0,,100,/Users/rkfuentes/Documents/md_anderson_analysis/yepes_code/data/2025-10-14/scope-results-2025-10-14-0914.csv,1.1599823786666663e-06,1.3265295146666669e-06,0,0,0,0,"HV 20, very noisy channel 2 despite swapped cable"
,BNL,"12 (ch1 in csv), 16 (ch2 in csv)",Electrons 85V,1.0,0,,100,/Users/rkfuentes/Documents/md_anderson_analysis/yepes_code/data/2025-10-14/scope-results-2025-10-14-0915.csv,1.3010547626666665e-06,1.1898894133333338e-06,0,0,0,0,"HV 20, very noisy channel 2 despite swapped cable"
,BNL,"12 (ch1 in csv), 16 (ch2 in csv)",Electrons 85V,1.0,0,,100,/Users/rkfuentes/Documents/md_anderson_analysis/yepes_code/data/2025-10-14/scope-results-2025-10-14-0916.csv,1.3022838666666665e-06,1.1744566453333347e-06,0,0,0,0,"HV 20, very noisy channel 2 despite swapped cable"
,BNL,"12 (ch1 in csv), 16 (ch2 in csv)",Electrons 85V,1.0,0,,100,/Users/rkfuentes/Documents/md_anderson_analysis/yepes_code/data/2025-10-14/scope-results-2025-10-14-0917.csv,1.3311761973333327e-06,1.3123662506666673e-06,0,0,0,0,"HV 20, very noisy channel 2 despite swapped cable"
,BNL,"12 (ch1 in csv), 16 (ch2 in csv)",Electrons 85V,1.0,0,,100,/Users/rkfuentes/Documents/md_anderson_analysis/yepes_code/data/2025-10-14/scope-results-2025-10-14-1031.csv,5.238062400000002e-07,2.7055213333333346e-07,0,0,0,0,HV 50
,BNL,"12 (ch1 in csv), 16 (ch2 in csv)",Electrons 85V,1.0,0,,100,/Users/rkfuentes/Documents/md_anderson_analysis/yepes_code/data/2025-10-14/scope-results-2025-10-14-1032.csv,5.297004213333339e-07,2.4945483466666703e-07,0,0,0,0,HV 50
,BNL,"12 (ch1 in csv), 16 (ch2 in csv)",Electrons 85V,1.0,0,,100,/Users/rkfuentes/Documents/md_anderson_analysis/yepes_code/data/2025-10-14/scope-results-2025-10-14-1033.csv,5.442006080000002e-07,1.4301048314321928e-06,0,0,0,0,HV 50
,BNL,"12 (ch1 in csv), 16 (ch2 in csv)",Electrons 85V,1.0,0,,100,/Users/rkfuentes/Documents/md_anderson_analysis/yepes_code/data/2025-10-14/scope-results-2025-10-14-1034.csv,5.388397360000001e-07,2.3202730666666664e-07,0,0,0,0,HV 50
,BNL,"12 (ch1 in csv), 16 (ch2 in csv)",Electrons 85V,1.0,0,,100,/Users/rkfuentes/Documents/md_anderson_analysis/yepes_code/data/2025-10-14/scope-results-2025-10-14-1035.csv,5.400223333333334e-07,2.623161386666666e-07,0,0,0,0,HV 50
,BNL,"12 (ch1 in csv), 16 (ch2 in csv)",Electrons 85V,1.0,0,,100,/Users/rkfuentes/Documents/md_anderson_analysis/yepes_code/data/2025-10-14/scope-results-2025-10-14-1036.csv,5.351402026666665e-07,2.338488106666665e-07,0,0,0,0,HV 50
,BNL,"12 (ch1 in csv), 16 (ch2 in csv)",Electrons 85V,1.0,0,,100,/Users/rkfuentes/Documents/md_anderson_analysis/yepes_code/data/2025-10-14/scope-results-2025-10-14-1037.csv,5.339052533333333e-07,2.4854753333333307e-07,0,0,0,0,HV 50
,BNL,"12 (ch1 in csv), 16 (ch2 in csv)",Electrons 85V,1.0,0,,100,/Users/rkfuentes/Documents/md_anderson_analysis/yepes_code/data/2025-10-14/scope-results-2025-10-14-1038.csv,5.28962818666667e-07,1.3333222951653947e-06,0,0,0,0,HV 50
,BNL,"12 (ch1 in csv), 16 (ch2 in csv)",Electrons 85V,1.0,0,,100,/Users/rkfuentes/Documents/md_anderson_analysis/yepes_code/data/2025-10-14/scope-results-2025-10-14-1039.csv,5.300959573333336e-07,2.3375080799999966e-07,0,0,0,0,HV 50
,BNL,"12 (ch1 in csv), 16 (ch2 in csv)",Electrons 85V,1.0,0,,100,/Users/rkfuentes/Documents/md_anderson_analysis/yepes_code/data/2025-10-14/scope-results-2025-10-14-1040.csv,5.418328960000003e-07,1.337220886319846e-06,0,0,0,0,HV 50
,BNL,"12 (ch1 in csv), 16 (ch2 in csv)",Electrons 85V,1.0,0,,100,/Users/rkfuentes/Documents/md_anderson_analysis/yepes_code/data/2025-10-14/scope-results-2025-10-14-1041.csv,5.296977946666668e-07,2.4389436533333314e-07,0,0,0,0,HV 50
,BNL,"12 (ch1 in csv), 16 (ch2 in csv)",Electrons 85V,1.0,0,,100,/Users/rkfuentes/Documents/md_anderson_analysis/yepes_code/data/2025-10-14/scope-results-2025-10-14-1042.csv,5.353292506666667e-07,2.538801493333334e-07,0,0,0,0,HV 50
,BNL,"12 (ch1 in csv), 16 (ch2 in csv)",Electrons 85V,1.0,0,,100,/Users/rkfuentes/Documents/md_anderson_analysis/yepes_code/data/2025-10-14/scope-results-2025-10-14-1043.csv,5.302382000000003e-07,2.5158595999999995e-07,0,0,0,0,HV 50
,BNL,"12 (ch1 in csv), 16 (ch2 in csv)",Electrons 85V,1.0,0,,100,/Users/rkfuentes/Documents/md_anderson_analysis/yepes_code/data/2025-10-14/scope-results-2025-10-14-1044.csv,5.324942506666667e-07,2.2940774666666638e-07,0,0,0,0,HV 50
,BNL,"12 (ch1 in csv), 16 (ch2 in csv)",Electrons 85V,1.0,0,,100,/Users/rkfuentes/Documents/md_anderson_analysis/yepes_code/data/2025-10-14/scope-results-2025-10-14-1045.csv,5.352672533333336e-07,2.462661760000001e-07,0,0,0,0,HV 50
,BNL,"12 (ch1 in csv), 16 (ch2 in csv)",Electrons 85V,1.0,0,,100,/Users/rkfuentes/Documents/md_anderson_analysis/yepes_code/data/2025-10-14/scope-results-2025-10-14-1046.csv,5.139146986666666e-07,2.504554533333333e-07,0,0,0,0,HV 50
,BNL,"12 (ch1 in csv), 16 (ch2 in csv)",Electrons 85V,1.0,0,,100,/Users/rkfuentes/Documents/md_anderson_analysis/yepes_code/data/2025-10-14/scope-results-2025-10-14-1047.csv,5.247437546666668e-07,2.2856140000000005e-07,0,0,0,0,HV 50
,BNL,"12 (ch1 in csv), 16 (ch2 in csv)",Electrons 85V,1.0,0,,100,/Users/rkfuentes/Documents/md_anderson_analysis/yepes_code/data/2025-10-14/scope-results-2025-10-14-1048.csv,5.20935984e-07,1.513867579908676e-06,0,0,0,0,HV 50
,BNL,"12 (ch1 in csv), 16 (ch2 in csv)",Electrons 85V,1.0,0,,100,/Users/rkfuentes/Documents/md_anderson_analysis/yepes_code/data/2025-10-14/scope-results-2025-10-14-1049.csv,5.176296000000003e-07,1.3882099185750637e-06,0,0,0,0,HV 50
,BNL,"12 (ch1 in csv), 16 (ch2 in csv)",Electrons 85V,1.0,0,,100,/Users/rkfuentes/Documents/md_anderson_analysis/yepes_code/data/2025-10-14/scope-results-2025-10-14-1050.csv,5.256886720000001e-07,1.4357615151515148e-06,0,0,0,0,HV 50
,BNL,"12 (ch1 in csv), 16 (ch2 in csv)",Electrons 85V,1.0,0,,100,/Users/rkfuentes/Documents/md_anderson_analysis/yepes_code/data/2025-10-14/scope-results-2025-10-14-1051.csv,5.140598186666666e-07,1.4498230133333331e-06,0,0,0,0,HV 50
,BNL,"12 (ch1 in csv), 16 (ch2 in csv)",Electrons 85V,1.0,0,,100,/Users/rkfuentes/Documents/md_anderson_analysis/yepes_code/data/2025-10-14/scope-results-2025-10-14-1052.csv,5.215553653333337e-07,2.419559466666667e-07,0,0,0,0,HV 50
,BNL,"12 (ch1 in csv), 16 (ch2 in csv)",Electrons 85V,1.0,0,,100,/Users/rkfuentes/Documents/md_anderson_analysis/yepes_code/data/2025-10-14/scope-results-2025-10-14-1053.csv,5.222046666666669e-07,1.4931974371257483e-06,0,0,0,0,HV 50
,BNL,"12 (ch1 in csv), 16 (ch2 in csv)",Electrons 85V,1.0,0,,100,/Users/rkfuentes/Documents/md_anderson_analysis/yepes_code/data/2025-10-14/scope-results-2025-10-14-1054.csv,5.167325866666667e-07,2.2424050666666664e-07,0,0,0,0,HV 50
,BNL,"12 (ch1 in csv), 16 (ch2 in csv)",Electrons 85V,1.0,0,,100,/Users/rkfuentes/Documents/md_anderson_analysis/yepes_code/data/2025-10-14/scope-results-2025-10-14-1055.csv,5.230743573333337e-07,1.439177480943738e-06,0,0,0,0,HV 50
,BNL,"12 (ch1 in csv), 16 (ch2 in csv)",Electrons 85V,1.0,0,,100,/Users/rkfuentes/Documents/md_anderson_analysis/yepes_code/data/2025-10-14/scope-results-2025-10-14-1056.csv,5.024992426666664e-07,2.2772659199999996e-07,0,0,0,0,HV 50
,BNL,"12 (ch1 in csv), 16 (ch2 in csv)",Electrons 85V,1.0,0,,100,/Users/rkfuentes/Documents/md_anderson_analysis/yepes_code/data/2025-10-14/scope-results-2025-10-14-1057.csv,5.221452586666671e-07,1.4618779487179491e-06,0,0,0,0,HV 50
,BNL,"12 (ch1 in csv), 16 (ch2 in csv)",Electrons 85V,1.0,0,,100,/Users/rkfuentes/Documents/md_anderson_analysis/yepes_code/data/2025-10-14/scope-results-2025-10-14-1058.csv,5.220183573333335e-07,2.287633600000002e-07,0,0,0,0,HV 50
,BNL,"12 (ch1 in csv), 16 (ch2 in csv)",Electrons 85V,1.0,0,,100,/Users/rkfuentes/Documents/md_anderson_analysis/yepes_code/data/2025-10-14/scope-results-2025-10-14-1059.csv,5.228747200000002e-07,2.2827746133333322e-07,0,0,0,0,HV 50
,BNL,"12 (ch1 in csv), 16 (ch2 in csv)",Electrons 85V,1.0,0,,100,/Users/rkfuentes/Documents/md_anderson_analysis/yepes_code/data/2025-10-14/scope-results-2025-10-14-1060.csv,5.198094400000003e-07,2.3237958399999986e-07,0,0,0,0,HV 50
,BNL,"12 (ch1 in csv), 16 (ch2 in csv)",Electrons 85V,1.0,0,,100,/Users/rkfuentes/Documents/md_anderson_analysis/yepes_code/data/2025-10-14/scope-results-2025-10-14-1147.csv,1.2792332266666664e-06,6.15932666666667e-07,0,0,0,0,HV 100
,BNL,"12 (ch1 in csv), 16 (ch2 in csv)",Electrons 85V,1.0,0,,100,/Users/rkfuentes/Documents/md_anderson_analysis/yepes_code/data/2025-10-14/scope-results-2025-10-14-1148.csv,1.2968807066666665e-06,5.668581066666666e-07,0,0,0,0,HV 100
,BNL,"12 (ch1 in csv), 16 (ch2 in csv)",Electrons 85V,1.0,0,,100,/Users/rkfuentes/Documents/md_anderson_analysis/yepes_code/data/2025-10-14/scope-results-2025-10-14-1149.csv,1.2803631266666663e-06,6.094345333333334e-07,0,0,0,0,HV 100
,BNL,"12 (ch1 in csv), 16 (ch2 in csv)",Electrons 85V,1.0,0,,100,/Users/rkfuentes/Documents/md_anderson_analysis/yepes_code/data/2025-10-14/scope-results-2025-10-14-1150.csv,1.3005780266666666e-06,6.080537133333332e-07,0,0,0,0,HV 100
,BNL,"12 (ch1 in csv), 16 (ch2 in csv)",Electrons 85V,1.0,0,,100,/Users/rkfuentes/Documents/md_anderson_analysis/yepes_code/data/2025-10-14/scope-results-2025-10-14-1151.csv,1.2591310199999994e-06,5.794548466666666e-07,0,0,0,0,HV 100
,BNL,"12 (ch1 in csv), 16 (ch2 in csv)",Electrons 85V,1.0,0,,100,/Users/rkfuentes/Documents/md_anderson_analysis/yepes_code/data/2025-10-14/scope-results-2025-10-14-1152.csv,1.2798279933333333e-06,5.416741e-07,0,0,0,0,HV 100
,BNL,"12 (ch1 in csv), 16 (ch2 in csv)",Electrons 85V,1.0,0,,100,/Users/rkfuentes/Documents/md_anderson_analysis/yepes_code/data/2025-10-14/scope-results-2025-10-14-1153.csv,1.2940319200000002e-06,5.936336733333333e-07,0,0,0,0,HV 100
,BNL,"12 (ch1 in csv), 16 (ch2 in csv)",Electrons 85V,1.0,0,,100,/Users/rkfuentes/Documents/md_anderson_analysis/yepes_code/data/2025-10-14/scope-results-2025-10-14-1154.csv,1.253198e-06,6.128627733333333e-07,0,0,0,0,HV 100
,BNL,"12 (ch1 in csv), 16 (ch2 in csv)",Electrons 85V,1.0,0,,100,/Users/rkfuentes/Documents/md_anderson_analysis/yepes_code/data/2025-10-14/scope-results-2025-10-14-1155.csv,1.28662774e-06,5.647171000000001e-07,0,0,0,0,HV 100
,BNL,"12 (ch1 in csv), 16 (ch2 in csv)",Electrons 85V,1.0,0,,100,/Users/rkfuentes/Documents/md_anderson_analysis/yepes_code/data/2025-10-14/scope-results-2025-10-14-1156.csv,1.2798315733333334e-06,5.504696533333333e-07,0,0,0,0,HV 100
,BNL,"12 (ch1 in csv), 16 (ch2 in csv)",Electrons 85V,1.0,0,,100,/Users/rkfuentes/Documents/md_anderson_analysis/yepes_code/data/2025-10-14/scope-results-2025-10-14-1157.csv,1.2857586666666673e-06,5.597197333333331e-07,0,0,0,0,HV 100
,BNL,"12 (ch1 in csv), 16 (ch2 in csv)",Electrons 85V,1.0,0,,100,/Users/rkfuentes/Documents/md_anderson_analysis/yepes_code/data/2025-10-14/scope-results-2025-10-14-1158.csv,1.2696313466666665e-06,5.7681348e-07,0,0,0,0,HV 100
,BNL,"12 (ch1 in csv), 16 (ch2 in csv)",Electrons 85V,1.0,0,,100,/Users/rkfuentes/Documents/md_anderson_analysis/yepes_code/data/2025-10-14/scope-results-2025-10-14-1159.csv,1.2739574933333336e-06,5.656738666666666e-07,0,0,0,0,HV 100
,BNL,"12 (ch1 in csv), 16 (ch2 in csv)",Electrons 85V,1.0,0,,100,/Users/rkfuentes/Documents/md_anderson_analysis/yepes_code/data/2025-10-14/scope-results-2025-10-14-1160.csv,1.2892695600000002e-06,6.1921008e-07,0,0,0,0,HV 100
,BNL,"12 (ch1 in csv), 16 (ch2 in csv)",Electrons 85V,1.0,0,,100,/Users/rkfuentes/Documents/md_anderson_analysis/yepes_code/data/2025-10-14/scope-results-2025-10-14-1161.csv,1.2854671000000005e-06,5.876378800000003e-07,0,0,0,0,HV 100
,BNL,"12 (ch1 in csv), 16 (ch2 in csv)",Electrons 85V,1.0,0,,100,/Users/rkfuentes/Documents/md_anderson_analysis/yepes_code/data/2025-10-14/scope-results-2025-10-14-1162.csv,1.2520547199999995e-06,5.867624600000001e-07,0,0,0,0,HV 100
,BNL,"12 (ch1 in csv), 16 (ch2 in csv)",Electrons 85V,1.0,0,,100,/Users/rkfuentes/Documents/md_anderson_analysis/yepes_code/data/2025-10-14/scope-results-2025-10-14-1163.csv,1.2617724266666665e-06,6.026919066666665e-07,0,0,0,0,HV 100
,BNL,"12 (ch1 in csv), 16 (ch2 in csv)",Electrons 85V,1.0,0,,100,/Users/rkfuentes/Documents/md_anderson_analysis/yepes_code/data/2025-10-14/scope-results-2025-10-14-1164.csv,1.248828e-06,5.748146733333334e-07,0,0,0,0,HV 100
,BNL,"12 (ch1 in csv), 16 (ch2 in csv)",Electrons 85V,1.0,0,,100,/Users/rkfuentes/Documents/md_anderson_analysis/yepes_code/data/2025-10-14/scope-results-2025-10-14-1165.csv,1.2693681133333328e-06,6.1907924e-07,0,0,0,0,HV 100
,BNL,"12 (ch1 in csv), 16 (ch2 in csv)",Electrons 85V,1.0,0,,100,/Users/rkfuentes/Documents/md_anderson_analysis/yepes_code/data/2025-10-14/scope-results-2025-10-14-1166.csv,1.2793224733333334e-06,5.800156800000001e-07,0,0,0,0,HV 100
,BNL,"12 (ch1 in csv), 16 (ch2 in csv)",Electrons 85V,1.0,0,,100,/Users/rkfuentes/Documents/md_anderson_analysis/yepes_code/data/2025-10-14/scope-results-2025-10-14-1167.csv,1.2699087266666666e-06,5.781288000000001e-07,0,0,0,0,HV 100
,BNL,"12 (ch1 in csv), 16 (ch2 in csv)",Electrons 85V,1.0,0,,100,/Users/rkfuentes/Documents/md_anderson_analysis/yepes_code/data/2025-10-14/scope-results-2025-10-14-1168.csv,1.242411306666666e-06,5.741974333333337e-07,0,0,0,0,HV 100
,BNL,"12 (ch1 in csv), 16 (ch2 in csv)",Electrons 85V,1.0,0,,100,/Users/rkfuentes/Documents/md_anderson_analysis/yepes_code/data/2025-10-14/scope-results-2025-10-14-1169.csv,1.2690224333333327e-06,5.883306133333332e-07,0,0,0,0,HV 100
,BNL,"12 (ch1 in csv), 16 (ch2 in csv)",Electrons 85V,1.0,0,,100,/Users/rkfuentes/Documents/md_anderson_analysis/yepes_code/data/2025-10-14/scope-results-2025-10-14-1170.csv,1.29041264e-06,5.864623466666669e-07,0,0,0,0,HV 100
,BNL,"12 (ch1 in csv), 16 (ch2 in csv)",Electrons 85V,1.0,0,,100,/Users/rkfuentes/Documents/md_anderson_analysis/yepes_code/data/2025-10-14/scope-results-2025-10-14-1171.csv,1.280890666666667e-06,5.85911893333333e-07,0,0,0,0,HV 100
,BNL,"12 (ch1 in csv), 16 (ch2 in csv)",Electrons 85V,1.0,0,,100,/Users/rkfuentes/Documents/md_anderson_analysis/yepes_code/data/2025-10-14/scope-results-2025-10-14-1172.csv,1.2893872666666662e-06,6.281873466666666e-07,0,0,0,0,HV 100
,BNL,"12 (ch1 in csv), 16 (ch2 in csv)",Electrons 85V,1.0,0,,100,/Users/rkfuentes/Documents/md_anderson_analysis/yepes_code/data/2025-10-14/scope-results-2025-10-14-1173.csv,1.2918057666666668e-06,5.879148133333335e-07,0,0,0,0,HV 100
,BNL,"12 (ch1 in csv), 16 (ch2 in csv)",Electrons 85V,1.0,0,,100,/Users/rkfuentes/Documents/md_anderson_analysis/yepes_code/data/2025-10-14/scope-results-2025-10-14-1174.csv,1.2725640666666668e-06,5.874390733333331e-07,0,0,0,0,HV 100
,BNL,"12 (ch1 in csv), 16 (ch2 in csv)",Electrons 85V,1.0,0,,100,/Users/rkfuentes/Documents/md_anderson_analysis/yepes_code/data/2025-10-14/scope-results-2025-10-14-1267.csv,9.73475199999997e-09,1.067087962638646e-06,0,0,0,0,HV 20
,BNL,"12 (ch1 in csv), 16 (ch2 in csv)",Electrons 85V,1.0,0,,100,/Users/rkfuentes/Documents/md_anderson_analysis/yepes_code/data/2025-10-14/scope-results-2025-10-14-1268.csv,1.176913866666665e-08,2.740134666666669e-08,0,0,0,0,HV 20
,BNL,"12 (ch1 in csv), 16 (ch2 in csv)",Electrons 85V,1.0,0,,125,/Users/rkfuentes/Documents/md_anderson_analysis/yepes_code/data/2025-10-14/scope-results-2025-10-14-1312.csv,5.777081440000003e-07,8.868421333333336e-09,0,0,0,0,HV 50
,BNL,"12 (ch1 in csv), 16 (ch2 in csv)",Electrons 85V,1.0,0,,125,/Users/rkfuentes/Documents/md_anderson_analysis/yepes_code/data/2025-10-14/scope-results-2025-10-14-1313.csv,1.210206647154472e-06,1.100541584e-06,0,0,0,0,HV 50
,BNL,"12 (ch1 in csv), 16 (ch2 in csv)",Electrons 85V,1.0,0,,125,/Users/rkfuentes/Documents/md_anderson_analysis/yepes_code/data/2025-10-14/scope-results-2025-10-14-1314.csv,5.282293333333335e-07,7.874179866666666e-07,0,0,0,0,HV 50
,BNL,"12 (ch1 in csv), 16 (ch2 in csv)",Electrons 85V,1.0,0,,125,/Users/rkfuentes/Documents/md_anderson_analysis/yepes_code/data/2025-10-14/scope-results-2025-10-14-1315.csv,1.23652607198748e-06,1.0494175786666667e-06,0,0,0,0,HV 50
,BNL,"12 (ch1 in csv), 16 (ch2 in csv)",Electrons 85V,1.0,0,,125,/Users/rkfuentes/Documents/md_anderson_analysis/yepes_code/data/2025-10-14/scope-results-2025-10-14-1316.csv,2.917190160000001e-07,8.788408453333334e-07,0,0,0,0,HV 50
,BNL,"12 (ch1 in csv), 16 (ch2 in csv)",Electrons 85V,1.0,0,,125,/Users/rkfuentes/Documents/md_anderson_analysis/yepes_code/data/2025-10-14/scope-results-2025-10-14-1317.csv,2.8972000266666664e-07,7.810468599999997e-07,0,0,0,0,HV 50
,BNL,"12 (ch1 in csv), 16 (ch2 in csv)",Electrons 85V,1.0,0,,125,/Users/rkfuentes/Documents/md_anderson_analysis/yepes_code/data/2025-10-14/scope-results-2025-10-14-1318.csv,2.8829621333333323e-07,3.915008800000001e-07,0,0,0,0,HV 50
,BNL,"12 (ch1 in csv), 16 (ch2 in csv)",Electrons 85V,1.0,0,,125,/Users/rkfuentes/Documents/md_anderson_analysis/yepes_code/data/2025-10-14/scope-results-2025-10-14-1319.csv,2.9961999999999987e-07,2.9291994666666658e-08,0,0,0,0,HV 50
,BNL,"12 (ch1 in csv), 16 (ch2 in csv)",Electrons 85V,1.0,0,,125,/Users/rkfuentes/Documents/md_anderson_analysis/yepes_code/data/2025-10-14/scope-results-2025-10-14-1320.csv,3.04108e-07,4.0871627572016436e-07,0,0,0,0,HV 50
,BNL,"12 (ch1 in csv), 16 (ch2 in csv)",Electrons 85V,1.0,0,,125,/Users/rkfuentes/Documents/md_anderson_analysis/yepes_code/data/2025-10-14/scope-results-2025-10-14-1321.csv,2.587608866666666e-07,7.329839893333331e-07,0,0,0,0,HV 50
,BNL,"12 (ch1 in csv), 16 (ch2 in csv)",Electrons 85V,1.0,0,,125,/Users/rkfuentes/Documents/md_anderson_analysis/yepes_code/data/2025-10-14/scope-results-2025-10-14-1322.csv,2.831084346666667e-07,5.263855128205128e-07,0,0,0,0,HV 50
,BNL,"12 (ch1 in csv), 16 (ch2 in csv)",Electrons 85V,1.0,0,,125,/Users/rkfuentes/Documents/md_anderson_analysis/yepes_code/data/2025-10-14/scope-results-2025-10-14-1323.csv,6.255171168384879e-07,1.8217278933333335e-07,0,0,0,0,HV 50
,BNL,"12 (ch1 in csv), 16 (ch2 in csv)",Electrons 85V,1.0,0,,125,/Users/rkfuentes/Documents/md_anderson_analysis/yepes_code/data/2025-10-14/scope-results-2025-10-14-1324.csv,2.8865342266666676e-07,1.063515957333333e-06,0,0,0,0,HV 50
,BNL,"12 (ch1 in csv), 16 (ch2 in csv)",Electrons 85V,1.0,0,,125,/Users/rkfuentes/Documents/md_anderson_analysis/yepes_code/data/2025-10-14/scope-results-2025-10-14-1325.csv,3.0791853333333334e-07,1.0085648533333336e-06,0,0,0,0,HV 50
,BNL,"12 (ch1 in csv), 16 (ch2 in csv)",Electrons 85V,1.0,0,,125,/Users/rkfuentes/Documents/md_anderson_analysis/yepes_code/data/2025-10-14/scope-results-2025-10-14-1326.csv,2.905637053333333e-07,7.869467973333336e-07,0,0,0,0,HV 50
,BNL,"12 (ch1 in csv), 16 (ch2 in csv)",Electrons 85V,1.0,0,,125,/Users/rkfuentes/Documents/md_anderson_analysis/yepes_code/data/2025-10-14/scope-results-2025-10-14-1327.csv,2.9661301333333333e-07,2.8055013333333322e-08,0,0,0,0,HV 50
,BNL,"12 (ch1 in csv), 16 (ch2 in csv)",Electrons 85V,1.0,0,,125,/Users/rkfuentes/Documents/md_anderson_analysis/yepes_code/data/2025-10-14/scope-results-2025-10-14-1328.csv,2.896077400000001e-07,1.0968810666666605e-08,0,0,0,0,HV 50
,BNL,"12 (ch1 in csv), 16 (ch2 in csv)",Electrons 85V,1.0,0,,125,/Users/rkfuentes/Documents/md_anderson_analysis/yepes_code/data/2025-10-14/scope-results-2025-10-14-1329.csv,6.041999864176571e-07,7.187758800000001e-07,0,0,0,0,HV 50
,BNL,"12 (ch1 in csv), 16 (ch2 in csv)",Electrons 85V,1.0,0,,125,/Users/rkfuentes/Documents/md_anderson_analysis/yepes_code/data/2025-10-14/scope-results-2025-10-14-1330.csv,3.079890986666667e-07,9.169900266666675e-07,0,0,0,0,HV 50
,BNL,"12 (ch1 in csv), 16 (ch2 in csv)",Electrons 85V,1.0,0,,125,/Users/rkfuentes/Documents/md_anderson_analysis/yepes_code/data/2025-10-14/scope-results-2025-10-14-1331.csv,3.061957413333333e-07,9.949088013333331e-07,0,0,0,0,HV 50
,BNL,"12 (ch1 in csv), 16 (ch2 in csv)",Electrons 85V,1.0,0,,125,/Users/rkfuentes/Documents/md_anderson_analysis/yepes_code/data/2025-10-14/scope-results-2025-10-14-1381.csv,3.6592862745098156e-07,8.328357333333344e-09,0,0,0,0,HV 20
,BNL,"12 (ch1 in csv), 16 (ch2 in csv)",Electrons 85V,1.0,0,,125,/Users/rkfuentes/Documents/md_anderson_analysis/yepes_code/data/2025-10-14/scope-results-2025-10-14-1382.csv,3.5289607378129195e-07,1.342164799999999e-08,0,0,0,0,HV 20
,BNL,"12 (ch1 in csv), 16 (ch2 in csv)",Electrons 85V,1.0,0,,125,/Users/rkfuentes/Documents/md_anderson_analysis/yepes_code/data/2025-10-14/scope-results-2025-10-14-1383.csv,6.839773333333322e-09,7.048912000000032e-09,0,0,0,0,HV 20
,BNL,"12 (ch1 in csv), 16 (ch2 in csv)",Electrons 85V,1.0,0,,125,/Users/rkfuentes/Documents/md_anderson_analysis/yepes_code/data/2025-10-14/scope-results-2025-10-14-1384.csv,4.5354666666893265e-11,5.865018726591666e-10,0,0,0,0,HV 20
,BNL,"12 (ch1 in csv), 16 (ch2 in csv)",Electrons 85V,1.0,0,,125,/Users/rkfuentes/Documents/md_anderson_analysis/yepes_code/data/2025-10-14/scope-results-2025-10-14-1412.csv,8.564660000000004e-07,5.28600226666667e-07,0,0,0,0,HV 100
,BNL,"12 (ch1 in csv), 16 (ch2 in csv)",Electrons 85V,1.0,0,,125,/Users/rkfuentes/Documents/md_anderson_analysis/yepes_code/data/2025-10-14/scope-results-2025-10-14-1413.csv,8.788680480000004e-07,5.138973786666664e-07,0,0,0,0,HV 100
,BNL,"12 (ch1 in csv), 16 (ch2 in csv)",Electrons 85V,1.0,0,,125,/Users/rkfuentes/Documents/md_anderson_analysis/yepes_code/data/2025-10-14/scope-results-2025-10-14-1414.csv,8.325427146666666e-07,4.997595093333342e-07,0,0,0,0,HV 100
,BNL,"12 (ch1 in csv), 16 (ch2 in csv)",Electrons 85V,1.0,0,,125,/Users/rkfuentes/Documents/md_anderson_analysis/yepes_code/data/2025-10-14/scope-results-2025-10-14-1415.csv,7.73541733333334e-07,4.3428491733333387e-07,0,0,0,0,HV 100
,BNL,"12 (ch1 in csv), 16 (ch2 in csv)",Electrons 85V,1.0,0,,125,/Users/rkfuentes/Documents/md_anderson_analysis/yepes_code/data/2025-10-14/scope-results-2025-10-14-1416.csv,8.95575898666667e-07,5.295188586666666e-07,0,0,0,0,HV 100
,BNL,"12 (ch1 in csv), 16 (ch2 in csv)",Electrons 85V,1.0,0,,125,/Users/rkfuentes/Documents/md_anderson_analysis/yepes_code/data/2025-10-14/scope-results-2025-10-14-1417.csv,8.563401066666664e-07,4.629082586666666e-07,0,0,0,0,HV 100
,BNL,"12 (ch1 in csv), 16 (ch2 in csv)",Electrons 85V,1.0,0,,125,/Users/rkfuentes/Documents/md_anderson_analysis/yepes_code/data/2025-10-14/scope-results-2025-10-14-1418.csv,8.531424480000002e-07,5.126181333333326e-07,0,0,0,0,HV 100
,BNL,"12 (ch1 in csv), 16 (ch2 in csv)",Electrons 85V,1.0,0,,125,/Users/rkfuentes/Documents/md_anderson_analysis/yepes_code/data/2025-10-14/scope-results-2025-10-14-1419.csv,8.794540266666671e-07,4.6623797333333344e-07,0,0,0,0,HV 100
,BNL,"12 (ch1 in csv), 16 (ch2 in csv)",Electrons 85V,1.0,0,,125,/Users/rkfuentes/Documents/md_anderson_analysis/yepes_code/data/2025-10-14/scope-results-2025-10-14-1420.csv,8.599328000000002e-07,4.841280000000001e-07,0,0,0,0,HV 100
,BNL,"12 (ch1 in csv), 16 (ch2 in csv)",Electrons 85V,1.0,0,,125,/Users/rkfuentes/Documents/md_anderson_analysis/yepes_code/data/2025-10-14/scope-results-2025-10-14-1421.csv,8.423213439999999e-07,4.84966226666667e-07,0,0,0,0,HV 100
,BNL,"12 (ch1 in csv), 16 (ch2 in csv)",Electrons 85V,1.0,0,,125,/Users/rkfuentes/Documents/md_anderson_analysis/yepes_code/data/2025-10-14/scope-results-2025-10-14-1422.csv,8.465428746666666e-07,4.419367786666666e-07,0,0,0,0,HV 100
,BNL,"12 (ch1 in csv), 16 (ch2 in csv)",Electrons 85V,1.0,0,,125,/Users/rkfuentes/Documents/md_anderson_analysis/yepes_code/data/2025-10-14/scope-results-2025-10-14-1423.csv,8.389122346666669e-07,5.065579786666663e-07,0,0,0,0,HV 100
,BNL,"12 (ch1 in csv), 16 (ch2 in csv)",Electrons 85V,1.0,0,,125,/Users/rkfuentes/Documents/md_anderson_analysis/yepes_code/data/2025-10-14/scope-results-2025-10-14-1424.csv,8.400255039999998e-07,4.7409443733333344e-07,0,0,0,0,HV 100
,BNL,"12 (ch1 in csv), 16 (ch2 in csv)",Electrons 85V,1.0,0,,125,/Users/rkfuentes/Documents/md_anderson_analysis/yepes_code/data/2025-10-14/scope-results-2025-10-14-1425.csv,8.300039039999997e-07,4.687739680000008e-07,0,0,0,0,HV 100
,BNL,"12 (ch1 in csv), 16 (ch2 in csv)",Electrons 85V,1.0,0,,125,/Users/rkfuentes/Documents/md_anderson_analysis/yepes_code/data/2025-10-14/scope-results-2025-10-14-1426.csv,8.323901680000003e-07,4.6191599466666715e-07,0,0,0,0,HV 100
,BNL,"12 (ch1 in csv), 16 (ch2 in csv)",Electrons 85V,1.0,0,,125,/Users/rkfuentes/Documents/md_anderson_analysis/yepes_code/data/2025-10-14/scope-results-2025-10-14-1427.csv,8.473772400000004e-07,4.6557907199999993e-07,0,0,0,0,HV 100
,BNL,"12 (ch1 in csv), 16 (ch2 in csv)",Electrons 85V,1.0,0,,125,/Users/rkfuentes/Documents/md_anderson_analysis/yepes_code/data/2025-10-14/scope-results-2025-10-14-1428.csv,8.268108e-07,5.047902559999999e-07,0,0,0,0,HV 100
,BNL,"12 (ch1 in csv), 16 (ch2 in csv)",Electrons 85V,1.0,0,,125,/Users/rkfuentes/Documents/md_anderson_analysis/yepes_code/data/2025-10-14/scope-results-2025-10-14-1429.csv,8.247295893333333e-07,4.198896133333333e-07,0,0,0,0,HV 100
,BNL,"12 (ch1 in csv), 16 (ch2 in csv)",Electrons 85V,1.0,0,,125,/Users/rkfuentes/Documents/md_anderson_analysis/yepes_code/data/2025-10-14/scope-results-2025-10-14-1430.csv,7.539479919999998e-07,4.4854354666666667e-07,0,0,0,0,HV 100
,BNL,"12 (ch1 in csv), 16 (ch2 in csv)",Electrons 85V,1.0,0,,125,/Users/rkfuentes/Documents/md_anderson_analysis/yepes_code/data/2025-10-14/scope-results-2025-10-14-1431.csv,8.149871466666669e-07,4.708041120000002e-07,0,0,0,0,HV 100
,BNL,"12 (ch1 in csv), 16 (ch2 in csv)",Electrons 85V,1.0,0,,125,/Users/rkfuentes/Documents/md_anderson_analysis/yepes_code/data/2025-10-14/scope-results-2025-10-14-1432.csv,8.328941946666665e-07,4.5038517333333363e-07,0,0,0,0,HV 100
,BNL,"12 (ch1 in csv), 16 (ch2 in csv)",Electrons 85V,1.0,0,,125,/Users/rkfuentes/Documents/md_anderson_analysis/yepes_code/data/2025-10-14/scope-results-2025-10-14-1433.csv,8.389785546666669e-07,4.667812586666664e-07,0,0,0,0,HV 100
,BNL,"12 (ch1 in csv), 16 (ch2 in csv)",Electrons 85V,1.0,0,,150,/Users/rkfuentes/Documents/md_anderson_analysis/yepes_code/data/2025-10-14/scope-results-2025-10-14-1505.csv,4.017724159999997e-07,1.4788314133333331e-06,0,0,0,0,HV 100
,BNL,"12 (ch1 in csv), 16 (ch2 in csv)",Electrons 85V,1.0,0,,150,/Users/rkfuentes/Documents/md_anderson_analysis/yepes_code/data/2025-10-14/scope-results-2025-10-14-1506.csv,3.993784853333335e-07,1.86654224e-06,0,0,0,0,HV 100
,BNL,"12 (ch1 in csv), 16 (ch2 in csv)",Electrons 85V,1.0,0,,150,/Users/rkfuentes/Documents/md_anderson_analysis/yepes_code/data/2025-10-14/scope-results-2025-10-14-1507.csv,3.769351626666668e-07,1.8400603199999996e-06,0,0,0,0,HV 100
,BNL,"12 (ch1 in csv), 16 (ch2 in csv)",Electrons 85V,1.0,0,,150,/Users/rkfuentes/Documents/md_anderson_analysis/yepes_code/data/2025-10-14/scope-results-2025-10-14-1508.csv,8.329451203463212e-07,1.6416208057041e-06,0,0,0,0,HV 100
,BNL,"12 (ch1 in csv), 16 (ch2 in csv)",Electrons 85V,1.0,0,,150,/Users/rkfuentes/Documents/md_anderson_analysis/yepes_code/data/2025-10-14/scope-results-2025-10-14-1509.csv,4.025327199999999e-07,1.8317412159999996e-06,0,0,0,0,HV 100
,BNL,"12 (ch1 in csv), 16 (ch2 in csv)",Electrons 85V,1.0,0,,150,/Users/rkfuentes/Documents/md_anderson_analysis/yepes_code/data/2025-10-14/scope-results-2025-10-14-1510.csv,3.8935318133333343e-07,3.0138875999999976e-07,0,0,0,0,HV 100
,BNL,"12 (ch1 in csv), 16 (ch2 in csv)",Electrons 85V,1.0,0,,150,/Users/rkfuentes/Documents/md_anderson_analysis/yepes_code/data/2025-10-14/scope-results-2025-10-14-1511.csv,4.2696108800000025e-07,1.635543117333333e-06,0,0,0,0,HV 100
,BNL,"12 (ch1 in csv), 16 (ch2 in csv)",Electrons 85V,1.0,0,,150,/Users/rkfuentes/Documents/md_anderson_analysis/yepes_code/data/2025-10-14/scope-results-2025-10-14-1512.csv,4.0717966666666695e-07,1.8708702666666671e-06,0,0,0,0,HV 100
,BNL,"12 (ch1 in csv), 16 (ch2 in csv)",Electrons 85V,1.0,0,,150,/Users/rkfuentes/Documents/md_anderson_analysis/yepes_code/data/2025-10-14/scope-results-2025-10-14-1513.csv,4.0522066400000005e-07,2.94445026666667e-07,0,0,0,0,HV 100
,BNL,"12 (ch1 in csv), 16 (ch2 in csv)",Electrons 85V,1.0,0,,150,/Users/rkfuentes/Documents/md_anderson_analysis/yepes_code/data/2025-10-14/scope-results-2025-10-14-1514.csv,4.0194624000000004e-07,1.563678325333333e-06,0,0,0,0,HV 100
,BNL,"12 (ch1 in csv), 16 (ch2 in csv)",Electrons 85V,1.0,0,,150,/Users/rkfuentes/Documents/md_anderson_analysis/yepes_code/data/2025-10-14/scope-results-2025-10-14-1515.csv,4.222301973333333e-07,1.856512666666667e-06,0,0,0,0,HV 100
,BNL,"12 (ch1 in csv), 16 (ch2 in csv)",Electrons 85V,1.0,0,,150,/Users/rkfuentes/Documents/md_anderson_analysis/yepes_code/data/2025-10-14/scope-results-2025-10-14-1516.csv,3.9938551999999993e-07,1.4778208026666665e-06,0,0,0,0,HV 100
,BNL,"12 (ch1 in csv), 16 (ch2 in csv)",Electrons 85V,1.0,0,,150,/Users/rkfuentes/Documents/md_anderson_analysis/yepes_code/data/2025-10-14/scope-results-2025-10-14-1517.csv,4.193520533333334e-07,1.7895277653333335e-06,0,0,0,0,HV 100
,BNL,"12 (ch1 in csv), 16 (ch2 in csv)",Electrons 85V,1.0,0,,150,/Users/rkfuentes/Documents/md_anderson_analysis/yepes_code/data/2025-10-14/scope-results-2025-10-14-1518.csv,8.146997417102975e-07,1.7072987599999997e-06,0,0,0,0,HV 100
,BNL,"12 (ch1 in csv), 16 (ch2 in csv)",Electrons 85V,1.0,0,,150,/Users/rkfuentes/Documents/md_anderson_analysis/yepes_code/data/2025-10-14/scope-results-2025-10-14-1519.csv,4.0394096000000004e-07,1.3148096820702411e-06,0,0,0,0,HV 100
,BNL,"12 (ch1 in csv), 16 (ch2 in csv)",Electrons 85V,1.0,0,,150,/Users/rkfuentes/Documents/md_anderson_analysis/yepes_code/data/2025-10-14/scope-results-2025-10-14-1520.csv,4.182625733333334e-07,1.8426390186666664e-06,0,0,0,0,HV 100
,BNL,"12 (ch1 in csv), 16 (ch2 in csv)",Electrons 85V,1.0,0,,150,/Users/rkfuentes/Documents/md_anderson_analysis/yepes_code/data/2025-10-14/scope-results-2025-10-14-1521.csv,4.1391852266666684e-07,2.847680106666663e-07,0,0,0,0,HV 100
,BNL,"12 (ch1 in csv), 16 (ch2 in csv)",Electrons 85V,1.0,0,,150,/Users/rkfuentes/Documents/md_anderson_analysis/yepes_code/data/2025-10-14/scope-results-2025-10-14-1522.csv,4.070815520000002e-07,3.122506666666668e-07,0,0,0,0,HV 100
,BNL,"12 (ch1 in csv), 16 (ch2 in csv)",Electrons 85V,1.0,0,,150,/Users/rkfuentes/Documents/md_anderson_analysis/yepes_code/data/2025-10-14/scope-results-2025-10-14-1523.csv,4.014206533333335e-07,1.8762933413333333e-06,0,0,0,0,HV 100
,BNL,"12 (ch1 in csv), 16 (ch2 in csv)",Electrons 85V,1.0,0,,150,/Users/rkfuentes/Documents/md_anderson_analysis/yepes_code/data/2025-10-14/scope-results-2025-10-14-1524.csv,4.0066223466666654e-07,1.3058687758945394e-06,0,0,0,0,HV 100
,BNL,"12 (ch1 in csv), 16 (ch2 in csv)",Electrons 85V,1.0,0,,150,/Users/rkfuentes/Documents/md_anderson_analysis/yepes_code/data/2025-10-14/scope-results-2025-10-14-1525.csv,4.034915200000001e-07,1.4093592266666671e-06,0,0,0,0,HV 100
,BNL,"12 (ch1 in csv), 16 (ch2 in csv)",Electrons 85V,1.0,0,,150,/Users/rkfuentes/Documents/md_anderson_analysis/yepes_code/data/2025-10-14/scope-results-2025-10-14-1526.csv,4.0492498133333337e-07,1.492187264e-06,0,0,0,0,HV 100
,BNL,"12 (ch1 in csv), 16 (ch2 in csv)",Electrons 85V,1.0,0,,150,/Users/rkfuentes/Documents/md_anderson_analysis/yepes_code/data/2025-10-14/scope-results-2025-10-14-1527.csv,4.0264127999999994e-07,1.8214794053333337e-06,0,0,0,0,HV 100
,BNL,"12 (ch1 in csv), 16 (ch2 in csv)",Electrons 85V,1.0,0,,150,/Users/rkfuentes/Documents/md_anderson_analysis/yepes_code/data/2025-10-14/scope-results-2025-10-14-1593.csv,6.913874666666641e-09,1.670069661333335e-06,0,0,0,0,HV 50
,BNL,"12 (ch1 in csv), 16 (ch2 in csv)",Electrons 85V,1.0,0,,150,/Users/rkfuentes/Documents/md_anderson_analysis/yepes_code/data/2025-10-14/scope-results-2025-10-14-1594.csv,1.102927093333335e-07,1.193103525333333e-06,0,0,0,0,HV 50
,BNL,"12 (ch1 in csv), 16 (ch2 in csv)",Electrons 85V,1.0,0,,150,/Users/rkfuentes/Documents/md_anderson_analysis/yepes_code/data/2025-10-14/scope-results-2025-10-14-1595.csv,1.458499866666669e-07,1.1929721760000003e-06,0,0,0,0,HV 50
,BNL,"12 (ch1 in csv), 16 (ch2 in csv)",Electrons 85V,1.0,0,,150,/Users/rkfuentes/Documents/md_anderson_analysis/yepes_code/data/2025-10-14/scope-results-2025-10-14-1596.csv,1.410862933333334e-07,1.2467412266666671e-06,0,0,0,0,HV 50
,BNL,"12 (ch1 in csv), 16 (ch2 in csv)",Electrons 85V,1.0,0,,150,/Users/rkfuentes/Documents/md_anderson_analysis/yepes_code/data/2025-10-14/scope-results-2025-10-14-1597.csv,1.2298681066666685e-07,1.677380805333335e-06,0,0,0,0,HV 50
,BNL,"12 (ch1 in csv), 16 (ch2 in csv)",Electrons 85V,1.0,0,,150,/Users/rkfuentes/Documents/md_anderson_analysis/yepes_code/data/2025-10-14/scope-results-2025-10-14-1598.csv,5.591171066931758e-07,1.6957243546666649e-06,0,0,0,0,HV 50
,BNL,"12 (ch1 in csv), 16 (ch2 in csv)",Electrons 85V,1.0,0,,150,/Users/rkfuentes/Documents/md_anderson_analysis/yepes_code/data/2025-10-14/scope-results-2025-10-14-1599.csv,5.250992018779352e-07,1.1834866560000003e-06,0,0,0,0,HV 50
,BNL,"12 (ch1 in csv), 16 (ch2 in csv)",Electrons 85V,1.0,0,,150,/Users/rkfuentes/Documents/md_anderson_analysis/yepes_code/data/2025-10-14/scope-results-2025-10-14-1600.csv,1.404967466666667e-07,1.5536884106369831e-06,0,0,0,0,HV 50
,BNL,"12 (ch1 in csv), 16 (ch2 in csv)",Electrons 85V,1.0,0,,150,/Users/rkfuentes/Documents/md_anderson_analysis/yepes_code/data/2025-10-14/scope-results-2025-10-14-1601.csv,6.692669653333332e-07,1.13714736e-06,0,0,0,0,HV 50
,BNL,"12 (ch1 in csv), 16 (ch2 in csv)",Electrons 85V,1.0,0,,150,/Users/rkfuentes/Documents/md_anderson_analysis/yepes_code/data/2025-10-14/scope-results-2025-10-14-1602.csv,1.39919536e-07,1.3752116906666664e-06,0,0,0,0,HV 50
,BNL,"12 (ch1 in csv), 16 (ch2 in csv)",Electrons 85V,1.0,0,,150,/Users/rkfuentes/Documents/md_anderson_analysis/yepes_code/data/2025-10-14/scope-results-2025-10-14-1603.csv,1.4675025066666662e-07,1.1580764666666668e-06,0,0,0,0,HV 50
,BNL,"12 (ch1 in csv), 16 (ch2 in csv)",Electrons 85V,1.0,0,,150,/Users/rkfuentes/Documents/md_anderson_analysis/yepes_code/data/2025-10-14/scope-results-2025-10-14-1604.csv,5.288908807134902e-07,1.1456328580134063e-06,0,0,0,0,HV 50
,BNL,"12 (ch1 in csv), 16 (ch2 in csv)",Electrons 85V,1.0,0,,150,/Users/rkfuentes/Documents/md_anderson_analysis/yepes_code/data/2025-10-14/scope-results-2025-10-14-1605.csv,1.2272059733333332e-07,1.1842304933333329e-06,0,0,0,0,HV 50
,BNL,"12 (ch1 in csv), 16 (ch2 in csv)",Electrons 85V,1.0,0,,150,/Users/rkfuentes/Documents/md_anderson_analysis/yepes_code/data/2025-10-14/scope-results-2025-10-14-1606.csv,8.694591999999952e-09,1.062598715291107e-06,0,0,0,0,HV 50
,BNL,"12 (ch1 in csv), 16 (ch2 in csv)",Electrons 85V,1.0,0,,150,/Users/rkfuentes/Documents/md_anderson_analysis/yepes_code/data/2025-10-14/scope-results-2025-10-14-1607.csv,1.4355954133333338e-07,1.1546277333333333e-06,0,0,0,0,HV 50
,BNL,"12 (ch1 in csv), 16 (ch2 in csv)",Electrons 85V,1.0,0,,150,/Users/rkfuentes/Documents/md_anderson_analysis/yepes_code/data/2025-10-14/scope-results-2025-10-14-1608.csv,9.01302933333333e-09,1.0819346053783614e-06,0,0,0,0,HV 50
,BNL,"12 (ch1 in csv), 16 (ch2 in csv)",Electrons 85V,1.0,0,,150,/Users/rkfuentes/Documents/md_anderson_analysis/yepes_code/data/2025-10-14/scope-results-2025-10-14-1609.csv,6.164405333333311e-09,1.1380311520000003e-06,0,0,0,0,HV 50
,BNL,"12 (ch1 in csv), 16 (ch2 in csv)",Electrons 85V,1.0,0,,150,/Users/rkfuentes/Documents/md_anderson_analysis/yepes_code/data/2025-10-14/scope-results-2025-10-14-1610.csv,9.827554666666683e-08,1.6716583999999995e-06,0,0,0,0,HV 50
,BNL,"12 (ch1 in csv), 16 (ch2 in csv)",Electrons 85V,1.0,0,,150,/Users/rkfuentes/Documents/md_anderson_analysis/yepes_code/data/2025-10-14/scope-results-2025-10-14-1611.csv,1.46822896e-07,1.2192068468468489e-06,0,0,0,0,HV 50
,BNL,"12 (ch1 in csv), 16 (ch2 in csv)",Electrons 85V,1.0,0,,150,/Users/rkfuentes/Documents/md_anderson_analysis/yepes_code/data/2025-10-14/scope-results-2025-10-14-1612.csv,6.71825333333332e-09,1.1486082773333333e-06,0,0,0,0,HV 50
,BNL,"12 (ch1 in csv), 16 (ch2 in csv)",Electrons 85V,1.0,0,,150,/Users/rkfuentes/Documents/md_anderson_analysis/yepes_code/data/2025-10-14/scope-results-2025-10-14-1613.csv,1.4599340533333326e-07,1.6518209920000001e-06,0,0,0,0,HV 50
,BNL,"12 (ch1 in csv), 16 (ch2 in csv)",Electrons 85V,1.0,0,,150,/Users/rkfuentes/Documents/md_anderson_analysis/yepes_code/data/2025-10-14/scope-results-2025-10-14-1614.csv,1.4353052e-07,1.6453877173333335e-06,0,0,0,0,HV 50
,BNL,"12 (ch1 in csv), 16 (ch2 in csv)",Electrons 85V,1.0,0,,150,/Users/rkfuentes/Documents/md_anderson_analysis/yepes_code/data/2025-10-14/scope-results-2025-10-14-1615.csv,5.53769460407777e-07,1.6920636373333333e-06,0,0,0,0,HV 50
,BNL,"12 (ch1 in csv), 16 (ch2 in csv)",Electrons 85V,1.0,0,,150,/Users/rkfuentes/Documents/md_anderson_analysis/yepes_code/data/2025-10-14/scope-results-2025-10-14-1616.csv,1.208838506666669e-07,1.4927225253333335e-06,0,0,0,0,HV 50
,BNL,"12 (ch1 in csv), 16 (ch2 in csv)",Electrons 85V,1.0,0,,175,/Users/rkfuentes/Documents/md_anderson_analysis/yepes_code/data/2025-10-14/scope-results-2025-10-14-1688.csv,2.71369666666667e-07,2.962962560000003e-07,0,0,0,0,HV 100
,BNL,"12 (ch1 in csv), 16 (ch2 in csv)",Electrons 85V,1.0,0,,175,/Users/rkfuentes/Documents/md_anderson_analysis/yepes_code/data/2025-10-14/scope-results-2025-10-14-1689.csv,1.018258666666667e-07,3.0075334399999984e-07,0,0,0,0,HV 100
,BNL,"12 (ch1 in csv), 16 (ch2 in csv)",Electrons 85V,1.0,0,,175,/Users/rkfuentes/Documents/md_anderson_analysis/yepes_code/data/2025-10-14/scope-results-2025-10-14-1690.csv,8.422909333333327e-08,2.992023733333334e-07,0,0,0,0,HV 100
,BNL,"12 (ch1 in csv), 16 (ch2 in csv)",Electrons 85V,1.0,0,,175,/Users/rkfuentes/Documents/md_anderson_analysis/yepes_code/data/2025-10-14/scope-results-2025-10-14-1691.csv,6.542615466666665e-08,2.599461066666668e-07,0,0,0,0,HV 100
,BNL,"12 (ch1 in csv), 16 (ch2 in csv)",Electrons 85V,1.0,0,,175,/Users/rkfuentes/Documents/md_anderson_analysis/yepes_code/data/2025-10-14/scope-results-2025-10-14-1692.csv,3.2196949333333333e-07,3.1670069333333356e-07,0,0,0,0,HV 100
,BNL,"12 (ch1 in csv), 16 (ch2 in csv)",Electrons 85V,1.0,0,,175,/Users/rkfuentes/Documents/md_anderson_analysis/yepes_code/data/2025-10-14/scope-results-2025-10-14-1693.csv,3.098950400000002e-07,4.6732917333333347e-07,0,0,0,0,HV 100
,BNL,"12 (ch1 in csv), 16 (ch2 in csv)",Electrons 85V,1.0,0,,175,/Users/rkfuentes/Documents/md_anderson_analysis/yepes_code/data/2025-10-14/scope-results-2025-10-14-1694.csv,3.3690014933333353e-07,2.8115017600000016e-07,0,0,0,0,HV 100
,BNL,"12 (ch1 in csv), 16 (ch2 in csv)",Electrons 85V,1.0,0,,175,/Users/rkfuentes/Documents/md_anderson_analysis/yepes_code/data/2025-10-14/scope-results-2025-10-14-1695.csv,2.4133226933333317e-07,5.288667522935783e-07,0,0,0,0,HV 100
,BNL,"12 (ch1 in csv), 16 (ch2 in csv)",Electrons 85V,1.0,0,,175,/Users/rkfuentes/Documents/md_anderson_analysis/yepes_code/data/2025-10-14/scope-results-2025-10-14-1696.csv,2.9776368533333337e-07,3.225642026666664e-07,0,0,0,0,HV 100
,BNL,"12 (ch1 in csv), 16 (ch2 in csv)",Electrons 85V,1.0,0,,175,/Users/rkfuentes/Documents/md_anderson_analysis/yepes_code/data/2025-10-14/scope-results-2025-10-14-1697.csv,3.2893820266666657e-07,3.3854170666666634e-07,0,0,0,0,HV 100
,BNL,"12 (ch1 in csv), 16 (ch2 in csv)",Electrons 85V,1.0,0,,175,/Users/rkfuentes/Documents/md_anderson_analysis/yepes_code/data/2025-10-14/scope-results-2025-10-14-1698.csv,3.24928592e-07,3.172288319999999e-07,0,0,0,0,HV 100
,BNL,"12 (ch1 in csv), 16 (ch2 in csv)",Electrons 85V,1.0,0,,175,/Users/rkfuentes/Documents/md_anderson_analysis/yepes_code/data/2025-10-14/scope-results-2025-10-14-1699.csv,3.400300586666667e-07,3.25489962666667e-07,0,0,0,0,HV 100
,BNL,"12 (ch1 in csv), 16 (ch2 in csv)",Electrons 85V,1.0,0,,175,/Users/rkfuentes/Documents/md_anderson_analysis/yepes_code/data/2025-10-14/scope-results-2025-10-14-1700.csv,3.099299066666668e-07,5.756137559377561e-07,0,0,0,0,HV 100
,BNL,"12 (ch1 in csv), 16 (ch2 in csv)",Electrons 85V,1.0,0,,175,/Users/rkfuentes/Documents/md_anderson_analysis/yepes_code/data/2025-10-14/scope-results-2025-10-14-1740.csv,1.1985683200000012e-07,3.7699850933333313e-07,0,0,0,0,HV 50
,BNL,"12 (ch1 in csv), 16 (ch2 in csv)",Electrons 85V,1.0,0,,175,/Users/rkfuentes/Documents/md_anderson_analysis/yepes_code/data/2025-10-14/scope-results-2025-10-14-1741.csv,1.0204944533333343e-07,1.254016373333334e-07,0,0,0,0,HV 50
,BNL,"12 (ch1 in csv), 16 (ch2 in csv)",Electrons 85V,1.0,0,,175,/Users/rkfuentes/Documents/md_anderson_analysis/yepes_code/data/2025-10-14/scope-results-2025-10-14-1742.csv,1.0708313866666677e-07,3.8064792e-07,0,0,0,0,HV 50
,BNL,"12 (ch1 in csv), 16 (ch2 in csv)",Electrons 85V,1.0,0,,175,/Users/rkfuentes/Documents/md_anderson_analysis/yepes_code/data/2025-10-14/scope-results-2025-10-14-1743.csv,1.1798136533333345e-07,1.291167279999998e-07,0,0,0,0,HV 50
,BNL,"12 (ch1 in csv), 16 (ch2 in csv)",Electrons 85V,1.0,0,,175,/Users/rkfuentes/Documents/md_anderson_analysis/yepes_code/data/2025-10-14/scope-results-2025-10-14-1744.csv,9.697159200000008e-08,3.9190909066666676e-07,0,0,0,0,HV 50
,BNL,"12 (ch1 in csv), 16 (ch2 in csv)",Electrons 85V,1.0,0,,175,/Users/rkfuentes/Documents/md_anderson_analysis/yepes_code/data/2025-10-14/scope-results-2025-10-14-1745.csv,1.2423289333333344e-07,4.029801066666668e-07,0,0,0,0,HV 50
,BNL,"12 (ch1 in csv), 16 (ch2 in csv)",Electrons 85V,1.0,0,,175,/Users/rkfuentes/Documents/md_anderson_analysis/yepes_code/data/2025-10-14/scope-results-2025-10-14-1746.csv,1.1530967200000002e-07,1.249252480000001e-07,0,0,0,0,HV 50
,BNL,"12 (ch1 in csv), 16 (ch2 in csv)",Electrons 85V,1.0,0,,175,/Users/rkfuentes/Documents/md_anderson_analysis/yepes_code/data/2025-10-14/scope-results-2025-10-14-1747.csv,1.1733816533333356e-07,1.1397812266666675e-07,0,0,0,0,HV 50
,BNL,"12 (ch1 in csv), 16 (ch2 in csv)",Electrons 85V,1.0,0,,175,/Users/rkfuentes/Documents/md_anderson_analysis/yepes_code/data/2025-10-14/scope-results-2025-10-14-1748.csv,3.250448e-08,1.0924784000000011e-07,0,0,0,0,HV 50
,BNL,"12 (ch1 in csv), 16 (ch2 in csv)",Electrons 85V,1.0,0,,175,/Users/rkfuentes/Documents/md_anderson_analysis/yepes_code/data/2025-10-14/scope-results-2025-10-14-1749.csv,1.2517461333333328e-07,1.1428844800000009e-07,0,0,0,0,HV 50
,BNL,"12 (ch1 in csv), 16 (ch2 in csv)",Electrons 85V,1.0,0,,175,/Users/rkfuentes/Documents/md_anderson_analysis/yepes_code/data/2025-10-14/scope-results-2025-10-14-1750.csv,5.574392290429052e-07,2.9823196265788023e-07,0,0,0,0,HV 50
,BNL,"12 (ch1 in csv), 16 (ch2 in csv)",Electrons 85V,1.0,0,,175,/Users/rkfuentes/Documents/md_anderson_analysis/yepes_code/data/2025-10-14/scope-results-2025-10-14-1751.csv,1.172006666666667e-07,2.5131863999999973e-07,0,0,0,0,HV 50
,BNL,"12 (ch1 in csv), 16 (ch2 in csv)",Electrons 85V,1.0,0,,175,/Users/rkfuentes/Documents/md_anderson_analysis/yepes_code/data/2025-10-14/scope-results-2025-10-14-1752.csv,1.2273237333333337e-07,2.8419215200000035e-07,0,0,0,0,HV 50
,BNL,"12 (ch1 in csv), 16 (ch2 in csv)",Electrons 85V,1.0,0,,200,/Users/rkfuentes/Documents/md_anderson_analysis/yepes_code/data/2025-10-14/scope-results-2025-10-14-1794.csv,1.8060067733333344e-07,1.016983373333335e-06,0,0,0,0,HV 100
,BNL,"12 (ch1 in csv), 16 (ch2 in csv)",Electrons 85V,1.0,0,,200,/Users/rkfuentes/Documents/md_anderson_analysis/yepes_code/data/2025-10-14/scope-results-2025-10-14-1795.csv,1.7400380800000005e-07,9.412272613333341e-07,0,0,0,0,HV 100
,BNL,"12 (ch1 in csv), 16 (ch2 in csv)",Electrons 85V,1.0,0,,200,/Users/rkfuentes/Documents/md_anderson_analysis/yepes_code/data/2025-10-14/scope-results-2025-10-14-1796.csv,1.2216997333333276e-08,9.005237707192403e-07,0,0,0,0,HV 100
,BNL,"12 (ch1 in csv), 16 (ch2 in csv)",Electrons 85V,1.0,0,,200,/Users/rkfuentes/Documents/md_anderson_analysis/yepes_code/data/2025-10-14/scope-results-2025-10-14-1797.csv,2.0563506666666665e-07,8.243821600000004e-07,0,0,0,0,HV 100
,BNL,"12 (ch1 in csv), 16 (ch2 in csv)",Electrons 85V,1.0,0,,200,/Users/rkfuentes/Documents/md_anderson_analysis/yepes_code/data/2025-10-14/scope-results-2025-10-14-1798.csv,1.8015922666666662e-07,7.838631627906976e-07,0,0,0,0,HV 100
,BNL,"12 (ch1 in csv), 16 (ch2 in csv)",Electrons 85V,1.0,0,,200,/Users/rkfuentes/Documents/md_anderson_analysis/yepes_code/data/2025-10-14/scope-results-2025-10-14-1799.csv,1.8914325333333312e-07,9.944351893333335e-07,0,0,0,0,HV 100
,BNL,"12 (ch1 in csv), 16 (ch2 in csv)",Electrons 85V,1.0,0,,200,/Users/rkfuentes/Documents/md_anderson_analysis/yepes_code/data/2025-10-14/scope-results-2025-10-14-1800.csv,2.0970846933333343e-07,9.435696639999993e-07,0,0,0,0,HV 100
,BNL,"12 (ch1 in csv), 16 (ch2 in csv)",Electrons 85V,1.0,0,,200,/Users/rkfuentes/Documents/md_anderson_analysis/yepes_code/data/2025-10-14/scope-results-2025-10-14-1801.csv,2.0147422666666662e-07,9.169799999999993e-07,0,0,0,0,HV 100
,BNL,"12 (ch1 in csv), 16 (ch2 in csv)",Electrons 85V,1.0,0,,200,/Users/rkfuentes/Documents/md_anderson_analysis/yepes_code/data/2025-10-14/scope-results-2025-10-14-1802.csv,1.8977184000000017e-07,9.189286426666661e-07,0,0,0,0,HV 100
,BNL,"12 (ch1 in csv), 16 (ch2 in csv)",Electrons 85V,1.0,0,,200,/Users/rkfuentes/Documents/md_anderson_analysis/yepes_code/data/2025-10-14/scope-results-2025-10-14-1803.csv,2.01064e-07,9.200890130353826e-07,0,0,0,0,HV 100
,BNL,"12 (ch1 in csv), 16 (ch2 in csv)",Electrons 85V,1.0,0,,200,/Users/rkfuentes/Documents/md_anderson_analysis/yepes_code/data/2025-10-14/scope-results-2025-10-14-1804.csv,1.9636310400000003e-07,9.402047093333337e-07,0,0,0,0,HV 100
,BNL,"12 (ch1 in csv), 16 (ch2 in csv)",Electrons 85V,1.0,0,,200,/Users/rkfuentes/Documents/md_anderson_analysis/yepes_code/data/2025-10-14/scope-results-2025-10-14-1805.csv,1.6739485333333332e-07,8.842820000000016e-07,0,0,0,0,HV 100
,BNL,"12 (ch1 in csv), 16 (ch2 in csv)",Electrons 85V,1.0,0,,200,/Users/rkfuentes/Documents/md_anderson_analysis/yepes_code/data/2025-10-14/scope-results-2025-10-14-1806.csv,2.0513472000000022e-07,9.970336293333327e-07,0,0,0,0,HV 100
,BNL,"12 (ch1 in csv), 16 (ch2 in csv)",Electrons 85V,1.0,0,,200,/Users/rkfuentes/Documents/md_anderson_analysis/yepes_code/data/2025-10-14/scope-results-2025-10-14-1847.csv,7.018638133333334e-08,8.129257493333333e-07,0,0,0,0,HV 50
,BNL,"12 (ch1 in csv), 16 (ch2 in csv)",Electrons 85V,1.0,0,,200,/Users/rkfuentes/Documents/md_anderson_analysis/yepes_code/data/2025-10-14/scope-results-2025-10-14-1848.csv,7.578219999999991e-08,9.115634640000009e-07,0,0,0,0,HV 50
,BNL,"12 (ch1 in csv), 16 (ch2 in csv)",Electrons 85V,1.0,0,,200,/Users/rkfuentes/Documents/md_anderson_analysis/yepes_code/data/2025-10-14/scope-results-2025-10-14-1849.csv,6.505324266666661e-08,7.66320133333333e-07,0,0,0,0,HV 50
,BNL,"12 (ch1 in csv), 16 (ch2 in csv)",Electrons 85V,1.0,0,,200,/Users/rkfuentes/Documents/md_anderson_analysis/yepes_code/data/2025-10-14/scope-results-2025-10-14-1850.csv,6.662360533333322e-08,7.890890800000002e-07,0,0,0,0,HV 50
,BNL,"12 (ch1 in csv), 16 (ch2 in csv)",Electrons 85V,1.0,0,,200,/Users/rkfuentes/Documents/md_anderson_analysis/yepes_code/data/2025-10-14/scope-results-2025-10-14-1851.csv,6.96579759999999e-08,7.946660533333329e-07,0,0,0,0,HV 50
,BNL,"12 (ch1 in csv), 16 (ch2 in csv)",Electrons 85V,1.0,0,,200,/Users/rkfuentes/Documents/md_anderson_analysis/yepes_code/data/2025-10-14/scope-results-2025-10-14-1852.csv,7.450613333333334e-08,7.889885333333334e-07,0,0,0,0,HV 50
,BNL,"12 (ch1 in csv), 16 (ch2 in csv)",Electrons 85V,1.0,0,,200,/Users/rkfuentes/Documents/md_anderson_analysis/yepes_code/data/2025-10-14/scope-results-2025-10-14-1853.csv,4.1474807843137307e-07,1.1228031999999995e-08,0,0,0,0,HV 50
,BNL,"12 (ch1 in csv), 16 (ch2 in csv)",Electrons 85V,1.0,0,,200,/Users/rkfuentes/Documents/md_anderson_analysis/yepes_code/data/2025-10-14/scope-results-2025-10-14-1854.csv,7.602773866666657e-08,8.686526773333337e-07,0,0,0,0,HV 50
,BNL,"12 (ch1 in csv), 16 (ch2 in csv)",Electrons 85V,1.0,0,,200,/Users/rkfuentes/Documents/md_anderson_analysis/yepes_code/data/2025-10-14/scope-results-2025-10-14-1855.csv,7.087501599999998e-08,9.033996613333319e-07,0,0,0,0,HV 50
,BNL,"12 (ch1 in csv), 16 (ch2 in csv)",Electrons 85V,1.0,0,,200,/Users/rkfuentes/Documents/md_anderson_analysis/yepes_code/data/2025-10-14/scope-results-2025-10-14-1856.csv,3.0648000000000087e-09,9.212112106666664e-07,0,0,0,0,HV 50
,BNL,"12 (ch1 in csv), 16 (ch2 in csv)",Electrons 85V,1.0,0,,200,/Users/rkfuentes/Documents/md_anderson_analysis/yepes_code/data/2025-10-14/scope-results-2025-10-14-1857.csv,7.013481866666686e-08,9.438735919999995e-07,0,0,0,0,HV 50
,BNL,"12 (ch1 in csv), 16 (ch2 in csv)",Electrons 85V,1.0,0,,200,/Users/rkfuentes/Documents/md_anderson_analysis/yepes_code/data/2025-10-14/scope-results-2025-10-14-1858.csv,4.0683258133333377e-07,9.626893866666653e-07,0,0,0,0,HV 50
,BNL,"12 (ch1 in csv), 16 (ch2 in csv)",Electrons 85V,1.0,0,,200,/Users/rkfuentes/Documents/md_anderson_analysis/yepes_code/data/2025-10-14/scope-results-2025-10-14-1859.csv,7.568090666666666e-08,9.256250026666674e-07,0,0,0,0,HV 50
,BNL,"12 (ch1 in csv), 16 (ch2 in csv)",Electrons 85V,1.0,0,,200,/Users/rkfuentes/Documents/md_anderson_analysis/yepes_code/data/2025-10-14/scope-results-2025-10-14-1860.csv,3.3436266666666646e-08,9.122039253333338e-07,0,0,0,0,HV 50
,BNL,"12 (ch1 in csv), 16 (ch2 in csv)",Electrons 85V,1.0,0,,227.5,/Users/rkfuentes/Documents/md_anderson_analysis/yepes_code/data/2025-10-14/scope-results-2025-10-14-1902.csv,4.4791084800000016e-07,3.488873333333338e-08,0,0,0,0,HV 50
,BNL,"12 (ch1 in csv), 16 (ch2 in csv)",Electrons 85V,1.0,0,,227.5,/Users/rkfuentes/Documents/md_anderson_analysis/yepes_code/data/2025-10-14/scope-results-2025-10-14-1903.csv,5.241920533333333e-07,4.287108266666647e-08,0,0,0,0,HV 50
,BNL,"12 (ch1 in csv), 16 (ch2 in csv)",Electrons 85V,1.0,0,,227.5,/Users/rkfuentes/Documents/md_anderson_analysis/yepes_code/data/2025-10-14/scope-results-2025-10-14-1904.csv,5.917031333333332e-07,3.808890133333332e-08,0,0,0,0,HV 50
,BNL,"12 (ch1 in csv), 16 (ch2 in csv)",Electrons 85V,1.0,0,,227.5,/Users/rkfuentes/Documents/md_anderson_analysis/yepes_code/data/2025-10-14/scope-results-2025-10-14-1905.csv,4.629259987204104e-07,4.164008800000002e-08,0,0,0,0,HV 50
,BNL,"12 (ch1 in csv), 16 (ch2 in csv)",Electrons 85V,1.0,0,,227.5,/Users/rkfuentes/Documents/md_anderson_analysis/yepes_code/data/2025-10-14/scope-results-2025-10-14-1906.csv,5.412868640000004e-07,2.6022592000000073e-08,0,0,0,0,HV 50
,BNL,"12 (ch1 in csv), 16 (ch2 in csv)",Electrons 85V,1.0,0,,227.5,/Users/rkfuentes/Documents/md_anderson_analysis/yepes_code/data/2025-10-14/scope-results-2025-10-14-1907.csv,4.778460914512936e-07,1.9349048533333323e-07,0,0,0,0,HV 50
,BNL,"12 (ch1 in csv), 16 (ch2 in csv)",Electrons 85V,1.0,0,,227.5,/Users/rkfuentes/Documents/md_anderson_analysis/yepes_code/data/2025-10-14/scope-results-2025-10-14-1908.csv,4.230478933333337e-07,3.734591999999998e-09,0,0,0,0,HV 50
,BNL,"12 (ch1 in csv), 16 (ch2 in csv)",Electrons 85V,1.0,0,,227.5,/Users/rkfuentes/Documents/md_anderson_analysis/yepes_code/data/2025-10-14/scope-results-2025-10-14-1909.csv,5.158582933333337e-07,8.972416000000018e-09,0,0,0,0,HV 50
,BNL,"12 (ch1 in csv), 16 (ch2 in csv)",Electrons 85V,1.0,0,,227.5,/Users/rkfuentes/Documents/md_anderson_analysis/yepes_code/data/2025-10-14/scope-results-2025-10-14-1910.csv,5.27442216000001e-07,4.2583680000000096e-08,0,0,0,0,HV 50
,BNL,"12 (ch1 in csv), 16 (ch2 in csv)",Electrons 85V,1.0,0,,227.5,/Users/rkfuentes/Documents/md_anderson_analysis/yepes_code/data/2025-10-14/scope-results-2025-10-14-1911.csv,4.7676966350411245e-07,3.7196274686716757e-07,0,0,0,0,HV 50
,BNL,"12 (ch1 in csv), 16 (ch2 in csv)",Electrons 85V,1.0,0,,227.5,/Users/rkfuentes/Documents/md_anderson_analysis/yepes_code/data/2025-10-14/scope-results-2025-10-14-1912.csv,5.393487573333342e-07,2.105381333333332e-09,0,0,0,0,HV 50
,BNL,"12 (ch1 in csv), 16 (ch2 in csv)",Electrons 85V,1.0,0,,227.5,/Users/rkfuentes/Documents/md_anderson_analysis/yepes_code/data/2025-10-14/scope-results-2025-10-14-1913.csv,5.568039466666675e-07,1.397287999999992e-09,0,0,0,0,HV 50
,BNL,"12 (ch1 in csv), 16 (ch2 in csv)",Electrons 85V,1.0,0,,227.5,/Users/rkfuentes/Documents/md_anderson_analysis/yepes_code/data/2025-10-14/scope-results-2025-10-14-1914.csv,5.224696533333331e-07,3.7747071999999944e-08,0,0,0,0,HV 50
,BNL,"12 (ch1 in csv), 16 (ch2 in csv)",Electrons 85V,1.0,0,,227.5,/Users/rkfuentes/Documents/md_anderson_analysis/yepes_code/data/2025-10-14/scope-results-2025-10-14-1915.csv,4.4530876416337447e-07,3.359033608382451e-07,0,0,0,0,HV 50
,BNL,"12 (ch1 in csv), 16 (ch2 in csv)",Electrons 85V,1.0,0,,227.5,/Users/rkfuentes/Documents/md_anderson_analysis/yepes_code/data/2025-10-14/scope-results-2025-10-14-1956.csv,7.35343066666668e-08,1.234949733333332e-07,0,0,0,0,HV 100
,BNL,"12 (ch1 in csv), 16 (ch2 in csv)",Electrons 85V,1.0,0,,227.5,/Users/rkfuentes/Documents/md_anderson_analysis/yepes_code/data/2025-10-14/scope-results-2025-10-14-1957.csv,1.3568349866666672e-07,7.05753173333334e-08,0,0,0,0,HV 100
,BNL,"12 (ch1 in csv), 16 (ch2 in csv)",Electrons 85V,1.0,0,,227.5,/Users/rkfuentes/Documents/md_anderson_analysis/yepes_code/data/2025-10-14/scope-results-2025-10-14-1958.csv,5.607716594059416e-07,3.3138958273381294e-07,0,0,0,0,HV 100
,BNL,"12 (ch1 in csv), 16 (ch2 in csv)",Electrons 85V,1.0,0,,227.5,/Users/rkfuentes/Documents/md_anderson_analysis/yepes_code/data/2025-10-14/scope-results-2025-10-14-1959.csv,8.523374666666668e-08,4.733224533333339e-08,0,0,0,0,HV 100
,BNL,"12 (ch1 in csv), 16 (ch2 in csv)",Electrons 85V,1.0,0,,227.5,/Users/rkfuentes/Documents/md_anderson_analysis/yepes_code/data/2025-10-14/scope-results-2025-10-14-1960.csv,1.0677781866666668e-07,1.0173755733333331e-07,0,0,0,0,HV 100
,BNL,"12 (ch1 in csv), 16 (ch2 in csv)",Electrons 85V,1.0,0,,227.5,/Users/rkfuentes/Documents/md_anderson_analysis/yepes_code/data/2025-10-14/scope-results-2025-10-14-1961.csv,1.3260743466666658e-07,1.1769438133333339e-07,0,0,0,0,HV 100
,BNL,"12 (ch1 in csv), 16 (ch2 in csv)",Electrons 85V,1.0,0,,227.5,/Users/rkfuentes/Documents/md_anderson_analysis/yepes_code/data/2025-10-14/scope-results-2025-10-14-1962.csv,1.4081350133333348e-07,1.1807990666666688e-07,0,0,0,0,HV 100
,BNL,"12 (ch1 in csv), 16 (ch2 in csv)",Electrons 85V,1.0,0,,227.5,/Users/rkfuentes/Documents/md_anderson_analysis/yepes_code/data/2025-10-14/scope-results-2025-10-14-1963.csv,5.662354418604663e-07,4.446837104585265e-07,0,0,0,0,HV 100
,BNL,"12 (ch1 in csv), 16 (ch2 in csv)",Electrons 85V,1.0,0,,227.5,/Users/rkfuentes/Documents/md_anderson_analysis/yepes_code/data/2025-10-14/scope-results-2025-10-14-1964.csv,5.752806666666674e-07,1.2876174666666652e-07,0,0,0,0,HV 100
,BNL,"12 (ch1 in csv), 16 (ch2 in csv)",Electrons 85V,1.0,0,,227.5,/Users/rkfuentes/Documents/md_anderson_analysis/yepes_code/data/2025-10-14/scope-results-2025-10-14-1965.csv,1.2935413333333326e-07,1.2071165866666682e-07,0,0,0,0,HV 100
,BNL,"12 (ch1 in csv), 16 (ch2 in csv)",Electrons 85V,1.0,0,,227.5,/Users/rkfuentes/Documents/md_anderson_analysis/yepes_code/data/2025-10-14/scope-results-2025-10-14-1966.csv,5.734662456140362e-07,2.49271456e-07,0,0,0,0,HV 100
,BNL,"12 (ch1 in csv), 16 (ch2 in csv)",Electrons 85V,1.0,0,,227.5,/Users/rkfuentes/Documents/md_anderson_analysis/yepes_code/data/2025-10-14/scope-results-2025-10-14-1967.csv,1.3915601066666683e-07,1.312990933333333e-07,0,0,0,0,HV 100
,BNL,"12 (ch1 in csv), 16 (ch2 in csv)",Electrons 85V,1.0,0,,227.5,/Users/rkfuentes/Documents/md_anderson_analysis/yepes_code/data/2025-10-14/scope-results-2025-10-14-1968.csv,1.5002676266666663e-07,1.399619813333333e-07,0,0,0,0,HV 100
,BNL,"12 (ch1 in csv), 16 (ch2 in csv)",Electrons 85V,1.0,0,,75,/Users/rkfuentes/Documents/md_anderson_analysis/yepes_code/data/2025-10-14/scope-results-2025-10-14-2002.csv,1.0718598613333336e-06,2.5770398006230533e-06,0,0,0,0,HV 100
,BNL,"12 (ch1 in csv), 16 (ch2 in csv)",Electrons 85V,1.0,0,,75,/Users/rkfuentes/Documents/md_anderson_analysis/yepes_code/data/2025-10-14/scope-results-2025-10-14-2003.csv,9.888493333333334e-07,2.314466219114218e-06,0,0,0,0,HV 100
,BNL,"12 (ch1 in csv), 16 (ch2 in csv)",Electrons 85V,1.0,0,,75,/Users/rkfuentes/Documents/md_anderson_analysis/yepes_code/data/2025-10-14/scope-results-2025-10-14-2004.csv,1.0656356053333334e-06,5.30612229333333e-07,0,0,0,0,HV 100
,BNL,"12 (ch1 in csv), 16 (ch2 in csv)",Electrons 85V,1.0,0,,75,/Users/rkfuentes/Documents/md_anderson_analysis/yepes_code/data/2025-10-14/scope-results-2025-10-14-2005.csv,1.035531293333333e-06,2.4360732990196085e-06,0,0,0,0,HV 100
,BNL,"12 (ch1 in csv), 16 (ch2 in csv)",Electrons 85V,1.0,0,,75,/Users/rkfuentes/Documents/md_anderson_analysis/yepes_code/data/2025-10-14/scope-results-2025-10-14-2006.csv,1.0700643333333333e-06,2.619452164924505e-06,0,0,0,0,HV 100
,BNL,"12 (ch1 in csv), 16 (ch2 in csv)",Electrons 85V,1.0,0,,75,/Users/rkfuentes/Documents/md_anderson_analysis/yepes_code/data/2025-10-14/scope-results-2025-10-14-2007.csv,1.0704807893333331e-06,2.595061703839123e-06,0,0,0,0,HV 100
,BNL,"12 (ch1 in csv), 16 (ch2 in csv)",Electrons 85V,1.0,0,,75,/Users/rkfuentes/Documents/md_anderson_analysis/yepes_code/data/2025-10-14/scope-results-2025-10-14-2008.csv,1.0771026906666666e-06,2.3069387619047614e-06,0,0,0,0,HV 100
,BNL,"12 (ch1 in csv), 16 (ch2 in csv)",Electrons 85V,1.0,0,,75,/Users/rkfuentes/Documents/md_anderson_analysis/yepes_code/data/2025-10-14/scope-results-2025-10-14-2009.csv,1.0872324186666668e-06,5.045290186666666e-07,0,0,0,0,HV 100
,BNL,"12 (ch1 in csv), 16 (ch2 in csv)",Electrons 85V,1.0,0,,75,/Users/rkfuentes/Documents/md_anderson_analysis/yepes_code/data/2025-10-14/scope-results-2025-10-14-2010.csv,1.0721191999999998e-06,2.2511154636015325e-06,0,0,0,0,HV 100
,BNL,"12 (ch1 in csv), 16 (ch2 in csv)",Electrons 85V,1.0,0,,75,/Users/rkfuentes/Documents/md_anderson_analysis/yepes_code/data/2025-10-14/scope-results-2025-10-14-2011.csv,1.0946859626666666e-06,4.245183786666664e-07,0,0,0,0,HV 100
,BNL,"12 (ch1 in csv), 16 (ch2 in csv)",Electrons 85V,1.0,0,,75,/Users/rkfuentes/Documents/md_anderson_analysis/yepes_code/data/2025-10-14/scope-results-2025-10-14-2042.csv,4.4757398400000024e-07,2.2201041383647808e-06,0,0,0,0,HV 50
,BNL,"12 (ch1 in csv), 16 (ch2 in csv)",Electrons 85V,1.0,0,,75,/Users/rkfuentes/Documents/md_anderson_analysis/yepes_code/data/2025-10-14/scope-results-2025-10-14-2043.csv,4.146578560000002e-07,3.3272327466666654e-07,0,0,0,0,HV 50
,BNL,"12 (ch1 in csv), 16 (ch2 in csv)",Electrons 85V,1.0,0,,75,/Users/rkfuentes/Documents/md_anderson_analysis/yepes_code/data/2025-10-14/scope-results-2025-10-14-2044.csv,4.55846048e-07,2.3442599213410717e-06,0,0,0,0,HV 50
,BNL,"12 (ch1 in csv), 16 (ch2 in csv)",Electrons 85V,1.0,0,,75,/Users/rkfuentes/Documents/md_anderson_analysis/yepes_code/data/2025-10-14/scope-results-2025-10-14-2045.csv,4.5527130666666697e-07,2.3277293782771536e-06,0,0,0,0,HV 50
,BNL,"12 (ch1 in csv), 16 (ch2 in csv)",Electrons 85V,1.0,0,,75,/Users/rkfuentes/Documents/md_anderson_analysis/yepes_code/data/2025-10-14/scope-results-2025-10-14-2046.csv,4.5921740266666666e-07,2.1384384516129024e-06,0,0,0,0,HV 50
,BNL,"12 (ch1 in csv), 16 (ch2 in csv)",Electrons 85V,1.0,0,,75,/Users/rkfuentes/Documents/md_anderson_analysis/yepes_code/data/2025-10-14/scope-results-2025-10-14-2047.csv,4.995594560000002e-07,2.217484509136737e-06,0,0,0,0,HV 50
,BNL,"12 (ch1 in csv), 16 (ch2 in csv)",Electrons 85V,1.0,0,,75,/Users/rkfuentes/Documents/md_anderson_analysis/yepes_code/data/2025-10-14/scope-results-2025-10-14-2048.csv,4.5568608800000034e-07,2.213464999352751e-06,0,0,0,0,HV 50
,BNL,"12 (ch1 in csv), 16 (ch2 in csv)",Electrons 85V,1.0,0,,75,/Users/rkfuentes/Documents/md_anderson_analysis/yepes_code/data/2025-10-14/scope-results-2025-10-14-2049.csv,4.7331594666666683e-07,2.3915029719737632e-06,0,0,0,0,HV 50
,BNL,"12 (ch1 in csv), 16 (ch2 in csv)",Electrons 85V,1.0,0,,75,/Users/rkfuentes/Documents/md_anderson_analysis/yepes_code/data/2025-10-14/scope-results-2025-10-14-2050.csv,4.776703146666668e-07,2.3865605169545744e-06,0,0,0,0,HV 50
,BNL,"12 (ch1 in csv), 16 (ch2 in csv)",Electrons 85V,1.0,0,,75,/Users/rkfuentes/Documents/md_anderson_analysis/yepes_code/data/2025-10-14/scope-results-2025-10-14-2051.csv,4.7313155199999997e-07,2.11128924758594e-06,0,0,0,0,HV 50
,BNL,"12 (ch1 in csv), 16 (ch2 in csv)",Electrons 85V,1.0,0,,75,/Users/rkfuentes/Documents/md_anderson_analysis/yepes_code/data/2025-10-14/scope-results-2025-10-14-2082.csv,1.6974801814744802e-06,1.6900077693194924e-06,0,0,0,0,HV 20
,BNL,"12 (ch1 in csv), 16 (ch2 in csv)",Electrons 85V,2.0,0,,100,/Users/rkfuentes/Documents/md_anderson_analysis/yepes_code/data/2025-10-14/scope-results-2025-10-14-1061.csv,1.0141551893333334e-06,5.35678208e-07,0,0,0,0,HV 50
,BNL,"12 (ch1 in csv), 16 (ch2 in csv)",Electrons 85V,2.0,0,,100,/Users/rkfuentes/Documents/md_anderson_analysis/yepes_code/data/2025-10-14/scope-results-2025-10-14-1062.csv,1.0072267733333332e-06,5.25380784e-07,0,0,0,0,HV 50
,BNL,"12 (ch1 in csv), 16 (ch2 in csv)",Electrons 85V,2.0,0,,100,/Users/rkfuentes/Documents/md_anderson_analysis/yepes_code/data/2025-10-14/scope-results-2025-10-14-1063.csv,9.821934933333336e-07,5.427431653333335e-07,0,0,0,0,HV 50
,BNL,"12 (ch1 in csv), 16 (ch2 in csv)",Electrons 85V,2.0,0,,100,/Users/rkfuentes/Documents/md_anderson_analysis/yepes_code/data/2025-10-14/scope-results-2025-10-14-1064.csv,9.792281173333338e-07,5.247732480000001e-07,0,0,0,0,HV 50
,BNL,"12 (ch1 in csv), 16 (ch2 in csv)",Electrons 85V,2.0,0,,100,/Users/rkfuentes/Documents/md_anderson_analysis/yepes_code/data/2025-10-14/scope-results-2025-10-14-1065.csv,9.656970480000002e-07,1.7363251698113207e-06,0,0,0,0,HV 50
,BNL,"12 (ch1 in csv), 16 (ch2 in csv)",Electrons 85V,2.0,0,,100,/Users/rkfuentes/Documents/md_anderson_analysis/yepes_code/data/2025-10-14/scope-results-2025-10-14-1066.csv,9.74671402666667e-07,4.5902834400000014e-07,0,0,0,0,HV 50
,BNL,"12 (ch1 in csv), 16 (ch2 in csv)",Electrons 85V,2.0,0,,100,/Users/rkfuentes/Documents/md_anderson_analysis/yepes_code/data/2025-10-14/scope-results-2025-10-14-1067.csv,9.625827386666666e-07,1.6785579649122806e-06,0,0,0,0,HV 50
,BNL,"12 (ch1 in csv), 16 (ch2 in csv)",Electrons 85V,2.0,0,,100,/Users/rkfuentes/Documents/md_anderson_analysis/yepes_code/data/2025-10-14/scope-results-2025-10-14-1068.csv,9.439357013333336e-07,4.5967443199999976e-07,0,0,0,0,HV 50
,BNL,"12 (ch1 in csv), 16 (ch2 in csv)",Electrons 85V,2.0,0,,100,/Users/rkfuentes/Documents/md_anderson_analysis/yepes_code/data/2025-10-14/scope-results-2025-10-14-1069.csv,9.393377066666671e-07,1.7460217832647459e-06,0,0,0,0,HV 50
,BNL,"12 (ch1 in csv), 16 (ch2 in csv)",Electrons 85V,2.0,0,,100,/Users/rkfuentes/Documents/md_anderson_analysis/yepes_code/data/2025-10-14/scope-results-2025-10-14-1070.csv,9.487868906666669e-07,1.4260551638065518e-06,0,0,0,0,HV 50
,BNL,"12 (ch1 in csv), 16 (ch2 in csv)",Electrons 85V,2.0,0,,100,/Users/rkfuentes/Documents/md_anderson_analysis/yepes_code/data/2025-10-14/scope-results-2025-10-14-1071.csv,9.364693760000001e-07,1.6220222098765428e-06,0,0,0,0,HV 50
,BNL,"12 (ch1 in csv), 16 (ch2 in csv)",Electrons 85V,2.0,0,,100,/Users/rkfuentes/Documents/md_anderson_analysis/yepes_code/data/2025-10-14/scope-results-2025-10-14-1072.csv,9.320730853333333e-07,1.5832615868187577e-06,0,0,0,0,HV 50
,BNL,"12 (ch1 in csv), 16 (ch2 in csv)",Electrons 85V,2.0,0,,100,/Users/rkfuentes/Documents/md_anderson_analysis/yepes_code/data/2025-10-14/scope-results-2025-10-14-1073.csv,9.161386933333334e-07,1.602228673939394e-06,0,0,0,0,HV 50
,BNL,"12 (ch1 in csv), 16 (ch2 in csv)",Electrons 85V,2.0,0,,100,/Users/rkfuentes/Documents/md_anderson_analysis/yepes_code/data/2025-10-14/scope-results-2025-10-14-1074.csv,9.174416666666665e-07,4.59106152e-07,0,0,0,0,HV 50
,BNL,"12 (ch1 in csv), 16 (ch2 in csv)",Electrons 85V,2.0,0,,100,/Users/rkfuentes/Documents/md_anderson_analysis/yepes_code/data/2025-10-14/scope-results-2025-10-14-1075.csv,9.059549066666671e-07,4.4620890666666684e-07,0,0,0,0,HV 50
,BNL,"12 (ch1 in csv), 16 (ch2 in csv)",Electrons 85V,2.0,0,,100,/Users/rkfuentes/Documents/md_anderson_analysis/yepes_code/data/2025-10-14/scope-results-2025-10-14-1076.csv,9.01121146666667e-07,4.2843317866666625e-07,0,0,0,0,HV 50
,BNL,"12 (ch1 in csv), 16 (ch2 in csv)",Electrons 85V,2.0,0,,100,/Users/rkfuentes/Documents/md_anderson_analysis/yepes_code/data/2025-10-14/scope-results-2025-10-14-1077.csv,9.067890133333333e-07,4.584794719999998e-07,0,0,0,0,HV 50
,BNL,"12 (ch1 in csv), 16 (ch2 in csv)",Electrons 85V,2.0,0,,100,/Users/rkfuentes/Documents/md_anderson_analysis/yepes_code/data/2025-10-14/scope-results-2025-10-14-1078.csv,9.248164560000005e-07,4.381114720000001e-07,0,0,0,0,HV 50
,BNL,"12 (ch1 in csv), 16 (ch2 in csv)",Electrons 85V,2.0,0,,100,/Users/rkfuentes/Documents/md_anderson_analysis/yepes_code/data/2025-10-14/scope-results-2025-10-14-1079.csv,9.032666453333336e-07,1.6219778327272728e-06,0,0,0,0,HV 50
,BNL,"12 (ch1 in csv), 16 (ch2 in csv)",Electrons 85V,2.0,0,,100,/Users/rkfuentes/Documents/md_anderson_analysis/yepes_code/data/2025-10-14/scope-results-2025-10-14-1080.csv,9.08792088e-07,1.5847484574209247e-06,0,0,0,0,HV 50
,BNL,"12 (ch1 in csv), 16 (ch2 in csv)",Electrons 85V,2.0,0,,100,/Users/rkfuentes/Documents/md_anderson_analysis/yepes_code/data/2025-10-14/scope-results-2025-10-14-1081.csv,9.031183920000003e-07,1.618127450704225e-06,0,0,0,0,HV 50
,BNL,"12 (ch1 in csv), 16 (ch2 in csv)",Electrons 85V,2.0,0,,100,/Users/rkfuentes/Documents/md_anderson_analysis/yepes_code/data/2025-10-14/scope-results-2025-10-14-1082.csv,8.895610986666669e-07,4.858610613333334e-07,0,0,0,0,HV 50
,BNL,"12 (ch1 in csv), 16 (ch2 in csv)",Electrons 85V,2.0,0,,100,/Users/rkfuentes/Documents/md_anderson_analysis/yepes_code/data/2025-10-14/scope-results-2025-10-14-1083.csv,9.118139999999999e-07,4.864082826666669e-07,0,0,0,0,HV 50
,BNL,"12 (ch1 in csv), 16 (ch2 in csv)",Electrons 85V,2.0,0,,100,/Users/rkfuentes/Documents/md_anderson_analysis/yepes_code/data/2025-10-14/scope-results-2025-10-14-1084.csv,9.093163333333335e-07,1.5392803519061586e-06,0,0,0,0,HV 50
,BNL,"12 (ch1 in csv), 16 (ch2 in csv)",Electrons 85V,2.0,0,,100,/Users/rkfuentes/Documents/md_anderson_analysis/yepes_code/data/2025-10-14/scope-results-2025-10-14-1085.csv,9.044623680000001e-07,4.365711599999996e-07,0,0,0,0,HV 50
,BNL,"12 (ch1 in csv), 16 (ch2 in csv)",Electrons 85V,2.0,0,,100,/Users/rkfuentes/Documents/md_anderson_analysis/yepes_code/data/2025-10-14/scope-results-2025-10-14-1086.csv,8.957555973333334e-07,4.2629657066666675e-07,0,0,0,0,HV 50
,BNL,"12 (ch1 in csv), 16 (ch2 in csv)",Electrons 85V,2.0,0,,100,/Users/rkfuentes/Documents/md_anderson_analysis/yepes_code/data/2025-10-14/scope-results-2025-10-14-1087.csv,8.873986400000005e-07,4.7202405600000017e-07,0,0,0,0,HV 50
,BNL,"12 (ch1 in csv), 16 (ch2 in csv)",Electrons 85V,2.0,0,,100,/Users/rkfuentes/Documents/md_anderson_analysis/yepes_code/data/2025-10-14/scope-results-2025-10-14-1088.csv,9.004255466666665e-07,4.552883199999998e-07,0,0,0,0,HV 50
,BNL,"12 (ch1 in csv), 16 (ch2 in csv)",Electrons 85V,2.0,0,,100,/Users/rkfuentes/Documents/md_anderson_analysis/yepes_code/data/2025-10-14/scope-results-2025-10-14-1089.csv,8.928802773333335e-07,4.6903200000000033e-07,0,0,0,0,HV 50
,BNL,"12 (ch1 in csv), 16 (ch2 in csv)",Electrons 85V,2.0,0,,100,/Users/rkfuentes/Documents/md_anderson_analysis/yepes_code/data/2025-10-14/scope-results-2025-10-14-1090.csv,8.710466399999999e-07,1.519619775768535e-06,0,0,0,0,HV 50
,BNL,"12 (ch1 in csv), 16 (ch2 in csv)",Electrons 85V,2.0,0,,100,/Users/rkfuentes/Documents/md_anderson_analysis/yepes_code/data/2025-10-14/scope-results-2025-10-14-1175.csv,2.423311893333333e-06,1.1694378533333335e-06,0,0,0,0,HV 100
,BNL,"12 (ch1 in csv), 16 (ch2 in csv)",Electrons 85V,2.0,0,,100,/Users/rkfuentes/Documents/md_anderson_analysis/yepes_code/data/2025-10-14/scope-results-2025-10-14-1176.csv,2.444951953333333e-06,1.0960526399999997e-06,0,0,0,0,HV 100
,BNL,"12 (ch1 in csv), 16 (ch2 in csv)",Electrons 85V,2.0,0,,100,/Users/rkfuentes/Documents/md_anderson_analysis/yepes_code/data/2025-10-14/scope-results-2025-10-14-1177.csv,2.40221072e-06,1.1332379733333333e-06,0,0,0,0,HV 100
,BNL,"12 (ch1 in csv), 16 (ch2 in csv)",Electrons 85V,2.0,0,,100,/Users/rkfuentes/Documents/md_anderson_analysis/yepes_code/data/2025-10-14/scope-results-2025-10-14-1178.csv,2.3934700333333334e-06,1.121721626666667e-06,0,0,0,0,HV 100
,BNL,"12 (ch1 in csv), 16 (ch2 in csv)",Electrons 85V,2.0,0,,100,/Users/rkfuentes/Documents/md_anderson_analysis/yepes_code/data/2025-10-14/scope-results-2025-10-14-1179.csv,2.3747666133333333e-06,1.0857770466666664e-06,0,0,0,0,HV 100
,BNL,"12 (ch1 in csv), 16 (ch2 in csv)",Electrons 85V,2.0,0,,100,/Users/rkfuentes/Documents/md_anderson_analysis/yepes_code/data/2025-10-14/scope-results-2025-10-14-1180.csv,2.3548843866666666e-06,1.0727959066666667e-06,0,0,0,0,HV 100
,BNL,"12 (ch1 in csv), 16 (ch2 in csv)",Electrons 85V,2.0,0,,100,/Users/rkfuentes/Documents/md_anderson_analysis/yepes_code/data/2025-10-14/scope-results-2025-10-14-1181.csv,2.3687330333333335e-06,1.1499711666666666e-06,0,0,0,0,HV 100
,BNL,"12 (ch1 in csv), 16 (ch2 in csv)",Electrons 85V,2.0,0,,100,/Users/rkfuentes/Documents/md_anderson_analysis/yepes_code/data/2025-10-14/scope-results-2025-10-14-1182.csv,2.3480201866666666e-06,1.081336826666667e-06,0,0,0,0,HV 100
,BNL,"12 (ch1 in csv), 16 (ch2 in csv)",Electrons 85V,2.0,0,,100,/Users/rkfuentes/Documents/md_anderson_analysis/yepes_code/data/2025-10-14/scope-results-2025-10-14-1183.csv,2.3563873733333344e-06,1.1110702933333333e-06,0,0,0,0,HV 100
,BNL,"12 (ch1 in csv), 16 (ch2 in csv)",Electrons 85V,2.0,0,,100,/Users/rkfuentes/Documents/md_anderson_analysis/yepes_code/data/2025-10-14/scope-results-2025-10-14-1184.csv,2.3270739200000004e-06,1.12808624e-06,0,0,0,0,HV 100
,BNL,"12 (ch1 in csv), 16 (ch2 in csv)",Electrons 85V,2.0,0,,100,/Users/rkfuentes/Documents/md_anderson_analysis/yepes_code/data/2025-10-14/scope-results-2025-10-14-1185.csv,2.296731673333333e-06,1.0617994133333331e-06,0,0,0,0,HV 100
,BNL,"12 (ch1 in csv), 16 (ch2 in csv)",Electrons 85V,2.0,0,,100,/Users/rkfuentes/Documents/md_anderson_analysis/yepes_code/data/2025-10-14/scope-results-2025-10-14-1186.csv,2.208449173333333e-06,1.0958454933333336e-06,0,0,0,0,HV 100
,BNL,"12 (ch1 in csv), 16 (ch2 in csv)",Electrons 85V,2.0,0,,100,/Users/rkfuentes/Documents/md_anderson_analysis/yepes_code/data/2025-10-14/scope-results-2025-10-14-1187.csv,2.2147849666666664e-06,1.06600456e-06,0,0,0,0,HV 100
,BNL,"12 (ch1 in csv), 16 (ch2 in csv)",Electrons 85V,2.0,0,,100,/Users/rkfuentes/Documents/md_anderson_analysis/yepes_code/data/2025-10-14/scope-results-2025-10-14-1188.csv,2.210044506666666e-06,1.0736034333333333e-06,0,0,0,0,HV 100
,BNL,"12 (ch1 in csv), 16 (ch2 in csv)",Electrons 85V,2.0,0,,100,/Users/rkfuentes/Documents/md_anderson_analysis/yepes_code/data/2025-10-14/scope-results-2025-10-14-1189.csv,2.278695839999999e-06,1.09131324e-06,0,0,0,0,HV 100
,BNL,"12 (ch1 in csv), 16 (ch2 in csv)",Electrons 85V,2.0,0,,100,/Users/rkfuentes/Documents/md_anderson_analysis/yepes_code/data/2025-10-14/scope-results-2025-10-14-1190.csv,2.2506042599999995e-06,1.037805893333333e-06,0,0,0,0,HV 100
,BNL,"12 (ch1 in csv), 16 (ch2 in csv)",Electrons 85V,2.0,0,,100,/Users/rkfuentes/Documents/md_anderson_analysis/yepes_code/data/2025-10-14/scope-results-2025-10-14-1191.csv,2.26826144e-06,1.117290633333333e-06,0,0,0,0,HV 100
,BNL,"12 (ch1 in csv), 16 (ch2 in csv)",Electrons 85V,2.0,0,,100,/Users/rkfuentes/Documents/md_anderson_analysis/yepes_code/data/2025-10-14/scope-results-2025-10-14-1192.csv,2.2467246000000007e-06,1.1177563999999997e-06,0,0,0,0,HV 100
,BNL,"12 (ch1 in csv), 16 (ch2 in csv)",Electrons 85V,2.0,0,,100,/Users/rkfuentes/Documents/md_anderson_analysis/yepes_code/data/2025-10-14/scope-results-2025-10-14-1193.csv,2.2141206799999993e-06,1.0453253599999996e-06,0,0,0,0,HV 100
,BNL,"12 (ch1 in csv), 16 (ch2 in csv)",Electrons 85V,2.0,0,,100,/Users/rkfuentes/Documents/md_anderson_analysis/yepes_code/data/2025-10-14/scope-results-2025-10-14-1194.csv,2.1756122666666655e-06,1.0598211466666662e-06,0,0,0,0,HV 100
,BNL,"12 (ch1 in csv), 16 (ch2 in csv)",Electrons 85V,2.0,0,,100,/Users/rkfuentes/Documents/md_anderson_analysis/yepes_code/data/2025-10-14/scope-results-2025-10-14-1195.csv,2.2820219066666666e-06,1.0999461999999997e-06,0,0,0,0,HV 100
,BNL,"12 (ch1 in csv), 16 (ch2 in csv)",Electrons 85V,2.0,0,,100,/Users/rkfuentes/Documents/md_anderson_analysis/yepes_code/data/2025-10-14/scope-results-2025-10-14-1196.csv,2.1450674999999986e-06,1.1204871733333332e-06,0,0,0,0,HV 100
,BNL,"12 (ch1 in csv), 16 (ch2 in csv)",Electrons 85V,2.0,0,,100,/Users/rkfuentes/Documents/md_anderson_analysis/yepes_code/data/2025-10-14/scope-results-2025-10-14-1197.csv,2.2572816266666666e-06,1.0845899933333333e-06,0,0,0,0,HV 100
,BNL,"12 (ch1 in csv), 16 (ch2 in csv)",Electrons 85V,2.0,0,,100,/Users/rkfuentes/Documents/md_anderson_analysis/yepes_code/data/2025-10-14/scope-results-2025-10-14-1198.csv,2.1487011466666666e-06,1.1336345333333334e-06,0,0,0,0,HV 100
,BNL,"12 (ch1 in csv), 16 (ch2 in csv)",Electrons 85V,2.0,0,,100,/Users/rkfuentes/Documents/md_anderson_analysis/yepes_code/data/2025-10-14/scope-results-2025-10-14-1199.csv,2.2702672666666663e-06,1.074722433333333e-06,0,0,0,0,HV 100
,BNL,"12 (ch1 in csv), 16 (ch2 in csv)",Electrons 85V,2.0,0,,100,/Users/rkfuentes/Documents/md_anderson_analysis/yepes_code/data/2025-10-14/scope-results-2025-10-14-1200.csv,2.2898272e-06,1.0268283866666667e-06,0,0,0,0,HV 100
,BNL,"12 (ch1 in csv), 16 (ch2 in csv)",Electrons 85V,2.0,0,,100,/Users/rkfuentes/Documents/md_anderson_analysis/yepes_code/data/2025-10-14/scope-results-2025-10-14-1201.csv,2.1923333333333336e-06,1.0813741666666666e-06,0,0,0,0,HV 100
,BNL,"12 (ch1 in csv), 16 (ch2 in csv)",Electrons 85V,2.0,0,,100,/Users/rkfuentes/Documents/md_anderson_analysis/yepes_code/data/2025-10-14/scope-results-2025-10-14-1202.csv,2.1774309333333333e-06,1.0590810000000003e-06,0,0,0,0,HV 100
,BNL,"12 (ch1 in csv), 16 (ch2 in csv)",Electrons 85V,2.0,0,,100,/Users/rkfuentes/Documents/md_anderson_analysis/yepes_code/data/2025-10-14/scope-results-2025-10-14-1203.csv,2.281012486666666e-06,1.0662134933333333e-06,0,0,0,0,HV 100
,BNL,"12 (ch1 in csv), 16 (ch2 in csv)",Electrons 85V,2.0,0,,125,/Users/rkfuentes/Documents/md_anderson_analysis/yepes_code/data/2025-10-14/scope-results-2025-10-14-1332.csv,5.859565653333336e-07,1.078813679999999e-06,0,0,0,0,HV 50
,BNL,"12 (ch1 in csv), 16 (ch2 in csv)",Electrons 85V,2.0,0,,125,/Users/rkfuentes/Documents/md_anderson_analysis/yepes_code/data/2025-10-14/scope-results-2025-10-14-1333.csv,5.856488399999999e-07,1.1164587520000001e-06,0,0,0,0,HV 50
,BNL,"12 (ch1 in csv), 16 (ch2 in csv)",Electrons 85V,2.0,0,,125,/Users/rkfuentes/Documents/md_anderson_analysis/yepes_code/data/2025-10-14/scope-results-2025-10-14-1334.csv,5.895238373333333e-07,1.3265985920000001e-06,0,0,0,0,HV 50
,BNL,"12 (ch1 in csv), 16 (ch2 in csv)",Electrons 85V,2.0,0,,125,/Users/rkfuentes/Documents/md_anderson_analysis/yepes_code/data/2025-10-14/scope-results-2025-10-14-1335.csv,9.212982773333337e-07,7.017795266666667e-07,0,0,0,0,HV 50
,BNL,"12 (ch1 in csv), 16 (ch2 in csv)",Electrons 85V,2.0,0,,125,/Users/rkfuentes/Documents/md_anderson_analysis/yepes_code/data/2025-10-14/scope-results-2025-10-14-1336.csv,5.901769466666668e-07,1.0278068960000012e-06,0,0,0,0,HV 50
,BNL,"12 (ch1 in csv), 16 (ch2 in csv)",Electrons 85V,2.0,0,,125,/Users/rkfuentes/Documents/md_anderson_analysis/yepes_code/data/2025-10-14/scope-results-2025-10-14-1337.csv,5.881238640000004e-07,9.831669024390246e-07,0,0,0,0,HV 50
,BNL,"12 (ch1 in csv), 16 (ch2 in csv)",Electrons 85V,2.0,0,,125,/Users/rkfuentes/Documents/md_anderson_analysis/yepes_code/data/2025-10-14/scope-results-2025-10-14-1338.csv,6.019340906666665e-07,1.2867867093333334e-06,0,0,0,0,HV 50
,BNL,"12 (ch1 in csv), 16 (ch2 in csv)",Electrons 85V,2.0,0,,125,/Users/rkfuentes/Documents/md_anderson_analysis/yepes_code/data/2025-10-14/scope-results-2025-10-14-1339.csv,6.060824600000002e-07,9.447695669916932e-07,0,0,0,0,HV 50
,BNL,"12 (ch1 in csv), 16 (ch2 in csv)",Electrons 85V,2.0,0,,125,/Users/rkfuentes/Documents/md_anderson_analysis/yepes_code/data/2025-10-14/scope-results-2025-10-14-1340.csv,5.945988960000001e-07,9.58343911520404e-07,0,0,0,0,HV 50
,BNL,"12 (ch1 in csv), 16 (ch2 in csv)",Electrons 85V,2.0,0,,125,/Users/rkfuentes/Documents/md_anderson_analysis/yepes_code/data/2025-10-14/scope-results-2025-10-14-1341.csv,5.91703104e-07,1.2290512626666668e-06,0,0,0,0,HV 50
,BNL,"12 (ch1 in csv), 16 (ch2 in csv)",Electrons 85V,2.0,0,,125,/Users/rkfuentes/Documents/md_anderson_analysis/yepes_code/data/2025-10-14/scope-results-2025-10-14-1342.csv,5.938945333333333e-07,8.820277333333324e-09,0,0,0,0,HV 50
,BNL,"12 (ch1 in csv), 16 (ch2 in csv)",Electrons 85V,2.0,0,,125,/Users/rkfuentes/Documents/md_anderson_analysis/yepes_code/data/2025-10-14/scope-results-2025-10-14-1343.csv,5.836928079999994e-07,7.112167333333333e-07,0,0,0,0,HV 50
,BNL,"12 (ch1 in csv), 16 (ch2 in csv)",Electrons 85V,2.0,0,,125,/Users/rkfuentes/Documents/md_anderson_analysis/yepes_code/data/2025-10-14/scope-results-2025-10-14-1344.csv,5.725989813333333e-07,1.2682749426666668e-06,0,0,0,0,HV 50
,BNL,"12 (ch1 in csv), 16 (ch2 in csv)",Electrons 85V,2.0,0,,125,/Users/rkfuentes/Documents/md_anderson_analysis/yepes_code/data/2025-10-14/scope-results-2025-10-14-1345.csv,5.629839333333333e-07,1.2910409146666666e-06,0,0,0,0,HV 50
,BNL,"12 (ch1 in csv), 16 (ch2 in csv)",Electrons 85V,2.0,0,,125,/Users/rkfuentes/Documents/md_anderson_analysis/yepes_code/data/2025-10-14/scope-results-2025-10-14-1346.csv,9.25737924e-07,1.1495225706666678e-06,0,0,0,0,HV 50
,BNL,"12 (ch1 in csv), 16 (ch2 in csv)",Electrons 85V,2.0,0,,125,/Users/rkfuentes/Documents/md_anderson_analysis/yepes_code/data/2025-10-14/scope-results-2025-10-14-1347.csv,5.595469186666665e-07,1.1946190506666668e-06,0,0,0,0,HV 50
,BNL,"12 (ch1 in csv), 16 (ch2 in csv)",Electrons 85V,2.0,0,,125,/Users/rkfuentes/Documents/md_anderson_analysis/yepes_code/data/2025-10-14/scope-results-2025-10-14-1348.csv,5.719555533333331e-07,1.2278014506666665e-06,0,0,0,0,HV 50
,BNL,"12 (ch1 in csv), 16 (ch2 in csv)",Electrons 85V,2.0,0,,125,/Users/rkfuentes/Documents/md_anderson_analysis/yepes_code/data/2025-10-14/scope-results-2025-10-14-1349.csv,5.882590186666668e-07,9.375932853333327e-07,0,0,0,0,HV 50
,BNL,"12 (ch1 in csv), 16 (ch2 in csv)",Electrons 85V,2.0,0,,125,/Users/rkfuentes/Documents/md_anderson_analysis/yepes_code/data/2025-10-14/scope-results-2025-10-14-1350.csv,5.752902133333334e-07,3.929741706666661e-07,0,0,0,0,HV 50
,BNL,"12 (ch1 in csv), 16 (ch2 in csv)",Electrons 85V,2.0,0,,125,/Users/rkfuentes/Documents/md_anderson_analysis/yepes_code/data/2025-10-14/scope-results-2025-10-14-1351.csv,5.742446933333332e-07,1.2812802719999995e-06,0,0,0,0,HV 50
,BNL,"12 (ch1 in csv), 16 (ch2 in csv)",Electrons 85V,2.0,0,,125,/Users/rkfuentes/Documents/md_anderson_analysis/yepes_code/data/2025-10-14/scope-results-2025-10-14-1352.csv,5.640097066666667e-07,7.048587600000014e-07,0,0,0,0,HV 50
,BNL,"12 (ch1 in csv), 16 (ch2 in csv)",Electrons 85V,2.0,0,,125,/Users/rkfuentes/Documents/md_anderson_analysis/yepes_code/data/2025-10-14/scope-results-2025-10-14-1353.csv,5.584373973333335e-07,1.2449623026666668e-06,0,0,0,0,HV 50
,BNL,"12 (ch1 in csv), 16 (ch2 in csv)",Electrons 85V,2.0,0,,125,/Users/rkfuentes/Documents/md_anderson_analysis/yepes_code/data/2025-10-14/scope-results-2025-10-14-1354.csv,5.806031040000002e-07,1.2641218240000011e-06,0,0,0,0,HV 50
,BNL,"12 (ch1 in csv), 16 (ch2 in csv)",Electrons 85V,2.0,0,,125,/Users/rkfuentes/Documents/md_anderson_analysis/yepes_code/data/2025-10-14/scope-results-2025-10-14-1355.csv,5.66239e-07,1.2203151999999994e-08,0,0,0,0,HV 50
,BNL,"12 (ch1 in csv), 16 (ch2 in csv)",Electrons 85V,2.0,0,,125,/Users/rkfuentes/Documents/md_anderson_analysis/yepes_code/data/2025-10-14/scope-results-2025-10-14-1385.csv,1.7047466666641224e-10,6.114666666667197e-11,0,0,0,0,HV 20
,BNL,"12 (ch1 in csv), 16 (ch2 in csv)",Electrons 85V,2.0,0,,125,/Users/rkfuentes/Documents/md_anderson_analysis/yepes_code/data/2025-10-14/scope-results-2025-10-14-1386.csv,7.491279999999961e-09,1.9440506666666694e-08,0,0,0,0,HV 20
,BNL,"12 (ch1 in csv), 16 (ch2 in csv)",Electrons 85V,2.0,0,,125,/Users/rkfuentes/Documents/md_anderson_analysis/yepes_code/data/2025-10-14/scope-results-2025-10-14-1387.csv,5.5763706666666624e-09,3.304034133333332e-08,0,0,0,0,HV 20
,BNL,"12 (ch1 in csv), 16 (ch2 in csv)",Electrons 85V,2.0,0,,125,/Users/rkfuentes/Documents/md_anderson_analysis/yepes_code/data/2025-10-14/scope-results-2025-10-14-1434.csv,1.6232356746666666e-06,9.78166885333333e-07,0,0,0,0,HV 100
,BNL,"12 (ch1 in csv), 16 (ch2 in csv)",Electrons 85V,2.0,0,,125,/Users/rkfuentes/Documents/md_anderson_analysis/yepes_code/data/2025-10-14/scope-results-2025-10-14-1435.csv,1.5917810613333333e-06,1.6584700990099005e-06,0,0,0,0,HV 100
,BNL,"12 (ch1 in csv), 16 (ch2 in csv)",Electrons 85V,2.0,0,,125,/Users/rkfuentes/Documents/md_anderson_analysis/yepes_code/data/2025-10-14/scope-results-2025-10-14-1436.csv,1.5910334586666665e-06,9.81395333333335e-07,0,0,0,0,HV 100
,BNL,"12 (ch1 in csv), 16 (ch2 in csv)",Electrons 85V,2.0,0,,125,/Users/rkfuentes/Documents/md_anderson_analysis/yepes_code/data/2025-10-14/scope-results-2025-10-14-1437.csv,1.4832000320000002e-06,8.582669333333332e-07,0,0,0,0,HV 100
,BNL,"12 (ch1 in csv), 16 (ch2 in csv)",Electrons 85V,2.0,0,,125,/Users/rkfuentes/Documents/md_anderson_analysis/yepes_code/data/2025-10-14/scope-results-2025-10-14-1438.csv,1.5067284320000006e-06,8.815893840000002e-07,0,0,0,0,HV 100
,BNL,"12 (ch1 in csv), 16 (ch2 in csv)",Electrons 85V,2.0,0,,125,/Users/rkfuentes/Documents/md_anderson_analysis/yepes_code/data/2025-10-14/scope-results-2025-10-14-1439.csv,1.4923516933333334e-06,9.217572106666665e-07,0,0,0,0,HV 100
,BNL,"12 (ch1 in csv), 16 (ch2 in csv)",Electrons 85V,2.0,0,,125,/Users/rkfuentes/Documents/md_anderson_analysis/yepes_code/data/2025-10-14/scope-results-2025-10-14-1440.csv,1.5442488106666668e-06,8.625213173333332e-07,0,0,0,0,HV 100
,BNL,"12 (ch1 in csv), 16 (ch2 in csv)",Electrons 85V,2.0,0,,125,/Users/rkfuentes/Documents/md_anderson_analysis/yepes_code/data/2025-10-14/scope-results-2025-10-14-1441.csv,1.5049097626666668e-06,8.764728746666677e-07,0,0,0,0,HV 100
,BNL,"12 (ch1 in csv), 16 (ch2 in csv)",Electrons 85V,2.0,0,,125,/Users/rkfuentes/Documents/md_anderson_analysis/yepes_code/data/2025-10-14/scope-results-2025-10-14-1442.csv,1.4233630240000001e-06,9.593250426666669e-07,0,0,0,0,HV 100
,BNL,"12 (ch1 in csv), 16 (ch2 in csv)",Electrons 85V,2.0,0,,125,/Users/rkfuentes/Documents/md_anderson_analysis/yepes_code/data/2025-10-14/scope-results-2025-10-14-1443.csv,1.430744293333334e-06,8.344222186666663e-07,0,0,0,0,HV 100
,BNL,"12 (ch1 in csv), 16 (ch2 in csv)",Electrons 85V,2.0,0,,125,/Users/rkfuentes/Documents/md_anderson_analysis/yepes_code/data/2025-10-14/scope-results-2025-10-14-1444.csv,1.4384879386666672e-06,8.967283413333342e-07,0,0,0,0,HV 100
,BNL,"12 (ch1 in csv), 16 (ch2 in csv)",Electrons 85V,2.0,0,,125,/Users/rkfuentes/Documents/md_anderson_analysis/yepes_code/data/2025-10-14/scope-results-2025-10-14-1445.csv,1.4741199733333334e-06,8.122941146666663e-07,0,0,0,0,HV 100
,BNL,"12 (ch1 in csv), 16 (ch2 in csv)",Electrons 85V,2.0,0,,125,/Users/rkfuentes/Documents/md_anderson_analysis/yepes_code/data/2025-10-14/scope-results-2025-10-14-1446.csv,1.4170940213333333e-06,8.307722240000004e-07,0,0,0,0,HV 100
,BNL,"12 (ch1 in csv), 16 (ch2 in csv)",Electrons 85V,2.0,0,,125,/Users/rkfuentes/Documents/md_anderson_analysis/yepes_code/data/2025-10-14/scope-results-2025-10-14-1447.csv,1.4341562346666668e-06,8.156805333333335e-07,0,0,0,0,HV 100
,BNL,"12 (ch1 in csv), 16 (ch2 in csv)",Electrons 85V,2.0,0,,125,/Users/rkfuentes/Documents/md_anderson_analysis/yepes_code/data/2025-10-14/scope-results-2025-10-14-1448.csv,1.4021993999999998e-06,8.20667136e-07,0,0,0,0,HV 100
,BNL,"12 (ch1 in csv), 16 (ch2 in csv)",Electrons 85V,2.0,0,,125,/Users/rkfuentes/Documents/md_anderson_analysis/yepes_code/data/2025-10-14/scope-results-2025-10-14-1449.csv,1.371057077333333e-06,8.263475466666659e-07,0,0,0,0,HV 100
,BNL,"12 (ch1 in csv), 16 (ch2 in csv)",Electrons 85V,2.0,0,,125,/Users/rkfuentes/Documents/md_anderson_analysis/yepes_code/data/2025-10-14/scope-results-2025-10-14-1450.csv,1.4420930399999999e-06,8.820755546666661e-07,0,0,0,0,HV 100
,BNL,"12 (ch1 in csv), 16 (ch2 in csv)",Electrons 85V,2.0,0,,125,/Users/rkfuentes/Documents/md_anderson_analysis/yepes_code/data/2025-10-14/scope-results-2025-10-14-1451.csv,1.3986423839999996e-06,8.163156266666667e-07,0,0,0,0,HV 100
,BNL,"12 (ch1 in csv), 16 (ch2 in csv)",Electrons 85V,2.0,0,,125,/Users/rkfuentes/Documents/md_anderson_analysis/yepes_code/data/2025-10-14/scope-results-2025-10-14-1452.csv,1.4341799893333332e-06,8.650080426666662e-07,0,0,0,0,HV 100
,BNL,"12 (ch1 in csv), 16 (ch2 in csv)",Electrons 85V,2.0,0,,125,/Users/rkfuentes/Documents/md_anderson_analysis/yepes_code/data/2025-10-14/scope-results-2025-10-14-1453.csv,1.4062177706666665e-06,8.262552373333335e-07,0,0,0,0,HV 100
,BNL,"12 (ch1 in csv), 16 (ch2 in csv)",Electrons 85V,2.0,0,,125,/Users/rkfuentes/Documents/md_anderson_analysis/yepes_code/data/2025-10-14/scope-results-2025-10-14-1454.csv,1.4367248880000004e-06,8.305937493333331e-07,0,0,0,0,HV 100
,BNL,"12 (ch1 in csv), 16 (ch2 in csv)",Electrons 85V,2.0,0,,125,/Users/rkfuentes/Documents/md_anderson_analysis/yepes_code/data/2025-10-14/scope-results-2025-10-14-1455.csv,1.3709509493333326e-06,8.994903519999995e-07,0,0,0,0,HV 100
,BNL,"12 (ch1 in csv), 16 (ch2 in csv)",Electrons 85V,2.0,0,,125,/Users/rkfuentes/Documents/md_anderson_analysis/yepes_code/data/2025-10-14/scope-results-2025-10-14-1456.csv,1.403443242666667e-06,8.048286186666665e-07,0,0,0,0,HV 100
,BNL,"12 (ch1 in csv), 16 (ch2 in csv)",Electrons 85V,2.0,0,,150,/Users/rkfuentes/Documents/md_anderson_analysis/yepes_code/data/2025-10-14/scope-results-2025-10-14-1528.csv,8.067225466666671e-07,1.786756781333332e-06,0,0,0,0,HV 100
,BNL,"12 (ch1 in csv), 16 (ch2 in csv)",Electrons 85V,2.0,0,,150,/Users/rkfuentes/Documents/md_anderson_analysis/yepes_code/data/2025-10-14/scope-results-2025-10-14-1529.csv,8.0739144e-07,2.005073866666668e-06,0,0,0,0,HV 100
,BNL,"12 (ch1 in csv), 16 (ch2 in csv)",Electrons 85V,2.0,0,,150,/Users/rkfuentes/Documents/md_anderson_analysis/yepes_code/data/2025-10-14/scope-results-2025-10-14-1530.csv,8.233432266666668e-07,1.5128394414414418e-06,0,0,0,0,HV 100
,BNL,"12 (ch1 in csv), 16 (ch2 in csv)",Electrons 85V,2.0,0,,150,/Users/rkfuentes/Documents/md_anderson_analysis/yepes_code/data/2025-10-14/scope-results-2025-10-14-1531.csv,7.601516026666669e-07,6.004198879999995e-07,0,0,0,0,HV 100
,BNL,"12 (ch1 in csv), 16 (ch2 in csv)",Electrons 85V,2.0,0,,150,/Users/rkfuentes/Documents/md_anderson_analysis/yepes_code/data/2025-10-14/scope-results-2025-10-14-1532.csv,8.049732266666668e-07,6.044717866666665e-07,0,0,0,0,HV 100
,BNL,"12 (ch1 in csv), 16 (ch2 in csv)",Electrons 85V,2.0,0,,150,/Users/rkfuentes/Documents/md_anderson_analysis/yepes_code/data/2025-10-14/scope-results-2025-10-14-1533.csv,1.2629278401880146e-06,1.8274086186666672e-06,0,0,0,0,HV 100
,BNL,"12 (ch1 in csv), 16 (ch2 in csv)",Electrons 85V,2.0,0,,150,/Users/rkfuentes/Documents/md_anderson_analysis/yepes_code/data/2025-10-14/scope-results-2025-10-14-1534.csv,7.881829013333336e-07,6.07180477333333e-07,0,0,0,0,HV 100
,BNL,"12 (ch1 in csv), 16 (ch2 in csv)",Electrons 85V,2.0,0,,150,/Users/rkfuentes/Documents/md_anderson_analysis/yepes_code/data/2025-10-14/scope-results-2025-10-14-1535.csv,8.210807466666669e-07,1.7993018631921826e-06,0,0,0,0,HV 100
,BNL,"12 (ch1 in csv), 16 (ch2 in csv)",Electrons 85V,2.0,0,,150,/Users/rkfuentes/Documents/md_anderson_analysis/yepes_code/data/2025-10-14/scope-results-2025-10-14-1536.csv,1.282323695906433e-06,2.1473096666666665e-06,0,0,0,0,HV 100
,BNL,"12 (ch1 in csv), 16 (ch2 in csv)",Electrons 85V,2.0,0,,150,/Users/rkfuentes/Documents/md_anderson_analysis/yepes_code/data/2025-10-14/scope-results-2025-10-14-1537.csv,7.776792506666664e-07,2.0024250240000002e-06,0,0,0,0,HV 100
,BNL,"12 (ch1 in csv), 16 (ch2 in csv)",Electrons 85V,2.0,0,,150,/Users/rkfuentes/Documents/md_anderson_analysis/yepes_code/data/2025-10-14/scope-results-2025-10-14-1538.csv,7.666783306666678e-07,2.1060586666666664e-06,0,0,0,0,HV 100
,BNL,"12 (ch1 in csv), 16 (ch2 in csv)",Electrons 85V,2.0,0,,150,/Users/rkfuentes/Documents/md_anderson_analysis/yepes_code/data/2025-10-14/scope-results-2025-10-14-1539.csv,7.508752640000004e-07,5.716611253333334e-07,0,0,0,0,HV 100
,BNL,"12 (ch1 in csv), 16 (ch2 in csv)",Electrons 85V,2.0,0,,150,/Users/rkfuentes/Documents/md_anderson_analysis/yepes_code/data/2025-10-14/scope-results-2025-10-14-1540.csv,7.344969066666668e-07,5.900450666666667e-07,0,0,0,0,HV 100
,BNL,"12 (ch1 in csv), 16 (ch2 in csv)",Electrons 85V,2.0,0,,150,/Users/rkfuentes/Documents/md_anderson_analysis/yepes_code/data/2025-10-14/scope-results-2025-10-14-1541.csv,7.32408192e-07,2.132935858666667e-06,0,0,0,0,HV 100
,BNL,"12 (ch1 in csv), 16 (ch2 in csv)",Electrons 85V,2.0,0,,150,/Users/rkfuentes/Documents/md_anderson_analysis/yepes_code/data/2025-10-14/scope-results-2025-10-14-1542.csv,7.894800853333333e-07,5.947601173333336e-07,0,0,0,0,HV 100
,BNL,"12 (ch1 in csv), 16 (ch2 in csv)",Electrons 85V,2.0,0,,150,/Users/rkfuentes/Documents/md_anderson_analysis/yepes_code/data/2025-10-14/scope-results-2025-10-14-1543.csv,7.655152480000003e-07,2.1140790506666673e-06,0,0,0,0,HV 100
,BNL,"12 (ch1 in csv), 16 (ch2 in csv)",Electrons 85V,2.0,0,,150,/Users/rkfuentes/Documents/md_anderson_analysis/yepes_code/data/2025-10-14/scope-results-2025-10-14-1544.csv,7.809548053333332e-07,5.579772426666664e-07,0,0,0,0,HV 100
,BNL,"12 (ch1 in csv), 16 (ch2 in csv)",Electrons 85V,2.0,0,,150,/Users/rkfuentes/Documents/md_anderson_analysis/yepes_code/data/2025-10-14/scope-results-2025-10-14-1545.csv,7.710430799999997e-07,5.819764666666665e-07,0,0,0,0,HV 100
,BNL,"12 (ch1 in csv), 16 (ch2 in csv)",Electrons 85V,2.0,0,,150,/Users/rkfuentes/Documents/md_anderson_analysis/yepes_code/data/2025-10-14/scope-results-2025-10-14-1546.csv,7.76646288e-07,1.5485926736842102e-06,0,0,0,0,HV 100
,BNL,"12 (ch1 in csv), 16 (ch2 in csv)",Electrons 85V,2.0,0,,150,/Users/rkfuentes/Documents/md_anderson_analysis/yepes_code/data/2025-10-14/scope-results-2025-10-14-1547.csv,1.2432081572254339e-06,5.013088106666664e-07,0,0,0,0,HV 100
,BNL,"12 (ch1 in csv), 16 (ch2 in csv)",Electrons 85V,2.0,0,,150,/Users/rkfuentes/Documents/md_anderson_analysis/yepes_code/data/2025-10-14/scope-results-2025-10-14-1548.csv,7.490384213333338e-07,2.1275426080000004e-06,0,0,0,0,HV 100
,BNL,"12 (ch1 in csv), 16 (ch2 in csv)",Electrons 85V,2.0,0,,150,/Users/rkfuentes/Documents/md_anderson_analysis/yepes_code/data/2025-10-14/scope-results-2025-10-14-1549.csv,1.235072e-06,2.108104493333334e-06,0,0,0,0,HV 100
,BNL,"12 (ch1 in csv), 16 (ch2 in csv)",Electrons 85V,2.0,0,,150,/Users/rkfuentes/Documents/md_anderson_analysis/yepes_code/data/2025-10-14/scope-results-2025-10-14-1550.csv,7.47159442666667e-07,1.7899343786666666e-06,0,0,0,0,HV 100
,BNL,"12 (ch1 in csv), 16 (ch2 in csv)",Electrons 85V,2.0,0,,150,/Users/rkfuentes/Documents/md_anderson_analysis/yepes_code/data/2025-10-14/scope-results-2025-10-14-1551.csv,7.396581333333335e-07,6.030130239999998e-07,0,0,0,0,HV 100
,BNL,"12 (ch1 in csv), 16 (ch2 in csv)",Electrons 85V,2.0,0,,150,/Users/rkfuentes/Documents/md_anderson_analysis/yepes_code/data/2025-10-14/scope-results-2025-10-14-1617.csv,7.845839733333342e-07,1.6144007843137275e-06,0,0,0,0,HV 50
,BNL,"12 (ch1 in csv), 16 (ch2 in csv)",Electrons 85V,2.0,0,,150,/Users/rkfuentes/Documents/md_anderson_analysis/yepes_code/data/2025-10-14/scope-results-2025-10-14-1618.csv,2.7535462400000024e-07,1.6182049573333326e-06,0,0,0,0,HV 50
,BNL,"12 (ch1 in csv), 16 (ch2 in csv)",Electrons 85V,2.0,0,,150,/Users/rkfuentes/Documents/md_anderson_analysis/yepes_code/data/2025-10-14/scope-results-2025-10-14-1619.csv,6.751475940460087e-07,1.4516923893333331e-06,0,0,0,0,HV 50
,BNL,"12 (ch1 in csv), 16 (ch2 in csv)",Electrons 85V,2.0,0,,150,/Users/rkfuentes/Documents/md_anderson_analysis/yepes_code/data/2025-10-14/scope-results-2025-10-14-1620.csv,2.4954279999999983e-07,1.3324784159999998e-06,0,0,0,0,HV 50
,BNL,"12 (ch1 in csv), 16 (ch2 in csv)",Electrons 85V,2.0,0,,150,/Users/rkfuentes/Documents/md_anderson_analysis/yepes_code/data/2025-10-14/scope-results-2025-10-14-1621.csv,7.159817593688361e-07,1.5438028888888891e-06,0,0,0,0,HV 50
,BNL,"12 (ch1 in csv), 16 (ch2 in csv)",Electrons 85V,2.0,0,,150,/Users/rkfuentes/Documents/md_anderson_analysis/yepes_code/data/2025-10-14/scope-results-2025-10-14-1622.csv,7.166714524864607e-07,1.8239099279999981e-06,0,0,0,0,HV 50
,BNL,"12 (ch1 in csv), 16 (ch2 in csv)",Electrons 85V,2.0,0,,150,/Users/rkfuentes/Documents/md_anderson_analysis/yepes_code/data/2025-10-14/scope-results-2025-10-14-1623.csv,2.7558605866666685e-07,1.7923878826666658e-06,0,0,0,0,HV 50
,BNL,"12 (ch1 in csv), 16 (ch2 in csv)",Electrons 85V,2.0,0,,150,/Users/rkfuentes/Documents/md_anderson_analysis/yepes_code/data/2025-10-14/scope-results-2025-10-14-1624.csv,2.748430933333335e-07,1.9918312479999987e-06,0,0,0,0,HV 50
,BNL,"12 (ch1 in csv), 16 (ch2 in csv)",Electrons 85V,2.0,0,,150,/Users/rkfuentes/Documents/md_anderson_analysis/yepes_code/data/2025-10-14/scope-results-2025-10-14-1625.csv,6.867086093678954e-07,1.7892662400000003e-06,0,0,0,0,HV 50
,BNL,"12 (ch1 in csv), 16 (ch2 in csv)",Electrons 85V,2.0,0,,150,/Users/rkfuentes/Documents/md_anderson_analysis/yepes_code/data/2025-10-14/scope-results-2025-10-14-1626.csv,2.6566163200000005e-07,1.8301310026666675e-06,0,0,0,0,HV 50
,BNL,"12 (ch1 in csv), 16 (ch2 in csv)",Electrons 85V,2.0,0,,150,/Users/rkfuentes/Documents/md_anderson_analysis/yepes_code/data/2025-10-14/scope-results-2025-10-14-1627.csv,2.746964159999999e-07,1.6030582133333338e-06,0,0,0,0,HV 50
,BNL,"12 (ch1 in csv), 16 (ch2 in csv)",Electrons 85V,2.0,0,,150,/Users/rkfuentes/Documents/md_anderson_analysis/yepes_code/data/2025-10-14/scope-results-2025-10-14-1628.csv,2.6989751466666674e-07,1.6161129600000005e-06,0,0,0,0,HV 50
,BNL,"12 (ch1 in csv), 16 (ch2 in csv)",Electrons 85V,2.0,0,,150,/Users/rkfuentes/Documents/md_anderson_analysis/yepes_code/data/2025-10-14/scope-results-2025-10-14-1629.csv,2.6163933333333327e-07,1.678651903999998e-06,0,0,0,0,HV 50
,BNL,"12 (ch1 in csv), 16 (ch2 in csv)",Electrons 85V,2.0,0,,150,/Users/rkfuentes/Documents/md_anderson_analysis/yepes_code/data/2025-10-14/scope-results-2025-10-14-1630.csv,6.582222492041843e-07,1.6062628853615532e-06,0,0,0,0,HV 50
,BNL,"12 (ch1 in csv), 16 (ch2 in csv)",Electrons 85V,2.0,0,,150,/Users/rkfuentes/Documents/md_anderson_analysis/yepes_code/data/2025-10-14/scope-results-2025-10-14-1631.csv,6.677762173913051e-07,1.3151511973333335e-06,0,0,0,0,HV 50
,BNL,"12 (ch1 in csv), 16 (ch2 in csv)",Electrons 85V,2.0,0,,150,/Users/rkfuentes/Documents/md_anderson_analysis/yepes_code/data/2025-10-14/scope-results-2025-10-14-1632.csv,2.47536506666667e-07,1.8229559359999987e-06,0,0,0,0,HV 50
,BNL,"12 (ch1 in csv), 16 (ch2 in csv)",Electrons 85V,2.0,0,,150,/Users/rkfuentes/Documents/md_anderson_analysis/yepes_code/data/2025-10-14/scope-results-2025-10-14-1633.csv,2.666878933333331e-07,1.4153315093333325e-06,0,0,0,0,HV 50
,BNL,"12 (ch1 in csv), 16 (ch2 in csv)",Electrons 85V,2.0,0,,150,/Users/rkfuentes/Documents/md_anderson_analysis/yepes_code/data/2025-10-14/scope-results-2025-10-14-1634.csv,2.489890799999999e-07,1.218700394785848e-06,0,0,0,0,HV 50
,BNL,"12 (ch1 in csv), 16 (ch2 in csv)",Electrons 85V,2.0,0,,150,/Users/rkfuentes/Documents/md_anderson_analysis/yepes_code/data/2025-10-14/scope-results-2025-10-14-1635.csv,2.767583999999998e-07,1.2953436293333332e-06,0,0,0,0,HV 50
,BNL,"12 (ch1 in csv), 16 (ch2 in csv)",Electrons 85V,2.0,0,,150,/Users/rkfuentes/Documents/md_anderson_analysis/yepes_code/data/2025-10-14/scope-results-2025-10-14-1636.csv,2.626489173333333e-07,1.421807152e-06,0,0,0,0,HV 50
,BNL,"12 (ch1 in csv), 16 (ch2 in csv)",Electrons 85V,2.0,0,,150,/Users/rkfuentes/Documents/md_anderson_analysis/yepes_code/data/2025-10-14/scope-results-2025-10-14-1637.csv,2.6684438133333334e-07,1.8418383306666653e-06,0,0,0,0,HV 50
,BNL,"12 (ch1 in csv), 16 (ch2 in csv)",Electrons 85V,2.0,0,,150,/Users/rkfuentes/Documents/md_anderson_analysis/yepes_code/data/2025-10-14/scope-results-2025-10-14-1638.csv,2.647969066666665e-07,1.435483605333333e-06,0,0,0,0,HV 50
,BNL,"12 (ch1 in csv), 16 (ch2 in csv)",Electrons 85V,2.0,0,,150,/Users/rkfuentes/Documents/md_anderson_analysis/yepes_code/data/2025-10-14/scope-results-2025-10-14-1639.csv,2.640579626666665e-07,1.3180540213333334e-06,0,0,0,0,HV 50
,BNL,"12 (ch1 in csv), 16 (ch2 in csv)",Electrons 85V,2.0,0,,150,/Users/rkfuentes/Documents/md_anderson_analysis/yepes_code/data/2025-10-14/scope-results-2025-10-14-1640.csv,2.632202533333336e-07,1.7340978133333327e-06,0,0,0,0,HV 50
,BNL,"12 (ch1 in csv), 16 (ch2 in csv)",Electrons 85V,2.0,0,,175,/Users/rkfuentes/Documents/md_anderson_analysis/yepes_code/data/2025-10-14/scope-results-2025-10-14-1701.csv,5.905163306666666e-07,9.01608464e-07,0,0,0,0,HV 100
,BNL,"12 (ch1 in csv), 16 (ch2 in csv)",Electrons 85V,2.0,0,,175,/Users/rkfuentes/Documents/md_anderson_analysis/yepes_code/data/2025-10-14/scope-results-2025-10-14-1702.csv,6.347058400000003e-07,6.202130240000002e-07,0,0,0,0,HV 100
,BNL,"12 (ch1 in csv), 16 (ch2 in csv)",Electrons 85V,2.0,0,,175,/Users/rkfuentes/Documents/md_anderson_analysis/yepes_code/data/2025-10-14/scope-results-2025-10-14-1703.csv,6.338821973333333e-07,6.270860480000001e-07,0,0,0,0,HV 100
,BNL,"12 (ch1 in csv), 16 (ch2 in csv)",Electrons 85V,2.0,0,,175,/Users/rkfuentes/Documents/md_anderson_analysis/yepes_code/data/2025-10-14/scope-results-2025-10-14-1704.csv,5.037989333333326e-08,6.148927573333329e-07,0,0,0,0,HV 100
,BNL,"12 (ch1 in csv), 16 (ch2 in csv)",Electrons 85V,2.0,0,,175,/Users/rkfuentes/Documents/md_anderson_analysis/yepes_code/data/2025-10-14/scope-results-2025-10-14-1705.csv,6.518693440000001e-07,6.236954826666674e-07,0,0,0,0,HV 100
,BNL,"12 (ch1 in csv), 16 (ch2 in csv)",Electrons 85V,2.0,0,,175,/Users/rkfuentes/Documents/md_anderson_analysis/yepes_code/data/2025-10-14/scope-results-2025-10-14-1706.csv,6.541035413333333e-07,6.495641013333338e-07,0,0,0,0,HV 100
,BNL,"12 (ch1 in csv), 16 (ch2 in csv)",Electrons 85V,2.0,0,,175,/Users/rkfuentes/Documents/md_anderson_analysis/yepes_code/data/2025-10-14/scope-results-2025-10-14-1707.csv,6.379812959999996e-07,6.187814159999995e-07,0,0,0,0,HV 100
,BNL,"12 (ch1 in csv), 16 (ch2 in csv)",Electrons 85V,2.0,0,,175,/Users/rkfuentes/Documents/md_anderson_analysis/yepes_code/data/2025-10-14/scope-results-2025-10-14-1708.csv,8.409572266666672e-08,6.155521333333325e-07,0,0,0,0,HV 100
,BNL,"12 (ch1 in csv), 16 (ch2 in csv)",Electrons 85V,2.0,0,,175,/Users/rkfuentes/Documents/md_anderson_analysis/yepes_code/data/2025-10-14/scope-results-2025-10-14-1709.csv,6.164763733333331e-07,6.434435946666662e-07,0,0,0,0,HV 100
,BNL,"12 (ch1 in csv), 16 (ch2 in csv)",Electrons 85V,2.0,0,,175,/Users/rkfuentes/Documents/md_anderson_analysis/yepes_code/data/2025-10-14/scope-results-2025-10-14-1710.csv,5.996362799999999e-07,5.728582239999996e-07,0,0,0,0,HV 100
,BNL,"12 (ch1 in csv), 16 (ch2 in csv)",Electrons 85V,2.0,0,,175,/Users/rkfuentes/Documents/md_anderson_analysis/yepes_code/data/2025-10-14/scope-results-2025-10-14-1711.csv,6.130049653333334e-07,6.107581546666666e-07,0,0,0,0,HV 100
,BNL,"12 (ch1 in csv), 16 (ch2 in csv)",Electrons 85V,2.0,0,,175,/Users/rkfuentes/Documents/md_anderson_analysis/yepes_code/data/2025-10-14/scope-results-2025-10-14-1712.csv,6.284358666666669e-07,6.412677226666674e-07,0,0,0,0,HV 100
,BNL,"12 (ch1 in csv), 16 (ch2 in csv)",Electrons 85V,2.0,0,,175,/Users/rkfuentes/Documents/md_anderson_analysis/yepes_code/data/2025-10-14/scope-results-2025-10-14-1713.csv,6.306500053333336e-07,7.991050346666672e-07,0,0,0,0,HV 100
,BNL,"12 (ch1 in csv), 16 (ch2 in csv)",Electrons 85V,2.0,0,,175,/Users/rkfuentes/Documents/md_anderson_analysis/yepes_code/data/2025-10-14/scope-results-2025-10-14-1753.csv,2.4158516266666666e-07,4.6203824533333326e-07,0,0,0,0,HV 50
,BNL,"12 (ch1 in csv), 16 (ch2 in csv)",Electrons 85V,2.0,0,,175,/Users/rkfuentes/Documents/md_anderson_analysis/yepes_code/data/2025-10-14/scope-results-2025-10-14-1754.csv,6.210614069981584e-07,4.988731964785914e-07,0,0,0,0,HV 50
,BNL,"12 (ch1 in csv), 16 (ch2 in csv)",Electrons 85V,2.0,0,,175,/Users/rkfuentes/Documents/md_anderson_analysis/yepes_code/data/2025-10-14/scope-results-2025-10-14-1755.csv,2.261599999999209e-11,4.548194773333332e-07,0,0,0,0,HV 50
,BNL,"12 (ch1 in csv), 16 (ch2 in csv)",Electrons 85V,2.0,0,,175,/Users/rkfuentes/Documents/md_anderson_analysis/yepes_code/data/2025-10-14/scope-results-2025-10-14-1756.csv,1.6188125866666665e-07,5.019412319999999e-07,0,0,0,0,HV 50
,BNL,"12 (ch1 in csv), 16 (ch2 in csv)",Electrons 85V,2.0,0,,175,/Users/rkfuentes/Documents/md_anderson_analysis/yepes_code/data/2025-10-14/scope-results-2025-10-14-1757.csv,2.428371306666668e-07,2.420595066666665e-07,0,0,0,0,HV 50
,BNL,"12 (ch1 in csv), 16 (ch2 in csv)",Electrons 85V,2.0,0,,175,/Users/rkfuentes/Documents/md_anderson_analysis/yepes_code/data/2025-10-14/scope-results-2025-10-14-1758.csv,6.694690828729288e-07,5.04666694409416e-07,0,0,0,0,HV 50
,BNL,"12 (ch1 in csv), 16 (ch2 in csv)",Electrons 85V,2.0,0,,175,/Users/rkfuentes/Documents/md_anderson_analysis/yepes_code/data/2025-10-14/scope-results-2025-10-14-1759.csv,6.301712280701764e-07,4.3154302449414226e-07,0,0,0,0,HV 50
,BNL,"12 (ch1 in csv), 16 (ch2 in csv)",Electrons 85V,2.0,0,,175,/Users/rkfuentes/Documents/md_anderson_analysis/yepes_code/data/2025-10-14/scope-results-2025-10-14-1760.csv,2.3807220799999987e-07,2.469619066666661e-07,0,0,0,0,HV 50
,BNL,"12 (ch1 in csv), 16 (ch2 in csv)",Electrons 85V,2.0,0,,175,/Users/rkfuentes/Documents/md_anderson_analysis/yepes_code/data/2025-10-14/scope-results-2025-10-14-1761.csv,6.467826591900315e-07,4.084835359999998e-07,0,0,0,0,HV 50
,BNL,"12 (ch1 in csv), 16 (ch2 in csv)",Electrons 85V,2.0,0,,175,/Users/rkfuentes/Documents/md_anderson_analysis/yepes_code/data/2025-10-14/scope-results-2025-10-14-1762.csv,2.3162898666666664e-07,2.378558666666663e-07,0,0,0,0,HV 50
,BNL,"12 (ch1 in csv), 16 (ch2 in csv)",Electrons 85V,2.0,0,,175,/Users/rkfuentes/Documents/md_anderson_analysis/yepes_code/data/2025-10-14/scope-results-2025-10-14-1763.csv,6.606464395604405e-07,4.968041532192341e-07,0,0,0,0,HV 50
,BNL,"12 (ch1 in csv), 16 (ch2 in csv)",Electrons 85V,2.0,0,,175,/Users/rkfuentes/Documents/md_anderson_analysis/yepes_code/data/2025-10-14/scope-results-2025-10-14-1765.csv,7.440491520000001e-07,4.7080985599999955e-07,0,0,0,0,HV 50
,BNL,"12 (ch1 in csv), 16 (ch2 in csv)",Electrons 85V,2.0,0,,175,/Users/rkfuentes/Documents/md_anderson_analysis/yepes_code/data/2025-10-14/scope-results-2025-10-14-1766.csv,2.3816800533333365e-07,3.720704800000004e-07,0,0,0,0,HV 50
,BNL,"12 (ch1 in csv), 16 (ch2 in csv)",Electrons 85V,2.0,0,,200,/Users/rkfuentes/Documents/md_anderson_analysis/yepes_code/data/2025-10-14/scope-results-2025-10-14-1807.csv,4.0478529066666673e-07,9.522138666666648e-09,0,0,0,0,HV 100
,BNL,"12 (ch1 in csv), 16 (ch2 in csv)",Electrons 85V,2.0,0,,200,/Users/rkfuentes/Documents/md_anderson_analysis/yepes_code/data/2025-10-14/scope-results-2025-10-14-1808.csv,3.845795413333333e-07,8.881483717472113e-07,0,0,0,0,HV 100
,BNL,"12 (ch1 in csv), 16 (ch2 in csv)",Electrons 85V,2.0,0,,200,/Users/rkfuentes/Documents/md_anderson_analysis/yepes_code/data/2025-10-14/scope-results-2025-10-14-1809.csv,3.872003253333331e-07,1.0677702906666685e-06,0,0,0,0,HV 100
,BNL,"12 (ch1 in csv), 16 (ch2 in csv)",Electrons 85V,2.0,0,,200,/Users/rkfuentes/Documents/md_anderson_analysis/yepes_code/data/2025-10-14/scope-results-2025-10-14-1810.csv,3.793185626666669e-07,6.0364106666666666e-09,0,0,0,0,HV 100
,BNL,"12 (ch1 in csv), 16 (ch2 in csv)",Electrons 85V,2.0,0,,200,/Users/rkfuentes/Documents/md_anderson_analysis/yepes_code/data/2025-10-14/scope-results-2025-10-14-1811.csv,3.3971127466666637e-07,1.3289842666666672e-08,0,0,0,0,HV 100
,BNL,"12 (ch1 in csv), 16 (ch2 in csv)",Electrons 85V,2.0,0,,200,/Users/rkfuentes/Documents/md_anderson_analysis/yepes_code/data/2025-10-14/scope-results-2025-10-14-1812.csv,4.0224118400000004e-07,1.0183559786666654e-06,0,0,0,0,HV 100
,BNL,"12 (ch1 in csv), 16 (ch2 in csv)",Electrons 85V,2.0,0,,200,/Users/rkfuentes/Documents/md_anderson_analysis/yepes_code/data/2025-10-14/scope-results-2025-10-14-1813.csv,4.015106026666669e-07,1.0372769120000001e-06,0,0,0,0,HV 100
,BNL,"12 (ch1 in csv), 16 (ch2 in csv)",Electrons 85V,2.0,0,,200,/Users/rkfuentes/Documents/md_anderson_analysis/yepes_code/data/2025-10-14/scope-results-2025-10-14-1814.csv,3.964214506666668e-07,9.963563631544085e-07,0,0,0,0,HV 100
,BNL,"12 (ch1 in csv), 16 (ch2 in csv)",Electrons 85V,2.0,0,,200,/Users/rkfuentes/Documents/md_anderson_analysis/yepes_code/data/2025-10-14/scope-results-2025-10-14-1815.csv,4.0199994666666685e-07,9.663731226666677e-07,0,0,0,0,HV 100
,BNL,"12 (ch1 in csv), 16 (ch2 in csv)",Electrons 85V,2.0,0,,200,/Users/rkfuentes/Documents/md_anderson_analysis/yepes_code/data/2025-10-14/scope-results-2025-10-14-1816.csv,4.120564053333334e-07,1.401606400000003e-08,0,0,0,0,HV 100
,BNL,"12 (ch1 in csv), 16 (ch2 in csv)",Electrons 85V,2.0,0,,200,/Users/rkfuentes/Documents/md_anderson_analysis/yepes_code/data/2025-10-14/scope-results-2025-10-14-1817.csv,3.5740285866666655e-07,1.0118990000000006e-06,0,0,0,0,HV 100
,BNL,"12 (ch1 in csv), 16 (ch2 in csv)",Electrons 85V,2.0,0,,200,/Users/rkfuentes/Documents/md_anderson_analysis/yepes_code/data/2025-10-14/scope-results-2025-10-14-1818.csv,3.828888480000001e-07,1.0225107893333323e-06,0,0,0,0,HV 100
,BNL,"12 (ch1 in csv), 16 (ch2 in csv)",Electrons 85V,2.0,0,,200,/Users/rkfuentes/Documents/md_anderson_analysis/yepes_code/data/2025-10-14/scope-results-2025-10-14-1819.csv,3.9323127466666665e-07,9.726925199999998e-07,0,0,0,0,HV 100
,BNL,"12 (ch1 in csv), 16 (ch2 in csv)",Electrons 85V,2.0,0,,200,/Users/rkfuentes/Documents/md_anderson_analysis/yepes_code/data/2025-10-14/scope-results-2025-10-14-1820.csv,3.728239146666664e-07,1.093288826666666e-06,0,0,0,0,HV 100
,BNL,"12 (ch1 in csv), 16 (ch2 in csv)",Electrons 85V,2.0,0,,200,/Users/rkfuentes/Documents/md_anderson_analysis/yepes_code/data/2025-10-14/scope-results-2025-10-14-1861.csv,1.582691093333336e-07,8.113774160000006e-07,0,0,0,0,HV 50
,BNL,"12 (ch1 in csv), 16 (ch2 in csv)",Electrons 85V,2.0,0,,200,/Users/rkfuentes/Documents/md_anderson_analysis/yepes_code/data/2025-10-14/scope-results-2025-10-14-1862.csv,4.862191119544605e-07,5.68153866666667e-09,0,0,0,0,HV 50
,BNL,"12 (ch1 in csv), 16 (ch2 in csv)",Electrons 85V,2.0,0,,200,/Users/rkfuentes/Documents/md_anderson_analysis/yepes_code/data/2025-10-14/scope-results-2025-10-14-1863.csv,1.5484563199999997e-07,8.970814880000015e-07,0,0,0,0,HV 50
,BNL,"12 (ch1 in csv), 16 (ch2 in csv)",Electrons 85V,2.0,0,,200,/Users/rkfuentes/Documents/md_anderson_analysis/yepes_code/data/2025-10-14/scope-results-2025-10-14-1864.csv,1.5471487999999985e-07,8.786589279999995e-07,0,0,0,0,HV 50
,BNL,"12 (ch1 in csv), 16 (ch2 in csv)",Electrons 85V,2.0,0,,200,/Users/rkfuentes/Documents/md_anderson_analysis/yepes_code/data/2025-10-14/scope-results-2025-10-14-1865.csv,4.90117447470818e-07,7.521777555135476e-07,0,0,0,0,HV 50
,BNL,"12 (ch1 in csv), 16 (ch2 in csv)",Electrons 85V,2.0,0,,200,/Users/rkfuentes/Documents/md_anderson_analysis/yepes_code/data/2025-10-14/scope-results-2025-10-14-1866.csv,4.7560784223918677e-07,8.34464761904763e-07,0,0,0,0,HV 50
,BNL,"12 (ch1 in csv), 16 (ch2 in csv)",Electrons 85V,2.0,0,,200,/Users/rkfuentes/Documents/md_anderson_analysis/yepes_code/data/2025-10-14/scope-results-2025-10-14-1867.csv,8.776959999999987e-09,9.009801866666658e-07,0,0,0,0,HV 50
,BNL,"12 (ch1 in csv), 16 (ch2 in csv)",Electrons 85V,2.0,0,,200,/Users/rkfuentes/Documents/md_anderson_analysis/yepes_code/data/2025-10-14/scope-results-2025-10-14-1868.csv,1.5731827199999996e-07,8.168010666666663e-07,0,0,0,0,HV 50
,BNL,"12 (ch1 in csv), 16 (ch2 in csv)",Electrons 85V,2.0,0,,200,/Users/rkfuentes/Documents/md_anderson_analysis/yepes_code/data/2025-10-14/scope-results-2025-10-14-1869.csv,1.5800354666666632e-07,8.35388437333333e-07,0,0,0,0,HV 50
,BNL,"12 (ch1 in csv), 16 (ch2 in csv)",Electrons 85V,2.0,0,,200,/Users/rkfuentes/Documents/md_anderson_analysis/yepes_code/data/2025-10-14/scope-results-2025-10-14-1870.csv,4.2940154385965104e-07,1.2571818666666684e-08,0,0,0,0,HV 50
,BNL,"12 (ch1 in csv), 16 (ch2 in csv)",Electrons 85V,2.0,0,,200,/Users/rkfuentes/Documents/md_anderson_analysis/yepes_code/data/2025-10-14/scope-results-2025-10-14-1871.csv,1.3674845866666696e-07,8.552823466666669e-07,0,0,0,0,HV 50
,BNL,"12 (ch1 in csv), 16 (ch2 in csv)",Electrons 85V,2.0,0,,200,/Users/rkfuentes/Documents/md_anderson_analysis/yepes_code/data/2025-10-14/scope-results-2025-10-14-1872.csv,1.591280000000002e-07,9.294670799999993e-07,0,0,0,0,HV 50
,BNL,"12 (ch1 in csv), 16 (ch2 in csv)",Electrons 85V,2.0,0,,200,/Users/rkfuentes/Documents/md_anderson_analysis/yepes_code/data/2025-10-14/scope-results-2025-10-14-1873.csv,1.6069852800000027e-07,9.73581594666667e-07,0,0,0,0,HV 50
,BNL,"12 (ch1 in csv), 16 (ch2 in csv)",Electrons 85V,2.0,0,,227.5,/Users/rkfuentes/Documents/md_anderson_analysis/yepes_code/data/2025-10-14/scope-results-2025-10-14-1916.csv,6.47706928000001e-07,9.207241866666661e-08,0,0,0,0,HV 50
,BNL,"12 (ch1 in csv), 16 (ch2 in csv)",Electrons 85V,2.0,0,,227.5,/Users/rkfuentes/Documents/md_anderson_analysis/yepes_code/data/2025-10-14/scope-results-2025-10-14-1917.csv,5.446818996139001e-07,2.9831074860335204e-07,0,0,0,0,HV 50
,BNL,"12 (ch1 in csv), 16 (ch2 in csv)",Electrons 85V,2.0,0,,227.5,/Users/rkfuentes/Documents/md_anderson_analysis/yepes_code/data/2025-10-14/scope-results-2025-10-14-1918.csv,5.809187786666668e-07,6.821621333333395e-09,0,0,0,0,HV 50
,BNL,"12 (ch1 in csv), 16 (ch2 in csv)",Electrons 85V,2.0,0,,227.5,/Users/rkfuentes/Documents/md_anderson_analysis/yepes_code/data/2025-10-14/scope-results-2025-10-14-1919.csv,5.339799843137271e-07,2.8367846031746015e-07,0,0,0,0,HV 50
,BNL,"12 (ch1 in csv), 16 (ch2 in csv)",Electrons 85V,2.0,0,,227.5,/Users/rkfuentes/Documents/md_anderson_analysis/yepes_code/data/2025-10-14/scope-results-2025-10-14-1920.csv,5.109820800000005e-07,8.982933333333328e-08,0,0,0,0,HV 50
,BNL,"12 (ch1 in csv), 16 (ch2 in csv)",Electrons 85V,2.0,0,,227.5,/Users/rkfuentes/Documents/md_anderson_analysis/yepes_code/data/2025-10-14/scope-results-2025-10-14-1921.csv,6.48320128e-07,9.082835733333341e-08,0,0,0,0,HV 50
,BNL,"12 (ch1 in csv), 16 (ch2 in csv)",Electrons 85V,2.0,0,,227.5,/Users/rkfuentes/Documents/md_anderson_analysis/yepes_code/data/2025-10-14/scope-results-2025-10-14-1922.csv,3.334478666666686e-08,9.657074133333336e-08,0,0,0,0,HV 50
,BNL,"12 (ch1 in csv), 16 (ch2 in csv)",Electrons 85V,2.0,0,,227.5,/Users/rkfuentes/Documents/md_anderson_analysis/yepes_code/data/2025-10-14/scope-results-2025-10-14-1923.csv,4.962098792650926e-07,4.0272145791915186e-07,0,0,0,0,HV 50
,BNL,"12 (ch1 in csv), 16 (ch2 in csv)",Electrons 85V,2.0,0,,227.5,/Users/rkfuentes/Documents/md_anderson_analysis/yepes_code/data/2025-10-14/scope-results-2025-10-14-1924.csv,4.710821546666671e-07,9.560504533333325e-08,0,0,0,0,HV 50
,BNL,"12 (ch1 in csv), 16 (ch2 in csv)",Electrons 85V,2.0,0,,227.5,/Users/rkfuentes/Documents/md_anderson_analysis/yepes_code/data/2025-10-14/scope-results-2025-10-14-1925.csv,6.286925759999999e-07,5.7259946666664835e-09,0,0,0,0,HV 50
,BNL,"12 (ch1 in csv), 16 (ch2 in csv)",Electrons 85V,2.0,0,,227.5,/Users/rkfuentes/Documents/md_anderson_analysis/yepes_code/data/2025-10-14/scope-results-2025-10-14-1926.csv,5.441712248062023e-07,3.0860928902316203e-07,0,0,0,0,HV 50
,BNL,"12 (ch1 in csv), 16 (ch2 in csv)",Electrons 85V,2.0,0,,227.5,/Users/rkfuentes/Documents/md_anderson_analysis/yepes_code/data/2025-10-14/scope-results-2025-10-14-1927.csv,6.265733493333343e-07,8.711534133333346e-08,0,0,0,0,HV 50
,BNL,"12 (ch1 in csv), 16 (ch2 in csv)",Electrons 85V,2.0,0,,227.5,/Users/rkfuentes/Documents/md_anderson_analysis/yepes_code/data/2025-10-14/scope-results-2025-10-14-1928.csv,6.126351573333335e-07,9.179069333333316e-08,0,0,0,0,HV 50
,BNL,"12 (ch1 in csv), 16 (ch2 in csv)",Electrons 85V,2.0,0,,227.5,/Users/rkfuentes/Documents/md_anderson_analysis/yepes_code/data/2025-10-14/scope-results-2025-10-14-1969.csv,1.908147466666667e-08,4.059711999999997e-09,0,0,0,0,HV 100
,BNL,"12 (ch1 in csv), 16 (ch2 in csv)",Electrons 85V,2.0,0,,227.5,/Users/rkfuentes/Documents/md_anderson_analysis/yepes_code/data/2025-10-14/scope-results-2025-10-14-1970.csv,2.6322840533333345e-07,2.4735825066666667e-07,0,0,0,0,HV 100
,BNL,"12 (ch1 in csv), 16 (ch2 in csv)",Electrons 85V,2.0,0,,227.5,/Users/rkfuentes/Documents/md_anderson_analysis/yepes_code/data/2025-10-14/scope-results-2025-10-14-1971.csv,2.696837066666667e-07,2.2112895733333308e-07,0,0,0,0,HV 100
,BNL,"12 (ch1 in csv), 16 (ch2 in csv)",Electrons 85V,2.0,0,,227.5,/Users/rkfuentes/Documents/md_anderson_analysis/yepes_code/data/2025-10-14/scope-results-2025-10-14-1972.csv,7.103147334963329e-07,5.647812525951564e-07,0,0,0,0,HV 100
,BNL,"12 (ch1 in csv), 16 (ch2 in csv)",Electrons 85V,2.0,0,,227.5,/Users/rkfuentes/Documents/md_anderson_analysis/yepes_code/data/2025-10-14/scope-results-2025-10-14-1973.csv,2.795494800000002e-07,4.4128853333333324e-09,0,0,0,0,HV 100
,BNL,"12 (ch1 in csv), 16 (ch2 in csv)",Electrons 85V,2.0,0,,227.5,/Users/rkfuentes/Documents/md_anderson_analysis/yepes_code/data/2025-10-14/scope-results-2025-10-14-1974.csv,2.402590666666673e-08,4.708665200000001e-07,0,0,0,0,HV 100
,BNL,"12 (ch1 in csv), 16 (ch2 in csv)",Electrons 85V,2.0,0,,227.5,/Users/rkfuentes/Documents/md_anderson_analysis/yepes_code/data/2025-10-14/scope-results-2025-10-14-1975.csv,2.859277493333337e-07,2.664257706666667e-07,0,0,0,0,HV 100
,BNL,"12 (ch1 in csv), 16 (ch2 in csv)",Electrons 85V,2.0,0,,227.5,/Users/rkfuentes/Documents/md_anderson_analysis/yepes_code/data/2025-10-14/scope-results-2025-10-14-1976.csv,2.6893167733333357e-07,2.494139146666668e-07,0,0,0,0,HV 100
,BNL,"12 (ch1 in csv), 16 (ch2 in csv)",Electrons 85V,2.0,0,,227.5,/Users/rkfuentes/Documents/md_anderson_analysis/yepes_code/data/2025-10-14/scope-results-2025-10-14-1977.csv,2.807179626666666e-07,2.3390617866666674e-07,0,0,0,0,HV 100
,BNL,"12 (ch1 in csv), 16 (ch2 in csv)",Electrons 85V,2.0,0,,227.5,/Users/rkfuentes/Documents/md_anderson_analysis/yepes_code/data/2025-10-14/scope-results-2025-10-14-1978.csv,2.7607856533333367e-07,2.766075733333336e-07,0,0,0,0,HV 100
,BNL,"12 (ch1 in csv), 16 (ch2 in csv)",Electrons 85V,2.0,0,,227.5,/Users/rkfuentes/Documents/md_anderson_analysis/yepes_code/data/2025-10-14/scope-results-2025-10-14-1979.csv,2.772080506666669e-07,2.5144865066666667e-07,0,0,0,0,HV 100
,BNL,"12 (ch1 in csv), 16 (ch2 in csv)",Electrons 85V,2.0,0,,227.5,/Users/rkfuentes/Documents/md_anderson_analysis/yepes_code/data/2025-10-14/scope-results-2025-10-14-1980.csv,2.572980746666669e-07,2.7388765866666676e-07,0,0,0,0,HV 100
,BNL,"12 (ch1 in csv), 16 (ch2 in csv)",Electrons 85V,2.0,0,,227.5,/Users/rkfuentes/Documents/md_anderson_analysis/yepes_code/data/2025-10-14/scope-results-2025-10-14-1981.csv,6.75665369727048e-07,2.423306746666663e-07,0,0,0,0,HV 100
,BNL,"12 (ch1 in csv), 16 (ch2 in csv)",Electrons 85V,2.0,0,,75,/Users/rkfuentes/Documents/md_anderson_analysis/yepes_code/data/2025-10-14/scope-results-2025-10-14-2012.csv,2.008473173333334e-06,1.052376e-06,0,0,0,0,HV 100
,BNL,"12 (ch1 in csv), 16 (ch2 in csv)",Electrons 85V,2.0,0,,75,/Users/rkfuentes/Documents/md_anderson_analysis/yepes_code/data/2025-10-14/scope-results-2025-10-14-2013.csv,1.9887904799999997e-06,3.0046471236749116e-06,0,0,0,0,HV 100
,BNL,"12 (ch1 in csv), 16 (ch2 in csv)",Electrons 85V,2.0,0,,75,/Users/rkfuentes/Documents/md_anderson_analysis/yepes_code/data/2025-10-14/scope-results-2025-10-14-2014.csv,1.993249464e-06,1.056457136e-06,0,0,0,0,HV 100
,BNL,"12 (ch1 in csv), 16 (ch2 in csv)",Electrons 85V,2.0,0,,75,/Users/rkfuentes/Documents/md_anderson_analysis/yepes_code/data/2025-10-14/scope-results-2025-10-14-2015.csv,2.0290579039999995e-06,3.0024507027027025e-06,0,0,0,0,HV 100
,BNL,"12 (ch1 in csv), 16 (ch2 in csv)",Electrons 85V,2.0,0,,75,/Users/rkfuentes/Documents/md_anderson_analysis/yepes_code/data/2025-10-14/scope-results-2025-10-14-2016.csv,2.0595551626666665e-06,2.805707791164659e-06,0,0,0,0,HV 100
,BNL,"12 (ch1 in csv), 16 (ch2 in csv)",Electrons 85V,2.0,0,,75,/Users/rkfuentes/Documents/md_anderson_analysis/yepes_code/data/2025-10-14/scope-results-2025-10-14-2017.csv,2.001866666666667e-06,2.9911374430823126e-06,0,0,0,0,HV 100
,BNL,"12 (ch1 in csv), 16 (ch2 in csv)",Electrons 85V,2.0,0,,75,/Users/rkfuentes/Documents/md_anderson_analysis/yepes_code/data/2025-10-14/scope-results-2025-10-14-2018.csv,2.0008983626666666e-06,2.8873489594594587e-06,0,0,0,0,HV 100
,BNL,"12 (ch1 in csv), 16 (ch2 in csv)",Electrons 85V,2.0,0,,75,/Users/rkfuentes/Documents/md_anderson_analysis/yepes_code/data/2025-10-14/scope-results-2025-10-14-2019.csv,2.029319802666667e-06,1.039655269333333e-06,0,0,0,0,HV 100
,BNL,"12 (ch1 in csv), 16 (ch2 in csv)",Electrons 85V,2.0,0,,75,/Users/rkfuentes/Documents/md_anderson_analysis/yepes_code/data/2025-10-14/scope-results-2025-10-14-2020.csv,1.996762629333333e-06,1.0485110026666667e-06,0,0,0,0,HV 100
,BNL,"12 (ch1 in csv), 16 (ch2 in csv)",Electrons 85V,2.0,0,,75,/Users/rkfuentes/Documents/md_anderson_analysis/yepes_code/data/2025-10-14/scope-results-2025-10-14-2021.csv,2.012462048e-06,1.031191077333333e-06,0,0,0,0,HV 100
,BNL,"12 (ch1 in csv), 16 (ch2 in csv)",Electrons 85V,2.0,0,,75,/Users/rkfuentes/Documents/md_anderson_analysis/yepes_code/data/2025-10-14/scope-results-2025-10-14-2052.csv,8.782026666666666e-07,2.5803413529051985e-06,0,0,0,0,HV 50
,BNL,"12 (ch1 in csv), 16 (ch2 in csv)",Electrons 85V,2.0,0,,75,/Users/rkfuentes/Documents/md_anderson_analysis/yepes_code/data/2025-10-14/scope-results-2025-10-14-2053.csv,8.888397599999998e-07,2.6036936904761904e-06,0,0,0,0,HV 50
,BNL,"12 (ch1 in csv), 16 (ch2 in csv)",Electrons 85V,2.0,0,,75,/Users/rkfuentes/Documents/md_anderson_analysis/yepes_code/data/2025-10-14/scope-results-2025-10-14-2054.csv,8.899122186666669e-07,6.418592533333331e-07,0,0,0,0,HV 50
,BNL,"12 (ch1 in csv), 16 (ch2 in csv)",Electrons 85V,2.0,0,,75,/Users/rkfuentes/Documents/md_anderson_analysis/yepes_code/data/2025-10-14/scope-results-2025-10-14-2055.csv,8.898422506666665e-07,2.393952470216962e-06,0,0,0,0,HV 50
,BNL,"12 (ch1 in csv), 16 (ch2 in csv)",Electrons 85V,2.0,0,,75,/Users/rkfuentes/Documents/md_anderson_analysis/yepes_code/data/2025-10-14/scope-results-2025-10-14-2056.csv,9.467863946666666e-07,2.459137151515151e-06,0,0,0,0,HV 50
,BNL,"12 (ch1 in csv), 16 (ch2 in csv)",Electrons 85V,2.0,0,,75,/Users/rkfuentes/Documents/md_anderson_analysis/yepes_code/data/2025-10-14/scope-results-2025-10-14-2057.csv,9.433852426666667e-07,2.5148136091954026e-06,0,0,0,0,HV 50
,BNL,"12 (ch1 in csv), 16 (ch2 in csv)",Electrons 85V,2.0,0,,75,/Users/rkfuentes/Documents/md_anderson_analysis/yepes_code/data/2025-10-14/scope-results-2025-10-14-2058.csv,9.469984266666665e-07,2.3688890579541033e-06,0,0,0,0,HV 50
,BNL,"12 (ch1 in csv), 16 (ch2 in csv)",Electrons 85V,2.0,0,,75,/Users/rkfuentes/Documents/md_anderson_analysis/yepes_code/data/2025-10-14/scope-results-2025-10-14-2059.csv,9.252141973333333e-07,2.579125746691872e-06,0,0,0,0,HV 50
,BNL,"12 (ch1 in csv), 16 (ch2 in csv)",Electrons 85V,2.0,0,,75,/Users/rkfuentes/Documents/md_anderson_analysis/yepes_code/data/2025-10-14/scope-results-2025-10-14-2060.csv,9.052346239999996e-07,6.749039466666661e-07,0,0,0,0,HV 50
,BNL,"12 (ch1 in csv), 16 (ch2 in csv)",Electrons 85V,2.0,0,,75,/Users/rkfuentes/Documents/md_anderson_analysis/yepes_code/data/2025-10-14/scope-results-2025-10-14-2061.csv,8.948495333333333e-07,2.404555495877504e-06,0,0,0,0,HV 50
,BNL,"12 (ch1 in csv), 16 (ch2 in csv)",Electrons 85V,2.0,0,,75,/Users/rkfuentes/Documents/md_anderson_analysis/yepes_code/data/2025-10-14/scope-results-2025-10-14-2092.csv,1.7432960843214773e-06,1.7977179630562555e-06,0,0,0,0,HV 20
,BNL,"12 (ch1 in csv), 16 (ch2 in csv)",Electrons 85V,2.0,0,,75,/Users/rkfuentes/Documents/md_anderson_analysis/yepes_code/data/2025-10-14/scope-results-2025-10-14-2093.csv,1.8745778854166677e-06,1.989668771152755e-06,0,0,0,0,HV 20
,BNL,"12 (ch1 in csv), 16 (ch2 in csv)",Electrons 85V,2.0,0,,75,/Users/rkfuentes/Documents/md_anderson_analysis/yepes_code/data/2025-10-14/scope-results-2025-10-14-2094.csv,2.147306666666665e-08,4.070736799999998e-08,0,0,0,0,HV 20
,BNL,"12 (ch1 in csv), 16 (ch2 in csv)",Electrons 85V,3.0,0,,100,/Users/rkfuentes/Documents/md_anderson_analysis/yepes_code/data/2025-10-14/scope-results-2025-10-14-1091.csv,1.155054119089317e-06,1.9998496169648776e-06,0,0,0,0,HV 50
,BNL,"12 (ch1 in csv), 16 (ch2 in csv)",Electrons 85V,3.0,0,,100,/Users/rkfuentes/Documents/md_anderson_analysis/yepes_code/data/2025-10-14/scope-results-2025-10-14-1092.csv,1.1708727005649722e-06,1.8950079999999967e-08,0,0,0,0,HV 50
,BNL,"12 (ch1 in csv), 16 (ch2 in csv)",Electrons 85V,3.0,0,,100,/Users/rkfuentes/Documents/md_anderson_analysis/yepes_code/data/2025-10-14/scope-results-2025-10-14-1093.csv,1.1824421220657277e-06,6.156398468899521e-07,0,0,0,0,HV 50
,BNL,"12 (ch1 in csv), 16 (ch2 in csv)",Electrons 85V,3.0,0,,100,/Users/rkfuentes/Documents/md_anderson_analysis/yepes_code/data/2025-10-14/scope-results-2025-10-14-1094.csv,1.1366925333333337e-06,7.824363823529409e-07,0,0,0,0,HV 50
,BNL,"12 (ch1 in csv), 16 (ch2 in csv)",Electrons 85V,3.0,0,,100,/Users/rkfuentes/Documents/md_anderson_analysis/yepes_code/data/2025-10-14/scope-results-2025-10-14-1095.csv,1.131387809523809e-06,6.549084888888892e-07,0,0,0,0,HV 50
,BNL,"12 (ch1 in csv), 16 (ch2 in csv)",Electrons 85V,3.0,0,,100,/Users/rkfuentes/Documents/md_anderson_analysis/yepes_code/data/2025-10-14/scope-results-2025-10-14-1096.csv,1.1214810378378379e-06,6.232242564102565e-07,0,0,0,0,HV 50
,BNL,"12 (ch1 in csv), 16 (ch2 in csv)",Electrons 85V,3.0,0,,100,/Users/rkfuentes/Documents/md_anderson_analysis/yepes_code/data/2025-10-14/scope-results-2025-10-14-1097.csv,1.0960762635658916e-06,6.210021497797355e-07,0,0,0,0,HV 50
,BNL,"12 (ch1 in csv), 16 (ch2 in csv)",Electrons 85V,3.0,0,,100,/Users/rkfuentes/Documents/md_anderson_analysis/yepes_code/data/2025-10-14/scope-results-2025-10-14-1098.csv,1.1222803803349547e-06,1.974775722772277e-06,0,0,0,0,HV 50
,BNL,"12 (ch1 in csv), 16 (ch2 in csv)",Electrons 85V,3.0,0,,100,/Users/rkfuentes/Documents/md_anderson_analysis/yepes_code/data/2025-10-14/scope-results-2025-10-14-1099.csv,1.0654587995255043e-06,5.397889629629627e-07,0,0,0,0,HV 50
,BNL,"12 (ch1 in csv), 16 (ch2 in csv)",Electrons 85V,3.0,0,,100,/Users/rkfuentes/Documents/md_anderson_analysis/yepes_code/data/2025-10-14/scope-results-2025-10-14-1100.csv,1.108931014492754e-06,1.8464379292730848e-06,0,0,0,0,HV 50
,BNL,"12 (ch1 in csv), 16 (ch2 in csv)",Electrons 85V,3.0,0,,100,/Users/rkfuentes/Documents/md_anderson_analysis/yepes_code/data/2025-10-14/scope-results-2025-10-14-1101.csv,1.0150621633554081e-06,6.887747446900736e-07,0,0,0,0,HV 50
,BNL,"12 (ch1 in csv), 16 (ch2 in csv)",Electrons 85V,3.0,0,,100,/Users/rkfuentes/Documents/md_anderson_analysis/yepes_code/data/2025-10-14/scope-results-2025-10-14-1102.csv,1.0775359727891155e-06,5.95715846390169e-07,0,0,0,0,HV 50
,BNL,"12 (ch1 in csv), 16 (ch2 in csv)",Electrons 85V,3.0,0,,100,/Users/rkfuentes/Documents/md_anderson_analysis/yepes_code/data/2025-10-14/scope-results-2025-10-14-1103.csv,1.0404003333333334e-06,1.763219487179487e-06,0,0,0,0,HV 50
,BNL,"12 (ch1 in csv), 16 (ch2 in csv)",Electrons 85V,3.0,0,,100,/Users/rkfuentes/Documents/md_anderson_analysis/yepes_code/data/2025-10-14/scope-results-2025-10-14-1104.csv,1.10330768992248e-06,6.060074486638534e-07,0,0,0,0,HV 50
,BNL,"12 (ch1 in csv), 16 (ch2 in csv)",Electrons 85V,3.0,0,,100,/Users/rkfuentes/Documents/md_anderson_analysis/yepes_code/data/2025-10-14/scope-results-2025-10-14-1105.csv,1.1888839189686926e-06,6.420696963350785e-07,0,0,0,0,HV 50
,BNL,"12 (ch1 in csv), 16 (ch2 in csv)",Electrons 85V,3.0,0,,100,/Users/rkfuentes/Documents/md_anderson_analysis/yepes_code/data/2025-10-14/scope-results-2025-10-14-1106.csv,1.071259972789116e-06,5.600450493096646e-07,0,0,0,0,HV 50
,BNL,"12 (ch1 in csv), 16 (ch2 in csv)",Electrons 85V,3.0,0,,100,/Users/rkfuentes/Documents/md_anderson_analysis/yepes_code/data/2025-10-14/scope-results-2025-10-14-1107.csv,1.0463892327947341e-06,5.436941222040367e-07,0,0,0,0,HV 50
,BNL,"12 (ch1 in csv), 16 (ch2 in csv)",Electrons 85V,3.0,0,,100,/Users/rkfuentes/Documents/md_anderson_analysis/yepes_code/data/2025-10-14/scope-results-2025-10-14-1108.csv,1.1762723655011658e-06,6.669779491447059e-07,0,0,0,0,HV 50
,BNL,"12 (ch1 in csv), 16 (ch2 in csv)",Electrons 85V,3.0,0,,100,/Users/rkfuentes/Documents/md_anderson_analysis/yepes_code/data/2025-10-14/scope-results-2025-10-14-1109.csv,1.0735016140350876e-06,5.989142139446039e-07,0,0,0,0,HV 50
,BNL,"12 (ch1 in csv), 16 (ch2 in csv)",Electrons 85V,3.0,0,,100,/Users/rkfuentes/Documents/md_anderson_analysis/yepes_code/data/2025-10-14/scope-results-2025-10-14-1110.csv,1.0049212842965554e-06,5.980467288220549e-07,0,0,0,0,HV 50
,BNL,"12 (ch1 in csv), 16 (ch2 in csv)",Electrons 85V,3.0,0,,100,/Users/rkfuentes/Documents/md_anderson_analysis/yepes_code/data/2025-10-14/scope-results-2025-10-14-1111.csv,1.056473616759088e-06,5.772733449612398e-07,0,0,0,0,HV 50
,BNL,"12 (ch1 in csv), 16 (ch2 in csv)",Electrons 85V,3.0,0,,100,/Users/rkfuentes/Documents/md_anderson_analysis/yepes_code/data/2025-10-14/scope-results-2025-10-14-1112.csv,1.0580814858548588e-06,5.744608588957057e-07,0,0,0,0,HV 50
,BNL,"12 (ch1 in csv), 16 (ch2 in csv)",Electrons 85V,3.0,0,,100,/Users/rkfuentes/Documents/md_anderson_analysis/yepes_code/data/2025-10-14/scope-results-2025-10-14-1113.csv,1.0560613333333333e-06,1.8605833214049042e-06,0,0,0,0,HV 50
,BNL,"12 (ch1 in csv), 16 (ch2 in csv)",Electrons 85V,3.0,0,,100,/Users/rkfuentes/Documents/md_anderson_analysis/yepes_code/data/2025-10-14/scope-results-2025-10-14-1114.csv,1.059398845771144e-06,6.379780229885054e-07,0,0,0,0,HV 50
,BNL,"12 (ch1 in csv), 16 (ch2 in csv)",Electrons 85V,3.0,0,,100,/Users/rkfuentes/Documents/md_anderson_analysis/yepes_code/data/2025-10-14/scope-results-2025-10-14-1115.csv,1.0814983152364277e-06,5.656110112820512e-07,0,0,0,0,HV 50
,BNL,"12 (ch1 in csv), 16 (ch2 in csv)",Electrons 85V,3.0,0,,100,/Users/rkfuentes/Documents/md_anderson_analysis/yepes_code/data/2025-10-14/scope-results-2025-10-14-1116.csv,1.0764100740740736e-06,1.8448573333333288e-08,0,0,0,0,HV 50
,BNL,"12 (ch1 in csv), 16 (ch2 in csv)",Electrons 85V,3.0,0,,100,/Users/rkfuentes/Documents/md_anderson_analysis/yepes_code/data/2025-10-14/scope-results-2025-10-14-1117.csv,1.0371490128913443e-06,5.626466175748651e-07,0,0,0,0,HV 50
,BNL,"12 (ch1 in csv), 16 (ch2 in csv)",Electrons 85V,3.0,0,,100,/Users/rkfuentes/Documents/md_anderson_analysis/yepes_code/data/2025-10-14/scope-results-2025-10-14-1118.csv,1.0377165714285715e-06,5.345424016064253e-07,0,0,0,0,HV 50
,BNL,"12 (ch1 in csv), 16 (ch2 in csv)",Electrons 85V,3.0,0,,100,/Users/rkfuentes/Documents/md_anderson_analysis/yepes_code/data/2025-10-14/scope-results-2025-10-14-1119.csv,1.0524640318042808e-06,5.765167719298247e-07,0,0,0,0,HV 50
,BNL,"12 (ch1 in csv), 16 (ch2 in csv)",Electrons 85V,3.0,0,,100,/Users/rkfuentes/Documents/md_anderson_analysis/yepes_code/data/2025-10-14/scope-results-2025-10-14-1120.csv,5.440000000055149e-12,0.0,0,0,0,0,HV 50
,BNL,"12 (ch1 in csv), 16 (ch2 in csv)",Electrons 85V,3.0,0,,100,/Users/rkfuentes/Documents/md_anderson_analysis/yepes_code/data/2025-10-14/scope-results-2025-10-14-1204.csv,3.3039862666666666e-06,1.972203886666666e-06,0,0,0,0,HV 100
,BNL,"12 (ch1 in csv), 16 (ch2 in csv)",Electrons 85V,3.0,0,,100,/Users/rkfuentes/Documents/md_anderson_analysis/yepes_code/data/2025-10-14/scope-results-2025-10-14-1205.csv,3.3174328399999995e-06,1.9870324866666667e-06,0,0,0,0,HV 100
,BNL,"12 (ch1 in csv), 16 (ch2 in csv)",Electrons 85V,3.0,0,,100,/Users/rkfuentes/Documents/md_anderson_analysis/yepes_code/data/2025-10-14/scope-results-2025-10-14-1206.csv,3.262523786666665e-06,1.910843486666666e-06,0,0,0,0,HV 100
,BNL,"12 (ch1 in csv), 16 (ch2 in csv)",Electrons 85V,3.0,0,,100,/Users/rkfuentes/Documents/md_anderson_analysis/yepes_code/data/2025-10-14/scope-results-2025-10-14-1207.csv,3.2327963733333346e-06,1.8833671000000001e-06,0,0,0,0,HV 100
,BNL,"12 (ch1 in csv), 16 (ch2 in csv)",Electrons 85V,3.0,0,,100,/Users/rkfuentes/Documents/md_anderson_analysis/yepes_code/data/2025-10-14/scope-results-2025-10-14-1208.csv,3.217894493333333e-06,1.8539918933333334e-06,0,0,0,0,HV 100
,BNL,"12 (ch1 in csv), 16 (ch2 in csv)",Electrons 85V,3.0,0,,100,/Users/rkfuentes/Documents/md_anderson_analysis/yepes_code/data/2025-10-14/scope-results-2025-10-14-1209.csv,3.2302691666666653e-06,1.8654207466666669e-06,0,0,0,0,HV 100
,BNL,"12 (ch1 in csv), 16 (ch2 in csv)",Electrons 85V,3.0,0,,100,/Users/rkfuentes/Documents/md_anderson_analysis/yepes_code/data/2025-10-14/scope-results-2025-10-14-1210.csv,3.1645806666666654e-06,1.8914403800000004e-06,0,0,0,0,HV 100
,BNL,"12 (ch1 in csv), 16 (ch2 in csv)",Electrons 85V,3.0,0,,100,/Users/rkfuentes/Documents/md_anderson_analysis/yepes_code/data/2025-10-14/scope-results-2025-10-14-1211.csv,3.1737707599999994e-06,1.9456965866666666e-06,0,0,0,0,HV 100
,BNL,"12 (ch1 in csv), 16 (ch2 in csv)",Electrons 85V,3.0,0,,100,/Users/rkfuentes/Documents/md_anderson_analysis/yepes_code/data/2025-10-14/scope-results-2025-10-14-1212.csv,3.1260958333333333e-06,1.8478893333333332e-06,0,0,0,0,HV 100
,BNL,"12 (ch1 in csv), 16 (ch2 in csv)",Electrons 85V,3.0,0,,100,/Users/rkfuentes/Documents/md_anderson_analysis/yepes_code/data/2025-10-14/scope-results-2025-10-14-1213.csv,3.1475056666666665e-06,1.8133349333333338e-06,0,0,0,0,HV 100
,BNL,"12 (ch1 in csv), 16 (ch2 in csv)",Electrons 85V,3.0,0,,100,/Users/rkfuentes/Documents/md_anderson_analysis/yepes_code/data/2025-10-14/scope-results-2025-10-14-1214.csv,3.037094546666666e-06,1.919544986666667e-06,0,0,0,0,HV 100
,BNL,"12 (ch1 in csv), 16 (ch2 in csv)",Electrons 85V,3.0,0,,100,/Users/rkfuentes/Documents/md_anderson_analysis/yepes_code/data/2025-10-14/scope-results-2025-10-14-1215.csv,3.1095708000000002e-06,1.8079200666666668e-06,0,0,0,0,HV 100
,BNL,"12 (ch1 in csv), 16 (ch2 in csv)",Electrons 85V,3.0,0,,100,/Users/rkfuentes/Documents/md_anderson_analysis/yepes_code/data/2025-10-14/scope-results-2025-10-14-1216.csv,3.0761945066666662e-06,1.8188480533333335e-06,0,0,0,0,HV 100
,BNL,"12 (ch1 in csv), 16 (ch2 in csv)",Electrons 85V,3.0,0,,100,/Users/rkfuentes/Documents/md_anderson_analysis/yepes_code/data/2025-10-14/scope-results-2025-10-14-1217.csv,3.0673470533333318e-06,1.8083742266666675e-06,0,0,0,0,HV 100
,BNL,"12 (ch1 in csv), 16 (ch2 in csv)",Electrons 85V,3.0,0,,100,/Users/rkfuentes/Documents/md_anderson_analysis/yepes_code/data/2025-10-14/scope-results-2025-10-14-1218.csv,3.0505264733333334e-06,1.9101369933333337e-06,0,0,0,0,HV 100
,BNL,"12 (ch1 in csv), 16 (ch2 in csv)",Electrons 85V,3.0,0,,100,/Users/rkfuentes/Documents/md_anderson_analysis/yepes_code/data/2025-10-14/scope-results-2025-10-14-1219.csv,3.0225117333333333e-06,1.8406662933333333e-06,0,0,0,0,HV 100
,BNL,"12 (ch1 in csv), 16 (ch2 in csv)",Electrons 85V,3.0,0,,100,/Users/rkfuentes/Documents/md_anderson_analysis/yepes_code/data/2025-10-14/scope-results-2025-10-14-1220.csv,3.056887246666666e-06,1.8034869666666671e-06,0,0,0,0,HV 100
,BNL,"12 (ch1 in csv), 16 (ch2 in csv)",Electrons 85V,3.0,0,,100,/Users/rkfuentes/Documents/md_anderson_analysis/yepes_code/data/2025-10-14/scope-results-2025-10-14-1221.csv,2.998492499999999e-06,1.8039357399999998e-06,0,0,0,0,HV 100
,BNL,"12 (ch1 in csv), 16 (ch2 in csv)",Electrons 85V,3.0,0,,100,/Users/rkfuentes/Documents/md_anderson_analysis/yepes_code/data/2025-10-14/scope-results-2025-10-14-1222.csv,3.0461309333333327e-06,1.8693222933333334e-06,0,0,0,0,HV 100
,BNL,"12 (ch1 in csv), 16 (ch2 in csv)",Electrons 85V,3.0,0,,100,/Users/rkfuentes/Documents/md_anderson_analysis/yepes_code/data/2025-10-14/scope-results-2025-10-14-1223.csv,3.012202726666666e-06,1.8614557999999992e-06,0,0,0,0,HV 100
,BNL,"12 (ch1 in csv), 16 (ch2 in csv)",Electrons 85V,3.0,0,,100,/Users/rkfuentes/Documents/md_anderson_analysis/yepes_code/data/2025-10-14/scope-results-2025-10-14-1224.csv,3.019467786666665e-06,1.8760799866666665e-06,0,0,0,0,HV 100
,BNL,"12 (ch1 in csv), 16 (ch2 in csv)",Electrons 85V,3.0,0,,100,/Users/rkfuentes/Documents/md_anderson_analysis/yepes_code/data/2025-10-14/scope-results-2025-10-14-1225.csv,3.022191666666665e-06,1.8483199466666663e-06,0,0,0,0,HV 100
,BNL,"12 (ch1 in csv), 16 (ch2 in csv)",Electrons 85V,3.0,0,,100,/Users/rkfuentes/Documents/md_anderson_analysis/yepes_code/data/2025-10-14/scope-results-2025-10-14-1226.csv,2.9948806399999996e-06,1.8464971133333338e-06,0,0,0,0,HV 100
,BNL,"12 (ch1 in csv), 16 (ch2 in csv)",Electrons 85V,3.0,0,,100,/Users/rkfuentes/Documents/md_anderson_analysis/yepes_code/data/2025-10-14/scope-results-2025-10-14-1227.csv,3.0122302600000002e-06,1.7520990733333331e-06,0,0,0,0,HV 100
,BNL,"12 (ch1 in csv), 16 (ch2 in csv)",Electrons 85V,3.0,0,,100,/Users/rkfuentes/Documents/md_anderson_analysis/yepes_code/data/2025-10-14/scope-results-2025-10-14-1228.csv,3.047934186666666e-06,1.7675266666666666e-06,0,0,0,0,HV 100
,BNL,"12 (ch1 in csv), 16 (ch2 in csv)",Electrons 85V,3.0,0,,100,/Users/rkfuentes/Documents/md_anderson_analysis/yepes_code/data/2025-10-14/scope-results-2025-10-14-1229.csv,3.028858433333332e-06,1.8374377066666668e-06,0,0,0,0,HV 100
,BNL,"12 (ch1 in csv), 16 (ch2 in csv)",Electrons 85V,3.0,0,,125,/Users/rkfuentes/Documents/md_anderson_analysis/yepes_code/data/2025-10-14/scope-results-2025-10-14-1388.csv,6.646613333333311e-09,1.4233543999999997e-08,0,0,0,0,HV 20
,BNL,"12 (ch1 in csv), 16 (ch2 in csv)",Electrons 85V,3.0,0,,125,/Users/rkfuentes/Documents/md_anderson_analysis/yepes_code/data/2025-10-14/scope-results-2025-10-14-1458.csv,1.9062607272727275e-06,1.221632459230269e-06,0,0,0,0,HV 100
,BNL,"12 (ch1 in csv), 16 (ch2 in csv)",Electrons 85V,3.0,0,,125,/Users/rkfuentes/Documents/md_anderson_analysis/yepes_code/data/2025-10-14/scope-results-2025-10-14-1459.csv,1.8519339183673472e-06,1.1196201455938675e-06,0,0,0,0,HV 100
,BNL,"12 (ch1 in csv), 16 (ch2 in csv)",Electrons 85V,3.0,0,,125,/Users/rkfuentes/Documents/md_anderson_analysis/yepes_code/data/2025-10-14/scope-results-2025-10-14-1460.csv,2.0385044746666666e-06,1.4763528400000008e-06,0,0,0,0,HV 100
,BNL,"12 (ch1 in csv), 16 (ch2 in csv)",Electrons 85V,3.0,0,,125,/Users/rkfuentes/Documents/md_anderson_analysis/yepes_code/data/2025-10-14/scope-results-2025-10-14-1461.csv,2.013744629333333e-06,1.4209900000000002e-06,0,0,0,0,HV 100
,BNL,"12 (ch1 in csv), 16 (ch2 in csv)",Electrons 85V,3.0,0,,125,/Users/rkfuentes/Documents/md_anderson_analysis/yepes_code/data/2025-10-14/scope-results-2025-10-14-1462.csv,1.80152066916823e-06,9.97517428571429e-07,0,0,0,0,HV 100
,BNL,"12 (ch1 in csv), 16 (ch2 in csv)",Electrons 85V,3.0,0,,125,/Users/rkfuentes/Documents/md_anderson_analysis/yepes_code/data/2025-10-14/scope-results-2025-10-14-1463.csv,1.7458819365649314e-06,1.0771470721247558e-06,0,0,0,0,HV 100
,BNL,"12 (ch1 in csv), 16 (ch2 in csv)",Electrons 85V,3.0,0,,125,/Users/rkfuentes/Documents/md_anderson_analysis/yepes_code/data/2025-10-14/scope-results-2025-10-14-1464.csv,1.7576662996254684e-06,1.3552901946666666e-06,0,0,0,0,HV 100
,BNL,"12 (ch1 in csv), 16 (ch2 in csv)",Electrons 85V,3.0,0,,125,/Users/rkfuentes/Documents/md_anderson_analysis/yepes_code/data/2025-10-14/scope-results-2025-10-14-1465.csv,2.0081219333333326e-06,1.107875302144249e-06,0,0,0,0,HV 100
,BNL,"12 (ch1 in csv), 16 (ch2 in csv)",Electrons 85V,3.0,0,,125,/Users/rkfuentes/Documents/md_anderson_analysis/yepes_code/data/2025-10-14/scope-results-2025-10-14-1466.csv,2.018481821333333e-06,9.748497333333336e-07,0,0,0,0,HV 100
,BNL,"12 (ch1 in csv), 16 (ch2 in csv)",Electrons 85V,3.0,0,,125,/Users/rkfuentes/Documents/md_anderson_analysis/yepes_code/data/2025-10-14/scope-results-2025-10-14-1467.csv,1.709162240437158e-06,1.120663630057804e-06,0,0,0,0,HV 100
,BNL,"12 (ch1 in csv), 16 (ch2 in csv)",Electrons 85V,3.0,0,,125,/Users/rkfuentes/Documents/md_anderson_analysis/yepes_code/data/2025-10-14/scope-results-2025-10-14-1468.csv,2.0383380906666674e-06,1.3566979866666664e-06,0,0,0,0,HV 100
,BNL,"12 (ch1 in csv), 16 (ch2 in csv)",Electrons 85V,3.0,0,,125,/Users/rkfuentes/Documents/md_anderson_analysis/yepes_code/data/2025-10-14/scope-results-2025-10-14-1469.csv,1.9926904266666672e-06,1.3408469306666665e-06,0,0,0,0,HV 100
,BNL,"12 (ch1 in csv), 16 (ch2 in csv)",Electrons 85V,3.0,0,,125,/Users/rkfuentes/Documents/md_anderson_analysis/yepes_code/data/2025-10-14/scope-results-2025-10-14-1470.csv,1.7119979008674103e-06,1.0549528133848135e-06,0,0,0,0,HV 100
,BNL,"12 (ch1 in csv), 16 (ch2 in csv)",Electrons 85V,3.0,0,,125,/Users/rkfuentes/Documents/md_anderson_analysis/yepes_code/data/2025-10-14/scope-results-2025-10-14-1471.csv,1.9912873866666663e-06,9.630001224970554e-07,0,0,0,0,HV 100
,BNL,"12 (ch1 in csv), 16 (ch2 in csv)",Electrons 85V,3.0,0,,125,/Users/rkfuentes/Documents/md_anderson_analysis/yepes_code/data/2025-10-14/scope-results-2025-10-14-1472.csv,1.9945525333333337e-06,1.3617799386666665e-06,0,0,0,0,HV 100
,BNL,"12 (ch1 in csv), 16 (ch2 in csv)",Electrons 85V,3.0,0,,125,/Users/rkfuentes/Documents/md_anderson_analysis/yepes_code/data/2025-10-14/scope-results-2025-10-14-1473.csv,1.9896357946666666e-06,1.4054130453333351e-06,0,0,0,0,HV 100
,BNL,"12 (ch1 in csv), 16 (ch2 in csv)",Electrons 85V,3.0,0,,125,/Users/rkfuentes/Documents/md_anderson_analysis/yepes_code/data/2025-10-14/scope-results-2025-10-14-1474.csv,1.983818954666667e-06,1.3244832906666665e-06,0,0,0,0,HV 100
,BNL,"12 (ch1 in csv), 16 (ch2 in csv)",Electrons 85V,3.0,0,,125,/Users/rkfuentes/Documents/md_anderson_analysis/yepes_code/data/2025-10-14/scope-results-2025-10-14-1475.csv,2.0014804533333332e-06,9.837433282442759e-07,0,0,0,0,HV 100
,BNL,"12 (ch1 in csv), 16 (ch2 in csv)",Electrons 85V,3.0,0,,125,/Users/rkfuentes/Documents/md_anderson_analysis/yepes_code/data/2025-10-14/scope-results-2025-10-14-1476.csv,1.9350336e-06,1.373946768e-06,0,0,0,0,HV 100
,BNL,"12 (ch1 in csv), 16 (ch2 in csv)",Electrons 85V,3.0,0,,125,/Users/rkfuentes/Documents/md_anderson_analysis/yepes_code/data/2025-10-14/scope-results-2025-10-14-1477.csv,1.9840775466666673e-06,1.381932482666668e-06,0,0,0,0,HV 100
,BNL,"12 (ch1 in csv), 16 (ch2 in csv)",Electrons 85V,3.0,0,,125,/Users/rkfuentes/Documents/md_anderson_analysis/yepes_code/data/2025-10-14/scope-results-2025-10-14-1478.csv,1.9607139466666663e-06,1.3440080000000015e-06,0,0,0,0,HV 100
,BNL,"12 (ch1 in csv), 16 (ch2 in csv)",Electrons 85V,3.0,0,,125,/Users/rkfuentes/Documents/md_anderson_analysis/yepes_code/data/2025-10-14/scope-results-2025-10-14-1479.csv,1.6547322976860543e-06,1.0076826008855154e-06,0,0,0,0,HV 100
,BNL,"12 (ch1 in csv), 16 (ch2 in csv)",Electrons 85V,3.0,0,,125,/Users/rkfuentes/Documents/md_anderson_analysis/yepes_code/data/2025-10-14/scope-results-2025-10-14-1480.csv,1.6878746320346312e-06,1.3259414186666668e-06,0,0,0,0,HV 100
,BNL,"12 (ch1 in csv), 16 (ch2 in csv)",Electrons 85V,3.0,0,,150,/Users/rkfuentes/Documents/md_anderson_analysis/yepes_code/data/2025-10-14/scope-results-2025-10-14-1552.csv,1.2607191786666666e-06,2.1719617920000013e-06,0,0,0,0,HV 100
,BNL,"12 (ch1 in csv), 16 (ch2 in csv)",Electrons 85V,3.0,0,,150,/Users/rkfuentes/Documents/md_anderson_analysis/yepes_code/data/2025-10-14/scope-results-2025-10-14-1553.csv,1.1239789333333346e-08,1.8406676571428564e-06,0,0,0,0,HV 100
,BNL,"12 (ch1 in csv), 16 (ch2 in csv)",Electrons 85V,3.0,0,,150,/Users/rkfuentes/Documents/md_anderson_analysis/yepes_code/data/2025-10-14/scope-results-2025-10-14-1554.csv,1.520641892644136e-06,2.3039769733333326e-06,0,0,0,0,HV 100
,BNL,"12 (ch1 in csv), 16 (ch2 in csv)",Electrons 85V,3.0,0,,150,/Users/rkfuentes/Documents/md_anderson_analysis/yepes_code/data/2025-10-14/scope-results-2025-10-14-1555.csv,1.2447147333333334e-06,7.925771428571435e-07,0,0,0,0,HV 100
,BNL,"12 (ch1 in csv), 16 (ch2 in csv)",Electrons 85V,3.0,0,,150,/Users/rkfuentes/Documents/md_anderson_analysis/yepes_code/data/2025-10-14/scope-results-2025-10-14-1641.csv,5.11996264e-07,1.4641003200000002e-06,0,0,0,0,HV 50
,BNL,"12 (ch1 in csv), 16 (ch2 in csv)",Electrons 85V,3.0,0,,150,/Users/rkfuentes/Documents/md_anderson_analysis/yepes_code/data/2025-10-14/scope-results-2025-10-14-1642.csv,5.267986613333337e-07,1.6525549052352552e-06,0,0,0,0,HV 50
,BNL,"12 (ch1 in csv), 16 (ch2 in csv)",Electrons 85V,3.0,0,,150,/Users/rkfuentes/Documents/md_anderson_analysis/yepes_code/data/2025-10-14/scope-results-2025-10-14-1643.csv,5.159920479999998e-07,1.7493476026666653e-06,0,0,0,0,HV 50
,BNL,"12 (ch1 in csv), 16 (ch2 in csv)",Electrons 85V,3.0,0,,150,/Users/rkfuentes/Documents/md_anderson_analysis/yepes_code/data/2025-10-14/scope-results-2025-10-14-1644.csv,5.056552533333332e-07,1.7280924000000002e-06,0,0,0,0,HV 50
,BNL,"12 (ch1 in csv), 16 (ch2 in csv)",Electrons 85V,3.0,0,,150,/Users/rkfuentes/Documents/md_anderson_analysis/yepes_code/data/2025-10-14/scope-results-2025-10-14-1645.csv,9.356116800000005e-07,1.5005182613333337e-06,0,0,0,0,HV 50
,BNL,"12 (ch1 in csv), 16 (ch2 in csv)",Electrons 85V,3.0,0,,175,/Users/rkfuentes/Documents/md_anderson_analysis/yepes_code/data/2025-10-14/scope-results-2025-10-14-1714.csv,4.247712000000036e-09,9.348389120000002e-07,0,0,0,0,HV 100
,BNL,"12 (ch1 in csv), 16 (ch2 in csv)",Electrons 85V,3.0,0,,175,/Users/rkfuentes/Documents/md_anderson_analysis/yepes_code/data/2025-10-14/scope-results-2025-10-14-1715.csv,9.550139840000003e-07,9.473104586666664e-07,0,0,0,0,HV 100
,BNL,"12 (ch1 in csv), 16 (ch2 in csv)",Electrons 85V,3.0,0,,175,/Users/rkfuentes/Documents/md_anderson_analysis/yepes_code/data/2025-10-14/scope-results-2025-10-14-1716.csv,1.0461025173333335e-06,9.237386826666677e-07,0,0,0,0,HV 100
,BNL,"12 (ch1 in csv), 16 (ch2 in csv)",Electrons 85V,3.0,0,,175,/Users/rkfuentes/Documents/md_anderson_analysis/yepes_code/data/2025-10-14/scope-results-2025-10-14-1717.csv,1.0173239040000003e-06,9.484871066666664e-07,0,0,0,0,HV 100
,BNL,"12 (ch1 in csv), 16 (ch2 in csv)",Electrons 85V,3.0,0,,175,/Users/rkfuentes/Documents/md_anderson_analysis/yepes_code/data/2025-10-14/scope-results-2025-10-14-1718.csv,1.0336665013333336e-06,9.31927629333333e-07,0,0,0,0,HV 100
,BNL,"12 (ch1 in csv), 16 (ch2 in csv)",Electrons 85V,3.0,0,,175,/Users/rkfuentes/Documents/md_anderson_analysis/yepes_code/data/2025-10-14/scope-results-2025-10-14-1719.csv,9.23940736e-07,9.126862933333332e-07,0,0,0,0,HV 100
,BNL,"12 (ch1 in csv), 16 (ch2 in csv)",Electrons 85V,3.0,0,,175,/Users/rkfuentes/Documents/md_anderson_analysis/yepes_code/data/2025-10-14/scope-results-2025-10-14-1720.csv,7.679696828828818e-07,4.122273333333337e-08,0,0,0,0,HV 100
,BNL,"12 (ch1 in csv), 16 (ch2 in csv)",Electrons 85V,3.0,0,,175,/Users/rkfuentes/Documents/md_anderson_analysis/yepes_code/data/2025-10-14/scope-results-2025-10-14-1721.csv,9.911634186666668e-07,4.292324106666667e-07,0,0,0,0,HV 100
,BNL,"12 (ch1 in csv), 16 (ch2 in csv)",Electrons 85V,3.0,0,,175,/Users/rkfuentes/Documents/md_anderson_analysis/yepes_code/data/2025-10-14/scope-results-2025-10-14-1722.csv,1.0135647306666667e-06,9.343279680000003e-07,0,0,0,0,HV 100
,BNL,"12 (ch1 in csv), 16 (ch2 in csv)",Electrons 85V,3.0,0,,175,/Users/rkfuentes/Documents/md_anderson_analysis/yepes_code/data/2025-10-14/scope-results-2025-10-14-1723.csv,9.922441706666672e-07,9.419001306666665e-07,0,0,0,0,HV 100
,BNL,"12 (ch1 in csv), 16 (ch2 in csv)",Electrons 85V,3.0,0,,175,/Users/rkfuentes/Documents/md_anderson_analysis/yepes_code/data/2025-10-14/scope-results-2025-10-14-1724.csv,9.349134559999993e-07,9.336157173333323e-07,0,0,0,0,HV 100
,BNL,"12 (ch1 in csv), 16 (ch2 in csv)",Electrons 85V,3.0,0,,175,/Users/rkfuentes/Documents/md_anderson_analysis/yepes_code/data/2025-10-14/scope-results-2025-10-14-1725.csv,1.264359680000002e-07,9.301209733333332e-07,0,0,0,0,HV 100
,BNL,"12 (ch1 in csv), 16 (ch2 in csv)",Electrons 85V,3.0,0,,175,/Users/rkfuentes/Documents/md_anderson_analysis/yepes_code/data/2025-10-14/scope-results-2025-10-14-1726.csv,7.421928737201363e-07,9.85945956947163e-07,0,0,0,0,HV 100
,BNL,"12 (ch1 in csv), 16 (ch2 in csv)",Electrons 85V,3.0,0,,175,/Users/rkfuentes/Documents/md_anderson_analysis/yepes_code/data/2025-10-14/scope-results-2025-10-14-1767.csv,8.274352000000002e-09,4.365006133333338e-08,0,0,0,0,HV 50
,BNL,"12 (ch1 in csv), 16 (ch2 in csv)",Electrons 85V,3.0,0,,175,/Users/rkfuentes/Documents/md_anderson_analysis/yepes_code/data/2025-10-14/scope-results-2025-10-14-1768.csv,3.629080826666665e-07,3.9659741066666704e-07,0,0,0,0,HV 50
,BNL,"12 (ch1 in csv), 16 (ch2 in csv)",Electrons 85V,3.0,0,,175,/Users/rkfuentes/Documents/md_anderson_analysis/yepes_code/data/2025-10-14/scope-results-2025-10-14-1769.csv,3.0275165820643025e-07,4.788331021194613e-07,0,0,0,0,HV 50
,BNL,"12 (ch1 in csv), 16 (ch2 in csv)",Electrons 85V,3.0,0,,175,/Users/rkfuentes/Documents/md_anderson_analysis/yepes_code/data/2025-10-14/scope-results-2025-10-14-1770.csv,7.509650937500013e-07,4.481674666666663e-08,0,0,0,0,HV 50
,BNL,"12 (ch1 in csv), 16 (ch2 in csv)",Electrons 85V,3.0,0,,175,/Users/rkfuentes/Documents/md_anderson_analysis/yepes_code/data/2025-10-14/scope-results-2025-10-14-1771.csv,4.297213333333332e-07,2.5127790933333377e-07,0,0,0,0,HV 50
,BNL,"12 (ch1 in csv), 16 (ch2 in csv)",Electrons 85V,3.0,0,,175,/Users/rkfuentes/Documents/md_anderson_analysis/yepes_code/data/2025-10-14/scope-results-2025-10-14-1772.csv,7.821866666667011e-11,2.1448139999999973e-07,0,0,0,0,HV 50
,BNL,"12 (ch1 in csv), 16 (ch2 in csv)",Electrons 85V,3.0,0,,175,/Users/rkfuentes/Documents/md_anderson_analysis/yepes_code/data/2025-10-14/scope-results-2025-10-14-1773.csv,3.837159893333331e-07,6.407837226666665e-07,0,0,0,0,HV 50
,BNL,"12 (ch1 in csv), 16 (ch2 in csv)",Electrons 85V,3.0,0,,175,/Users/rkfuentes/Documents/md_anderson_analysis/yepes_code/data/2025-10-14/scope-results-2025-10-14-1774.csv,2.9201023385689355e-07,5.177214196078436e-07,0,0,0,0,HV 50
,BNL,"12 (ch1 in csv), 16 (ch2 in csv)",Electrons 85V,3.0,0,,175,/Users/rkfuentes/Documents/md_anderson_analysis/yepes_code/data/2025-10-14/scope-results-2025-10-14-1775.csv,4.4913439466666697e-07,3.759511840000005e-07,0,0,0,0,HV 50
,BNL,"12 (ch1 in csv), 16 (ch2 in csv)",Electrons 85V,3.0,0,,175,/Users/rkfuentes/Documents/md_anderson_analysis/yepes_code/data/2025-10-14/scope-results-2025-10-14-1776.csv,7.520704453024464e-07,4.0967466666666726e-08,0,0,0,0,HV 50
,BNL,"12 (ch1 in csv), 16 (ch2 in csv)",Electrons 85V,3.0,0,,175,/Users/rkfuentes/Documents/md_anderson_analysis/yepes_code/data/2025-10-14/scope-results-2025-10-14-1777.csv,6.189546666666655e-09,7.655114666666674e-09,0,0,0,0,HV 50
,BNL,"12 (ch1 in csv), 16 (ch2 in csv)",Electrons 85V,3.0,0,,175,/Users/rkfuentes/Documents/md_anderson_analysis/yepes_code/data/2025-10-14/scope-results-2025-10-14-1778.csv,2.8461766933333333e-07,3.774474666666664e-07,0,0,0,0,HV 50
,BNL,"12 (ch1 in csv), 16 (ch2 in csv)",Electrons 85V,3.0,0,,175,/Users/rkfuentes/Documents/md_anderson_analysis/yepes_code/data/2025-10-14/scope-results-2025-10-14-1779.csv,2.8261422222222225e-07,4.767222766093046e-07,0,0,0,0,HV 50
,BNL,"12 (ch1 in csv), 16 (ch2 in csv)",Electrons 85V,3.0,0,,175,/Users/rkfuentes/Documents/md_anderson_analysis/yepes_code/data/2025-10-14/scope-results-2025-10-14-1780.csv,1.217701333333393e-08,1.6992725333333366e-08,0,0,0,0,HV 50
,BNL,"12 (ch1 in csv), 16 (ch2 in csv)",Electrons 85V,3.0,0,,200,/Users/rkfuentes/Documents/md_anderson_analysis/yepes_code/data/2025-10-14/scope-results-2025-10-14-1821.csv,4.930173913043483e-07,7.45963733333334e-09,0,0,0,0,HV 100
,BNL,"12 (ch1 in csv), 16 (ch2 in csv)",Electrons 85V,3.0,0,,200,/Users/rkfuentes/Documents/md_anderson_analysis/yepes_code/data/2025-10-14/scope-results-2025-10-14-1822.csv,1.7420181333333307e-08,1.1792831199999986e-06,0,0,0,0,HV 100
,BNL,"12 (ch1 in csv), 16 (ch2 in csv)",Electrons 85V,3.0,0,,200,/Users/rkfuentes/Documents/md_anderson_analysis/yepes_code/data/2025-10-14/scope-results-2025-10-14-1823.csv,6.521462399999997e-07,1.0471312133333332e-06,0,0,0,0,HV 100
,BNL,"12 (ch1 in csv), 16 (ch2 in csv)",Electrons 85V,3.0,0,,200,/Users/rkfuentes/Documents/md_anderson_analysis/yepes_code/data/2025-10-14/scope-results-2025-10-14-1824.csv,8.484282666666708e-09,1.1528231466666665e-06,0,0,0,0,HV 100
,BNL,"12 (ch1 in csv), 16 (ch2 in csv)",Electrons 85V,3.0,0,,200,/Users/rkfuentes/Documents/md_anderson_analysis/yepes_code/data/2025-10-14/scope-results-2025-10-14-1825.csv,6.667567600000006e-07,1.0714413599999995e-06,0,0,0,0,HV 100
,BNL,"12 (ch1 in csv), 16 (ch2 in csv)",Electrons 85V,3.0,0,,200,/Users/rkfuentes/Documents/md_anderson_analysis/yepes_code/data/2025-10-14/scope-results-2025-10-14-1826.csv,6.729719999999996e-07,1.1670708480000008e-06,0,0,0,0,HV 100
,BNL,"12 (ch1 in csv), 16 (ch2 in csv)",Electrons 85V,3.0,0,,200,/Users/rkfuentes/Documents/md_anderson_analysis/yepes_code/data/2025-10-14/scope-results-2025-10-14-1827.csv,6.427092666666669e-07,1.208992437333333e-06,0,0,0,0,HV 100
,BNL,"12 (ch1 in csv), 16 (ch2 in csv)",Electrons 85V,3.0,0,,200,/Users/rkfuentes/Documents/md_anderson_analysis/yepes_code/data/2025-10-14/scope-results-2025-10-14-1828.csv,6.65063032e-07,1.068044064e-06,0,0,0,0,HV 100
,BNL,"12 (ch1 in csv), 16 (ch2 in csv)",Electrons 85V,3.0,0,,200,/Users/rkfuentes/Documents/md_anderson_analysis/yepes_code/data/2025-10-14/scope-results-2025-10-14-1829.csv,6.544593866666665e-07,1.0463556293333322e-06,0,0,0,0,HV 100
,BNL,"12 (ch1 in csv), 16 (ch2 in csv)",Electrons 85V,3.0,0,,200,/Users/rkfuentes/Documents/md_anderson_analysis/yepes_code/data/2025-10-14/scope-results-2025-10-14-1830.csv,6.416634693333331e-07,1.0917022933333327e-06,0,0,0,0,HV 100
,BNL,"12 (ch1 in csv), 16 (ch2 in csv)",Electrons 85V,3.0,0,,200,/Users/rkfuentes/Documents/md_anderson_analysis/yepes_code/data/2025-10-14/scope-results-2025-10-14-1831.csv,4.82823645756458e-07,1.796778666666666e-08,0,0,0,0,HV 100
,BNL,"12 (ch1 in csv), 16 (ch2 in csv)",Electrons 85V,3.0,0,,200,/Users/rkfuentes/Documents/md_anderson_analysis/yepes_code/data/2025-10-14/scope-results-2025-10-14-1832.csv,2.631784000000005e-07,9.649307722772276e-07,0,0,0,0,HV 100
,BNL,"12 (ch1 in csv), 16 (ch2 in csv)",Electrons 85V,3.0,0,,200,/Users/rkfuentes/Documents/md_anderson_analysis/yepes_code/data/2025-10-14/scope-results-2025-10-14-1833.csv,6.234392799999997e-07,1.0957611066666656e-06,0,0,0,0,HV 100
,BNL,"12 (ch1 in csv), 16 (ch2 in csv)",Electrons 85V,3.0,0,,200,/Users/rkfuentes/Documents/md_anderson_analysis/yepes_code/data/2025-10-14/scope-results-2025-10-14-1874.csv,4.5969466666666555e-09,1.3085914666666648e-08,0,0,0,0,HV 50
,BNL,"12 (ch1 in csv), 16 (ch2 in csv)",Electrons 85V,3.0,0,,200,/Users/rkfuentes/Documents/md_anderson_analysis/yepes_code/data/2025-10-14/scope-results-2025-10-14-1875.csv,5.211253333333342e-07,9.182501183800613e-07,0,0,0,0,HV 50
,BNL,"12 (ch1 in csv), 16 (ch2 in csv)",Electrons 85V,3.0,0,,200,/Users/rkfuentes/Documents/md_anderson_analysis/yepes_code/data/2025-10-14/scope-results-2025-10-14-1876.csv,5.048413796653812e-07,1.29925333333333e-08,0,0,0,0,HV 50
,BNL,"12 (ch1 in csv), 16 (ch2 in csv)",Electrons 85V,3.0,0,,200,/Users/rkfuentes/Documents/md_anderson_analysis/yepes_code/data/2025-10-14/scope-results-2025-10-14-1877.csv,3.1011840000000005e-07,1.0317014693333328e-06,0,0,0,0,HV 50
,BNL,"12 (ch1 in csv), 16 (ch2 in csv)",Electrons 85V,3.0,0,,200,/Users/rkfuentes/Documents/md_anderson_analysis/yepes_code/data/2025-10-14/scope-results-2025-10-14-1878.csv,3.1443441599999976e-07,1.0188115839999996e-06,0,0,0,0,HV 50
,BNL,"12 (ch1 in csv), 16 (ch2 in csv)",Electrons 85V,3.0,0,,200,/Users/rkfuentes/Documents/md_anderson_analysis/yepes_code/data/2025-10-14/scope-results-2025-10-14-1879.csv,4.991227540769744e-07,1.6361520000000037e-08,0,0,0,0,HV 50
,BNL,"12 (ch1 in csv), 16 (ch2 in csv)",Electrons 85V,3.0,0,,200,/Users/rkfuentes/Documents/md_anderson_analysis/yepes_code/data/2025-10-14/scope-results-2025-10-14-1880.csv,5.098419737532809e-07,9.212033333333326e-07,0,0,0,0,HV 50
,BNL,"12 (ch1 in csv), 16 (ch2 in csv)",Electrons 85V,3.0,0,,200,/Users/rkfuentes/Documents/md_anderson_analysis/yepes_code/data/2025-10-14/scope-results-2025-10-14-1881.csv,5.576646213592247e-07,7.285333333333358e-09,0,0,0,0,HV 50
,BNL,"12 (ch1 in csv), 16 (ch2 in csv)",Electrons 85V,3.0,0,,200,/Users/rkfuentes/Documents/md_anderson_analysis/yepes_code/data/2025-10-14/scope-results-2025-10-14-1882.csv,3.0681824266666646e-07,1.0052904986666655e-06,0,0,0,0,HV 50
,BNL,"12 (ch1 in csv), 16 (ch2 in csv)",Electrons 85V,3.0,0,,200,/Users/rkfuentes/Documents/md_anderson_analysis/yepes_code/data/2025-10-14/scope-results-2025-10-14-1883.csv,1.5958560000000838e-09,1.0205725866666673e-06,0,0,0,0,HV 50
,BNL,"12 (ch1 in csv), 16 (ch2 in csv)",Electrons 85V,3.0,0,,200,/Users/rkfuentes/Documents/md_anderson_analysis/yepes_code/data/2025-10-14/scope-results-2025-10-14-1884.csv,1.9117688888888906e-07,6.540298666666672e-09,0,0,0,0,HV 50
,BNL,"12 (ch1 in csv), 16 (ch2 in csv)",Electrons 85V,3.0,0,,200,/Users/rkfuentes/Documents/md_anderson_analysis/yepes_code/data/2025-10-14/scope-results-2025-10-14-1885.csv,1.8325027338129515e-07,1.0325904000000013e-08,0,0,0,0,HV 50
,BNL,"12 (ch1 in csv), 16 (ch2 in csv)",Electrons 85V,3.0,0,,200,/Users/rkfuentes/Documents/md_anderson_analysis/yepes_code/data/2025-10-14/scope-results-2025-10-14-1886.csv,6.309172853333335e-07,8.592203519999997e-07,0,0,0,0,HV 50
,BNL,"12 (ch1 in csv), 16 (ch2 in csv)",Electrons 85V,3.0,0,,200,/Users/rkfuentes/Documents/md_anderson_analysis/yepes_code/data/2025-10-14/scope-results-2025-10-14-1887.csv,5.184880153550871e-07,9.255915440689193e-07,0,0,0,0,HV 50
,BNL,"12 (ch1 in csv), 16 (ch2 in csv)",Electrons 85V,3.0,0,,227.5,/Users/rkfuentes/Documents/md_anderson_analysis/yepes_code/data/2025-10-14/scope-results-2025-10-14-1930.csv,5.791842461538466e-07,0.0,0,0,0,0,HV 50
,BNL,"12 (ch1 in csv), 16 (ch2 in csv)",Electrons 85V,3.0,0,,227.5,/Users/rkfuentes/Documents/md_anderson_analysis/yepes_code/data/2025-10-14/scope-results-2025-10-14-1931.csv,5.788637756033931e-07,4.737837518151815e-07,0,0,0,0,HV 50
,BNL,"12 (ch1 in csv), 16 (ch2 in csv)",Electrons 85V,3.0,0,,227.5,/Users/rkfuentes/Documents/md_anderson_analysis/yepes_code/data/2025-10-14/scope-results-2025-10-14-1932.csv,8.976690666666687e-09,1.9827626666667678e-09,0,0,0,0,HV 50
,BNL,"12 (ch1 in csv), 16 (ch2 in csv)",Electrons 85V,3.0,0,,227.5,/Users/rkfuentes/Documents/md_anderson_analysis/yepes_code/data/2025-10-14/scope-results-2025-10-14-1933.csv,5.924939400611629e-07,1.064176106666665e-07,0,0,0,0,HV 50
,BNL,"12 (ch1 in csv), 16 (ch2 in csv)",Electrons 85V,3.0,0,,227.5,/Users/rkfuentes/Documents/md_anderson_analysis/yepes_code/data/2025-10-14/scope-results-2025-10-14-1934.csv,2.471645333333404e-09,1.6566763999999996e-07,0,0,0,0,HV 50
,BNL,"12 (ch1 in csv), 16 (ch2 in csv)",Electrons 85V,3.0,0,,227.5,/Users/rkfuentes/Documents/md_anderson_analysis/yepes_code/data/2025-10-14/scope-results-2025-10-14-1935.csv,5.60960599072234e-07,1.168518038528896e-07,0,0,0,0,HV 50
,BNL,"12 (ch1 in csv), 16 (ch2 in csv)",Electrons 85V,3.0,0,,227.5,/Users/rkfuentes/Documents/md_anderson_analysis/yepes_code/data/2025-10-14/scope-results-2025-10-14-1936.csv,1.2778653866666675e-07,4.565677173333337e-07,0,0,0,0,HV 50
,BNL,"12 (ch1 in csv), 16 (ch2 in csv)",Electrons 85V,3.0,0,,227.5,/Users/rkfuentes/Documents/md_anderson_analysis/yepes_code/data/2025-10-14/scope-results-2025-10-14-1937.csv,6.362090613333338e-07,1.3104078400000008e-07,0,0,0,0,HV 50
,BNL,"12 (ch1 in csv), 16 (ch2 in csv)",Electrons 85V,3.0,0,,227.5,/Users/rkfuentes/Documents/md_anderson_analysis/yepes_code/data/2025-10-14/scope-results-2025-10-14-1938.csv,6.395038293333342e-07,1.3510849866666692e-07,0,0,0,0,HV 50
,BNL,"12 (ch1 in csv), 16 (ch2 in csv)",Electrons 85V,3.0,0,,227.5,/Users/rkfuentes/Documents/md_anderson_analysis/yepes_code/data/2025-10-14/scope-results-2025-10-14-1939.csv,6.721255333333341e-07,3.820953786666666e-07,0,0,0,0,HV 50
,BNL,"12 (ch1 in csv), 16 (ch2 in csv)",Electrons 85V,3.0,0,,227.5,/Users/rkfuentes/Documents/md_anderson_analysis/yepes_code/data/2025-10-14/scope-results-2025-10-14-1940.csv,5.35478183727035e-07,1.1146926436781609e-07,0,0,0,0,HV 50
,BNL,"12 (ch1 in csv), 16 (ch2 in csv)",Electrons 85V,3.0,0,,227.5,/Users/rkfuentes/Documents/md_anderson_analysis/yepes_code/data/2025-10-14/scope-results-2025-10-14-1941.csv,1.1532212800000013e-07,1.2093757866666657e-07,0,0,0,0,HV 50
,BNL,"12 (ch1 in csv), 16 (ch2 in csv)",Electrons 85V,3.0,0,,227.5,/Users/rkfuentes/Documents/md_anderson_analysis/yepes_code/data/2025-10-14/scope-results-2025-10-14-1942.csv,8.505405333333288e-09,3.4011684462151396e-07,0,0,0,0,HV 50
,BNL,"12 (ch1 in csv), 16 (ch2 in csv)",Electrons 85V,3.0,0,,227.5,/Users/rkfuentes/Documents/md_anderson_analysis/yepes_code/data/2025-10-14/scope-results-2025-10-14-1982.csv,2.0169706666666207e-09,1.9839199999999968e-08,0,0,0,0,HV 100
,BNL,"12 (ch1 in csv), 16 (ch2 in csv)",Electrons 85V,3.0,0,,227.5,/Users/rkfuentes/Documents/md_anderson_analysis/yepes_code/data/2025-10-14/scope-results-2025-10-14-1983.csv,3.3620853333332773e-09,3.4317724266666663e-07,0,0,0,0,HV 100
,BNL,"12 (ch1 in csv), 16 (ch2 in csv)",Electrons 85V,3.0,0,,227.5,/Users/rkfuentes/Documents/md_anderson_analysis/yepes_code/data/2025-10-14/scope-results-2025-10-14-1984.csv,1.0321039999999866e-09,2.5623813333333885e-09,0,0,0,0,HV 100
,BNL,"12 (ch1 in csv), 16 (ch2 in csv)",Electrons 85V,3.0,0,,227.5,/Users/rkfuentes/Documents/md_anderson_analysis/yepes_code/data/2025-10-14/scope-results-2025-10-14-1985.csv,5.047804160000001e-07,1.872594666666663e-09,0,0,0,0,HV 100
,BNL,"12 (ch1 in csv), 16 (ch2 in csv)",Electrons 85V,3.0,0,,227.5,/Users/rkfuentes/Documents/md_anderson_analysis/yepes_code/data/2025-10-14/scope-results-2025-10-14-1986.csv,6.448233792751096e-09,3.2239482097649217e-07,0,0,0,0,HV 100
,BNL,"12 (ch1 in csv), 16 (ch2 in csv)",Electrons 85V,3.0,0,,227.5,/Users/rkfuentes/Documents/md_anderson_analysis/yepes_code/data/2025-10-14/scope-results-2025-10-14-1987.csv,3.645827413333336e-07,9.502011733333374e-08,0,0,0,0,HV 100
,BNL,"12 (ch1 in csv), 16 (ch2 in csv)",Electrons 85V,3.0,0,,227.5,/Users/rkfuentes/Documents/md_anderson_analysis/yepes_code/data/2025-10-14/scope-results-2025-10-14-1988.csv,8.438005333333303e-09,1.9358734399999998e-07,0,0,0,0,HV 100
,BNL,"12 (ch1 in csv), 16 (ch2 in csv)",Electrons 85V,3.0,0,,227.5,/Users/rkfuentes/Documents/md_anderson_analysis/yepes_code/data/2025-10-14/scope-results-2025-10-14-1989.csv,1.2387525333333294e-07,4.8471066666666715e-09,0,0,0,0,HV 100
,BNL,"12 (ch1 in csv), 16 (ch2 in csv)",Electrons 85V,3.0,0,,227.5,/Users/rkfuentes/Documents/md_anderson_analysis/yepes_code/data/2025-10-14/scope-results-2025-10-14-1990.csv,1.414459733333334e-07,1.1423753866666653e-07,0,0,0,0,HV 100
,BNL,"12 (ch1 in csv), 16 (ch2 in csv)",Electrons 85V,3.0,0,,227.5,/Users/rkfuentes/Documents/md_anderson_analysis/yepes_code/data/2025-10-14/scope-results-2025-10-14-1991.csv,4.013358666666665e-07,4.157577760000001e-07,0,0,0,0,HV 100
,BNL,"12 (ch1 in csv), 16 (ch2 in csv)",Electrons 85V,3.0,0,,75,/Users/rkfuentes/Documents/md_anderson_analysis/yepes_code/data/2025-10-14/scope-results-2025-10-14-2022.csv,2.5261884731182797e-06,3.4180906705202313e-06,0,0,0,0,HV 100
,BNL,"12 (ch1 in csv), 16 (ch2 in csv)",Electrons 85V,3.0,0,,75,/Users/rkfuentes/Documents/md_anderson_analysis/yepes_code/data/2025-10-14/scope-results-2025-10-14-2023.csv,2.525329001788909e-06,3.4126725549132943e-06,0,0,0,0,HV 100
,BNL,"12 (ch1 in csv), 16 (ch2 in csv)",Electrons 85V,3.0,0,,75,/Users/rkfuentes/Documents/md_anderson_analysis/yepes_code/data/2025-10-14/scope-results-2025-10-14-2062.csv,9.935597055072465e-07,2.699150539563863e-06,0,0,0,0,HV 50
,BNL,"12 (ch1 in csv), 16 (ch2 in csv)",Electrons 85V,3.0,0,,75,/Users/rkfuentes/Documents/md_anderson_analysis/yepes_code/data/2025-10-14/scope-results-2025-10-14-2063.csv,1.0640643526734922e-06,8.12218864135021e-07,0,0,0,0,HV 50
,BNL,"12 (ch1 in csv), 16 (ch2 in csv)",Electrons 85V,3.0,0,,75,/Users/rkfuentes/Documents/md_anderson_analysis/yepes_code/data/2025-10-14/scope-results-2025-10-14-2064.csv,8.992261016109044e-07,8.490703522205216e-07,0,0,0,0,HV 50
,BNL,"12 (ch1 in csv), 16 (ch2 in csv)",Electrons 85V,3.0,0,,75,/Users/rkfuentes/Documents/md_anderson_analysis/yepes_code/data/2025-10-14/scope-results-2025-10-14-2065.csv,9.973707793427235e-07,8.255591216022897e-07,0,0,0,0,HV 50
,BNL,"12 (ch1 in csv), 16 (ch2 in csv)",Electrons 85V,3.0,0,,75,/Users/rkfuentes/Documents/md_anderson_analysis/yepes_code/data/2025-10-14/scope-results-2025-10-14-2066.csv,1.1219882222222225e-06,2.656453260869565e-06,0,0,0,0,HV 50
,BNL,"12 (ch1 in csv), 16 (ch2 in csv)",Electrons 85V,3.0,0,,75,/Users/rkfuentes/Documents/md_anderson_analysis/yepes_code/data/2025-10-14/scope-results-2025-10-14-2067.csv,1.1101019136442141e-06,2.689205e-06,0,0,0,0,HV 50
,BNL,"12 (ch1 in csv), 16 (ch2 in csv)",Electrons 85V,3.0,0,,75,/Users/rkfuentes/Documents/md_anderson_analysis/yepes_code/data/2025-10-14/scope-results-2025-10-14-2068.csv,1.0531244319248822e-06,2.796255606299213e-06,0,0,0,0,HV 50
,BNL,"12 (ch1 in csv), 16 (ch2 in csv)",Electrons 85V,3.0,0,,75,/Users/rkfuentes/Documents/md_anderson_analysis/yepes_code/data/2025-10-14/scope-results-2025-10-14-2069.csv,1.0967814698795182e-06,2.7225307727272727e-06,0,0,0,0,HV 50
,BNL,"12 (ch1 in csv), 16 (ch2 in csv)",Electrons 85V,3.0,0,,75,/Users/rkfuentes/Documents/md_anderson_analysis/yepes_code/data/2025-10-14/scope-results-2025-10-14-2070.csv,1.0654474776632301e-06,2.8148476705276707e-06,0,0,0,0,HV 50
,BNL,"12 (ch1 in csv), 16 (ch2 in csv)",Electrons 85V,3.0,0,,75,/Users/rkfuentes/Documents/md_anderson_analysis/yepes_code/data/2025-10-14/scope-results-2025-10-14-2071.csv,1.0671187878787878e-06,8.565497956989249e-07,0,0,0,0,HV 50
