Unnamed: 0,Detector,Channel,Beam,Pulse,Dose,X,Z,File,ch1_area,ch2_area,ch1_peaks,ch2_peaks,ch1_osc_count,ch2_osc_count,HV
,BNL,"12, 16",Electrons 85V,0.5,0,,50,/Users/rkfuentes/Documents/md_anderson_analysis/yepes_code/data/2025-10-15/scope-results-2025-10-15-0074.csv,1.1642666666661167e-11,2.015432226613966e-06,0,0,0,0,HV 20
,BNL,"12, 16",Electrons 85V,0.5,0,,50,/Users/rkfuentes/Documents/md_anderson_analysis/yepes_code/data/2025-10-15/scope-results-2025-10-15-0075.csv,9.740248906560645e-07,4.7029333333349186e-11,0,0,0,0,HV 20
,BNL,"12, 16",Electrons 85V,0.5,0,,50,/Users/rkfuentes/Documents/md_anderson_analysis/yepes_code/data/2025-10-15/scope-results-2025-10-15-0076.csv,9.58704720194648e-07,2.431654933333331e-08,0,0,0,0,HV 20
,BNL,"12, 16",Electrons 85V,0.5,0,,50,/Users/rkfuentes/Documents/md_anderson_analysis/yepes_code/data/2025-10-15/scope-results-2025-10-15-0077.csv,9.719538483245155e-07,3.7767178666666606e-08,0,0,0,0,HV 20
,BNL,"12, 16",Electrons 85V,0.5,0,,50,/Users/rkfuentes/Documents/md_anderson_analysis/yepes_code/data/2025-10-15/scope-results-2025-10-15-0078.csv,9.448651394374629e-07,2.012085819314642e-06,0,0,0,0,HV 20
,BNL,"12, 16",Electrons 85V,0.5,0,,50,/Users/rkfuentes/Documents/md_anderson_analysis/yepes_code/data/2025-10-15/scope-results-2025-10-15-0079.csv,1.4739477333333285e-08,9.757378666666684e-09,0,0,0,0,HV 20
,BNL,"12, 16",Electrons 85V,0.5,0,,50,/Users/rkfuentes/Documents/md_anderson_analysis/yepes_code/data/2025-10-15/scope-results-2025-10-15-0080.csv,9.494531035308199e-07,6.700901333333334e-09,0,0,0,0,HV 20
,BNL,"12, 16",Electrons 85V,0.5,0,,50,/Users/rkfuentes/Documents/md_anderson_analysis/yepes_code/data/2025-10-15/scope-results-2025-10-15-0081.csv,9.376303899371073e-07,1.9804618648018646e-06,0,0,0,0,HV 20
,BNL,"12, 16",Electrons 85V,0.5,0,,50,/Users/rkfuentes/Documents/md_anderson_analysis/yepes_code/data/2025-10-15/scope-results-2025-10-15-0082.csv,2.5328666666666586e-09,2.690416000000003e-08,0,0,0,0,HV 20
,BNL,"12, 16",Electrons 85V,0.5,0,,50,/Users/rkfuentes/Documents/md_anderson_analysis/yepes_code/data/2025-10-15/scope-results-2025-10-15-0083.csv,9.4292726116208e-07,1.796139145098039e-06,0,0,0,0,HV 20
,BNL,"12, 16",Electrons 85V,0.5,0,,50,/Users/rkfuentes/Documents/md_anderson_analysis/yepes_code/data/2025-10-15/scope-results-2025-10-15-0084.csv,9.437238840579712e-07,1.0958975999999993e-08,0,0,0,0,HV 20
,BNL,"12, 16",Electrons 85V,0.5,0,,50,/Users/rkfuentes/Documents/md_anderson_analysis/yepes_code/data/2025-10-15/scope-results-2025-10-15-0085.csv,9.482280577427827e-07,3.766202666666675e-09,0,0,0,0,HV 20
,BNL,"12, 16",Electrons 85V,0.5,0,,50,/Users/rkfuentes/Documents/md_anderson_analysis/yepes_code/data/2025-10-15/scope-results-2025-10-15-0086.csv,9.374398837920497e-07,4.8799037333333327e-08,0,0,0,0,HV 20
,BNL,"12, 16",Electrons 85V,0.5,0,,50,/Users/rkfuentes/Documents/md_anderson_analysis/yepes_code/data/2025-10-15/scope-results-2025-10-15-0087.csv,9.488688157732603e-07,1.3061600000000438e-09,0,0,0,0,HV 20
,BNL,"12, 16",Electrons 85V,0.5,0,,50,/Users/rkfuentes/Documents/md_anderson_analysis/yepes_code/data/2025-10-15/scope-results-2025-10-15-0088.csv,9.317117729393474e-07,1.7864423908045979e-06,0,0,0,0,HV 20
,BNL,"12, 16",Electrons 85V,0.5,0,,50,/Users/rkfuentes/Documents/md_anderson_analysis/yepes_code/data/2025-10-15/scope-results-2025-10-15-0089.csv,1.2780533333329147e-09,1.8895037333333346e-08,0,0,0,0,HV 20
,BNL,"12, 16",Electrons 85V,0.5,0,,50,/Users/rkfuentes/Documents/md_anderson_analysis/yepes_code/data/2025-10-15/scope-results-2025-10-15-0091.csv,9.456829032258068e-07,1.765694562464986e-06,0,0,0,0,HV 20
,BNL,"12, 16",Electrons 85V,0.5,0,,50,/Users/rkfuentes/Documents/md_anderson_analysis/yepes_code/data/2025-10-15/scope-results-2025-10-15-0092.csv,6.737229466666665e-07,2.88499664e-07,0,0,0,0,HV 50
,BNL,"12, 16",Electrons 85V,0.5,0,,50,/Users/rkfuentes/Documents/md_anderson_analysis/yepes_code/data/2025-10-15/scope-results-2025-10-15-0093.csv,6.719947946666668e-07,2.1968700944983817e-06,0,0,0,0,HV 50
,BNL,"12, 16",Electrons 85V,0.5,0,,50,/Users/rkfuentes/Documents/md_anderson_analysis/yepes_code/data/2025-10-15/scope-results-2025-10-15-0094.csv,6.722557813333336e-07,3.076561493333333e-07,0,0,0,0,HV 50
,BNL,"12, 16",Electrons 85V,0.5,0,,50,/Users/rkfuentes/Documents/md_anderson_analysis/yepes_code/data/2025-10-15/scope-results-2025-10-15-0095.csv,6.745458026666667e-07,2.8069149333333327e-07,0,0,0,0,HV 50
,BNL,"12, 16",Electrons 85V,0.5,0,,50,/Users/rkfuentes/Documents/md_anderson_analysis/yepes_code/data/2025-10-15/scope-results-2025-10-15-0096.csv,6.901331866666668e-07,2.970914320000001e-07,0,0,0,0,HV 50
,BNL,"12, 16",Electrons 85V,0.5,0,,50,/Users/rkfuentes/Documents/md_anderson_analysis/yepes_code/data/2025-10-15/scope-results-2025-10-15-0097.csv,6.726683946666664e-07,2.7744430133333336e-07,0,0,0,0,HV 50
,BNL,"12, 16",Electrons 85V,0.5,0,,50,/Users/rkfuentes/Documents/md_anderson_analysis/yepes_code/data/2025-10-15/scope-results-2025-10-15-0098.csv,6.7725496e-07,2.1957967085714285e-06,0,0,0,0,HV 50
,BNL,"12, 16",Electrons 85V,0.5,0,,50,/Users/rkfuentes/Documents/md_anderson_analysis/yepes_code/data/2025-10-15/scope-results-2025-10-15-0099.csv,6.8111488e-07,2.3143850114942536e-06,0,0,0,0,HV 50
,BNL,"12, 16",Electrons 85V,0.5,0,,50,/Users/rkfuentes/Documents/md_anderson_analysis/yepes_code/data/2025-10-15/scope-results-2025-10-15-0100.csv,6.752628799999999e-07,3.0864213333333324e-07,0,0,0,0,HV 50
,BNL,"12, 16",Electrons 85V,0.5,0,,50,/Users/rkfuentes/Documents/md_anderson_analysis/yepes_code/data/2025-10-15/scope-results-2025-10-15-0130.csv,8.953442933333335e-07,7.520625e-07,0,0,0,0,HV 100
,BNL,"12, 16",Electrons 85V,0.5,0,,50,/Users/rkfuentes/Documents/md_anderson_analysis/yepes_code/data/2025-10-15/scope-results-2025-10-15-0131.csv,8.903985333333335e-07,7.033342733333333e-07,0,0,0,0,HV 100
,BNL,"12, 16",Electrons 85V,0.5,0,,50,/Users/rkfuentes/Documents/md_anderson_analysis/yepes_code/data/2025-10-15/scope-results-2025-10-15-0132.csv,8.92212773333333e-07,7.270961599999999e-07,0,0,0,0,HV 100
,BNL,"12, 16",Electrons 85V,0.5,0,,50,/Users/rkfuentes/Documents/md_anderson_analysis/yepes_code/data/2025-10-15/scope-results-2025-10-15-0133.csv,8.885213e-07,7.160745533333334e-07,0,0,0,0,HV 100
,BNL,"12, 16",Electrons 85V,0.5,0,,50,/Users/rkfuentes/Documents/md_anderson_analysis/yepes_code/data/2025-10-15/scope-results-2025-10-15-0134.csv,8.892355199999998e-07,7.117613333333332e-07,0,0,0,0,HV 100
,BNL,"12, 16",Electrons 85V,0.5,0,,50,/Users/rkfuentes/Documents/md_anderson_analysis/yepes_code/data/2025-10-15/scope-results-2025-10-15-0135.csv,8.948589866666667e-07,6.9162128e-07,0,0,0,0,HV 100
,BNL,"12, 16",Electrons 85V,0.5,0,,50,/Users/rkfuentes/Documents/md_anderson_analysis/yepes_code/data/2025-10-15/scope-results-2025-10-15-0136.csv,8.841658399999999e-07,6.968120666666667e-07,0,0,0,0,HV 100
,BNL,"12, 16",Electrons 85V,0.5,0,,50,/Users/rkfuentes/Documents/md_anderson_analysis/yepes_code/data/2025-10-15/scope-results-2025-10-15-0137.csv,8.800897600000001e-07,7.517562133333333e-07,0,0,0,0,HV 100
,BNL,"12, 16",Electrons 85V,0.5,0,,50,/Users/rkfuentes/Documents/md_anderson_analysis/yepes_code/data/2025-10-15/scope-results-2025-10-15-0138.csv,8.837242399999998e-07,7.218866666666663e-07,0,0,0,0,HV 100
,BNL,"12, 16",Electrons 85V,0.5,0,,50,/Users/rkfuentes/Documents/md_anderson_analysis/yepes_code/data/2025-10-15/scope-results-2025-10-15-0139.csv,8.864007866666663e-07,7.347927399999998e-07,0,0,0,0,HV 100
,BNL,"12, 16",Electrons 85V,0.5,0,,40,/Users/rkfuentes/Documents/md_anderson_analysis/yepes_code/data/2025-10-15/scope-results-2025-10-15-0170.csv,2.0558587333333334e-07,3.010645333333332e-08,0,0,0,0,HV 20
,BNL,"12, 16",Electrons 85V,0.5,0,,40,/Users/rkfuentes/Documents/md_anderson_analysis/yepes_code/data/2025-10-15/scope-results-2025-10-15-0171.csv,1.5860975999999989e-07,8.232680000000057e-09,0,0,0,0,HV 20
,BNL,"12, 16",Electrons 85V,0.5,0,,40,/Users/rkfuentes/Documents/md_anderson_analysis/yepes_code/data/2025-10-15/scope-results-2025-10-15-0172.csv,1.6768731999999995e-07,1.8253920000000037e-08,0,0,0,0,HV 20
,BNL,"12, 16",Electrons 85V,0.5,0,,40,/Users/rkfuentes/Documents/md_anderson_analysis/yepes_code/data/2025-10-15/scope-results-2025-10-15-0211.csv,8.590012266666668e-07,3.4565976000000023e-07,0,0,0,0,HV 50
,BNL,"12, 16",Electrons 85V,0.5,0,,40,/Users/rkfuentes/Documents/md_anderson_analysis/yepes_code/data/2025-10-15/scope-results-2025-10-15-0212.csv,8.384085133333331e-07,3.611338200000003e-07,0,0,0,0,HV 50
,BNL,"12, 16",Electrons 85V,0.5,0,,40,/Users/rkfuentes/Documents/md_anderson_analysis/yepes_code/data/2025-10-15/scope-results-2025-10-15-0213.csv,8.403049333333333e-07,3.7608499333333343e-07,0,0,0,0,HV 50
,BNL,"12, 16",Electrons 85V,0.5,0,,40,/Users/rkfuentes/Documents/md_anderson_analysis/yepes_code/data/2025-10-15/scope-results-2025-10-15-0214.csv,8.384742066666665e-07,3.8112681333333315e-07,0,0,0,0,HV 50
,BNL,"12, 16",Electrons 85V,0.5,0,,40,/Users/rkfuentes/Documents/md_anderson_analysis/yepes_code/data/2025-10-15/scope-results-2025-10-15-0215.csv,8.384422666666668e-07,3.7490704000000023e-07,0,0,0,0,HV 50
,BNL,"12, 16",Electrons 85V,0.5,0,,40,/Users/rkfuentes/Documents/md_anderson_analysis/yepes_code/data/2025-10-15/scope-results-2025-10-15-0216.csv,8.342115200000001e-07,3.9160933333333305e-07,0,0,0,0,HV 50
,BNL,"12, 16",Electrons 85V,0.5,0,,40,/Users/rkfuentes/Documents/md_anderson_analysis/yepes_code/data/2025-10-15/scope-results-2025-10-15-0217.csv,8.298603333333334e-07,3.739528533333333e-07,0,0,0,0,HV 50
,BNL,"12, 16",Electrons 85V,0.5,0,,40,/Users/rkfuentes/Documents/md_anderson_analysis/yepes_code/data/2025-10-15/scope-results-2025-10-15-0218.csv,8.533970000000001e-07,3.4989124e-07,0,0,0,0,HV 50
,BNL,"12, 16",Electrons 85V,0.5,0,,40,/Users/rkfuentes/Documents/md_anderson_analysis/yepes_code/data/2025-10-15/scope-results-2025-10-15-0219.csv,8.420157333333332e-07,3.585937333333334e-07,0,0,0,0,HV 50
,BNL,"12, 16",Electrons 85V,0.5,0,,40,/Users/rkfuentes/Documents/md_anderson_analysis/yepes_code/data/2025-10-15/scope-results-2025-10-15-0220.csv,8.362992000000002e-07,3.696738400000001e-07,0,0,0,0,HV 50
,BNL,"12, 16",Electrons 85V,0.5,0,,40,/Users/rkfuentes/Documents/md_anderson_analysis/yepes_code/data/2025-10-15/scope-results-2025-10-15-0221.csv,8.406130533333329e-07,3.869480533333331e-07,0,0,0,0,HV 50
,BNL,"12, 16",Electrons 85V,0.5,0,,40,/Users/rkfuentes/Documents/md_anderson_analysis/yepes_code/data/2025-10-15/scope-results-2025-10-15-0222.csv,8.384137599999998e-07,3.8359467333333316e-07,0,0,0,0,HV 50
,BNL,"12, 16",Electrons 85V,0.5,0,,40,/Users/rkfuentes/Documents/md_anderson_analysis/yepes_code/data/2025-10-15/scope-results-2025-10-15-0223.csv,8.328879133333332e-07,3.863873066666666e-07,0,0,0,0,HV 50
,BNL,"12, 16",Electrons 85V,0.5,0,,40,/Users/rkfuentes/Documents/md_anderson_analysis/yepes_code/data/2025-10-15/scope-results-2025-10-15-0224.csv,7.262733333333343e-08,3.4573029333333326e-07,0,0,0,0,HV 50
,BNL,"12, 16",Electrons 85V,0.5,0,,40,/Users/rkfuentes/Documents/md_anderson_analysis/yepes_code/data/2025-10-15/scope-results-2025-10-15-0225.csv,8.398936666666667e-07,4.381375466666668e-07,0,0,0,0,HV 50
,BNL,"12, 16",Electrons 85V,0.5,0,,40,/Users/rkfuentes/Documents/md_anderson_analysis/yepes_code/data/2025-10-15/scope-results-2025-10-15-0226.csv,7.9402232e-07,4.2453891999999986e-07,0,0,0,0,HV 50
,BNL,"12, 16",Electrons 85V,0.5,0,,40,/Users/rkfuentes/Documents/md_anderson_analysis/yepes_code/data/2025-10-15/scope-results-2025-10-15-0227.csv,8.4857552e-07,3.7743226666666684e-07,0,0,0,0,HV 50
,BNL,"12, 16",Electrons 85V,0.5,0,,40,/Users/rkfuentes/Documents/md_anderson_analysis/yepes_code/data/2025-10-15/scope-results-2025-10-15-0228.csv,1.5819333333335442e-09,1.467000000000471e-10,0,0,0,0,HV 50
,BNL,"12, 16",Electrons 85V,0.5,0,,40,/Users/rkfuentes/Documents/md_anderson_analysis/yepes_code/data/2025-10-15/scope-results-2025-10-15-0282.csv,8.335791999999994e-07,7.339778666666665e-07,0,0,0,0,HV 100
,BNL,"12, 16",Electrons 85V,0.5,0,,40,/Users/rkfuentes/Documents/md_anderson_analysis/yepes_code/data/2025-10-15/scope-results-2025-10-15-0283.csv,8.348231999999992e-07,7.407872266666665e-07,0,0,0,0,HV 100
,BNL,"12, 16",Electrons 85V,0.5,0,,40,/Users/rkfuentes/Documents/md_anderson_analysis/yepes_code/data/2025-10-15/scope-results-2025-10-15-0284.csv,8.249797866666664e-07,7.474320000000002e-07,0,0,0,0,HV 100
,BNL,"12, 16",Electrons 85V,0.5,0,,40,/Users/rkfuentes/Documents/md_anderson_analysis/yepes_code/data/2025-10-15/scope-results-2025-10-15-0285.csv,8.055547199999995e-07,7.646305333333328e-07,0,0,0,0,HV 100
,BNL,"12, 16",Electrons 85V,0.5,0,,40,/Users/rkfuentes/Documents/md_anderson_analysis/yepes_code/data/2025-10-15/scope-results-2025-10-15-0286.csv,8.018891999999998e-07,7.423419999999998e-07,0,0,0,0,HV 100
,BNL,"12, 16",Electrons 85V,0.5,0,,40,/Users/rkfuentes/Documents/md_anderson_analysis/yepes_code/data/2025-10-15/scope-results-2025-10-15-0287.csv,8.196757599999999e-07,7.614164266666665e-07,0,0,0,0,HV 100
,BNL,"12, 16",Electrons 85V,0.5,0,,40,/Users/rkfuentes/Documents/md_anderson_analysis/yepes_code/data/2025-10-15/scope-results-2025-10-15-0288.csv,8.216701333333324e-07,7.448722666666665e-07,0,0,0,0,HV 100
,BNL,"12, 16",Electrons 85V,0.5,0,,40,/Users/rkfuentes/Documents/md_anderson_analysis/yepes_code/data/2025-10-15/scope-results-2025-10-15-0289.csv,7.909487999999995e-07,7.458952666666664e-07,0,0,0,0,HV 100
,BNL,"12, 16",Electrons 85V,0.5,0,,40,/Users/rkfuentes/Documents/md_anderson_analysis/yepes_code/data/2025-10-15/scope-results-2025-10-15-0290.csv,8.027257866666661e-07,7.591379466666669e-07,0,0,0,0,HV 100
,BNL,"12, 16",Electrons 85V,0.5,0,,40,/Users/rkfuentes/Documents/md_anderson_analysis/yepes_code/data/2025-10-15/scope-results-2025-10-15-0291.csv,8.082753066666663e-07,7.655945200000003e-07,0,0,0,0,HV 100
,BNL,"12, 16",Electrons 85V,0.5,0,,40,/Users/rkfuentes/Documents/md_anderson_analysis/yepes_code/data/2025-10-15/scope-results-2025-10-15-0292.csv,8.134378266666662e-07,7.500809066666666e-07,0,0,0,0,HV 100
,BNL,"12, 16",Electrons 85V,0.5,0,,40,/Users/rkfuentes/Documents/md_anderson_analysis/yepes_code/data/2025-10-15/scope-results-2025-10-15-0293.csv,8.05527786666666e-07,7.610673199999995e-07,0,0,0,0,HV 100
,BNL,"12, 16",Electrons 85V,0.5,0,,40,/Users/rkfuentes/Documents/md_anderson_analysis/yepes_code/data/2025-10-15/scope-results-2025-10-15-0294.csv,8.075164266666664e-07,7.590053333333332e-07,0,0,0,0,HV 100
,BNL,"12, 16",Electrons 85V,0.5,0,,40,/Users/rkfuentes/Documents/md_anderson_analysis/yepes_code/data/2025-10-15/scope-results-2025-10-15-0295.csv,8.18056746666666e-07,7.422021866666665e-07,0,0,0,0,HV 100
,BNL,"12, 16",Electrons 85V,0.5,0,,40,/Users/rkfuentes/Documents/md_anderson_analysis/yepes_code/data/2025-10-15/scope-results-2025-10-15-0296.csv,8.146547466666664e-07,7.4032124e-07,0,0,0,0,HV 100
,BNL,"12, 16",Electrons 85V,0.5,0,,40,/Users/rkfuentes/Documents/md_anderson_analysis/yepes_code/data/2025-10-15/scope-results-2025-10-15-0297.csv,1.6036481866666667e-06,7.457610666666665e-07,0,0,0,0,HV 100
,BNL,"12, 16",Electrons 85V,0.5,0,,40,/Users/rkfuentes/Documents/md_anderson_analysis/yepes_code/data/2025-10-15/scope-results-2025-10-15-0298.csv,1.617010653333334e-06,7.420452266666669e-07,0,0,0,0,HV 100
,BNL,"12, 16",Electrons 85V,0.5,0,,40,/Users/rkfuentes/Documents/md_anderson_analysis/yepes_code/data/2025-10-15/scope-results-2025-10-15-0299.csv,1.5950268799999992e-06,7.757660933333341e-07,0,0,0,0,HV 100
,BNL,"12, 16",Electrons 85V,0.5,0,,40,/Users/rkfuentes/Documents/md_anderson_analysis/yepes_code/data/2025-10-15/scope-results-2025-10-15-0480.csv,2.2249845635220127e-06,2.4695784000000002e-08,0,0,0,0,HV 10
,BNL,"12, 16",Electrons 85V,0.5,0,,40,/Users/rkfuentes/Documents/md_anderson_analysis/yepes_code/data/2025-10-15/scope-results-2025-10-15-0481.csv,2.470007437094683e-06,2.968955466666666e-08,0,0,0,0,HV 10
,BNL,"12, 16",Electrons 85V,0.5,0,,40,/Users/rkfuentes/Documents/md_anderson_analysis/yepes_code/data/2025-10-15/scope-results-2025-10-15-0482.csv,2.380244449704142e-06,3.922804266666674e-08,0,0,0,0,HV 10
,BNL,"12, 16",Electrons 85V,0.5,0,,40,/Users/rkfuentes/Documents/md_anderson_analysis/yepes_code/data/2025-10-15/scope-results-2025-10-15-0483.csv,2.3261323968253974e-06,2.9531797333333307e-08,0,0,0,0,HV 10
,BNL,"12, 16",Electrons 85V,0.5,0,,40,/Users/rkfuentes/Documents/md_anderson_analysis/yepes_code/data/2025-10-15/scope-results-2025-10-15-0484.csv,2.2668580937500004e-06,4.090909333333342e-09,0,0,0,0,HV 10
,BNL,"12, 16",Electrons 85V,0.5,0,,40,/Users/rkfuentes/Documents/md_anderson_analysis/yepes_code/data/2025-10-15/scope-results-2025-10-15-0485.csv,2.4444746203346207e-06,5.0701405333333364e-08,0,0,0,0,HV 10
,BNL,"12, 16",Electrons 85V,0.5,0,,40,/Users/rkfuentes/Documents/md_anderson_analysis/yepes_code/data/2025-10-15/scope-results-2025-10-15-0486.csv,1.6166666666666823e-10,7.785406666666718e-09,0,0,0,0,HV 10
,BNL,"12, 16",Electrons 85V,0.5,0,,40,/Users/rkfuentes/Documents/md_anderson_analysis/yepes_code/data/2025-10-15/scope-results-2025-10-15-0487.csv,5.599976252408476e-06,1.0167786666666656e-08,0,0,0,0,HV 10
,BNL,"12, 16",Electrons 85V,0.5,0,,40,/Users/rkfuentes/Documents/md_anderson_analysis/yepes_code/data/2025-10-15/scope-results-2025-10-15-0488.csv,6.5139197924773024e-06,1.2137333333336055e-10,0,0,0,0,HV 10
,BNL,"12, 16",Electrons 85V,0.5,0,,40,/Users/rkfuentes/Documents/md_anderson_analysis/yepes_code/data/2025-10-15/scope-results-2025-10-15-0489.csv,6.441302295293359e-06,1.6200599999999689e-09,0,0,0,0,HV 10
,BNL,"12, 16",Electrons 85V,0.5,0,,40,/Users/rkfuentes/Documents/md_anderson_analysis/yepes_code/data/2025-10-15/scope-results-2025-10-15-0490.csv,5.7891265139949115e-06,1.0407733333333351e-08,0,0,0,0,HV 10
,BNL,"12, 16",Electrons 85V,0.5,0,,40,/Users/rkfuentes/Documents/md_anderson_analysis/yepes_code/data/2025-10-15/scope-results-2025-10-15-0491.csv,6.5060360416666656e-06,2.8447093333333335e-08,0,0,0,0,HV 10
,BNL,"12, 16",Electrons 85V,0.5,0,,40,/Users/rkfuentes/Documents/md_anderson_analysis/yepes_code/data/2025-10-15/scope-results-2025-10-15-0492.csv,6.307773451676527e-06,4.054093333333388e-09,0,0,0,0,HV 10
,BNL,"12, 16",Electrons 85V,0.5,0,,40,/Users/rkfuentes/Documents/md_anderson_analysis/yepes_code/data/2025-10-15/scope-results-2025-10-15-0493.csv,6.280750666666673e-08,6.9349866666667096e-09,0,0,0,0,HV 10
,BNL,"12, 16",Electrons 85V,0.5,0,,40,/Users/rkfuentes/Documents/md_anderson_analysis/yepes_code/data/2025-10-15/scope-results-2025-10-15-0494.csv,6.37155036608863e-06,5.174426666666669e-09,0,0,0,0,HV 10
,BNL,"12, 16",Electrons 85V,0.5,0,,40,/Users/rkfuentes/Documents/md_anderson_analysis/yepes_code/data/2025-10-15/scope-results-2025-10-15-0495.csv,6.362721666666666e-06,3.838100666666665e-08,0,0,0,0,HV 10
,BNL,"12, 16",Electrons 85V,0.5,0,,40,/Users/rkfuentes/Documents/md_anderson_analysis/yepes_code/data/2025-10-15/scope-results-2025-10-15-0496.csv,6.01996370195337e-06,2.861706666666731e-09,0,0,0,0,HV 10
,BNL,"12, 16",Electrons 85V,0.5,0,,40,/Users/rkfuentes/Documents/md_anderson_analysis/yepes_code/data/2025-10-15/scope-results-2025-10-15-0497.csv,5.750017825802226e-06,1.0464400000000033e-08,0,0,0,0,HV 10
,BNL,"12, 16",Electrons 85V,0.5,0,,40,/Users/rkfuentes/Documents/md_anderson_analysis/yepes_code/data/2025-10-15/scope-results-2025-10-15-0498.csv,6.069944210526315e-06,4.412800000000021e-09,0,0,0,0,HV 9
,BNL,"12, 16",Electrons 85V,0.5,0,,40,/Users/rkfuentes/Documents/md_anderson_analysis/yepes_code/data/2025-10-15/scope-results-2025-10-15-0499.csv,6.150006429980275e-06,5.117467999999998e-08,0,0,0,0,HV 9
,BNL,"12, 16",Electrons 85V,0.5,0,,40,/Users/rkfuentes/Documents/md_anderson_analysis/yepes_code/data/2025-10-15/scope-results-2025-10-15-0500.csv,6.163867234042553e-06,1.285293333333328e-08,0,0,0,0,HV 9
,BNL,"12, 16",Electrons 85V,0.5,0,,40,/Users/rkfuentes/Documents/md_anderson_analysis/yepes_code/data/2025-10-15/scope-results-2025-10-15-0501.csv,6.366483998732572e-06,3.2480560000000003e-08,0,0,0,0,HV 9
,BNL,"12, 16",Electrons 85V,0.5,0,,40,/Users/rkfuentes/Documents/md_anderson_analysis/yepes_code/data/2025-10-15/scope-results-2025-10-15-0502.csv,5.732704280442804e-06,5.90337999999999e-09,0,0,0,0,HV 9
,BNL,"12, 16",Electrons 85V,0.5,0,,40,/Users/rkfuentes/Documents/md_anderson_analysis/yepes_code/data/2025-10-15/scope-results-2025-10-15-0503.csv,5.899870104166665e-06,1.6572333333333324e-08,0,0,0,0,HV 9
,BNL,"12, 16",Electrons 85V,0.5,0,,40,/Users/rkfuentes/Documents/md_anderson_analysis/yepes_code/data/2025-10-15/scope-results-2025-10-15-0504.csv,6.3527125897920605e-06,2.7817066666666513e-09,0,0,0,0,HV 9
,BNL,"12, 16",Electrons 85V,0.5,0,,40,/Users/rkfuentes/Documents/md_anderson_analysis/yepes_code/data/2025-10-15/scope-results-2025-10-15-0505.csv,5.979556470588234e-06,5.2061333333333305e-09,0,0,0,0,HV 9
,BNL,"12, 16",Electrons 85V,0.5,0,,40,/Users/rkfuentes/Documents/md_anderson_analysis/yepes_code/data/2025-10-15/scope-results-2025-10-15-0506.csv,6.669744000000003e-08,1.2138000133333334e-06,0,0,0,0,HV 9
,BNL,"12, 16",Electrons 85V,0.5,0,,40,/Users/rkfuentes/Documents/md_anderson_analysis/yepes_code/data/2025-10-15/scope-results-2025-10-15-0507.csv,5.675135511551155e-06,7.891380000000016e-09,0,0,0,0,HV 9
,BNL,"12, 16",Electrons 85V,0.5,0,,40,/Users/rkfuentes/Documents/md_anderson_analysis/yepes_code/data/2025-10-15/scope-results-2025-10-15-0508.csv,6.4029126923076915e-06,1.4483866666666707e-08,0,0,0,0,HV 9
,BNL,"12, 16",Electrons 85V,0.5,0,,40,/Users/rkfuentes/Documents/md_anderson_analysis/yepes_code/data/2025-10-15/scope-results-2025-10-15-0509.csv,6.411029882932841e-06,1.5447246666666683e-08,0,0,0,0,HV 9
,BNL,"12, 16",Electrons 85V,0.5,0,,40,/Users/rkfuentes/Documents/md_anderson_analysis/yepes_code/data/2025-10-15/scope-results-2025-10-15-0510.csv,6.092144563416188e-06,1.481973333333368e-09,0,0,0,0,HV 9
,BNL,"12, 16",Electrons 85V,0.5,0,,40,/Users/rkfuentes/Documents/md_anderson_analysis/yepes_code/data/2025-10-15/scope-results-2025-10-15-0511.csv,5.797575686274509e-06,3.793800000000004e-08,0,0,0,0,HV 9
,BNL,"12, 16",Electrons 85V,0.5,0,,40,/Users/rkfuentes/Documents/md_anderson_analysis/yepes_code/data/2025-10-15/scope-results-2025-10-15-0512.csv,6.0479875328083985e-06,3.9046826666666674e-08,0,0,0,0,HV 9
,BNL,"12, 16",Electrons 85V,0.5,0,,40,/Users/rkfuentes/Documents/md_anderson_analysis/yepes_code/data/2025-10-15/scope-results-2025-10-15-0513.csv,6.5384188090614885e-06,5.5015200000000004e-08,0,0,0,0,HV 9
,BNL,"12, 16",Electrons 85V,0.5,0,,40,/Users/rkfuentes/Documents/md_anderson_analysis/yepes_code/data/2025-10-15/scope-results-2025-10-15-0514.csv,4.878665333333341e-08,1.1787173333333311e-08,0,0,0,0,HV 9
,BNL,"12, 16",Electrons 85V,0.5,0,,40,/Users/rkfuentes/Documents/md_anderson_analysis/yepes_code/data/2025-10-15/scope-results-2025-10-15-0515.csv,6.289671404715126e-06,1.6788693333333356e-08,0,0,0,0,HV 9
,BNL,"12, 16",Electrons 85V,0.5,0,,40,/Users/rkfuentes/Documents/md_anderson_analysis/yepes_code/data/2025-10-15/scope-results-2025-10-15-0516.csv,6.227533163064833e-06,1.861526000000003e-08,0,0,0,0,HV 7
,BNL,"12, 16",Electrons 85V,0.5,0,,40,/Users/rkfuentes/Documents/md_anderson_analysis/yepes_code/data/2025-10-15/scope-results-2025-10-15-0517.csv,9.531683333333331e-08,2.9365000000000016e-09,0,0,0,0,HV 7
,BNL,"12, 16",Electrons 85V,0.5,0,,40,/Users/rkfuentes/Documents/md_anderson_analysis/yepes_code/data/2025-10-15/scope-results-2025-10-15-0518.csv,3.973973333333342e-08,6.7361066666667e-09,0,0,0,0,HV 7
,BNL,"12, 16",Electrons 85V,0.5,0,,40,/Users/rkfuentes/Documents/md_anderson_analysis/yepes_code/data/2025-10-15/scope-results-2025-10-15-0519.csv,1.4921393333333277e-08,1.6998000000000528e-09,0,0,0,0,HV 7
,BNL,"12, 16",Electrons 85V,0.5,0,,40,/Users/rkfuentes/Documents/md_anderson_analysis/yepes_code/data/2025-10-15/scope-results-2025-10-15-0520.csv,5.9527213541666655e-06,1.0327466666666647e-08,0,0,0,0,HV 7
,BNL,"12, 16",Electrons 85V,0.5,0,,40,/Users/rkfuentes/Documents/md_anderson_analysis/yepes_code/data/2025-10-15/scope-results-2025-10-15-0521.csv,6.261491777777777e-06,5.531853333333294e-09,0,0,0,0,HV 7
,BNL,"12, 16",Electrons 85V,0.5,0,,40,/Users/rkfuentes/Documents/md_anderson_analysis/yepes_code/data/2025-10-15/scope-results-2025-10-15-0522.csv,5.993017514124294e-06,2.707601333333335e-08,0,0,0,0,HV 7
,BNL,"12, 16",Electrons 85V,0.5,0,,40,/Users/rkfuentes/Documents/md_anderson_analysis/yepes_code/data/2025-10-15/scope-results-2025-10-15-0523.csv,5.869881666666667e-06,5.0598066666666784e-09,0,0,0,0,HV 7
,BNL,"12, 16",Electrons 85V,0.5,0,,40,/Users/rkfuentes/Documents/md_anderson_analysis/yepes_code/data/2025-10-15/scope-results-2025-10-15-0524.csv,5.5623146666666655e-06,4.277180000000008e-09,0,0,0,0,HV 7
,BNL,"12, 16",Electrons 85V,0.5,0,,40,/Users/rkfuentes/Documents/md_anderson_analysis/yepes_code/data/2025-10-15/scope-results-2025-10-15-0525.csv,6.385731588235294e-06,3.4701333333333795e-09,0,0,0,0,HV 7
,BNL,"12, 16",Electrons 85V,0.5,0,,40,/Users/rkfuentes/Documents/md_anderson_analysis/yepes_code/data/2025-10-15/scope-results-2025-10-15-0526.csv,6.483182192134107e-06,3.136960666666663e-08,0,0,0,0,HV 7
,BNL,"12, 16",Electrons 85V,0.5,0,,40,/Users/rkfuentes/Documents/md_anderson_analysis/yepes_code/data/2025-10-15/scope-results-2025-10-15-0527.csv,6.373914456928839e-06,1.9078933333333375e-09,0,0,0,0,HV 7
,BNL,"12, 16",Electrons 85V,0.5,0,,40,/Users/rkfuentes/Documents/md_anderson_analysis/yepes_code/data/2025-10-15/scope-results-2025-10-15-0528.csv,6.069742001325382e-06,5.906613333333312e-09,0,0,0,0,HV 7
,BNL,"12, 16",Electrons 85V,0.5,0,,40,/Users/rkfuentes/Documents/md_anderson_analysis/yepes_code/data/2025-10-15/scope-results-2025-10-15-0529.csv,6.340048362235066e-06,4.989166666666628e-09,0,0,0,0,HV 7
,BNL,"12, 16",Electrons 85V,0.5,0,,40,/Users/rkfuentes/Documents/md_anderson_analysis/yepes_code/data/2025-10-15/scope-results-2025-10-15-0530.csv,6.280900104986876e-06,1.3145800000000205e-09,0,0,0,0,HV 7
,BNL,"12, 16",Electrons 85V,0.5,0,,40,/Users/rkfuentes/Documents/md_anderson_analysis/yepes_code/data/2025-10-15/scope-results-2025-10-15-0531.csv,5.674175444015442e-06,6.27570666666671e-09,0,0,0,0,HV 7
,BNL,"12, 16",Electrons 85V,0.5,0,,40,/Users/rkfuentes/Documents/md_anderson_analysis/yepes_code/data/2025-10-15/scope-results-2025-10-15-0532.csv,6.065038730158729e-06,3.333290666666675e-08,0,0,0,0,HV 7
,BNL,"12, 16",Electrons 85V,0.5,0,,30,/Users/rkfuentes/Documents/md_anderson_analysis/yepes_code/data/2025-10-15/scope-results-2025-10-15-0584.csv,6.631650666666676e-08,9.078439999999975e-09,0,0,0,0,HV 7
,BNL,"12, 16",Electrons 85V,0.5,0,,30,/Users/rkfuentes/Documents/md_anderson_analysis/yepes_code/data/2025-10-15/scope-results-2025-10-15-0585.csv,1.021946666666665e-08,1.2195253333333321e-08,0,0,0,0,HV 7
,BNL,"12, 16",Electrons 85V,0.5,0,,30,/Users/rkfuentes/Documents/md_anderson_analysis/yepes_code/data/2025-10-15/scope-results-2025-10-15-0586.csv,4.2589232e-07,1.6163999999999865e-09,0,0,0,0,HV 7
,BNL,"12, 16",Electrons 85V,0.5,0,,30,/Users/rkfuentes/Documents/md_anderson_analysis/yepes_code/data/2025-10-15/scope-results-2025-10-15-0587.csv,6.935925333333326e-08,2.5052999999999756e-09,0,0,0,0,HV 7
,BNL,"12, 16",Electrons 85V,0.5,0,,30,/Users/rkfuentes/Documents/md_anderson_analysis/yepes_code/data/2025-10-15/scope-results-2025-10-15-0588.csv,4.546811733333333e-07,1.5130333333333343e-08,0,0,0,0,HV 7
,BNL,"12, 16",Electrons 85V,0.5,0,,30,/Users/rkfuentes/Documents/md_anderson_analysis/yepes_code/data/2025-10-15/scope-results-2025-10-15-0589.csv,4.4219399999999956e-08,2.8383333333333698e-09,0,0,0,0,HV 7
,BNL,"12, 16",Electrons 85V,0.5,0,,30,/Users/rkfuentes/Documents/md_anderson_analysis/yepes_code/data/2025-10-15/scope-results-2025-10-15-0590.csv,4.676678266666667e-07,2.0408026666666676e-08,0,0,0,0,HV 7
,BNL,"12, 16",Electrons 85V,0.5,0,,30,/Users/rkfuentes/Documents/md_anderson_analysis/yepes_code/data/2025-10-15/scope-results-2025-10-15-0591.csv,5.646228800000002e-07,4.658533333333386e-09,0,0,0,0,HV 7
,BNL,"12, 16",Electrons 85V,0.5,0,,30,/Users/rkfuentes/Documents/md_anderson_analysis/yepes_code/data/2025-10-15/scope-results-2025-10-15-0592.csv,5.806425200000001e-07,2.2387419999999982e-08,0,0,0,0,HV 7
,BNL,"12, 16",Electrons 85V,0.5,0,,30,/Users/rkfuentes/Documents/md_anderson_analysis/yepes_code/data/2025-10-15/scope-results-2025-10-15-0593.csv,2.7270533333333365e-08,2.3228600000000007e-08,0,0,0,0,HV 7
,BNL,"12, 16",Electrons 85V,0.5,0,,30,/Users/rkfuentes/Documents/md_anderson_analysis/yepes_code/data/2025-10-15/scope-results-2025-10-15-0594.csv,7.29535000000001e-08,2.517903333333336e-08,0,0,0,0,HV 7
,BNL,"12, 16",Electrons 85V,0.5,0,,30,/Users/rkfuentes/Documents/md_anderson_analysis/yepes_code/data/2025-10-15/scope-results-2025-10-15-0595.csv,1.3066266666666833e-09,3.3268533333333134e-09,0,0,0,0,HV 7
,BNL,"12, 16",Electrons 85V,0.5,0,,30,/Users/rkfuentes/Documents/md_anderson_analysis/yepes_code/data/2025-10-15/scope-results-2025-10-15-0596.csv,6.133338066666667e-07,4.376439999999972e-09,0,0,0,0,HV 7
,BNL,"12, 16",Electrons 85V,0.5,0,,30,/Users/rkfuentes/Documents/md_anderson_analysis/yepes_code/data/2025-10-15/scope-results-2025-10-15-0597.csv,6.037355133333332e-07,4.890773333333322e-09,0,0,0,0,HV 7
,BNL,"12, 16",Electrons 85V,0.5,0,,30,/Users/rkfuentes/Documents/md_anderson_analysis/yepes_code/data/2025-10-15/scope-results-2025-10-15-0598.csv,6.032206466666668e-07,1.2648466666666605e-09,0,0,0,0,HV 7
,BNL,"12, 16",Electrons 85V,0.5,0,,30,/Users/rkfuentes/Documents/md_anderson_analysis/yepes_code/data/2025-10-15/scope-results-2025-10-15-0599.csv,6.292299999999999e-07,1.9533986666666728e-08,0,0,0,0,HV 7
,BNL,"12, 16",Electrons 85V,0.5,0,,30,/Users/rkfuentes/Documents/md_anderson_analysis/yepes_code/data/2025-10-15/scope-results-2025-10-15-0600.csv,6.030542133333334e-07,2.0077226666666633e-08,0,0,0,0,HV 7
,BNL,"12, 16",Electrons 85V,0.5,0,,30,/Users/rkfuentes/Documents/md_anderson_analysis/yepes_code/data/2025-10-15/scope-results-2025-10-15-0652.csv,7.141924639999995e-07,2.842339776e-06,0,0,0,0,HV 20
,BNL,"12, 16",Electrons 85V,0.5,0,,30,/Users/rkfuentes/Documents/md_anderson_analysis/yepes_code/data/2025-10-15/scope-results-2025-10-15-0653.csv,7.201869866666667e-07,2.651729888e-06,0,0,0,0,HV 20
,BNL,"12, 16",Electrons 85V,0.5,0,,30,/Users/rkfuentes/Documents/md_anderson_analysis/yepes_code/data/2025-10-15/scope-results-2025-10-15-0654.csv,7.307025280000001e-07,2.704935962666667e-06,0,0,0,0,HV 20
,BNL,"12, 16",Electrons 85V,0.5,0,,30,/Users/rkfuentes/Documents/md_anderson_analysis/yepes_code/data/2025-10-15/scope-results-2025-10-15-0655.csv,7.52508544e-07,2.6619823359999995e-06,0,0,0,0,HV 20
,BNL,"12, 16",Electrons 85V,0.5,0,,30,/Users/rkfuentes/Documents/md_anderson_analysis/yepes_code/data/2025-10-15/scope-results-2025-10-15-0656.csv,7.551676373333333e-07,2.899174026666666e-06,0,0,0,0,HV 20
,BNL,"12, 16",Electrons 85V,0.5,0,,30,/Users/rkfuentes/Documents/md_anderson_analysis/yepes_code/data/2025-10-15/scope-results-2025-10-15-0657.csv,7.696127786666669e-07,2.7131016533333336e-06,0,0,0,0,HV 20
,BNL,"12, 16",Electrons 85V,0.5,0,,30,/Users/rkfuentes/Documents/md_anderson_analysis/yepes_code/data/2025-10-15/scope-results-2025-10-15-0658.csv,7.929943680000001e-07,2.7218990506666665e-06,0,0,0,0,HV 20
,BNL,"12, 16",Electrons 85V,0.5,0,,30,/Users/rkfuentes/Documents/md_anderson_analysis/yepes_code/data/2025-10-15/scope-results-2025-10-15-0659.csv,7.626883413333334e-07,2.750732906666667e-06,0,0,0,0,HV 20
,BNL,"12, 16",Electrons 85V,0.5,0,,30,/Users/rkfuentes/Documents/md_anderson_analysis/yepes_code/data/2025-10-15/scope-results-2025-10-15-0660.csv,7.905026133333332e-07,2.9272465226666675e-06,0,0,0,0,HV 20
,BNL,"12, 16",Electrons 85V,0.5,0,,30,/Users/rkfuentes/Documents/md_anderson_analysis/yepes_code/data/2025-10-15/scope-results-2025-10-15-0661.csv,8.113910186666666e-07,2.8319564053333336e-06,0,0,0,0,HV 20
,BNL,"12, 16",Electrons 85V,0.5,0,,30,/Users/rkfuentes/Documents/md_anderson_analysis/yepes_code/data/2025-10-15/scope-results-2025-10-15-0662.csv,8.186788160000001e-07,2.727659205333333e-06,0,0,0,0,HV 20
,BNL,"12, 16",Electrons 85V,0.5,0,,30,/Users/rkfuentes/Documents/md_anderson_analysis/yepes_code/data/2025-10-15/scope-results-2025-10-15-0663.csv,8.254656533333334e-07,2.7114166186666665e-06,0,0,0,0,HV 20
,BNL,"12, 16",Electrons 85V,0.5,0,,30,/Users/rkfuentes/Documents/md_anderson_analysis/yepes_code/data/2025-10-15/scope-results-2025-10-15-0664.csv,8.241559999999999e-07,2.7002917866666648e-06,0,0,0,0,HV 20
,BNL,"12, 16",Electrons 85V,0.5,0,,30,/Users/rkfuentes/Documents/md_anderson_analysis/yepes_code/data/2025-10-15/scope-results-2025-10-15-0665.csv,8.014861866666663e-07,2.8234664266666663e-06,0,0,0,0,HV 20
,BNL,"12, 16",Electrons 85V,0.5,0,,30,/Users/rkfuentes/Documents/md_anderson_analysis/yepes_code/data/2025-10-15/scope-results-2025-10-15-0666.csv,8.306107733333335e-07,2.7343800533333354e-06,0,0,0,0,HV 20
,BNL,"12, 16",Electrons 85V,0.5,0,,30,/Users/rkfuentes/Documents/md_anderson_analysis/yepes_code/data/2025-10-15/scope-results-2025-10-15-0667.csv,8.328377919999998e-07,2.724758544000001e-06,0,0,0,0,HV 20
,BNL,"12, 16",Electrons 85V,0.5,0,,30,/Users/rkfuentes/Documents/md_anderson_analysis/yepes_code/data/2025-10-15/scope-results-2025-10-15-0668.csv,8.308804320000002e-07,2.6633945066666666e-06,0,0,0,0,HV 20
,BNL,"12, 16",Electrons 85V,0.5,0,,30,/Users/rkfuentes/Documents/md_anderson_analysis/yepes_code/data/2025-10-15/scope-results-2025-10-15-0669.csv,8.517786400000003e-07,2.7325411253333334e-06,0,0,0,0,HV 20
,BNL,"12, 16",Electrons 85V,0.5,0,,20,/Users/rkfuentes/Documents/md_anderson_analysis/yepes_code/data/2025-10-15/scope-results-2025-10-15-0722.csv,4.629122666666666e-07,2.6437696000000013e-07,0,0,0,0,HV 7
,BNL,"12, 16",Electrons 85V,0.5,0,,20,/Users/rkfuentes/Documents/md_anderson_analysis/yepes_code/data/2025-10-15/scope-results-2025-10-15-0723.csv,4.814782719999998e-07,2.4884316799999947e-07,0,0,0,0,HV 7
,BNL,"12, 16",Electrons 85V,0.5,0,,20,/Users/rkfuentes/Documents/md_anderson_analysis/yepes_code/data/2025-10-15/scope-results-2025-10-15-0724.csv,4.4493280533333336e-07,2.438623573333334e-07,0,0,0,0,HV 7
,BNL,"12, 16",Electrons 85V,0.5,0,,20,/Users/rkfuentes/Documents/md_anderson_analysis/yepes_code/data/2025-10-15/scope-results-2025-10-15-0725.csv,4.510513066666667e-07,2.4570849066666673e-07,0,0,0,0,HV 7
,BNL,"12, 16",Electrons 85V,0.5,0,,20,/Users/rkfuentes/Documents/md_anderson_analysis/yepes_code/data/2025-10-15/scope-results-2025-10-15-0726.csv,5.500832373333334e-07,2.2590464533333324e-07,0,0,0,0,HV 7
,BNL,"12, 16",Electrons 85V,0.5,0,,20,/Users/rkfuentes/Documents/md_anderson_analysis/yepes_code/data/2025-10-15/scope-results-2025-10-15-0727.csv,4.987910506666665e-07,2.5893456000000013e-07,0,0,0,0,HV 7
,BNL,"12, 16",Electrons 85V,0.5,0,,20,/Users/rkfuentes/Documents/md_anderson_analysis/yepes_code/data/2025-10-15/scope-results-2025-10-15-0728.csv,5.753270186666667e-07,2.471320000000004e-07,0,0,0,0,HV 7
,BNL,"12, 16",Electrons 85V,0.5,0,,20,/Users/rkfuentes/Documents/md_anderson_analysis/yepes_code/data/2025-10-15/scope-results-2025-10-15-0729.csv,4.6291530133333337e-07,2.6490462399999983e-07,0,0,0,0,HV 7
,BNL,"12, 16",Electrons 85V,0.5,0,,20,/Users/rkfuentes/Documents/md_anderson_analysis/yepes_code/data/2025-10-15/scope-results-2025-10-15-0730.csv,5.567792693333334e-07,2.4317883199999967e-07,0,0,0,0,HV 7
,BNL,"12, 16",Electrons 85V,0.5,0,,20,/Users/rkfuentes/Documents/md_anderson_analysis/yepes_code/data/2025-10-15/scope-results-2025-10-15-0731.csv,4.965928320000001e-07,2.1561578666666642e-07,0,0,0,0,HV 7
,BNL,"12, 16",Electrons 85V,0.5,0,,20,/Users/rkfuentes/Documents/md_anderson_analysis/yepes_code/data/2025-10-15/scope-results-2025-10-15-0732.csv,5.450673920000002e-07,2.496937599999996e-07,0,0,0,0,HV 7
,BNL,"12, 16",Electrons 85V,0.5,0,,20,/Users/rkfuentes/Documents/md_anderson_analysis/yepes_code/data/2025-10-15/scope-results-2025-10-15-0733.csv,5.44433536e-07,2.3805690666666644e-07,0,0,0,0,HV 7
,BNL,"12, 16",Electrons 85V,0.5,0,,20,/Users/rkfuentes/Documents/md_anderson_analysis/yepes_code/data/2025-10-15/scope-results-2025-10-15-0734.csv,4.892345600000001e-07,2.8230188800000016e-07,0,0,0,0,HV 7
,BNL,"12, 16",Electrons 85V,0.5,0,,20,/Users/rkfuentes/Documents/md_anderson_analysis/yepes_code/data/2025-10-15/scope-results-2025-10-15-0735.csv,4.734674453333334e-07,2.7663018666666697e-07,0,0,0,0,HV 7
,BNL,"12, 16",Electrons 85V,0.5,0,,20,/Users/rkfuentes/Documents/md_anderson_analysis/yepes_code/data/2025-10-15/scope-results-2025-10-15-0736.csv,5.54209408e-07,2.6959876800000003e-06,0,0,0,0,HV 7
,BNL,"12, 16",Electrons 85V,0.5,0,,20,/Users/rkfuentes/Documents/md_anderson_analysis/yepes_code/data/2025-10-15/scope-results-2025-10-15-0737.csv,5.064313973333333e-07,2.2487456000000085e-07,0,0,0,0,HV 7
,BNL,"12, 16",Electrons 85V,0.5,0,,20,/Users/rkfuentes/Documents/md_anderson_analysis/yepes_code/data/2025-10-15/scope-results-2025-10-15-0738.csv,4.778478933333333e-07,2.4491293333333366e-07,0,0,0,0,HV 7
,BNL,"12, 16",Electrons 85V,0.5,0,,20,/Users/rkfuentes/Documents/md_anderson_analysis/yepes_code/data/2025-10-15/scope-results-2025-10-15-0739.csv,5.469333333339656e-11,0.0,0,0,0,0,HV 7
,BNL,"12, 16",Electrons 85V,0.5,0,,20,/Users/rkfuentes/Documents/md_anderson_analysis/yepes_code/data/2025-10-15/scope-results-2025-10-15-0794.csv,1.3067641200000002e-06,4.6000573333333307e-07,0,0,0,0,HV 20
,BNL,"12, 16",Electrons 85V,0.5,0,,20,/Users/rkfuentes/Documents/md_anderson_analysis/yepes_code/data/2025-10-15/scope-results-2025-10-15-0795.csv,1.2274796266666665e-06,5.356927466666667e-07,0,0,0,0,HV 20
,BNL,"12, 16",Electrons 85V,0.5,0,,20,/Users/rkfuentes/Documents/md_anderson_analysis/yepes_code/data/2025-10-15/scope-results-2025-10-15-0796.csv,1.3631436533333333e-06,5.450271466666665e-07,0,0,0,0,HV 20
,BNL,"12, 16",Electrons 85V,0.5,0,,20,/Users/rkfuentes/Documents/md_anderson_analysis/yepes_code/data/2025-10-15/scope-results-2025-10-15-0797.csv,1.2263129600000004e-06,4.803569333333336e-07,0,0,0,0,HV 20
,BNL,"12, 16",Electrons 85V,0.5,0,,20,/Users/rkfuentes/Documents/md_anderson_analysis/yepes_code/data/2025-10-15/scope-results-2025-10-15-0798.csv,1.321344746666666e-06,5.365770399999999e-07,0,0,0,0,HV 20
,BNL,"12, 16",Electrons 85V,0.5,0,,20,/Users/rkfuentes/Documents/md_anderson_analysis/yepes_code/data/2025-10-15/scope-results-2025-10-15-0799.csv,1.3733745066666667e-06,5.405288133333338e-07,0,0,0,0,HV 20
,BNL,"12, 16",Electrons 85V,0.5,0,,20,/Users/rkfuentes/Documents/md_anderson_analysis/yepes_code/data/2025-10-15/scope-results-2025-10-15-0800.csv,1.442337173333333e-06,5.077199333333336e-07,0,0,0,0,HV 20
,BNL,"12, 16",Electrons 85V,0.5,0,,20,/Users/rkfuentes/Documents/md_anderson_analysis/yepes_code/data/2025-10-15/scope-results-2025-10-15-0801.csv,1.423604906666667e-06,5.652093066666668e-07,0,0,0,0,HV 20
,BNL,"12, 16",Electrons 85V,0.5,0,,20,/Users/rkfuentes/Documents/md_anderson_analysis/yepes_code/data/2025-10-15/scope-results-2025-10-15-0802.csv,1.4543394933333333e-06,5.5568384e-07,0,0,0,0,HV 20
,BNL,"12, 16",Electrons 85V,0.5,0,,20,/Users/rkfuentes/Documents/md_anderson_analysis/yepes_code/data/2025-10-15/scope-results-2025-10-15-0803.csv,1.3322327999999997e-06,5.511849999999999e-07,0,0,0,0,HV 20
,BNL,"12, 16",Electrons 85V,0.5,0,,20,/Users/rkfuentes/Documents/md_anderson_analysis/yepes_code/data/2025-10-15/scope-results-2025-10-15-0804.csv,1.4365502933333332e-06,5.251992133333334e-07,0,0,0,0,HV 20
,BNL,"12, 16",Electrons 85V,0.5,0,,20,/Users/rkfuentes/Documents/md_anderson_analysis/yepes_code/data/2025-10-15/scope-results-2025-10-15-0805.csv,1.2887405866666671e-06,5.25435013333333e-07,0,0,0,0,HV 20
,BNL,"12, 16",Electrons 85V,0.5,0,,20,/Users/rkfuentes/Documents/md_anderson_analysis/yepes_code/data/2025-10-15/scope-results-2025-10-15-0806.csv,1.4142426666666674e-06,5.035663333333333e-07,0,0,0,0,HV 20
,BNL,"12, 16",Electrons 85V,0.5,0,,20,/Users/rkfuentes/Documents/md_anderson_analysis/yepes_code/data/2025-10-15/scope-results-2025-10-15-0807.csv,1.2624337466666668e-06,4.754166666666666e-07,0,0,0,0,HV 20
,BNL,"12, 16",Electrons 85V,0.5,0,,20,/Users/rkfuentes/Documents/md_anderson_analysis/yepes_code/data/2025-10-15/scope-results-2025-10-15-0808.csv,1.431609e-06,4.6388489333333315e-07,0,0,0,0,HV 20
,BNL,"12, 16",Electrons 85V,0.5,0,,20,/Users/rkfuentes/Documents/md_anderson_analysis/yepes_code/data/2025-10-15/scope-results-2025-10-15-0809.csv,1.3053883733333334e-06,4.942993333333334e-07,0,0,0,0,HV 20
,BNL,"12, 16",Electrons 85V,0.5,0,,20,/Users/rkfuentes/Documents/md_anderson_analysis/yepes_code/data/2025-10-15/scope-results-2025-10-15-0810.csv,1.4088238933333332e-06,4.709503333333335e-07,0,0,0,0,HV 20
,BNL,"12, 16",Electrons 85V,0.5,0,,20,/Users/rkfuentes/Documents/md_anderson_analysis/yepes_code/data/2025-10-15/scope-results-2025-10-15-0811.csv,1.2732155333333334e-06,5.55615186666667e-07,0,0,0,0,HV 20
,BNL,"12, 16",Electrons 85V,0.5,0,,20,/Users/rkfuentes/Documents/md_anderson_analysis/yepes_code/data/2025-10-15/scope-results-2025-10-15-0865.csv,5.07393e-07,2.612696213333333e-06,0,0,0,0,HV 0
,BNL,"12, 16",Electrons 85V,0.5,0,,20,/Users/rkfuentes/Documents/md_anderson_analysis/yepes_code/data/2025-10-15/scope-results-2025-10-15-0866.csv,1.4507020800000005e-06,2.5715983999999998e-06,0,0,0,0,HV 0
,BNL,"12, 16",Electrons 85V,0.5,0,,20,/Users/rkfuentes/Documents/md_anderson_analysis/yepes_code/data/2025-10-15/scope-results-2025-10-15-0867.csv,1.5013016000000017e-06,2.5695340666666673e-06,0,0,0,0,HV 0
,BNL,"12, 16",Electrons 85V,0.5,0,,20,/Users/rkfuentes/Documents/md_anderson_analysis/yepes_code/data/2025-10-15/scope-results-2025-10-15-0868.csv,4.970127200000007e-07,2.5821440533333327e-06,0,0,0,0,HV 0
,BNL,"12, 16",Electrons 85V,0.5,0,,20,/Users/rkfuentes/Documents/md_anderson_analysis/yepes_code/data/2025-10-15/scope-results-2025-10-15-0869.csv,4.3189853333333364e-07,2.5575663999999995e-06,0,0,0,0,HV 0
,BNL,"12, 16",Electrons 85V,0.5,0,,20,/Users/rkfuentes/Documents/md_anderson_analysis/yepes_code/data/2025-10-15/scope-results-2025-10-15-0870.csv,4.3877478666666633e-07,2.570284199999999e-06,0,0,0,0,HV 0
,BNL,"12, 16",Electrons 85V,0.5,0,,20,/Users/rkfuentes/Documents/md_anderson_analysis/yepes_code/data/2025-10-15/scope-results-2025-10-15-0871.csv,5.055847999999999e-07,2.5689640799999996e-06,0,0,0,0,HV 0
,BNL,"12, 16",Electrons 85V,0.5,0,,20,/Users/rkfuentes/Documents/md_anderson_analysis/yepes_code/data/2025-10-15/scope-results-2025-10-15-0872.csv,4.6978413333333327e-07,2.595931226666668e-06,0,0,0,0,HV 0
,BNL,"12, 16",Electrons 85V,0.5,0,,20,/Users/rkfuentes/Documents/md_anderson_analysis/yepes_code/data/2025-10-15/scope-results-2025-10-15-0873.csv,4.5899818666666666e-07,2.6154105333333333e-06,0,0,0,0,HV 0
,BNL,"12, 16",Electrons 85V,0.5,0,,20,/Users/rkfuentes/Documents/md_anderson_analysis/yepes_code/data/2025-10-15/scope-results-2025-10-15-0874.csv,3.8908104000000005e-07,2.617051666666667e-06,0,0,0,0,HV 0
,BNL,"12, 16",Electrons 85V,0.5,0,,20,/Users/rkfuentes/Documents/md_anderson_analysis/yepes_code/data/2025-10-15/scope-results-2025-10-15-0875.csv,4.923863866666668e-07,2.6030292399999997e-06,0,0,0,0,HV 0
,BNL,"12, 16",Electrons 85V,0.5,0,,20,/Users/rkfuentes/Documents/md_anderson_analysis/yepes_code/data/2025-10-15/scope-results-2025-10-15-0876.csv,3.6381802666666683e-07,2.570766e-06,0,0,0,0,HV 0
,BNL,"12, 16",Electrons 85V,0.5,0,,20,/Users/rkfuentes/Documents/md_anderson_analysis/yepes_code/data/2025-10-15/scope-results-2025-10-15-0877.csv,4.371932266666667e-07,2.5828859066666664e-06,0,0,0,0,HV 0
,BNL,"12, 16",Electrons 85V,0.5,0,,20,/Users/rkfuentes/Documents/md_anderson_analysis/yepes_code/data/2025-10-15/scope-results-2025-10-15-0878.csv,4.443598799999996e-07,2.616042133333334e-06,0,0,0,0,HV 0
,BNL,"12, 16",Electrons 85V,0.5,0,,20,/Users/rkfuentes/Documents/md_anderson_analysis/yepes_code/data/2025-10-15/scope-results-2025-10-15-0879.csv,4.174973333333333e-07,2.5940001200000005e-06,0,0,0,0,HV 0
,BNL,"12, 16",Electrons 85V,0.5,0,,20,/Users/rkfuentes/Documents/md_anderson_analysis/yepes_code/data/2025-10-15/scope-results-2025-10-15-0880.csv,4.313337199999998e-07,2.57806432e-06,0,0,0,0,HV 0
,BNL,"12, 16",Electrons 85V,0.5,0,,20,/Users/rkfuentes/Documents/md_anderson_analysis/yepes_code/data/2025-10-15/scope-results-2025-10-15-0881.csv,4.2100533333333303e-07,2.601758133333333e-06,0,0,0,0,HV 0
,BNL,"12, 16",Electrons 110V,0.5,0,,20,/Users/rkfuentes/Documents/md_anderson_analysis/yepes_code/data/2025-10-15/scope-results-2025-10-15-0938.csv,4.582362546666667e-06,2.2730386133333336e-06,0,0,0,0,HV 0
,BNL,"12, 16",Electrons 85V,0.5,0,,10,/Users/rkfuentes/Documents/md_anderson_analysis/yepes_code/data/2025-10-15/scope-results-2025-10-15-0940.csv,7.079022666666666e-07,2.9872803466666677e-06,0,0,0,0,HV 0
,BNL,"12, 16",Electrons 85V,0.5,0,,10,/Users/rkfuentes/Documents/md_anderson_analysis/yepes_code/data/2025-10-15/scope-results-2025-10-15-0941.csv,6.859457333333334e-07,3.106699626666668e-06,0,0,0,0,HV 0
,BNL,"12, 16",Electrons 85V,0.5,0,,10,/Users/rkfuentes/Documents/md_anderson_analysis/yepes_code/data/2025-10-15/scope-results-2025-10-15-0942.csv,6.805653333333329e-07,2.9999021866666657e-06,0,0,0,0,HV 0
,BNL,"12, 16",Electrons 85V,0.5,0,,10,/Users/rkfuentes/Documents/md_anderson_analysis/yepes_code/data/2025-10-15/scope-results-2025-10-15-0943.csv,7.095648799999998e-07,2.990447893333334e-06,0,0,0,0,HV 0
,BNL,"12, 16",Electrons 85V,0.5,0,,10,/Users/rkfuentes/Documents/md_anderson_analysis/yepes_code/data/2025-10-15/scope-results-2025-10-15-0944.csv,6.892931466666665e-07,2.983701866666667e-06,0,0,0,0,HV 0
,BNL,"12, 16",Electrons 85V,0.5,0,,10,/Users/rkfuentes/Documents/md_anderson_analysis/yepes_code/data/2025-10-15/scope-results-2025-10-15-0945.csv,7.791538666666671e-07,3.1361946666666667e-06,0,0,0,0,HV 0
,BNL,"12, 16",Electrons 85V,0.5,0,,10,/Users/rkfuentes/Documents/md_anderson_analysis/yepes_code/data/2025-10-15/scope-results-2025-10-15-0946.csv,7.009981600000004e-07,3.0164311999999993e-06,0,0,0,0,HV 0
,BNL,"12, 16",Electrons 85V,0.5,0,,10,/Users/rkfuentes/Documents/md_anderson_analysis/yepes_code/data/2025-10-15/scope-results-2025-10-15-0947.csv,7.823109200000003e-07,3.0623371200000003e-06,0,0,0,0,HV 0
,BNL,"12, 16",Electrons 85V,0.5,0,,10,/Users/rkfuentes/Documents/md_anderson_analysis/yepes_code/data/2025-10-15/scope-results-2025-10-15-0948.csv,7.149285066666668e-07,3.1136626933333325e-06,0,0,0,0,HV 0
,BNL,"12, 16",Electrons 85V,0.5,0,,10,/Users/rkfuentes/Documents/md_anderson_analysis/yepes_code/data/2025-10-15/scope-results-2025-10-15-0949.csv,5.179053333333336e-07,2.9333557333333333e-06,0,0,0,0,HV 0
,BNL,"12, 16",Electrons 85V,0.5,0,,10,/Users/rkfuentes/Documents/md_anderson_analysis/yepes_code/data/2025-10-15/scope-results-2025-10-15-0950.csv,4.953848800000003e-07,2.9144845599999997e-06,0,0,0,0,HV 0
,BNL,"12, 16",Electrons 85V,0.5,0,,10,/Users/rkfuentes/Documents/md_anderson_analysis/yepes_code/data/2025-10-15/scope-results-2025-10-15-0951.csv,6.052878799999996e-07,3.113232e-06,0,0,0,0,HV 0
,BNL,"12, 16",Electrons 85V,0.5,0,,10,/Users/rkfuentes/Documents/md_anderson_analysis/yepes_code/data/2025-10-15/scope-results-2025-10-15-0952.csv,7.715412533333337e-07,2.9407606933333323e-06,0,0,0,0,HV 0
,BNL,"12, 16",Electrons 85V,0.5,0,,10,/Users/rkfuentes/Documents/md_anderson_analysis/yepes_code/data/2025-10-15/scope-results-2025-10-15-0953.csv,2.248781160000001e-06,3.0239411333333333e-06,0,0,0,0,HV 0
,BNL,"12, 16",Electrons 85V,0.5,0,,10,/Users/rkfuentes/Documents/md_anderson_analysis/yepes_code/data/2025-10-15/scope-results-2025-10-15-0954.csv,4.777325333333331e-07,2.9372962400000006e-06,0,0,0,0,HV 0
,BNL,"12, 16",Electrons 85V,0.5,0,,10,/Users/rkfuentes/Documents/md_anderson_analysis/yepes_code/data/2025-10-15/scope-results-2025-10-15-0955.csv,5.153106133333333e-07,3.009976106666666e-06,0,0,0,0,HV 0
,BNL,"12, 16",Electrons 85V,0.5,0,,10,/Users/rkfuentes/Documents/md_anderson_analysis/yepes_code/data/2025-10-15/scope-results-2025-10-15-0956.csv,7.652035999999999e-07,2.9469659733333338e-06,0,0,0,0,HV 0
,BNL,"12, 16",Electrons 85V,0.5,0,,10,/Users/rkfuentes/Documents/md_anderson_analysis/yepes_code/data/2025-10-15/scope-results-2025-10-15-1007.csv,8.355428800000003e-07,3.019386453333333e-06,0,0,0,0,HV 7
,BNL,"12, 16",Electrons 85V,0.5,0,,10,/Users/rkfuentes/Documents/md_anderson_analysis/yepes_code/data/2025-10-15/scope-results-2025-10-15-1008.csv,8.542010133333337e-07,3.083451200000001e-06,0,0,0,0,HV 7
,BNL,"12, 16",Electrons 85V,0.5,0,,10,/Users/rkfuentes/Documents/md_anderson_analysis/yepes_code/data/2025-10-15/scope-results-2025-10-15-1009.csv,8.181314400000004e-07,2.9738050666666664e-06,0,0,0,0,HV 7
,BNL,"12, 16",Electrons 85V,0.5,0,,10,/Users/rkfuentes/Documents/md_anderson_analysis/yepes_code/data/2025-10-15/scope-results-2025-10-15-1010.csv,8.629676400000001e-07,3.1263633333333334e-06,0,0,0,0,HV 7
,BNL,"12, 16",Electrons 85V,0.5,0,,10,/Users/rkfuentes/Documents/md_anderson_analysis/yepes_code/data/2025-10-15/scope-results-2025-10-15-1011.csv,8.367753733333331e-07,2.983014266666667e-06,0,0,0,0,HV 7
,BNL,"12, 16",Electrons 85V,0.5,0,,10,/Users/rkfuentes/Documents/md_anderson_analysis/yepes_code/data/2025-10-15/scope-results-2025-10-15-1012.csv,8.427780000000005e-07,2.9859052799999997e-06,0,0,0,0,HV 7
,BNL,"12, 16",Electrons 85V,0.5,0,,10,/Users/rkfuentes/Documents/md_anderson_analysis/yepes_code/data/2025-10-15/scope-results-2025-10-15-1013.csv,8.667455866666664e-07,3.130724213333333e-06,0,0,0,0,HV 7
,BNL,"12, 16",Electrons 85V,0.5,0,,10,/Users/rkfuentes/Documents/md_anderson_analysis/yepes_code/data/2025-10-15/scope-results-2025-10-15-1014.csv,8.451408400000005e-07,3.0317420666666662e-06,0,0,0,0,HV 7
,BNL,"12, 16",Electrons 85V,0.5,0,,10,/Users/rkfuentes/Documents/md_anderson_analysis/yepes_code/data/2025-10-15/scope-results-2025-10-15-1015.csv,8.494130933333333e-07,2.9819948133333326e-06,0,0,0,0,HV 7
,BNL,"12, 16",Electrons 85V,0.5,0,,10,/Users/rkfuentes/Documents/md_anderson_analysis/yepes_code/data/2025-10-15/scope-results-2025-10-15-1016.csv,8.810914e-07,3.025054333333333e-06,0,0,0,0,HV 7
,BNL,"12, 16",Electrons 85V,0.5,0,,10,/Users/rkfuentes/Documents/md_anderson_analysis/yepes_code/data/2025-10-15/scope-results-2025-10-15-1017.csv,8.872560933333331e-07,3.0985869066666666e-06,0,0,0,0,HV 7
,BNL,"12, 16",Electrons 85V,0.5,0,,10,/Users/rkfuentes/Documents/md_anderson_analysis/yepes_code/data/2025-10-15/scope-results-2025-10-15-1018.csv,8.532874666666664e-07,3.0115768533333328e-06,0,0,0,0,HV 7
,BNL,"12, 16",Electrons 85V,0.5,0,,10,/Users/rkfuentes/Documents/md_anderson_analysis/yepes_code/data/2025-10-15/scope-results-2025-10-15-1019.csv,8.611060799999999e-07,2.9668795200000006e-06,0,0,0,0,HV 7
,BNL,"12, 16",Electrons 85V,0.5,0,,10,/Users/rkfuentes/Documents/md_anderson_analysis/yepes_code/data/2025-10-15/scope-results-2025-10-15-1020.csv,8.593232666666668e-07,2.9566703999999998e-06,0,0,0,0,HV 7
,BNL,"12, 16",Electrons 85V,0.5,0,,10,/Users/rkfuentes/Documents/md_anderson_analysis/yepes_code/data/2025-10-15/scope-results-2025-10-15-1021.csv,8.44851906666667e-07,2.9608305200000007e-06,0,0,0,0,HV 7
,BNL,"12, 16",Electrons 85V,0.5,0,,10,/Users/rkfuentes/Documents/md_anderson_analysis/yepes_code/data/2025-10-15/scope-results-2025-10-15-1022.csv,8.469831200000002e-07,2.951814053333333e-06,0,0,0,0,HV 7
,BNL,"12, 16",Electrons 85V,0.5,0,,10,/Users/rkfuentes/Documents/md_anderson_analysis/yepes_code/data/2025-10-15/scope-results-2025-10-15-1023.csv,8.71185466666667e-07,3.0222468e-06,0,0,0,0,HV 7
,BNL,"12, 16",Electrons 85V,0.5,0,,10,/Users/rkfuentes/Documents/md_anderson_analysis/yepes_code/data/2025-10-15/scope-results-2025-10-15-1024.csv,8.650361866666668e-07,3.1297474400000004e-06,0,0,0,0,HV 7
,BNL,"12, 16",Electrons 85V,0.5,0,,10,/Users/rkfuentes/Documents/md_anderson_analysis/yepes_code/data/2025-10-15/scope-results-2025-10-15-1079.csv,1.657667066666667e-06,3.134293813333332e-06,0,0,0,0,HV 20
,BNL,"12, 16",Electrons 85V,0.5,0,,10,/Users/rkfuentes/Documents/md_anderson_analysis/yepes_code/data/2025-10-15/scope-results-2025-10-15-1080.csv,1.6515070933333333e-06,3.116419093333333e-06,0,0,0,0,HV 20
,BNL,"12, 16",Electrons 85V,0.5,0,,10,/Users/rkfuentes/Documents/md_anderson_analysis/yepes_code/data/2025-10-15/scope-results-2025-10-15-1081.csv,1.6697823199999997e-06,3.198873599999999e-06,0,0,0,0,HV 20
,BNL,"12, 16",Electrons 85V,0.5,0,,10,/Users/rkfuentes/Documents/md_anderson_analysis/yepes_code/data/2025-10-15/scope-results-2025-10-15-1082.csv,1.670226e-06,3.1384299733333334e-06,0,0,0,0,HV 20
,BNL,"12, 16",Electrons 85V,0.5,0,,10,/Users/rkfuentes/Documents/md_anderson_analysis/yepes_code/data/2025-10-15/scope-results-2025-10-15-1083.csv,1.6558925866666667e-06,3.091508906666667e-06,0,0,0,0,HV 20
,BNL,"12, 16",Electrons 85V,0.5,0,,10,/Users/rkfuentes/Documents/md_anderson_analysis/yepes_code/data/2025-10-15/scope-results-2025-10-15-1084.csv,1.6475724133333338e-06,3.119405253333332e-06,0,0,0,0,HV 20
,BNL,"12, 16",Electrons 85V,0.5,0,,10,/Users/rkfuentes/Documents/md_anderson_analysis/yepes_code/data/2025-10-15/scope-results-2025-10-15-1085.csv,1.6872075733333335e-06,3.179584973333334e-06,0,0,0,0,HV 20
,BNL,"12, 16",Electrons 85V,0.5,0,,10,/Users/rkfuentes/Documents/md_anderson_analysis/yepes_code/data/2025-10-15/scope-results-2025-10-15-1086.csv,1.6773955200000003e-06,3.2154022666666676e-06,0,0,0,0,HV 20
,BNL,"12, 16",Electrons 85V,0.5,0,,10,/Users/rkfuentes/Documents/md_anderson_analysis/yepes_code/data/2025-10-15/scope-results-2025-10-15-1087.csv,1.673654866666666e-06,3.19753728e-06,0,0,0,0,HV 20
,BNL,"12, 16",Electrons 85V,0.5,0,,10,/Users/rkfuentes/Documents/md_anderson_analysis/yepes_code/data/2025-10-15/scope-results-2025-10-15-1088.csv,1.6851055333333331e-06,3.212956373333334e-06,0,0,0,0,HV 20
,BNL,"12, 16",Electrons 85V,0.5,0,,10,/Users/rkfuentes/Documents/md_anderson_analysis/yepes_code/data/2025-10-15/scope-results-2025-10-15-1089.csv,1.6806505866666661e-06,3.149844333333332e-06,0,0,0,0,HV 20
,BNL,"12, 16",Electrons 85V,0.5,0,,10,/Users/rkfuentes/Documents/md_anderson_analysis/yepes_code/data/2025-10-15/scope-results-2025-10-15-1090.csv,1.651492e-06,3.1838818666666655e-06,0,0,0,0,HV 20
,BNL,"12, 16",Electrons 85V,0.5,0,,10,/Users/rkfuentes/Documents/md_anderson_analysis/yepes_code/data/2025-10-15/scope-results-2025-10-15-1091.csv,1.652506346666667e-06,3.1513641333333327e-06,0,0,0,0,HV 20
,BNL,"12, 16",Electrons 85V,0.5,0,,10,/Users/rkfuentes/Documents/md_anderson_analysis/yepes_code/data/2025-10-15/scope-results-2025-10-15-1092.csv,1.6690664266666666e-06,3.162007733333334e-06,0,0,0,0,HV 20
,BNL,"12, 16",Electrons 85V,0.5,0,,10,/Users/rkfuentes/Documents/md_anderson_analysis/yepes_code/data/2025-10-15/scope-results-2025-10-15-1093.csv,1.6770221600000005e-06,3.214355626666665e-06,0,0,0,0,HV 20
,BNL,"12, 16",Electrons 85V,0.5,0,,10,/Users/rkfuentes/Documents/md_anderson_analysis/yepes_code/data/2025-10-15/scope-results-2025-10-15-1094.csv,1.65330704e-06,3.1556739199999995e-06,0,0,0,0,HV 20
,BNL,"12, 16",Electrons 85V,0.5,0,,10,/Users/rkfuentes/Documents/md_anderson_analysis/yepes_code/data/2025-10-15/scope-results-2025-10-15-1095.csv,1.63348784e-06,3.0879786666666673e-06,0,0,0,0,HV 20
,BNL,"12, 16",Electrons 85V,0.5,0,,10,/Users/rkfuentes/Documents/md_anderson_analysis/yepes_code/data/2025-10-15/scope-results-2025-10-15-1096.csv,7.298477690283333e-09,1.5093333333333703e-10,0,0,0,0,HV 20
,BNL,"12, 16",Electrons 110V,0.5,0,,100,/Users/rkfuentes/Documents/md_anderson_analysis/yepes_code/data/2025-10-15/scope-results-2025-10-15-1150.csv,1.0574455466666665e-06,5.672494933333333e-07,0,0,0,0,HV 20
,BNL,"12, 16",Electrons 110V,0.5,0,,100,/Users/rkfuentes/Documents/md_anderson_analysis/yepes_code/data/2025-10-15/scope-results-2025-10-15-1154.csv,3.0118249333333255e-07,9.149766933333336e-07,0,0,0,0,HV 0
,BNL,"12, 16",Electrons 110V,0.5,0,,100,/Users/rkfuentes/Documents/md_anderson_analysis/yepes_code/data/2025-10-15/scope-results-2025-10-15-1158.csv,8.752330666666675e-07,8.1213084e-07,0,0,0,0,HV 0
,BNL,"12, 16",Electrons 110V,0.5,0,,100,/Users/rkfuentes/Documents/md_anderson_analysis/yepes_code/data/2025-10-15/scope-results-2025-10-15-1162.csv,2.4871967999999997e-07,1.3721374666666642e-07,0,0,0,0,HV 7
,BNL,"12, 16",Electrons 110V,0.5,0,,75,/Users/rkfuentes/Documents/md_anderson_analysis/yepes_code/data/2025-10-15/scope-results-2025-10-15-1167.csv,4.774334933333335e-07,3.676228533333333e-07,0,0,0,0,HV 7
,BNL,"12, 16",Electrons 110V,0.5,0,,75,/Users/rkfuentes/Documents/md_anderson_analysis/yepes_code/data/2025-10-15/scope-results-2025-10-15-1171.csv,2.0206399733333352e-06,1.7596221733333334e-06,0,0,0,0,HV 0
,BNL,"12, 16",Electrons 110V,0.5,0,,50,/Users/rkfuentes/Documents/md_anderson_analysis/yepes_code/data/2025-10-15/scope-results-2025-10-15-1175.csv,1.0274859999999995e-06,6.236658399999988e-07,0,0,0,0,HV 0
,BNL,"12, 16",Electrons 110V,0.5,0,,50,/Users/rkfuentes/Documents/md_anderson_analysis/yepes_code/data/2025-10-15/scope-results-2025-10-15-1179.csv,1.2338399999999998e-06,8.806297999999999e-07,0,0,0,0,HV 7
,BNL,"12, 16",Electrons 110V,0.5,0,,40,/Users/rkfuentes/Documents/md_anderson_analysis/yepes_code/data/2025-10-15/scope-results-2025-10-15-1183.csv,1.2557864e-06,3.9811189333333393e-07,0,0,0,0,HV 0
,BNL,"12, 16",Electrons 110V,0.5,0,,30,/Users/rkfuentes/Documents/md_anderson_analysis/yepes_code/data/2025-10-15/scope-results-2025-10-15-1187.csv,1.5487051999999997e-06,3.1815987733333327e-06,0,0,0,0,HV 0
,BNL,"12, 16",Electrons 110V,0.5,0,,20,/Users/rkfuentes/Documents/md_anderson_analysis/yepes_code/data/2025-10-15/scope-results-2025-10-15-1191.csv,3.725451733333334e-06,2.7481900000000004e-06,0,0,0,0,HV 0
,BNL,"12, 16",Electrons 191V,0.5,0,,100,/Users/rkfuentes/Documents/md_anderson_analysis/yepes_code/data/2025-10-15/scope-results-2025-10-15-1193.csv,6.403824e-07,2.724890933333332e-07,0,0,0,0,HV 0
,BNL,"12, 16",Electrons 191V,0.5,0,,100,/Users/rkfuentes/Documents/md_anderson_analysis/yepes_code/data/2025-10-15/scope-results-2025-10-15-1197.csv,1.1780046400000003e-06,5.249017066666667e-07,0,0,0,0,HV 7
,BNL,"12, 16",Electrons 191V,0.5,0,,75,/Users/rkfuentes/Documents/md_anderson_analysis/yepes_code/data/2025-10-15/scope-results-2025-10-15-1199.csv,1.5698639999999998e-06,6.505688533333332e-07,0,0,0,0,HV 0
,BNL,"12, 16",Electrons 191V,0.5,0,,50,/Users/rkfuentes/Documents/md_anderson_analysis/yepes_code/data/2025-10-15/scope-results-2025-10-15-1203.csv,3.736792853333333e-06,2.5374418133333333e-06,0,0,0,0,HV 0
,BNL,"12, 16",Electrons 110V,0.5,0,,125,/Users/rkfuentes/Documents/md_anderson_analysis/yepes_code/data/2025-10-15/scope-results-2025-10-15-1208.csv,2.929773066666681e-07,1.3941239199999999e-06,0,0,0,0,HV 0
,BNL,"12, 16",Electrons 110V,0.5,0,,125,/Users/rkfuentes/Documents/md_anderson_analysis/yepes_code/data/2025-10-15/scope-results-2025-10-15-1212.csv,8.991288000000007e-08,1.3601918000000009e-06,0,0,0,0,HV 7
,BNL,"12, 16",Electrons 110V,0.5,0,,125,/Users/rkfuentes/Documents/md_anderson_analysis/yepes_code/data/2025-10-15/scope-results-2025-10-15-1216.csv,3.267182400000002e-07,1.4360608266666671e-06,0,0,0,0,HV 20
,BNL,"12, 16",Electrons 191V,0.5,0,,125,/Users/rkfuentes/Documents/md_anderson_analysis/yepes_code/data/2025-10-15/scope-results-2025-10-15-1220.csv,1.4279511466666668e-06,5.211875466666667e-07,0,0,0,0,HV 20
,BNL,"12, 16",Electrons 191V,0.5,0,,125,/Users/rkfuentes/Documents/md_anderson_analysis/yepes_code/data/2025-10-15/scope-results-2025-10-15-1224.csv,7.125963199999998e-07,1.6260594799999995e-06,0,0,0,0,HV 7
,BNL,"12, 16",Electrons 191V,0.5,0,,125,/Users/rkfuentes/Documents/md_anderson_analysis/yepes_code/data/2025-10-15/scope-results-2025-10-15-1228.csv,8.738638933333344e-07,1.5650557333333336e-06,0,0,0,0,HV 0
,BNL,"12, 16",Electrons 110V,0.5,0,,150,/Users/rkfuentes/Documents/md_anderson_analysis/yepes_code/data/2025-10-15/scope-results-2025-10-15-1232.csv,1.3950410666666648e-07,1.60112972e-06,0,0,0,0,HV 0
,BNL,"12, 16",Electrons 110V,0.5,0,,150,/Users/rkfuentes/Documents/md_anderson_analysis/yepes_code/data/2025-10-15/scope-results-2025-10-15-1233.csv,1.3225503999999942e-07,1.6642212399999998e-06,0,0,0,0,HV 0
,BNL,"12, 16",Electrons 110V,0.5,0,,150,/Users/rkfuentes/Documents/md_anderson_analysis/yepes_code/data/2025-10-15/scope-results-2025-10-15-1234.csv,6.087114666666675e-07,1.6819802666666665e-06,0,0,0,0,HV 0
,BNL,"12, 16",Electrons 110V,0.5,0,,150,/Users/rkfuentes/Documents/md_anderson_analysis/yepes_code/data/2025-10-15/scope-results-2025-10-15-1235.csv,6.174554666666684e-07,1.6860242e-06,0,0,0,0,HV 0
,BNL,"12, 16",Electrons 110V,0.5,0,,150,/Users/rkfuentes/Documents/md_anderson_analysis/yepes_code/data/2025-10-15/scope-results-2025-10-15-1236.csv,5.890585600000016e-07,1.629192906666666e-06,0,0,0,0,HV 0
,BNL,"12, 16",Electrons 110V,0.5,0,,150,/Users/rkfuentes/Documents/md_anderson_analysis/yepes_code/data/2025-10-15/scope-results-2025-10-15-1237.csv,6.124159333333358e-07,1.6223678133333328e-06,0,0,0,0,HV 0
,BNL,"12, 16",Electrons 110V,0.5,0,,150,/Users/rkfuentes/Documents/md_anderson_analysis/yepes_code/data/2025-10-15/scope-results-2025-10-15-1238.csv,6.259677333333354e-07,1.6497170133333331e-06,0,0,0,0,HV 0
,BNL,"12, 16",Electrons 110V,0.5,0,,150,/Users/rkfuentes/Documents/md_anderson_analysis/yepes_code/data/2025-10-15/scope-results-2025-10-15-1239.csv,1.4789679999999987e-07,1.6724232533333338e-06,0,0,0,0,HV 0
,BNL,"12, 16",Electrons 110V,0.5,0,,150,/Users/rkfuentes/Documents/md_anderson_analysis/yepes_code/data/2025-10-15/scope-results-2025-10-15-1240.csv,6.248905333333348e-07,1.6313027199999999e-06,0,0,0,0,HV 0
,BNL,"12, 16",Electrons 110V,0.5,0,,150,/Users/rkfuentes/Documents/md_anderson_analysis/yepes_code/data/2025-10-15/scope-results-2025-10-15-1241.csv,1.454551999999996e-07,1.6289311999999999e-06,0,0,0,0,HV 0
,BNL,"12, 16",Electrons 110V,0.5,0,,150,/Users/rkfuentes/Documents/md_anderson_analysis/yepes_code/data/2025-10-15/scope-results-2025-10-15-1242.csv,1.4465460000000026e-07,1.6183654400000002e-06,0,0,0,0,HV 0
,BNL,"12, 16",Electrons 110V,0.5,0,,150,/Users/rkfuentes/Documents/md_anderson_analysis/yepes_code/data/2025-10-15/scope-results-2025-10-15-1243.csv,6.307172133333358e-07,1.6480472533333336e-06,0,0,0,0,HV 0
,BNL,"12, 16",Electrons 110V,0.5,0,,150,/Users/rkfuentes/Documents/md_anderson_analysis/yepes_code/data/2025-10-15/scope-results-2025-10-15-1244.csv,1.5174026666666614e-07,1.6303509333333336e-06,0,0,0,0,HV 0
,BNL,"12, 16",Electrons 110V,0.5,0,,150,/Users/rkfuentes/Documents/md_anderson_analysis/yepes_code/data/2025-10-15/scope-results-2025-10-15-1245.csv,1.5871679999999976e-07,1.617317893333333e-06,0,0,0,0,HV 0
,BNL,"12, 16",Electrons 110V,0.5,0,,150,/Users/rkfuentes/Documents/md_anderson_analysis/yepes_code/data/2025-10-15/scope-results-2025-10-15-1246.csv,6.349098000000023e-07,1.600485866666667e-06,0,0,0,0,HV 0
,BNL,"12, 16",Electrons 110V,0.5,0,,150,/Users/rkfuentes/Documents/md_anderson_analysis/yepes_code/data/2025-10-15/scope-results-2025-10-15-1247.csv,6.435515333333355e-07,1.5892617066666672e-06,0,0,0,0,HV 0
,BNL,"12, 16",Electrons 110V,0.5,0,,150,/Users/rkfuentes/Documents/md_anderson_analysis/yepes_code/data/2025-10-15/scope-results-2025-10-15-1248.csv,6.590134266666681e-07,1.6097581333333334e-06,0,0,0,0,HV 0
,BNL,"12, 16",Electrons 110V,0.5,0,,150,/Users/rkfuentes/Documents/md_anderson_analysis/yepes_code/data/2025-10-15/scope-results-2025-10-15-1253.csv,5.46151840000002e-07,1.6512286666666666e-06,0,0,0,0,HV 7
,BNL,"12, 16",Electrons 110V,0.5,0,,150,/Users/rkfuentes/Documents/md_anderson_analysis/yepes_code/data/2025-10-15/scope-results-2025-10-15-1257.csv,3.0693877333333353e-07,1.7795573333333356e-06,0,0,0,0,HV 20
,BNL,"12, 16",Electrons 191V,0.5,0,,150,/Users/rkfuentes/Documents/md_anderson_analysis/yepes_code/data/2025-10-15/scope-results-2025-10-15-1261.csv,1.3344035333333325e-06,4.5248474666666686e-07,0,0,0,0,HV 20
,BNL,"12, 16",Electrons 191V,0.5,0,,150,/Users/rkfuentes/Documents/md_anderson_analysis/yepes_code/data/2025-10-15/scope-results-2025-10-15-1265.csv,7.266866666666668e-07,1.6451349333333314e-07,0,0,0,0,HV 7
,BNL,"12, 16",Electrons 191V,0.5,0,,150,/Users/rkfuentes/Documents/md_anderson_analysis/yepes_code/data/2025-10-15/scope-results-2025-10-15-1269.csv,2.9937466666666665e-07,2.264177866666665e-06,0,0,0,0,HV 0
,BNL,"12, 16",Electrons 110V,0.5,0,,175,/Users/rkfuentes/Documents/md_anderson_analysis/yepes_code/data/2025-10-15/scope-results-2025-10-15-1273.csv,2.844528533333352e-07,6.251911999999998e-07,0,0,0,0,HV 0
,BNL,"12, 16",Electrons 110V,0.5,0,,175,/Users/rkfuentes/Documents/md_anderson_analysis/yepes_code/data/2025-10-15/scope-results-2025-10-15-1277.csv,3.9330666666666866e-08,6.374637866666667e-07,0,0,0,0,HV 7
,BNL,"12, 16",Electrons 110V,0.5,0,,175,/Users/rkfuentes/Documents/md_anderson_analysis/yepes_code/data/2025-10-15/scope-results-2025-10-15-1281.csv,3.951784533333357e-07,6.501781600000001e-07,0,0,0,0,HV 20
,BNL,"12, 16",Electrons 191V,0.5,0,,175,/Users/rkfuentes/Documents/md_anderson_analysis/yepes_code/data/2025-10-15/scope-results-2025-10-15-1285.csv,6.145606933333334e-07,2.3330807999999967e-07,0,0,0,0,HV 20
,BNL,"12, 16",Electrons 191V,0.5,0,,175,/Users/rkfuentes/Documents/md_anderson_analysis/yepes_code/data/2025-10-15/scope-results-2025-10-15-1289.csv,1.1360881333333329e-07,2.658758933333337e-07,0,0,0,0,HV 7
,BNL,"12, 16",Electrons 191V,0.5,0,,175,/Users/rkfuentes/Documents/md_anderson_analysis/yepes_code/data/2025-10-15/scope-results-2025-10-15-1293.csv,1.0713231999999995e-07,7.890171333333332e-07,0,0,0,0,HV 0
,BNL,"12, 16",Electrons 110V,0.5,0,,200,/Users/rkfuentes/Documents/md_anderson_analysis/yepes_code/data/2025-10-15/scope-results-2025-10-15-1297.csv,4.208927999999999e-08,8.970251599999999e-07,0,0,0,0,HV 0
,BNL,"12, 16",Electrons 110V,0.5,0,,200,/Users/rkfuentes/Documents/md_anderson_analysis/yepes_code/data/2025-10-15/scope-results-2025-10-15-1301.csv,2.957662400000007e-07,9.177926666666666e-07,0,0,0,0,HV 7
,BNL,"12, 16",Electrons 110V,0.5,0,,200,/Users/rkfuentes/Documents/md_anderson_analysis/yepes_code/data/2025-10-15/scope-results-2025-10-15-1305.csv,3.735679999999984e-08,9.877444533333334e-07,0,0,0,0,HV 20
,BNL,"12, 16",Electrons 191V,0.5,0,,200,/Users/rkfuentes/Documents/md_anderson_analysis/yepes_code/data/2025-10-15/scope-results-2025-10-15-1309.csv,4.357039066666666e-07,2.228131733333334e-07,0,0,0,0,HV 20
,BNL,"12, 16",Electrons 191V,0.5,0,,200,/Users/rkfuentes/Documents/md_anderson_analysis/yepes_code/data/2025-10-15/scope-results-2025-10-15-1313.csv,3.6382386666666737e-07,1.10587e-06,0,0,0,0,HV 7
,BNL,"12, 16",Electrons 191V,0.5,0,,200,/Users/rkfuentes/Documents/md_anderson_analysis/yepes_code/data/2025-10-15/scope-results-2025-10-15-1316.csv,1.8495606666666645e-07,1.1733673333333336e-06,0,0,0,0,HV 0
,BNL,"12, 16",Electrons 85V,1.0,0,,50,/Users/rkfuentes/Documents/md_anderson_analysis/yepes_code/data/2025-10-15/scope-results-2025-10-15-0020.csv,1.5678862933333337e-07,2.012146645833333e-06,0,0,0,0,HV 20
,BNL,"12, 16",Electrons 85V,1.0,0,,50,/Users/rkfuentes/Documents/md_anderson_analysis/yepes_code/data/2025-10-15/scope-results-2025-10-15-0021.csv,1.6871073066666663e-07,1.8660611258106354e-06,0,0,0,0,HV 20
,BNL,"12, 16",Electrons 85V,1.0,0,,50,/Users/rkfuentes/Documents/md_anderson_analysis/yepes_code/data/2025-10-15/scope-results-2025-10-15-0022.csv,1.777212479999999e-07,1.5474701333333328e-08,0,0,0,0,HV 20
,BNL,"12, 16",Electrons 85V,1.0,0,,50,/Users/rkfuentes/Documents/md_anderson_analysis/yepes_code/data/2025-10-15/scope-results-2025-10-15-0023.csv,1.1196404495238106e-06,2.1457386666666703e-08,0,0,0,0,HV 20
,BNL,"12, 16",Electrons 85V,1.0,0,,50,/Users/rkfuentes/Documents/md_anderson_analysis/yepes_code/data/2025-10-15/scope-results-2025-10-15-0024.csv,1.8879394666666668e-07,1.892718808959157e-06,0,0,0,0,HV 20
,BNL,"12, 16",Electrons 85V,1.0,0,,50,/Users/rkfuentes/Documents/md_anderson_analysis/yepes_code/data/2025-10-15/scope-results-2025-10-15-0025.csv,1.0970111357048761e-06,1.903814324718357e-06,0,0,0,0,HV 20
,BNL,"12, 16",Electrons 85V,1.0,0,,50,/Users/rkfuentes/Documents/md_anderson_analysis/yepes_code/data/2025-10-15/scope-results-2025-10-15-0026.csv,2.0259536533333335e-07,1.9869930666666697e-08,0,0,0,0,HV 20
,BNL,"12, 16",Electrons 85V,1.0,0,,50,/Users/rkfuentes/Documents/md_anderson_analysis/yepes_code/data/2025-10-15/scope-results-2025-10-15-0027.csv,1.1257066666666654e-08,1.9841452444444445e-06,0,0,0,0,HV 20
,BNL,"12, 16",Electrons 85V,1.0,0,,50,/Users/rkfuentes/Documents/md_anderson_analysis/yepes_code/data/2025-10-15/scope-results-2025-10-15-0028.csv,1.1628711999999949e-08,1.8690413383177575e-06,0,0,0,0,HV 20
,BNL,"12, 16",Electrons 85V,1.0,0,,50,/Users/rkfuentes/Documents/md_anderson_analysis/yepes_code/data/2025-10-15/scope-results-2025-10-15-0029.csv,1.9515061333333335e-07,1.914831814446653e-06,0,0,0,0,HV 20
,BNL,"12, 16",Electrons 85V,1.0,0,,50,/Users/rkfuentes/Documents/md_anderson_analysis/yepes_code/data/2025-10-15/scope-results-2025-10-15-0030.csv,1.999088213333334e-07,2.058240106030484e-06,0,0,0,0,HV 20
,BNL,"12, 16",Electrons 85V,1.0,0,,50,/Users/rkfuentes/Documents/md_anderson_analysis/yepes_code/data/2025-10-15/scope-results-2025-10-15-0031.csv,1.7414950399999998e-07,2.0529829333333343e-08,0,0,0,0,HV 20
,BNL,"12, 16",Electrons 85V,1.0,0,,50,/Users/rkfuentes/Documents/md_anderson_analysis/yepes_code/data/2025-10-15/scope-results-2025-10-15-0032.csv,1.4053893333333347e-07,1.885431007751938e-06,0,0,0,0,HV 20
,BNL,"12, 16",Electrons 85V,1.0,0,,50,/Users/rkfuentes/Documents/md_anderson_analysis/yepes_code/data/2025-10-15/scope-results-2025-10-15-0033.csv,1.993944666666667e-07,2.008022618504436e-06,0,0,0,0,HV 20
,BNL,"12, 16",Electrons 85V,1.0,0,,50,/Users/rkfuentes/Documents/md_anderson_analysis/yepes_code/data/2025-10-15/scope-results-2025-10-15-0034.csv,1.1185082666666609e-08,2.056820000000005e-08,0,0,0,0,HV 20
,BNL,"12, 16",Electrons 85V,1.0,0,,50,/Users/rkfuentes/Documents/md_anderson_analysis/yepes_code/data/2025-10-15/scope-results-2025-10-15-0101.csv,1.3284458e-06,5.420805813333333e-07,0,0,0,0,HV 50
,BNL,"12, 16",Electrons 85V,1.0,0,,50,/Users/rkfuentes/Documents/md_anderson_analysis/yepes_code/data/2025-10-15/scope-results-2025-10-15-0102.csv,1.3287554240000002e-06,2.465481802083333e-06,0,0,0,0,HV 50
,BNL,"12, 16",Electrons 85V,1.0,0,,50,/Users/rkfuentes/Documents/md_anderson_analysis/yepes_code/data/2025-10-15/scope-results-2025-10-15-0103.csv,1.2870824533333336e-06,5.459708799999999e-07,0,0,0,0,HV 50
,BNL,"12, 16",Electrons 85V,1.0,0,,50,/Users/rkfuentes/Documents/md_anderson_analysis/yepes_code/data/2025-10-15/scope-results-2025-10-15-0104.csv,1.3003235520000006e-06,2.426164673064619e-06,0,0,0,0,HV 50
,BNL,"12, 16",Electrons 85V,1.0,0,,50,/Users/rkfuentes/Documents/md_anderson_analysis/yepes_code/data/2025-10-15/scope-results-2025-10-15-0105.csv,6.359038e-07,5.099663199999999e-07,0,0,0,0,HV 50
,BNL,"12, 16",Electrons 85V,1.0,0,,50,/Users/rkfuentes/Documents/md_anderson_analysis/yepes_code/data/2025-10-15/scope-results-2025-10-15-0106.csv,6.366166666666668e-07,5.641906399999998e-07,0,0,0,0,HV 50
,BNL,"12, 16",Electrons 85V,1.0,0,,50,/Users/rkfuentes/Documents/md_anderson_analysis/yepes_code/data/2025-10-15/scope-results-2025-10-15-0107.csv,3.1980397333333336e-07,2.081436198019802e-06,0,0,0,0,HV 50
,BNL,"12, 16",Electrons 85V,1.0,0,,50,/Users/rkfuentes/Documents/md_anderson_analysis/yepes_code/data/2025-10-15/scope-results-2025-10-15-0108.csv,1.5921606399999995e-06,7.832812799999997e-07,0,0,0,0,HV 50
,BNL,"12, 16",Electrons 85V,1.0,0,,50,/Users/rkfuentes/Documents/md_anderson_analysis/yepes_code/data/2025-10-15/scope-results-2025-10-15-0109.csv,1.6020115333333334e-06,7.256200933333336e-07,0,0,0,0,HV 50
,BNL,"12, 16",Electrons 85V,1.0,0,,50,/Users/rkfuentes/Documents/md_anderson_analysis/yepes_code/data/2025-10-15/scope-results-2025-10-15-0110.csv,1.5992923466666664e-06,7.340330533333333e-07,0,0,0,0,HV 50
,BNL,"12, 16",Electrons 85V,1.0,0,,50,/Users/rkfuentes/Documents/md_anderson_analysis/yepes_code/data/2025-10-15/scope-results-2025-10-15-0140.csv,1.7465673666666665e-06,1.4026556599999996e-06,0,0,0,0,HV 100
,BNL,"12, 16",Electrons 85V,1.0,0,,50,/Users/rkfuentes/Documents/md_anderson_analysis/yepes_code/data/2025-10-15/scope-results-2025-10-15-0141.csv,1.7286957333333335e-06,1.40565112e-06,0,0,0,0,HV 100
,BNL,"12, 16",Electrons 85V,1.0,0,,50,/Users/rkfuentes/Documents/md_anderson_analysis/yepes_code/data/2025-10-15/scope-results-2025-10-15-0142.csv,1.7392936e-06,1.3625211333333335e-06,0,0,0,0,HV 100
,BNL,"12, 16",Electrons 85V,1.0,0,,50,/Users/rkfuentes/Documents/md_anderson_analysis/yepes_code/data/2025-10-15/scope-results-2025-10-15-0143.csv,1.740684586666667e-06,1.4055278533333334e-06,0,0,0,0,HV 100
,BNL,"12, 16",Electrons 85V,1.0,0,,50,/Users/rkfuentes/Documents/md_anderson_analysis/yepes_code/data/2025-10-15/scope-results-2025-10-15-0144.csv,1.7425239000000001e-06,1.3771032266666668e-06,0,0,0,0,HV 100
,BNL,"12, 16",Electrons 85V,1.0,0,,50,/Users/rkfuentes/Documents/md_anderson_analysis/yepes_code/data/2025-10-15/scope-results-2025-10-15-0145.csv,1.739278233333333e-06,1.3928371933333335e-06,0,0,0,0,HV 100
,BNL,"12, 16",Electrons 85V,1.0,0,,50,/Users/rkfuentes/Documents/md_anderson_analysis/yepes_code/data/2025-10-15/scope-results-2025-10-15-0146.csv,1.7388383333333333e-06,1.3558383333333333e-06,0,0,0,0,HV 100
,BNL,"12, 16",Electrons 85V,1.0,0,,50,/Users/rkfuentes/Documents/md_anderson_analysis/yepes_code/data/2025-10-15/scope-results-2025-10-15-0147.csv,1.743429093333333e-06,1.3559570999999998e-06,0,0,0,0,HV 100
,BNL,"12, 16",Electrons 85V,1.0,0,,50,/Users/rkfuentes/Documents/md_anderson_analysis/yepes_code/data/2025-10-15/scope-results-2025-10-15-0148.csv,1.7358158600000001e-06,1.41688872e-06,0,0,0,0,HV 100
,BNL,"12, 16",Electrons 85V,1.0,0,,50,/Users/rkfuentes/Documents/md_anderson_analysis/yepes_code/data/2025-10-15/scope-results-2025-10-15-0149.csv,1.7376412666666667e-06,1.4297545066666666e-06,0,0,0,0,HV 100
,BNL,"12, 16",Electrons 85V,1.0,0,,40,/Users/rkfuentes/Documents/md_anderson_analysis/yepes_code/data/2025-10-15/scope-results-2025-10-15-0180.csv,4.671693612612612e-06,2.3090233333333347e-08,0,0,0,0,HV 20
,BNL,"12, 16",Electrons 85V,1.0,0,,40,/Users/rkfuentes/Documents/md_anderson_analysis/yepes_code/data/2025-10-15/scope-results-2025-10-15-0229.csv,1.6552240266666666e-06,8.011085466666666e-07,0,0,0,0,HV 50
,BNL,"12, 16",Electrons 85V,1.0,0,,40,/Users/rkfuentes/Documents/md_anderson_analysis/yepes_code/data/2025-10-15/scope-results-2025-10-15-0230.csv,1.6362291933333331e-06,8.232326000000001e-07,0,0,0,0,HV 50
,BNL,"12, 16",Electrons 85V,1.0,0,,40,/Users/rkfuentes/Documents/md_anderson_analysis/yepes_code/data/2025-10-15/scope-results-2025-10-15-0231.csv,1.6525e-06,8.189413933333334e-07,0,0,0,0,HV 50
,BNL,"12, 16",Electrons 85V,1.0,0,,40,/Users/rkfuentes/Documents/md_anderson_analysis/yepes_code/data/2025-10-15/scope-results-2025-10-15-0232.csv,1.6344328000000002e-06,8.413781666666669e-07,0,0,0,0,HV 50
,BNL,"12, 16",Electrons 85V,1.0,0,,40,/Users/rkfuentes/Documents/md_anderson_analysis/yepes_code/data/2025-10-15/scope-results-2025-10-15-0233.csv,1.67046012e-06,8.016152799999999e-07,0,0,0,0,HV 50
,BNL,"12, 16",Electrons 85V,1.0,0,,40,/Users/rkfuentes/Documents/md_anderson_analysis/yepes_code/data/2025-10-15/scope-results-2025-10-15-0234.csv,1.6370176533333328e-06,8.453593866666669e-07,0,0,0,0,HV 50
,BNL,"12, 16",Electrons 85V,1.0,0,,40,/Users/rkfuentes/Documents/md_anderson_analysis/yepes_code/data/2025-10-15/scope-results-2025-10-15-0235.csv,1.615728506666667e-06,8.422980533333331e-07,0,0,0,0,HV 50
,BNL,"12, 16",Electrons 85V,1.0,0,,40,/Users/rkfuentes/Documents/md_anderson_analysis/yepes_code/data/2025-10-15/scope-results-2025-10-15-0236.csv,1.61952312e-06,8.132425733333334e-07,0,0,0,0,HV 50
,BNL,"12, 16",Electrons 85V,1.0,0,,40,/Users/rkfuentes/Documents/md_anderson_analysis/yepes_code/data/2025-10-15/scope-results-2025-10-15-0237.csv,1.6482293866666666e-06,8.151629133333334e-07,0,0,0,0,HV 50
,BNL,"12, 16",Electrons 85V,1.0,0,,40,/Users/rkfuentes/Documents/md_anderson_analysis/yepes_code/data/2025-10-15/scope-results-2025-10-15-0238.csv,1.6092895133333333e-06,8.276758533333334e-07,0,0,0,0,HV 50
,BNL,"12, 16",Electrons 85V,1.0,0,,40,/Users/rkfuentes/Documents/md_anderson_analysis/yepes_code/data/2025-10-15/scope-results-2025-10-15-0239.csv,1.6298673066666666e-06,8.061575333333333e-07,0,0,0,0,HV 50
,BNL,"12, 16",Electrons 85V,1.0,0,,40,/Users/rkfuentes/Documents/md_anderson_analysis/yepes_code/data/2025-10-15/scope-results-2025-10-15-0240.csv,1.6161308866666667e-06,8.1870926e-07,0,0,0,0,HV 50
,BNL,"12, 16",Electrons 85V,1.0,0,,40,/Users/rkfuentes/Documents/md_anderson_analysis/yepes_code/data/2025-10-15/scope-results-2025-10-15-0241.csv,1.6436207066666668e-06,8.463403199999999e-07,0,0,0,0,HV 50
,BNL,"12, 16",Electrons 85V,1.0,0,,40,/Users/rkfuentes/Documents/md_anderson_analysis/yepes_code/data/2025-10-15/scope-results-2025-10-15-0242.csv,1.6143056e-06,8.302822866666665e-07,0,0,0,0,HV 50
,BNL,"12, 16",Electrons 85V,1.0,0,,40,/Users/rkfuentes/Documents/md_anderson_analysis/yepes_code/data/2025-10-15/scope-results-2025-10-15-0243.csv,1.6204835200000001e-06,8.562136000000002e-07,0,0,0,0,HV 50
,BNL,"12, 16",Electrons 85V,1.0,0,,40,/Users/rkfuentes/Documents/md_anderson_analysis/yepes_code/data/2025-10-15/scope-results-2025-10-15-0244.csv,1.6249085066666666e-06,8.446023600000001e-07,0,0,0,0,HV 50
,BNL,"12, 16",Electrons 85V,1.0,0,,40,/Users/rkfuentes/Documents/md_anderson_analysis/yepes_code/data/2025-10-15/scope-results-2025-10-15-0245.csv,1.6085024266666666e-06,8.594460799999997e-07,0,0,0,0,HV 50
,BNL,"12, 16",Electrons 85V,1.0,0,,40,/Users/rkfuentes/Documents/md_anderson_analysis/yepes_code/data/2025-10-15/scope-results-2025-10-15-0246.csv,1.6456436333333333e-06,8.378095200000001e-07,0,0,0,0,HV 50
,BNL,"12, 16",Electrons 85V,1.0,0,,40,/Users/rkfuentes/Documents/md_anderson_analysis/yepes_code/data/2025-10-15/scope-results-2025-10-15-0300.csv,1.5956771066666657e-06,1.4529665066666674e-06,0,0,0,0,HV 100
,BNL,"12, 16",Electrons 85V,1.0,0,,40,/Users/rkfuentes/Documents/md_anderson_analysis/yepes_code/data/2025-10-15/scope-results-2025-10-15-0301.csv,1.6064959066666655e-06,1.44702856e-06,0,0,0,0,HV 100
,BNL,"12, 16",Electrons 85V,1.0,0,,40,/Users/rkfuentes/Documents/md_anderson_analysis/yepes_code/data/2025-10-15/scope-results-2025-10-15-0302.csv,1.6291817066666659e-06,1.4378427066666663e-06,0,0,0,0,HV 100
,BNL,"12, 16",Electrons 85V,1.0,0,,40,/Users/rkfuentes/Documents/md_anderson_analysis/yepes_code/data/2025-10-15/scope-results-2025-10-15-0303.csv,1.5802365733333332e-06,1.4491535066666665e-06,0,0,0,0,HV 100
,BNL,"12, 16",Electrons 85V,1.0,0,,40,/Users/rkfuentes/Documents/md_anderson_analysis/yepes_code/data/2025-10-15/scope-results-2025-10-15-0304.csv,1.6053500000000006e-06,1.4366321066666667e-06,0,0,0,0,HV 100
,BNL,"12, 16",Electrons 85V,1.0,0,,40,/Users/rkfuentes/Documents/md_anderson_analysis/yepes_code/data/2025-10-15/scope-results-2025-10-15-0305.csv,1.5493122133333336e-06,1.4378188533333332e-06,0,0,0,0,HV 100
,BNL,"12, 16",Electrons 85V,1.0,0,,40,/Users/rkfuentes/Documents/md_anderson_analysis/yepes_code/data/2025-10-15/scope-results-2025-10-15-0306.csv,1.6028433333333323e-06,1.4380395333333333e-06,0,0,0,0,HV 100
,BNL,"12, 16",Electrons 85V,1.0,0,,40,/Users/rkfuentes/Documents/md_anderson_analysis/yepes_code/data/2025-10-15/scope-results-2025-10-15-0307.csv,1.6032620266666667e-06,1.4396170666666662e-06,0,0,0,0,HV 100
,BNL,"12, 16",Electrons 85V,1.0,0,,40,/Users/rkfuentes/Documents/md_anderson_analysis/yepes_code/data/2025-10-15/scope-results-2025-10-15-0308.csv,1.5567453066666658e-06,1.4401725866666667e-06,0,0,0,0,HV 100
,BNL,"12, 16",Electrons 85V,1.0,0,,40,/Users/rkfuentes/Documents/md_anderson_analysis/yepes_code/data/2025-10-15/scope-results-2025-10-15-0309.csv,1.5511153066666663e-06,1.4449987733333338e-06,0,0,0,0,HV 100
,BNL,"12, 16",Electrons 85V,1.0,0,,40,/Users/rkfuentes/Documents/md_anderson_analysis/yepes_code/data/2025-10-15/scope-results-2025-10-15-0310.csv,1.538588653333332e-06,1.44001272e-06,0,0,0,0,HV 100
,BNL,"12, 16",Electrons 85V,1.0,0,,40,/Users/rkfuentes/Documents/md_anderson_analysis/yepes_code/data/2025-10-15/scope-results-2025-10-15-0311.csv,1.5194173199999995e-06,1.4829447199999996e-06,0,0,0,0,HV 100
,BNL,"12, 16",Electrons 85V,1.0,0,,40,/Users/rkfuentes/Documents/md_anderson_analysis/yepes_code/data/2025-10-15/scope-results-2025-10-15-0312.csv,1.5486666533333326e-06,1.4460342666666662e-06,0,0,0,0,HV 100
,BNL,"12, 16",Electrons 85V,1.0,0,,40,/Users/rkfuentes/Documents/md_anderson_analysis/yepes_code/data/2025-10-15/scope-results-2025-10-15-0313.csv,1.5293431999999997e-06,1.4749562666666668e-06,0,0,0,0,HV 100
,BNL,"12, 16",Electrons 85V,1.0,0,,40,/Users/rkfuentes/Documents/md_anderson_analysis/yepes_code/data/2025-10-15/scope-results-2025-10-15-0314.csv,1.5759610666666664e-06,1.456982e-06,0,0,0,0,HV 100
,BNL,"12, 16",Electrons 85V,1.0,0,,40,/Users/rkfuentes/Documents/md_anderson_analysis/yepes_code/data/2025-10-15/scope-results-2025-10-15-0315.csv,1.516848399999999e-06,1.4609733733333337e-06,0,0,0,0,HV 100
,BNL,"12, 16",Electrons 85V,1.0,0,,40,/Users/rkfuentes/Documents/md_anderson_analysis/yepes_code/data/2025-10-15/scope-results-2025-10-15-0316.csv,1.6110921066666663e-06,1.4462584533333333e-06,0,0,0,0,HV 100
,BNL,"12, 16",Electrons 85V,1.0,0,,40,/Users/rkfuentes/Documents/md_anderson_analysis/yepes_code/data/2025-10-15/scope-results-2025-10-15-0317.csv,9.33727999999669e-09,1.1034933333331878e-09,0,0,0,0,HV 100
,BNL,"12, 16",Electrons 85V,1.0,0,,30,/Users/rkfuentes/Documents/md_anderson_analysis/yepes_code/data/2025-10-15/scope-results-2025-10-15-0670.csv,1.5795883359999997e-06,3.1033850560000006e-06,0,0,0,0,HV 20
,BNL,"12, 16",Electrons 85V,1.0,0,,30,/Users/rkfuentes/Documents/md_anderson_analysis/yepes_code/data/2025-10-15/scope-results-2025-10-15-0671.csv,1.5762836213333331e-06,3.294556842666666e-06,0,0,0,0,HV 20
,BNL,"12, 16",Electrons 85V,1.0,0,,30,/Users/rkfuentes/Documents/md_anderson_analysis/yepes_code/data/2025-10-15/scope-results-2025-10-15-0672.csv,1.5967142079999998e-06,3.0933070186666665e-06,0,0,0,0,HV 20
,BNL,"12, 16",Electrons 85V,1.0,0,,30,/Users/rkfuentes/Documents/md_anderson_analysis/yepes_code/data/2025-10-15/scope-results-2025-10-15-0673.csv,1.6001225173333333e-06,3.0624238933333344e-06,0,0,0,0,HV 20
,BNL,"12, 16",Electrons 85V,1.0,0,,30,/Users/rkfuentes/Documents/md_anderson_analysis/yepes_code/data/2025-10-15/scope-results-2025-10-15-0674.csv,1.6167752533333336e-06,3.1097715999999997e-06,0,0,0,0,HV 20
,BNL,"12, 16",Electrons 85V,1.0,0,,30,/Users/rkfuentes/Documents/md_anderson_analysis/yepes_code/data/2025-10-15/scope-results-2025-10-15-0675.csv,1.640523946666667e-06,3.3089413119999997e-06,0,0,0,0,HV 20
,BNL,"12, 16",Electrons 85V,1.0,0,,30,/Users/rkfuentes/Documents/md_anderson_analysis/yepes_code/data/2025-10-15/scope-results-2025-10-15-0676.csv,1.6484064e-06,3.292034357333333e-06,0,0,0,0,HV 20
,BNL,"12, 16",Electrons 85V,1.0,0,,30,/Users/rkfuentes/Documents/md_anderson_analysis/yepes_code/data/2025-10-15/scope-results-2025-10-15-0677.csv,1.6580549813333336e-06,3.315176730666668e-06,0,0,0,0,HV 20
,BNL,"12, 16",Electrons 85V,1.0,0,,30,/Users/rkfuentes/Documents/md_anderson_analysis/yepes_code/data/2025-10-15/scope-results-2025-10-15-0678.csv,1.6528211733333334e-06,3.287330474666666e-06,0,0,0,0,HV 20
,BNL,"12, 16",Electrons 85V,1.0,0,,30,/Users/rkfuentes/Documents/md_anderson_analysis/yepes_code/data/2025-10-15/scope-results-2025-10-15-0679.csv,1.666871136e-06,3.0672470560000013e-06,0,0,0,0,HV 20
,BNL,"12, 16",Electrons 85V,1.0,0,,30,/Users/rkfuentes/Documents/md_anderson_analysis/yepes_code/data/2025-10-15/scope-results-2025-10-15-0680.csv,1.6533800640000002e-06,3.2169912159999998e-06,0,0,0,0,HV 20
,BNL,"12, 16",Electrons 85V,1.0,0,,30,/Users/rkfuentes/Documents/md_anderson_analysis/yepes_code/data/2025-10-15/scope-results-2025-10-15-0681.csv,1.6662904533333333e-06,3.061196245333334e-06,0,0,0,0,HV 20
,BNL,"12, 16",Electrons 85V,1.0,0,,30,/Users/rkfuentes/Documents/md_anderson_analysis/yepes_code/data/2025-10-15/scope-results-2025-10-15-0682.csv,1.652611248e-06,3.1104135253333343e-06,0,0,0,0,HV 20
,BNL,"12, 16",Electrons 85V,1.0,0,,30,/Users/rkfuentes/Documents/md_anderson_analysis/yepes_code/data/2025-10-15/scope-results-2025-10-15-0683.csv,1.6412981973333333e-06,3.112290901333332e-06,0,0,0,0,HV 20
,BNL,"12, 16",Electrons 85V,1.0,0,,30,/Users/rkfuentes/Documents/md_anderson_analysis/yepes_code/data/2025-10-15/scope-results-2025-10-15-0684.csv,1.6492112213333333e-06,3.082412682666667e-06,0,0,0,0,HV 20
,BNL,"12, 16",Electrons 85V,1.0,0,,30,/Users/rkfuentes/Documents/md_anderson_analysis/yepes_code/data/2025-10-15/scope-results-2025-10-15-0685.csv,1.6498302879999998e-06,3.0841209599999996e-06,0,0,0,0,HV 20
,BNL,"12, 16",Electrons 85V,1.0,0,,20,/Users/rkfuentes/Documents/md_anderson_analysis/yepes_code/data/2025-10-15/scope-results-2025-10-15-0740.csv,1.1322015039999997e-06,3.0376627200000013e-06,0,0,0,0,HV 7
,BNL,"12, 16",Electrons 85V,1.0,0,,20,/Users/rkfuentes/Documents/md_anderson_analysis/yepes_code/data/2025-10-15/scope-results-2025-10-15-0741.csv,1.226469589333333e-06,3.0804861013333344e-06,0,0,0,0,HV 7
,BNL,"12, 16",Electrons 85V,1.0,0,,20,/Users/rkfuentes/Documents/md_anderson_analysis/yepes_code/data/2025-10-15/scope-results-2025-10-15-0742.csv,1.2913785600000002e-06,5.3799296e-07,0,0,0,0,HV 7
,BNL,"12, 16",Electrons 85V,1.0,0,,20,/Users/rkfuentes/Documents/md_anderson_analysis/yepes_code/data/2025-10-15/scope-results-2025-10-15-0743.csv,1.1729266079999998e-06,5.32109893333334e-07,0,0,0,0,HV 7
,BNL,"12, 16",Electrons 85V,1.0,0,,20,/Users/rkfuentes/Documents/md_anderson_analysis/yepes_code/data/2025-10-15/scope-results-2025-10-15-0744.csv,1.3177182773333333e-06,5.497374559999998e-07,0,0,0,0,HV 7
,BNL,"12, 16",Electrons 85V,1.0,0,,20,/Users/rkfuentes/Documents/md_anderson_analysis/yepes_code/data/2025-10-15/scope-results-2025-10-15-0745.csv,1.2966857066666664e-06,5.602342933333339e-07,0,0,0,0,HV 7
,BNL,"12, 16",Electrons 85V,1.0,0,,20,/Users/rkfuentes/Documents/md_anderson_analysis/yepes_code/data/2025-10-15/scope-results-2025-10-15-0746.csv,1.2713388799999998e-06,5.363573013333334e-07,0,0,0,0,HV 7
,BNL,"12, 16",Electrons 85V,1.0,0,,20,/Users/rkfuentes/Documents/md_anderson_analysis/yepes_code/data/2025-10-15/scope-results-2025-10-15-0747.csv,1.2227668373333331e-06,5.873943466666669e-07,0,0,0,0,HV 7
,BNL,"12, 16",Electrons 85V,1.0,0,,20,/Users/rkfuentes/Documents/md_anderson_analysis/yepes_code/data/2025-10-15/scope-results-2025-10-15-0748.csv,5.121366186666666e-07,5.387642240000002e-07,0,0,0,0,HV 7
,BNL,"12, 16",Electrons 85V,1.0,0,,20,/Users/rkfuentes/Documents/md_anderson_analysis/yepes_code/data/2025-10-15/scope-results-2025-10-15-0749.csv,5.268225440000001e-07,5.512424746666675e-07,0,0,0,0,HV 7
,BNL,"12, 16",Electrons 85V,1.0,0,,20,/Users/rkfuentes/Documents/md_anderson_analysis/yepes_code/data/2025-10-15/scope-results-2025-10-15-0750.csv,5.063983199999999e-07,3.0351900000000003e-06,0,0,0,0,HV 7
,BNL,"12, 16",Electrons 85V,1.0,0,,20,/Users/rkfuentes/Documents/md_anderson_analysis/yepes_code/data/2025-10-15/scope-results-2025-10-15-0751.csv,5.072613386666666e-07,6.392563840000002e-07,0,0,0,0,HV 7
,BNL,"12, 16",Electrons 85V,1.0,0,,20,/Users/rkfuentes/Documents/md_anderson_analysis/yepes_code/data/2025-10-15/scope-results-2025-10-15-0752.csv,1.2738915466666666e-06,5.750314933333331e-07,0,0,0,0,HV 7
,BNL,"12, 16",Electrons 85V,1.0,0,,20,/Users/rkfuentes/Documents/md_anderson_analysis/yepes_code/data/2025-10-15/scope-results-2025-10-15-0753.csv,1.3722505466666667e-06,5.961063200000001e-07,0,0,0,0,HV 7
,BNL,"12, 16",Electrons 85V,1.0,0,,20,/Users/rkfuentes/Documents/md_anderson_analysis/yepes_code/data/2025-10-15/scope-results-2025-10-15-0754.csv,1.383798466666667e-06,5.814366266666665e-07,0,0,0,0,HV 7
,BNL,"12, 16",Electrons 85V,1.0,0,,20,/Users/rkfuentes/Documents/md_anderson_analysis/yepes_code/data/2025-10-15/scope-results-2025-10-15-0755.csv,1.2468353333333331e-06,5.282052e-07,0,0,0,0,HV 7
,BNL,"12, 16",Electrons 85V,1.0,0,,20,/Users/rkfuentes/Documents/md_anderson_analysis/yepes_code/data/2025-10-15/scope-results-2025-10-15-0756.csv,1.2098584666666665e-06,2.9949266666666656e-06,0,0,0,0,HV 7
,BNL,"12, 16",Electrons 85V,1.0,0,,20,/Users/rkfuentes/Documents/md_anderson_analysis/yepes_code/data/2025-10-15/scope-results-2025-10-15-0757.csv,1.214845866666667e-06,2.984082506666666e-06,0,0,0,0,HV 7
,BNL,"12, 16",Electrons 85V,1.0,0,,20,/Users/rkfuentes/Documents/md_anderson_analysis/yepes_code/data/2025-10-15/scope-results-2025-10-15-0812.csv,2.2121492800000004e-06,9.921076799999997e-07,0,0,0,0,HV 20
,BNL,"12, 16",Electrons 85V,1.0,0,,20,/Users/rkfuentes/Documents/md_anderson_analysis/yepes_code/data/2025-10-15/scope-results-2025-10-15-0813.csv,2.0772173333333336e-06,1.0337679999999997e-06,0,0,0,0,HV 20
,BNL,"12, 16",Electrons 85V,1.0,0,,20,/Users/rkfuentes/Documents/md_anderson_analysis/yepes_code/data/2025-10-15/scope-results-2025-10-15-0814.csv,2.0451454133333333e-06,1.019507186666667e-06,0,0,0,0,HV 20
,BNL,"12, 16",Electrons 85V,1.0,0,,20,/Users/rkfuentes/Documents/md_anderson_analysis/yepes_code/data/2025-10-15/scope-results-2025-10-15-0815.csv,2.0351313333333336e-06,1.0065881333333332e-06,0,0,0,0,HV 20
,BNL,"12, 16",Electrons 85V,1.0,0,,20,/Users/rkfuentes/Documents/md_anderson_analysis/yepes_code/data/2025-10-15/scope-results-2025-10-15-0816.csv,2.2216533333333336e-06,9.988629599999998e-07,0,0,0,0,HV 20
,BNL,"12, 16",Electrons 85V,1.0,0,,20,/Users/rkfuentes/Documents/md_anderson_analysis/yepes_code/data/2025-10-15/scope-results-2025-10-15-0817.csv,2.2060701333333336e-06,1.0108204399999997e-06,0,0,0,0,HV 20
,BNL,"12, 16",Electrons 85V,1.0,0,,20,/Users/rkfuentes/Documents/md_anderson_analysis/yepes_code/data/2025-10-15/scope-results-2025-10-15-0818.csv,2.0302936266666664e-06,1.0802162133333336e-06,0,0,0,0,HV 20
,BNL,"12, 16",Electrons 85V,1.0,0,,20,/Users/rkfuentes/Documents/md_anderson_analysis/yepes_code/data/2025-10-15/scope-results-2025-10-15-0819.csv,2.2498873066666663e-06,1.03382824e-06,0,0,0,0,HV 20
,BNL,"12, 16",Electrons 85V,1.0,0,,20,/Users/rkfuentes/Documents/md_anderson_analysis/yepes_code/data/2025-10-15/scope-results-2025-10-15-0820.csv,2.0299978666666663e-06,1.1474402133333332e-06,0,0,0,0,HV 20
,BNL,"12, 16",Electrons 85V,1.0,0,,20,/Users/rkfuentes/Documents/md_anderson_analysis/yepes_code/data/2025-10-15/scope-results-2025-10-15-0821.csv,2.1789968266666665e-06,1.09812656e-06,0,0,0,0,HV 20
,BNL,"12, 16",Electrons 85V,1.0,0,,20,/Users/rkfuentes/Documents/md_anderson_analysis/yepes_code/data/2025-10-15/scope-results-2025-10-15-0822.csv,2.2152080533333336e-06,9.677843999999998e-07,0,0,0,0,HV 20
,BNL,"12, 16",Electrons 85V,1.0,0,,20,/Users/rkfuentes/Documents/md_anderson_analysis/yepes_code/data/2025-10-15/scope-results-2025-10-15-0823.csv,2.1287319733333336e-06,1.0662281600000001e-06,0,0,0,0,HV 20
,BNL,"12, 16",Electrons 85V,1.0,0,,20,/Users/rkfuentes/Documents/md_anderson_analysis/yepes_code/data/2025-10-15/scope-results-2025-10-15-0824.csv,2.0200397733333336e-06,1.0412149333333334e-06,0,0,0,0,HV 20
,BNL,"12, 16",Electrons 85V,1.0,0,,20,/Users/rkfuentes/Documents/md_anderson_analysis/yepes_code/data/2025-10-15/scope-results-2025-10-15-0825.csv,2.03199672e-06,1.0724896399999998e-06,0,0,0,0,HV 20
,BNL,"12, 16",Electrons 85V,1.0,0,,20,/Users/rkfuentes/Documents/md_anderson_analysis/yepes_code/data/2025-10-15/scope-results-2025-10-15-0826.csv,2.2242514133333336e-06,1.0229721866666663e-06,0,0,0,0,HV 20
,BNL,"12, 16",Electrons 85V,1.0,0,,20,/Users/rkfuentes/Documents/md_anderson_analysis/yepes_code/data/2025-10-15/scope-results-2025-10-15-0827.csv,2.1932417066666665e-06,1.1317113466666668e-06,0,0,0,0,HV 20
,BNL,"12, 16",Electrons 85V,1.0,0,,20,/Users/rkfuentes/Documents/md_anderson_analysis/yepes_code/data/2025-10-15/scope-results-2025-10-15-0828.csv,2.2230970666666667e-06,1.0697445333333335e-06,0,0,0,0,HV 20
,BNL,"12, 16",Electrons 85V,1.0,0,,20,/Users/rkfuentes/Documents/md_anderson_analysis/yepes_code/data/2025-10-15/scope-results-2025-10-15-0829.csv,2.1775610666666667e-06,1.0918594133333334e-06,0,0,0,0,HV 20
,BNL,"12, 16",Electrons 85V,1.0,0,,20,/Users/rkfuentes/Documents/md_anderson_analysis/yepes_code/data/2025-10-15/scope-results-2025-10-15-0883.csv,9.872921599999998e-07,2.8941768266666668e-06,0,0,0,0,HV 0
,BNL,"12, 16",Electrons 85V,1.0,0,,20,/Users/rkfuentes/Documents/md_anderson_analysis/yepes_code/data/2025-10-15/scope-results-2025-10-15-0884.csv,2.023676080000002e-06,2.8693099466666663e-06,0,0,0,0,HV 0
,BNL,"12, 16",Electrons 85V,1.0,0,,20,/Users/rkfuentes/Documents/md_anderson_analysis/yepes_code/data/2025-10-15/scope-results-2025-10-15-0885.csv,9.904329733333332e-07,2.8897707066666675e-06,0,0,0,0,HV 0
,BNL,"12, 16",Electrons 85V,1.0,0,,20,/Users/rkfuentes/Documents/md_anderson_analysis/yepes_code/data/2025-10-15/scope-results-2025-10-15-0886.csv,2.1704234933333354e-06,2.8760401066666667e-06,0,0,0,0,HV 0
,BNL,"12, 16",Electrons 85V,1.0,0,,20,/Users/rkfuentes/Documents/md_anderson_analysis/yepes_code/data/2025-10-15/scope-results-2025-10-15-0887.csv,1.05081744e-06,2.8783004533333328e-06,0,0,0,0,HV 0
,BNL,"12, 16",Electrons 85V,1.0,0,,20,/Users/rkfuentes/Documents/md_anderson_analysis/yepes_code/data/2025-10-15/scope-results-2025-10-15-0888.csv,9.4975096e-07,2.869958133333333e-06,0,0,0,0,HV 0
,BNL,"12, 16",Electrons 85V,1.0,0,,20,/Users/rkfuentes/Documents/md_anderson_analysis/yepes_code/data/2025-10-15/scope-results-2025-10-15-0889.csv,1.0628629866666664e-06,2.8283151999999998e-06,0,0,0,0,HV 0
,BNL,"12, 16",Electrons 85V,1.0,0,,20,/Users/rkfuentes/Documents/md_anderson_analysis/yepes_code/data/2025-10-15/scope-results-2025-10-15-0890.csv,1.0047564666666663e-06,2.9559612e-06,0,0,0,0,HV 0
,BNL,"12, 16",Electrons 85V,1.0,0,,20,/Users/rkfuentes/Documents/md_anderson_analysis/yepes_code/data/2025-10-15/scope-results-2025-10-15-0891.csv,1.0145013866666665e-06,2.9704371200000004e-06,0,0,0,0,HV 0
,BNL,"12, 16",Electrons 85V,1.0,0,,20,/Users/rkfuentes/Documents/md_anderson_analysis/yepes_code/data/2025-10-15/scope-results-2025-10-15-0892.csv,1.0359852533333334e-06,2.9076836533333337e-06,0,0,0,0,HV 0
,BNL,"12, 16",Electrons 85V,1.0,0,,20,/Users/rkfuentes/Documents/md_anderson_analysis/yepes_code/data/2025-10-15/scope-results-2025-10-15-0893.csv,1.1013485333333332e-06,2.9278355333333343e-06,0,0,0,0,HV 0
,BNL,"12, 16",Electrons 85V,1.0,0,,20,/Users/rkfuentes/Documents/md_anderson_analysis/yepes_code/data/2025-10-15/scope-results-2025-10-15-0894.csv,1.1135143333333337e-06,2.8881567999999997e-06,0,0,0,0,HV 0
,BNL,"12, 16",Electrons 85V,1.0,0,,20,/Users/rkfuentes/Documents/md_anderson_analysis/yepes_code/data/2025-10-15/scope-results-2025-10-15-0895.csv,1.1737866666666668e-06,2.9054465333333336e-06,0,0,0,0,HV 0
,BNL,"12, 16",Electrons 85V,1.0,0,,20,/Users/rkfuentes/Documents/md_anderson_analysis/yepes_code/data/2025-10-15/scope-results-2025-10-15-0896.csv,2.2558229866666677e-06,2.896774266666667e-06,0,0,0,0,HV 0
,BNL,"12, 16",Electrons 85V,1.0,0,,20,/Users/rkfuentes/Documents/md_anderson_analysis/yepes_code/data/2025-10-15/scope-results-2025-10-15-0897.csv,1.1678829333333334e-06,2.9378887199999996e-06,0,0,0,0,HV 0
,BNL,"12, 16",Electrons 85V,1.0,0,,20,/Users/rkfuentes/Documents/md_anderson_analysis/yepes_code/data/2025-10-15/scope-results-2025-10-15-0898.csv,1.1792493733333332e-06,2.9801481333333334e-06,0,0,0,0,HV 0
,BNL,"12, 16",Electrons 85V,1.0,0,,20,/Users/rkfuentes/Documents/md_anderson_analysis/yepes_code/data/2025-10-15/scope-results-2025-10-15-0899.csv,1.1410989333333329e-06,2.928016693333334e-06,0,0,0,0,HV 0
,BNL,"12, 16",Electrons 85V,1.0,0,,20,/Users/rkfuentes/Documents/md_anderson_analysis/yepes_code/data/2025-10-15/scope-results-2025-10-15-0900.csv,2.1379863200000013e-06,2.9897211733333333e-06,0,0,0,0,HV 0
,BNL,"12, 16",Electrons 110V,1.0,0,,20,/Users/rkfuentes/Documents/md_anderson_analysis/yepes_code/data/2025-10-15/scope-results-2025-10-15-0939.csv,5.998103733333334e-06,3.809107093333333e-06,0,0,0,0,HV 0
,BNL,"12, 16",Electrons 85V,1.0,0,,10,/Users/rkfuentes/Documents/md_anderson_analysis/yepes_code/data/2025-10-15/scope-results-2025-10-15-0957.csv,1.4690850666666673e-06,3.264782306666665e-06,0,0,0,0,HV 0
,BNL,"12, 16",Electrons 85V,1.0,0,,10,/Users/rkfuentes/Documents/md_anderson_analysis/yepes_code/data/2025-10-15/scope-results-2025-10-15-0958.csv,1.6197515199999998e-06,3.1066392000000025e-06,0,0,0,0,HV 0
,BNL,"12, 16",Electrons 85V,1.0,0,,10,/Users/rkfuentes/Documents/md_anderson_analysis/yepes_code/data/2025-10-15/scope-results-2025-10-15-0959.csv,1.5032678666666666e-06,3.1488954666666665e-06,0,0,0,0,HV 0
,BNL,"12, 16",Electrons 85V,1.0,0,,10,/Users/rkfuentes/Documents/md_anderson_analysis/yepes_code/data/2025-10-15/scope-results-2025-10-15-0960.csv,3.053443840000001e-06,3.115053706666667e-06,0,0,0,0,HV 0
,BNL,"12, 16",Electrons 85V,1.0,0,,10,/Users/rkfuentes/Documents/md_anderson_analysis/yepes_code/data/2025-10-15/scope-results-2025-10-15-0961.csv,1.805847613333333e-06,3.1916289866666666e-06,0,0,0,0,HV 0
,BNL,"12, 16",Electrons 85V,1.0,0,,10,/Users/rkfuentes/Documents/md_anderson_analysis/yepes_code/data/2025-10-15/scope-results-2025-10-15-0962.csv,1.4734877200000005e-06,3.184655200000003e-06,0,0,0,0,HV 0
,BNL,"12, 16",Electrons 85V,1.0,0,,10,/Users/rkfuentes/Documents/md_anderson_analysis/yepes_code/data/2025-10-15/scope-results-2025-10-15-0963.csv,1.6645546133333334e-06,3.163659413333333e-06,0,0,0,0,HV 0
,BNL,"12, 16",Electrons 85V,1.0,0,,10,/Users/rkfuentes/Documents/md_anderson_analysis/yepes_code/data/2025-10-15/scope-results-2025-10-15-0964.csv,1.6313394133333332e-06,2.801008826666667e-06,0,0,0,0,HV 0
,BNL,"12, 16",Electrons 85V,1.0,0,,10,/Users/rkfuentes/Documents/md_anderson_analysis/yepes_code/data/2025-10-15/scope-results-2025-10-15-0965.csv,3.078324133333335e-06,3.1407732000000003e-06,0,0,0,0,HV 0
,BNL,"12, 16",Electrons 85V,1.0,0,,10,/Users/rkfuentes/Documents/md_anderson_analysis/yepes_code/data/2025-10-15/scope-results-2025-10-15-0966.csv,1.5970543733333336e-06,3.1150925333333316e-06,0,0,0,0,HV 0
,BNL,"12, 16",Electrons 85V,1.0,0,,10,/Users/rkfuentes/Documents/md_anderson_analysis/yepes_code/data/2025-10-15/scope-results-2025-10-15-0967.csv,3.148319400000003e-06,3.166450333333333e-06,0,0,0,0,HV 0
,BNL,"12, 16",Electrons 85V,1.0,0,,10,/Users/rkfuentes/Documents/md_anderson_analysis/yepes_code/data/2025-10-15/scope-results-2025-10-15-0968.csv,1.3450229333333328e-06,3.118848146666667e-06,0,0,0,0,HV 0
,BNL,"12, 16",Electrons 85V,1.0,0,,10,/Users/rkfuentes/Documents/md_anderson_analysis/yepes_code/data/2025-10-15/scope-results-2025-10-15-0969.csv,1.6122695333333336e-06,3.1380247999999996e-06,0,0,0,0,HV 0
,BNL,"12, 16",Electrons 85V,1.0,0,,10,/Users/rkfuentes/Documents/md_anderson_analysis/yepes_code/data/2025-10-15/scope-results-2025-10-15-0970.csv,1.4539336533333337e-06,3.021307266666667e-06,0,0,0,0,HV 0
,BNL,"12, 16",Electrons 85V,1.0,0,,10,/Users/rkfuentes/Documents/md_anderson_analysis/yepes_code/data/2025-10-15/scope-results-2025-10-15-0971.csv,1.642016853333333e-06,3.1045178666666665e-06,0,0,0,0,HV 0
,BNL,"12, 16",Electrons 85V,1.0,0,,10,/Users/rkfuentes/Documents/md_anderson_analysis/yepes_code/data/2025-10-15/scope-results-2025-10-15-0972.csv,1.6681838399999994e-06,3.29044768e-06,0,0,0,0,HV 0
,BNL,"12, 16",Electrons 85V,1.0,0,,10,/Users/rkfuentes/Documents/md_anderson_analysis/yepes_code/data/2025-10-15/scope-results-2025-10-15-0973.csv,1.7063222000000001e-06,3.2635309333333333e-06,0,0,0,0,HV 0
,BNL,"12, 16",Electrons 85V,1.0,0,,10,/Users/rkfuentes/Documents/md_anderson_analysis/yepes_code/data/2025-10-15/scope-results-2025-10-15-1025.csv,1.7034376533333337e-06,3.3159096933333335e-06,0,0,0,0,HV 7
,BNL,"12, 16",Electrons 85V,1.0,0,,10,/Users/rkfuentes/Documents/md_anderson_analysis/yepes_code/data/2025-10-15/scope-results-2025-10-15-1026.csv,1.7511452000000001e-06,3.020923879999999e-06,0,0,0,0,HV 7
,BNL,"12, 16",Electrons 85V,1.0,0,,10,/Users/rkfuentes/Documents/md_anderson_analysis/yepes_code/data/2025-10-15/scope-results-2025-10-15-1027.csv,1.6963404000000002e-06,3.2992933066666666e-06,0,0,0,0,HV 7
,BNL,"12, 16",Electrons 85V,1.0,0,,10,/Users/rkfuentes/Documents/md_anderson_analysis/yepes_code/data/2025-10-15/scope-results-2025-10-15-1028.csv,1.7250816000000004e-06,3.3265867466666662e-06,0,0,0,0,HV 7
,BNL,"12, 16",Electrons 85V,1.0,0,,10,/Users/rkfuentes/Documents/md_anderson_analysis/yepes_code/data/2025-10-15/scope-results-2025-10-15-1029.csv,1.7067501866666669e-06,3.3590671466666655e-06,0,0,0,0,HV 7
,BNL,"12, 16",Electrons 85V,1.0,0,,10,/Users/rkfuentes/Documents/md_anderson_analysis/yepes_code/data/2025-10-15/scope-results-2025-10-15-1030.csv,1.70208736e-06,3.2645733466666667e-06,0,0,0,0,HV 7
,BNL,"12, 16",Electrons 85V,1.0,0,,10,/Users/rkfuentes/Documents/md_anderson_analysis/yepes_code/data/2025-10-15/scope-results-2025-10-15-1031.csv,1.71036432e-06,3.275800613333333e-06,0,0,0,0,HV 7
,BNL,"12, 16",Electrons 85V,1.0,0,,10,/Users/rkfuentes/Documents/md_anderson_analysis/yepes_code/data/2025-10-15/scope-results-2025-10-15-1032.csv,1.7237245599999998e-06,3.2418883333333335e-06,0,0,0,0,HV 7
,BNL,"12, 16",Electrons 85V,1.0,0,,10,/Users/rkfuentes/Documents/md_anderson_analysis/yepes_code/data/2025-10-15/scope-results-2025-10-15-1033.csv,1.7135686666666666e-06,3.3428659999999993e-06,0,0,0,0,HV 7
,BNL,"12, 16",Electrons 85V,1.0,0,,10,/Users/rkfuentes/Documents/md_anderson_analysis/yepes_code/data/2025-10-15/scope-results-2025-10-15-1034.csv,1.7629446399999998e-06,3.0945384666666663e-06,0,0,0,0,HV 7
,BNL,"12, 16",Electrons 85V,1.0,0,,10,/Users/rkfuentes/Documents/md_anderson_analysis/yepes_code/data/2025-10-15/scope-results-2025-10-15-1035.csv,1.7109640800000004e-06,3.3704611333333326e-06,0,0,0,0,HV 7
,BNL,"12, 16",Electrons 85V,1.0,0,,10,/Users/rkfuentes/Documents/md_anderson_analysis/yepes_code/data/2025-10-15/scope-results-2025-10-15-1036.csv,1.7233526133333331e-06,3.299888533333333e-06,0,0,0,0,HV 7
,BNL,"12, 16",Electrons 85V,1.0,0,,10,/Users/rkfuentes/Documents/md_anderson_analysis/yepes_code/data/2025-10-15/scope-results-2025-10-15-1037.csv,1.7136195733333335e-06,3.3401929999999994e-06,0,0,0,0,HV 7
,BNL,"12, 16",Electrons 85V,1.0,0,,10,/Users/rkfuentes/Documents/md_anderson_analysis/yepes_code/data/2025-10-15/scope-results-2025-10-15-1038.csv,1.7453886266666675e-06,3.337363946666667e-06,0,0,0,0,HV 7
,BNL,"12, 16",Electrons 85V,1.0,0,,10,/Users/rkfuentes/Documents/md_anderson_analysis/yepes_code/data/2025-10-15/scope-results-2025-10-15-1039.csv,1.7580868400000005e-06,3.2516018933333345e-06,0,0,0,0,HV 7
,BNL,"12, 16",Electrons 85V,1.0,0,,10,/Users/rkfuentes/Documents/md_anderson_analysis/yepes_code/data/2025-10-15/scope-results-2025-10-15-1040.csv,1.719132266666667e-06,3.2134448000000007e-06,0,0,0,0,HV 7
,BNL,"12, 16",Electrons 85V,1.0,0,,10,/Users/rkfuentes/Documents/md_anderson_analysis/yepes_code/data/2025-10-15/scope-results-2025-10-15-1041.csv,1.7374533333333332e-06,3.4042355333333337e-06,0,0,0,0,HV 7
,BNL,"12, 16",Electrons 85V,1.0,0,,10,/Users/rkfuentes/Documents/md_anderson_analysis/yepes_code/data/2025-10-15/scope-results-2025-10-15-1042.csv,1.7211899733333336e-06,1.2694933333333328e-09,0,0,0,0,HV 7
,BNL,"12, 16",Electrons 85V,1.0,0,,10,/Users/rkfuentes/Documents/md_anderson_analysis/yepes_code/data/2025-10-15/scope-results-2025-10-15-1097.csv,2.4469147466666668e-06,3.4922901333333347e-06,0,0,0,0,HV 20
,BNL,"12, 16",Electrons 85V,1.0,0,,10,/Users/rkfuentes/Documents/md_anderson_analysis/yepes_code/data/2025-10-15/scope-results-2025-10-15-1098.csv,2.4454260666666673e-06,3.581480906666665e-06,0,0,0,0,HV 20
,BNL,"12, 16",Electrons 85V,1.0,0,,10,/Users/rkfuentes/Documents/md_anderson_analysis/yepes_code/data/2025-10-15/scope-results-2025-10-15-1099.csv,2.408816306666667e-06,3.5226901333333323e-06,0,0,0,0,HV 20
,BNL,"12, 16",Electrons 85V,1.0,0,,10,/Users/rkfuentes/Documents/md_anderson_analysis/yepes_code/data/2025-10-15/scope-results-2025-10-15-1100.csv,2.4316231466666666e-06,3.533990986666666e-06,0,0,0,0,HV 20
,BNL,"12, 16",Electrons 85V,1.0,0,,10,/Users/rkfuentes/Documents/md_anderson_analysis/yepes_code/data/2025-10-15/scope-results-2025-10-15-1101.csv,2.434655573333333e-06,3.5490418e-06,0,0,0,0,HV 20
,BNL,"12, 16",Electrons 85V,1.0,0,,10,/Users/rkfuentes/Documents/md_anderson_analysis/yepes_code/data/2025-10-15/scope-results-2025-10-15-1102.csv,2.38857952e-06,3.453645600000001e-06,0,0,0,0,HV 20
,BNL,"12, 16",Electrons 85V,1.0,0,,10,/Users/rkfuentes/Documents/md_anderson_analysis/yepes_code/data/2025-10-15/scope-results-2025-10-15-1103.csv,2.4189642e-06,3.5414989199999985e-06,0,0,0,0,HV 20
,BNL,"12, 16",Electrons 85V,1.0,0,,10,/Users/rkfuentes/Documents/md_anderson_analysis/yepes_code/data/2025-10-15/scope-results-2025-10-15-1104.csv,2.3744887466666665e-06,3.45331336e-06,0,0,0,0,HV 20
,BNL,"12, 16",Electrons 85V,1.0,0,,10,/Users/rkfuentes/Documents/md_anderson_analysis/yepes_code/data/2025-10-15/scope-results-2025-10-15-1105.csv,2.3589147199999996e-06,3.4495509999999997e-06,0,0,0,0,HV 20
,BNL,"12, 16",Electrons 85V,1.0,0,,10,/Users/rkfuentes/Documents/md_anderson_analysis/yepes_code/data/2025-10-15/scope-results-2025-10-15-1106.csv,2.4060098666666665e-06,3.5362926799999984e-06,0,0,0,0,HV 20
,BNL,"12, 16",Electrons 85V,1.0,0,,10,/Users/rkfuentes/Documents/md_anderson_analysis/yepes_code/data/2025-10-15/scope-results-2025-10-15-1107.csv,2.3556893333333336e-06,3.5046900133333347e-06,0,0,0,0,HV 20
,BNL,"12, 16",Electrons 85V,1.0,0,,10,/Users/rkfuentes/Documents/md_anderson_analysis/yepes_code/data/2025-10-15/scope-results-2025-10-15-1108.csv,2.3751697066666668e-06,3.502208519999999e-06,0,0,0,0,HV 20
,BNL,"12, 16",Electrons 85V,1.0,0,,10,/Users/rkfuentes/Documents/md_anderson_analysis/yepes_code/data/2025-10-15/scope-results-2025-10-15-1109.csv,2.3686284933333337e-06,3.5018098133333337e-06,0,0,0,0,HV 20
,BNL,"12, 16",Electrons 85V,1.0,0,,10,/Users/rkfuentes/Documents/md_anderson_analysis/yepes_code/data/2025-10-15/scope-results-2025-10-15-1110.csv,2.4018293333333333e-06,3.572355786666668e-06,0,0,0,0,HV 20
,BNL,"12, 16",Electrons 85V,1.0,0,,10,/Users/rkfuentes/Documents/md_anderson_analysis/yepes_code/data/2025-10-15/scope-results-2025-10-15-1111.csv,2.3765103333333334e-06,3.4685674666666667e-06,0,0,0,0,HV 20
,BNL,"12, 16",Electrons 85V,1.0,0,,10,/Users/rkfuentes/Documents/md_anderson_analysis/yepes_code/data/2025-10-15/scope-results-2025-10-15-1112.csv,2.352328733333333e-06,3.4237407466666663e-06,0,0,0,0,HV 20
,BNL,"12, 16",Electrons 85V,1.0,0,,10,/Users/rkfuentes/Documents/md_anderson_analysis/yepes_code/data/2025-10-15/scope-results-2025-10-15-1113.csv,2.384234786666666e-06,3.5587968133333336e-06,0,0,0,0,HV 20
,BNL,"12, 16",Electrons 110V,1.0,0,,100,/Users/rkfuentes/Documents/md_anderson_analysis/yepes_code/data/2025-10-15/scope-results-2025-10-15-1151.csv,1.7589405333333326e-06,1.1091827200000001e-06,0,0,0,0,HV 20
,BNL,"12, 16",Electrons 110V,1.0,0,,100,/Users/rkfuentes/Documents/md_anderson_analysis/yepes_code/data/2025-10-15/scope-results-2025-10-15-1152.csv,8.437022799999996e-07,4.781667199999999e-07,0,0,0,0,HV 7
,BNL,"12, 16",Electrons 110V,1.0,0,,100,/Users/rkfuentes/Documents/md_anderson_analysis/yepes_code/data/2025-10-15/scope-results-2025-10-15-1153.csv,6.863604000000001e-07,6.685801333333332e-08,0,0,0,0,HV 0
,BNL,"12, 16",Electrons 110V,1.0,0,,100,/Users/rkfuentes/Documents/md_anderson_analysis/yepes_code/data/2025-10-15/scope-results-2025-10-15-1155.csv,1.4179361066666671e-06,1.1012904533333332e-06,0,0,0,0,HV 0
,BNL,"12, 16",Electrons 110V,1.0,0,,100,/Users/rkfuentes/Documents/md_anderson_analysis/yepes_code/data/2025-10-15/scope-results-2025-10-15-1159.csv,6.872476666666668e-07,6.396255999999989e-08,0,0,0,0,HV 0
,BNL,"12, 16",Electrons 110V,1.0,0,,100,/Users/rkfuentes/Documents/md_anderson_analysis/yepes_code/data/2025-10-15/scope-results-2025-10-15-1163.csv,8.164292399999998e-07,4.6457630666666675e-07,0,0,0,0,HV 7
,BNL,"12, 16",Electrons 110V,1.0,0,,100,/Users/rkfuentes/Documents/md_anderson_analysis/yepes_code/data/2025-10-15/scope-results-2025-10-15-1166.csv,1.7542352266666666e-06,1.1439040666666665e-06,0,0,0,0,HV 20
,BNL,"12, 16",Electrons 110V,1.0,0,,75,/Users/rkfuentes/Documents/md_anderson_analysis/yepes_code/data/2025-10-15/scope-results-2025-10-15-1168.csv,1.1688253333333338e-06,7.419918666666677e-07,0,0,0,0,HV 7
,BNL,"12, 16",Electrons 110V,1.0,0,,75,/Users/rkfuentes/Documents/md_anderson_analysis/yepes_code/data/2025-10-15/scope-results-2025-10-15-1172.csv,2.5271627066666676e-06,2.1569356800000003e-06,0,0,0,0,HV 0
,BNL,"12, 16",Electrons 110V,1.0,0,,50,/Users/rkfuentes/Documents/md_anderson_analysis/yepes_code/data/2025-10-15/scope-results-2025-10-15-1176.csv,2.1024966400000003e-06,1.2942586666666664e-06,0,0,0,0,HV 0
,BNL,"12, 16",Electrons 110V,1.0,0,,50,/Users/rkfuentes/Documents/md_anderson_analysis/yepes_code/data/2025-10-15/scope-results-2025-10-15-1180.csv,2.242189893333333e-06,1.6321465066666661e-06,0,0,0,0,HV 7
,BNL,"12, 16",Electrons 110V,1.0,0,,40,/Users/rkfuentes/Documents/md_anderson_analysis/yepes_code/data/2025-10-15/scope-results-2025-10-15-1184.csv,2.3637793333333337e-06,1.4278562666666643e-07,0,0,0,0,HV 0
,BNL,"12, 16",Electrons 110V,1.0,0,,30,/Users/rkfuentes/Documents/md_anderson_analysis/yepes_code/data/2025-10-15/scope-results-2025-10-15-1188.csv,2.6588561466666666e-06,3.4741015999999994e-06,0,0,0,0,HV 0
,BNL,"12, 16",Electrons 110V,1.0,0,,20,/Users/rkfuentes/Documents/md_anderson_analysis/yepes_code/data/2025-10-15/scope-results-2025-10-15-1192.csv,4.890009186666666e-06,3.951581666666666e-06,0,0,0,0,HV 0
,BNL,"12, 16",Electrons 191V,1.0,0,,100,/Users/rkfuentes/Documents/md_anderson_analysis/yepes_code/data/2025-10-15/scope-results-2025-10-15-1194.csv,1.7868081066666674e-06,8.868916000000002e-07,0,0,0,0,HV 0
,BNL,"12, 16",Electrons 191V,1.0,0,,100,/Users/rkfuentes/Documents/md_anderson_analysis/yepes_code/data/2025-10-15/scope-results-2025-10-15-1198.csv,2.3346721600000005e-06,1.4118835866666665e-06,0,0,0,0,HV 7
,BNL,"12, 16",Electrons 191V,1.0,0,,75,/Users/rkfuentes/Documents/md_anderson_analysis/yepes_code/data/2025-10-15/scope-results-2025-10-15-1200.csv,3.5827594666666674e-06,4.092869359999999e-06,0,0,0,0,HV 0
,BNL,"12, 16",Electrons 191V,1.0,0,,50,/Users/rkfuentes/Documents/md_anderson_analysis/yepes_code/data/2025-10-15/scope-results-2025-10-15-1204.csv,5.912131933333333e-06,3.9424452266666675e-06,0,0,0,0,HV 0
,BNL,"12, 16",Electrons 110V,1.0,0,,125,/Users/rkfuentes/Documents/md_anderson_analysis/yepes_code/data/2025-10-15/scope-results-2025-10-15-1209.csv,3.458938133333327e-07,1.568358386666667e-06,0,0,0,0,HV 0
,BNL,"12, 16",Electrons 110V,1.0,0,,125,/Users/rkfuentes/Documents/md_anderson_analysis/yepes_code/data/2025-10-15/scope-results-2025-10-15-1213.csv,4.7300298666666776e-07,1.1248397999999998e-06,0,0,0,0,HV 7
,BNL,"12, 16",Electrons 110V,1.0,0,,125,/Users/rkfuentes/Documents/md_anderson_analysis/yepes_code/data/2025-10-15/scope-results-2025-10-15-1217.csv,8.778051599999998e-07,1.6676762933333329e-06,0,0,0,0,HV 20
,BNL,"12, 16",Electrons 191V,1.0,0,,125,/Users/rkfuentes/Documents/md_anderson_analysis/yepes_code/data/2025-10-15/scope-results-2025-10-15-1221.csv,2.3655516799999995e-06,1.2025706666666666e-06,0,0,0,0,HV 20
,BNL,"12, 16",Electrons 191V,1.0,0,,125,/Users/rkfuentes/Documents/md_anderson_analysis/yepes_code/data/2025-10-15/scope-results-2025-10-15-1225.csv,1.7673068666666665e-06,5.892198666666665e-07,0,0,0,0,HV 7
,BNL,"12, 16",Electrons 191V,1.0,0,,125,/Users/rkfuentes/Documents/md_anderson_analysis/yepes_code/data/2025-10-15/scope-results-2025-10-15-1229.csv,1.0703329066666667e-06,2.1690944e-06,0,0,0,0,HV 0
,BNL,"12, 16",Electrons 110V,1.0,0,,150,/Users/rkfuentes/Documents/md_anderson_analysis/yepes_code/data/2025-10-15/scope-results-2025-10-15-1250.csv,3.160234799999995e-07,1.808069e-06,0,0,0,0,HV 0
,BNL,"12, 16",Electrons 110V,1.0,0,,150,/Users/rkfuentes/Documents/md_anderson_analysis/yepes_code/data/2025-10-15/scope-results-2025-10-15-1254.csv,7.266810800000014e-07,1.7810827733333336e-06,0,0,0,0,HV 7
,BNL,"12, 16",Electrons 110V,1.0,0,,150,/Users/rkfuentes/Documents/md_anderson_analysis/yepes_code/data/2025-10-15/scope-results-2025-10-15-1258.csv,8.824916799999997e-07,2.0560449866666656e-06,0,0,0,0,HV 20
,BNL,"12, 16",Electrons 191V,1.0,0,,150,/Users/rkfuentes/Documents/md_anderson_analysis/yepes_code/data/2025-10-15/scope-results-2025-10-15-1262.csv,2.3350471999999998e-06,1.1201474266666663e-06,0,0,0,0,HV 20
,BNL,"12, 16",Electrons 191V,1.0,0,,150,/Users/rkfuentes/Documents/md_anderson_analysis/yepes_code/data/2025-10-15/scope-results-2025-10-15-1266.csv,1.7105970666666665e-06,6.67309866666667e-07,0,0,0,0,HV 7
,BNL,"12, 16",Electrons 191V,1.0,0,,150,/Users/rkfuentes/Documents/md_anderson_analysis/yepes_code/data/2025-10-15/scope-results-2025-10-15-1270.csv,1.1095444133333337e-06,2.6330428266666685e-06,0,0,0,0,HV 0
,BNL,"12, 16",Electrons 110V,1.0,0,,175,/Users/rkfuentes/Documents/md_anderson_analysis/yepes_code/data/2025-10-15/scope-results-2025-10-15-1274.csv,1.508762666666669e-07,7.517721333333336e-07,0,0,0,0,HV 0
,BNL,"12, 16",Electrons 110V,1.0,0,,175,/Users/rkfuentes/Documents/md_anderson_analysis/yepes_code/data/2025-10-15/scope-results-2025-10-15-1278.csv,3.271159466666676e-07,6.622659466666667e-07,0,0,0,0,HV 7
,BNL,"12, 16",Electrons 110V,1.0,0,,175,/Users/rkfuentes/Documents/md_anderson_analysis/yepes_code/data/2025-10-15/scope-results-2025-10-15-1282.csv,1.537729066666667e-07,8.524618933333339e-07,0,0,0,0,HV 20
,BNL,"12, 16",Electrons 191V,1.0,0,,175,/Users/rkfuentes/Documents/md_anderson_analysis/yepes_code/data/2025-10-15/scope-results-2025-10-15-1286.csv,1.6227894000000005e-06,7.020025333333334e-07,0,0,0,0,HV 20
,BNL,"12, 16",Electrons 191V,1.0,0,,175,/Users/rkfuentes/Documents/md_anderson_analysis/yepes_code/data/2025-10-15/scope-results-2025-10-15-1290.csv,7.396766666666669e-07,2.7453386666666703e-07,0,0,0,0,HV 7
,BNL,"12, 16",Electrons 191V,1.0,0,,175,/Users/rkfuentes/Documents/md_anderson_analysis/yepes_code/data/2025-10-15/scope-results-2025-10-15-1294.csv,2.229076000000002e-07,2.1604784000000016e-07,0,0,0,0,HV 0
,BNL,"12, 16",Electrons 110V,1.0,0,,200,/Users/rkfuentes/Documents/md_anderson_analysis/yepes_code/data/2025-10-15/scope-results-2025-10-15-1298.csv,3.9584076000000083e-07,1.0549947733333334e-06,0,0,0,0,HV 0
,BNL,"12, 16",Electrons 110V,1.0,0,,200,/Users/rkfuentes/Documents/md_anderson_analysis/yepes_code/data/2025-10-15/scope-results-2025-10-15-1302.csv,3.2954765333333546e-07,9.111924000000004e-07,0,0,0,0,HV 7
,BNL,"12, 16",Electrons 110V,1.0,0,,200,/Users/rkfuentes/Documents/md_anderson_analysis/yepes_code/data/2025-10-15/scope-results-2025-10-15-1306.csv,1.3124898666666672e-07,1.0320198e-06,0,0,0,0,HV 20
,BNL,"12, 16",Electrons 191V,1.0,0,,200,/Users/rkfuentes/Documents/md_anderson_analysis/yepes_code/data/2025-10-15/scope-results-2025-10-15-1310.csv,1.2303615466666661e-06,5.226576000000004e-07,0,0,0,0,HV 20
,BNL,"12, 16",Electrons 191V,1.0,0,,200,/Users/rkfuentes/Documents/md_anderson_analysis/yepes_code/data/2025-10-15/scope-results-2025-10-15-1314.csv,2.989162666666666e-07,1.3106092000000001e-06,0,0,0,0,HV 7
,BNL,"12, 16",Electrons 191V,1.0,0,,200,/Users/rkfuentes/Documents/md_anderson_analysis/yepes_code/data/2025-10-15/scope-results-2025-10-15-1317.csv,3.182481599999998e-07,1.2566030933333338e-06,0,0,0,0,HV 0
,BNL,"12, 16",Electrons 85V,2.0,0,,50,/Users/rkfuentes/Documents/md_anderson_analysis/yepes_code/data/2025-10-15/scope-results-2025-10-15-0035.csv,6.129976426666667e-07,2.1115210754820934e-06,0,0,0,0,HV 20
,BNL,"12, 16",Electrons 85V,2.0,0,,50,/Users/rkfuentes/Documents/md_anderson_analysis/yepes_code/data/2025-10-15/scope-results-2025-10-15-0036.csv,6.6640892e-07,2.204009182879378e-06,0,0,0,0,HV 20
,BNL,"12, 16",Electrons 85V,2.0,0,,50,/Users/rkfuentes/Documents/md_anderson_analysis/yepes_code/data/2025-10-15/scope-results-2025-10-15-0037.csv,6.673313066666668e-07,3.3234338666666724e-08,0,0,0,0,HV 20
,BNL,"12, 16",Electrons 85V,2.0,0,,50,/Users/rkfuentes/Documents/md_anderson_analysis/yepes_code/data/2025-10-15/scope-results-2025-10-15-0038.csv,5.981958826666667e-07,4.8804114666666686e-08,0,0,0,0,HV 20
,BNL,"12, 16",Electrons 85V,2.0,0,,50,/Users/rkfuentes/Documents/md_anderson_analysis/yepes_code/data/2025-10-15/scope-results-2025-10-15-0039.csv,6.210753600000001e-07,2.2468223034120734e-06,0,0,0,0,HV 20
,BNL,"12, 16",Electrons 85V,2.0,0,,50,/Users/rkfuentes/Documents/md_anderson_analysis/yepes_code/data/2025-10-15/scope-results-2025-10-15-0040.csv,6.031198133333336e-07,2.298999311827957e-06,0,0,0,0,HV 20
,BNL,"12, 16",Electrons 85V,2.0,0,,50,/Users/rkfuentes/Documents/md_anderson_analysis/yepes_code/data/2025-10-15/scope-results-2025-10-15-0041.csv,1.6082616130198916e-06,2.3144909878438897e-06,0,0,0,0,HV 20
,BNL,"12, 16",Electrons 85V,2.0,0,,50,/Users/rkfuentes/Documents/md_anderson_analysis/yepes_code/data/2025-10-15/scope-results-2025-10-15-0042.csv,5.748880000000002e-07,1.7593981333333325e-08,0,0,0,0,HV 20
,BNL,"12, 16",Electrons 85V,2.0,0,,50,/Users/rkfuentes/Documents/md_anderson_analysis/yepes_code/data/2025-10-15/scope-results-2025-10-15-0043.csv,1.5930323941068143e-06,2.2902270534007867e-06,0,0,0,0,HV 20
,BNL,"12, 16",Electrons 85V,2.0,0,,50,/Users/rkfuentes/Documents/md_anderson_analysis/yepes_code/data/2025-10-15/scope-results-2025-10-15-0044.csv,6.123491786666667e-07,1.558215733333334e-08,0,0,0,0,HV 20
,BNL,"12, 16",Electrons 85V,2.0,0,,50,/Users/rkfuentes/Documents/md_anderson_analysis/yepes_code/data/2025-10-15/scope-results-2025-10-15-0045.csv,1.6027397221159984e-06,2.0906170666666664e-06,0,0,0,0,HV 20
,BNL,"12, 16",Electrons 85V,2.0,0,,50,/Users/rkfuentes/Documents/md_anderson_analysis/yepes_code/data/2025-10-15/scope-results-2025-10-15-0046.csv,6.521801520000002e-07,2.2964917251908402e-06,0,0,0,0,HV 20
,BNL,"12, 16",Electrons 85V,2.0,0,,50,/Users/rkfuentes/Documents/md_anderson_analysis/yepes_code/data/2025-10-15/scope-results-2025-10-15-0047.csv,5.888520533333335e-07,2.1934324462151394e-06,0,0,0,0,HV 20
,BNL,"12, 16",Electrons 85V,2.0,0,,50,/Users/rkfuentes/Documents/md_anderson_analysis/yepes_code/data/2025-10-15/scope-results-2025-10-15-0048.csv,1.5706452614622058e-06,1.7799530666666668e-08,0,0,0,0,HV 20
,BNL,"12, 16",Electrons 85V,2.0,0,,50,/Users/rkfuentes/Documents/md_anderson_analysis/yepes_code/data/2025-10-15/scope-results-2025-10-15-0049.csv,5.335542933333334e-07,2.2699653333333293e-08,0,0,0,0,HV 20
,BNL,"12, 16",Electrons 85V,2.0,0,,50,/Users/rkfuentes/Documents/md_anderson_analysis/yepes_code/data/2025-10-15/scope-results-2025-10-15-0050.csv,5.822230666666667e-07,2.1901332705882358e-06,0,0,0,0,HV 20
,BNL,"12, 16",Electrons 85V,2.0,0,,50,/Users/rkfuentes/Documents/md_anderson_analysis/yepes_code/data/2025-10-15/scope-results-2025-10-15-0051.csv,6.331937706666666e-07,2.1483303408360137e-06,0,0,0,0,HV 20
,BNL,"12, 16",Electrons 85V,2.0,0,,50,/Users/rkfuentes/Documents/md_anderson_analysis/yepes_code/data/2025-10-15/scope-results-2025-10-15-0111.csv,3.016487706666666e-06,1.457995066666667e-06,0,0,0,0,HV 50
,BNL,"12, 16",Electrons 85V,2.0,0,,50,/Users/rkfuentes/Documents/md_anderson_analysis/yepes_code/data/2025-10-15/scope-results-2025-10-15-0112.csv,3.0118177333333333e-06,1.5136045333333333e-06,0,0,0,0,HV 50
,BNL,"12, 16",Electrons 85V,2.0,0,,50,/Users/rkfuentes/Documents/md_anderson_analysis/yepes_code/data/2025-10-15/scope-results-2025-10-15-0113.csv,3.0312617066666665e-06,1.3969762733333328e-06,0,0,0,0,HV 50
,BNL,"12, 16",Electrons 85V,2.0,0,,50,/Users/rkfuentes/Documents/md_anderson_analysis/yepes_code/data/2025-10-15/scope-results-2025-10-15-0114.csv,3.0446870866666672e-06,1.4164711333333334e-06,0,0,0,0,HV 50
,BNL,"12, 16",Electrons 85V,2.0,0,,50,/Users/rkfuentes/Documents/md_anderson_analysis/yepes_code/data/2025-10-15/scope-results-2025-10-15-0115.csv,3.07454816e-06,1.4356786066666666e-06,0,0,0,0,HV 50
,BNL,"12, 16",Electrons 85V,2.0,0,,50,/Users/rkfuentes/Documents/md_anderson_analysis/yepes_code/data/2025-10-15/scope-results-2025-10-15-0116.csv,3.0637304666666668e-06,1.5861306533333332e-06,0,0,0,0,HV 50
,BNL,"12, 16",Electrons 85V,2.0,0,,50,/Users/rkfuentes/Documents/md_anderson_analysis/yepes_code/data/2025-10-15/scope-results-2025-10-15-0117.csv,3.0636937333333333e-06,1.4464004666666666e-06,0,0,0,0,HV 50
,BNL,"12, 16",Electrons 85V,2.0,0,,50,/Users/rkfuentes/Documents/md_anderson_analysis/yepes_code/data/2025-10-15/scope-results-2025-10-15-0118.csv,3.064809013333333e-06,1.4628057333333326e-06,0,0,0,0,HV 50
,BNL,"12, 16",Electrons 85V,2.0,0,,50,/Users/rkfuentes/Documents/md_anderson_analysis/yepes_code/data/2025-10-15/scope-results-2025-10-15-0119.csv,3.0774323466666664e-06,1.430969973333334e-06,0,0,0,0,HV 50
,BNL,"12, 16",Electrons 85V,2.0,0,,50,/Users/rkfuentes/Documents/md_anderson_analysis/yepes_code/data/2025-10-15/scope-results-2025-10-15-0150.csv,3.4250686666666675e-06,2.470981833333333e-06,0,0,0,0,HV 100
,BNL,"12, 16",Electrons 85V,2.0,0,,50,/Users/rkfuentes/Documents/md_anderson_analysis/yepes_code/data/2025-10-15/scope-results-2025-10-15-0151.csv,3.4375850666666663e-06,2.6283228933333327e-06,0,0,0,0,HV 100
,BNL,"12, 16",Electrons 85V,2.0,0,,50,/Users/rkfuentes/Documents/md_anderson_analysis/yepes_code/data/2025-10-15/scope-results-2025-10-15-0152.csv,3.4406260800000003e-06,2.5407513333333336e-06,0,0,0,0,HV 100
,BNL,"12, 16",Electrons 85V,2.0,0,,50,/Users/rkfuentes/Documents/md_anderson_analysis/yepes_code/data/2025-10-15/scope-results-2025-10-15-0153.csv,3.4167777666666663e-06,2.629429866666666e-06,0,0,0,0,HV 100
,BNL,"12, 16",Electrons 85V,2.0,0,,50,/Users/rkfuentes/Documents/md_anderson_analysis/yepes_code/data/2025-10-15/scope-results-2025-10-15-0154.csv,3.414062806666667e-06,2.6238678666666663e-06,0,0,0,0,HV 100
,BNL,"12, 16",Electrons 85V,2.0,0,,50,/Users/rkfuentes/Documents/md_anderson_analysis/yepes_code/data/2025-10-15/scope-results-2025-10-15-0155.csv,3.4355198799999997e-06,2.61772852e-06,0,0,0,0,HV 100
,BNL,"12, 16",Electrons 85V,2.0,0,,50,/Users/rkfuentes/Documents/md_anderson_analysis/yepes_code/data/2025-10-15/scope-results-2025-10-15-0156.csv,3.448336786666667e-06,2.4991025999999996e-06,0,0,0,0,HV 100
,BNL,"12, 16",Electrons 85V,2.0,0,,50,/Users/rkfuentes/Documents/md_anderson_analysis/yepes_code/data/2025-10-15/scope-results-2025-10-15-0157.csv,3.437049733333333e-06,2.57604008e-06,0,0,0,0,HV 100
,BNL,"12, 16",Electrons 85V,2.0,0,,50,/Users/rkfuentes/Documents/md_anderson_analysis/yepes_code/data/2025-10-15/scope-results-2025-10-15-0158.csv,3.410543293333333e-06,2.631664866666666e-06,0,0,0,0,HV 100
,BNL,"12, 16",Electrons 85V,2.0,0,,50,/Users/rkfuentes/Documents/md_anderson_analysis/yepes_code/data/2025-10-15/scope-results-2025-10-15-0159.csv,3.437083593333333e-06,2.559954e-06,0,0,0,0,HV 100
,BNL,"12, 16",Electrons 85V,2.0,0,,40,/Users/rkfuentes/Documents/md_anderson_analysis/yepes_code/data/2025-10-15/scope-results-2025-10-15-0189.csv,1.2915930266666663e-06,1.6930738666666672e-08,0,0,0,0,HV 20
,BNL,"12, 16",Electrons 85V,2.0,0,,40,/Users/rkfuentes/Documents/md_anderson_analysis/yepes_code/data/2025-10-15/scope-results-2025-10-15-0247.csv,3.2275917333333335e-06,1.5952404533333334e-06,0,0,0,0,HV 50
,BNL,"12, 16",Electrons 85V,2.0,0,,40,/Users/rkfuentes/Documents/md_anderson_analysis/yepes_code/data/2025-10-15/scope-results-2025-10-15-0248.csv,3.2171669866666664e-06,1.5813870666666665e-06,0,0,0,0,HV 50
,BNL,"12, 16",Electrons 85V,2.0,0,,40,/Users/rkfuentes/Documents/md_anderson_analysis/yepes_code/data/2025-10-15/scope-results-2025-10-15-0249.csv,3.27032968e-06,1.5500966933333337e-06,0,0,0,0,HV 50
,BNL,"12, 16",Electrons 85V,2.0,0,,40,/Users/rkfuentes/Documents/md_anderson_analysis/yepes_code/data/2025-10-15/scope-results-2025-10-15-0250.csv,3.22804608e-06,1.6183424e-06,0,0,0,0,HV 50
,BNL,"12, 16",Electrons 85V,2.0,0,,40,/Users/rkfuentes/Documents/md_anderson_analysis/yepes_code/data/2025-10-15/scope-results-2025-10-15-0251.csv,3.2225639466666663e-06,1.658840913333334e-06,0,0,0,0,HV 50
,BNL,"12, 16",Electrons 85V,2.0,0,,40,/Users/rkfuentes/Documents/md_anderson_analysis/yepes_code/data/2025-10-15/scope-results-2025-10-15-0252.csv,3.2193420600000004e-06,1.6387498333333328e-06,0,0,0,0,HV 50
,BNL,"12, 16",Electrons 85V,2.0,0,,40,/Users/rkfuentes/Documents/md_anderson_analysis/yepes_code/data/2025-10-15/scope-results-2025-10-15-0253.csv,3.2959952733333337e-06,1.5658407333333333e-06,0,0,0,0,HV 50
,BNL,"12, 16",Electrons 85V,2.0,0,,40,/Users/rkfuentes/Documents/md_anderson_analysis/yepes_code/data/2025-10-15/scope-results-2025-10-15-0254.csv,3.239829333333333e-06,1.6735587733333335e-06,0,0,0,0,HV 50
,BNL,"12, 16",Electrons 85V,2.0,0,,40,/Users/rkfuentes/Documents/md_anderson_analysis/yepes_code/data/2025-10-15/scope-results-2025-10-15-0255.csv,3.2749103666666678e-06,1.5748707333333335e-06,0,0,0,0,HV 50
,BNL,"12, 16",Electrons 85V,2.0,0,,40,/Users/rkfuentes/Documents/md_anderson_analysis/yepes_code/data/2025-10-15/scope-results-2025-10-15-0256.csv,3.262235666666667e-06,1.667032393333333e-06,0,0,0,0,HV 50
,BNL,"12, 16",Electrons 85V,2.0,0,,40,/Users/rkfuentes/Documents/md_anderson_analysis/yepes_code/data/2025-10-15/scope-results-2025-10-15-0257.csv,3.2154565866666664e-06,1.6264037333333334e-06,0,0,0,0,HV 50
,BNL,"12, 16",Electrons 85V,2.0,0,,40,/Users/rkfuentes/Documents/md_anderson_analysis/yepes_code/data/2025-10-15/scope-results-2025-10-15-0258.csv,3.2409465733333333e-06,1.6857584466666669e-06,0,0,0,0,HV 50
,BNL,"12, 16",Electrons 85V,2.0,0,,40,/Users/rkfuentes/Documents/md_anderson_analysis/yepes_code/data/2025-10-15/scope-results-2025-10-15-0259.csv,3.2536118133333338e-06,1.659117853333333e-06,0,0,0,0,HV 50
,BNL,"12, 16",Electrons 85V,2.0,0,,40,/Users/rkfuentes/Documents/md_anderson_analysis/yepes_code/data/2025-10-15/scope-results-2025-10-15-0260.csv,3.1971496666666664e-06,1.6492046666666664e-06,0,0,0,0,HV 50
,BNL,"12, 16",Electrons 85V,2.0,0,,40,/Users/rkfuentes/Documents/md_anderson_analysis/yepes_code/data/2025-10-15/scope-results-2025-10-15-0261.csv,3.237577373333333e-06,1.6742890666666672e-06,0,0,0,0,HV 50
,BNL,"12, 16",Electrons 85V,2.0,0,,40,/Users/rkfuentes/Documents/md_anderson_analysis/yepes_code/data/2025-10-15/scope-results-2025-10-15-0262.csv,3.245036666666667e-06,1.6692660133333332e-06,0,0,0,0,HV 50
,BNL,"12, 16",Electrons 85V,2.0,0,,40,/Users/rkfuentes/Documents/md_anderson_analysis/yepes_code/data/2025-10-15/scope-results-2025-10-15-0263.csv,3.268778333333334e-06,1.55309484e-06,0,0,0,0,HV 50
,BNL,"12, 16",Electrons 85V,2.0,0,,40,/Users/rkfuentes/Documents/md_anderson_analysis/yepes_code/data/2025-10-15/scope-results-2025-10-15-0318.csv,3.1982649599999986e-06,2.7508878799999994e-06,0,0,0,0,HV 100
,BNL,"12, 16",Electrons 85V,2.0,0,,40,/Users/rkfuentes/Documents/md_anderson_analysis/yepes_code/data/2025-10-15/scope-results-2025-10-15-0319.csv,3.342873173333332e-06,2.769221773333333e-06,0,0,0,0,HV 100
,BNL,"12, 16",Electrons 85V,2.0,0,,40,/Users/rkfuentes/Documents/md_anderson_analysis/yepes_code/data/2025-10-15/scope-results-2025-10-15-0320.csv,3.168786026666666e-06,2.764067626666666e-06,0,0,0,0,HV 100
,BNL,"12, 16",Electrons 85V,2.0,0,,40,/Users/rkfuentes/Documents/md_anderson_analysis/yepes_code/data/2025-10-15/scope-results-2025-10-15-0321.csv,3.1848286666666657e-06,2.758178666666666e-06,0,0,0,0,HV 100
,BNL,"12, 16",Electrons 85V,2.0,0,,40,/Users/rkfuentes/Documents/md_anderson_analysis/yepes_code/data/2025-10-15/scope-results-2025-10-15-0322.csv,3.173085506666666e-06,2.7755861466666667e-06,0,0,0,0,HV 100
,BNL,"12, 16",Electrons 85V,2.0,0,,40,/Users/rkfuentes/Documents/md_anderson_analysis/yepes_code/data/2025-10-15/scope-results-2025-10-15-0323.csv,3.1956353333333317e-06,2.760108693333333e-06,0,0,0,0,HV 100
,BNL,"12, 16",Electrons 85V,2.0,0,,40,/Users/rkfuentes/Documents/md_anderson_analysis/yepes_code/data/2025-10-15/scope-results-2025-10-15-0324.csv,3.1630355866666655e-06,2.778903466666666e-06,0,0,0,0,HV 100
,BNL,"12, 16",Electrons 85V,2.0,0,,40,/Users/rkfuentes/Documents/md_anderson_analysis/yepes_code/data/2025-10-15/scope-results-2025-10-15-0325.csv,3.1351881999999988e-06,2.7772802666666673e-06,0,0,0,0,HV 100
,BNL,"12, 16",Electrons 85V,2.0,0,,40,/Users/rkfuentes/Documents/md_anderson_analysis/yepes_code/data/2025-10-15/scope-results-2025-10-15-0326.csv,3.148086746666666e-06,2.7821633466666662e-06,0,0,0,0,HV 100
,BNL,"12, 16",Electrons 85V,2.0,0,,40,/Users/rkfuentes/Documents/md_anderson_analysis/yepes_code/data/2025-10-15/scope-results-2025-10-15-0327.csv,3.162129653333332e-06,2.780552213333333e-06,0,0,0,0,HV 100
,BNL,"12, 16",Electrons 85V,2.0,0,,40,/Users/rkfuentes/Documents/md_anderson_analysis/yepes_code/data/2025-10-15/scope-results-2025-10-15-0328.csv,3.165789533333331e-06,2.777009986666666e-06,0,0,0,0,HV 100
,BNL,"12, 16",Electrons 85V,2.0,0,,40,/Users/rkfuentes/Documents/md_anderson_analysis/yepes_code/data/2025-10-15/scope-results-2025-10-15-0329.csv,3.136763093333332e-06,2.7884751999999995e-06,0,0,0,0,HV 100
,BNL,"12, 16",Electrons 85V,2.0,0,,40,/Users/rkfuentes/Documents/md_anderson_analysis/yepes_code/data/2025-10-15/scope-results-2025-10-15-0330.csv,3.126496959999998e-06,2.7790080799999997e-06,0,0,0,0,HV 100
,BNL,"12, 16",Electrons 85V,2.0,0,,40,/Users/rkfuentes/Documents/md_anderson_analysis/yepes_code/data/2025-10-15/scope-results-2025-10-15-0331.csv,3.165498879999999e-06,2.78610192e-06,0,0,0,0,HV 100
,BNL,"12, 16",Electrons 85V,2.0,0,,40,/Users/rkfuentes/Documents/md_anderson_analysis/yepes_code/data/2025-10-15/scope-results-2025-10-15-0332.csv,3.1387927733333336e-06,2.7797216666666665e-06,0,0,0,0,HV 100
,BNL,"12, 16",Electrons 85V,2.0,0,,40,/Users/rkfuentes/Documents/md_anderson_analysis/yepes_code/data/2025-10-15/scope-results-2025-10-15-0333.csv,3.1194598399999987e-06,2.7761898933333336e-06,0,0,0,0,HV 100
,BNL,"12, 16",Electrons 85V,2.0,0,,40,/Users/rkfuentes/Documents/md_anderson_analysis/yepes_code/data/2025-10-15/scope-results-2025-10-15-0334.csv,3.1196921866666655e-06,2.801232693333333e-06,0,0,0,0,HV 100
,BNL,"12, 16",Electrons 85V,2.0,0,,40,/Users/rkfuentes/Documents/md_anderson_analysis/yepes_code/data/2025-10-15/scope-results-2025-10-15-0335.csv,3.1329116666666656e-06,2.7908309333333328e-06,0,0,0,0,HV 100
,BNL,"12, 16",Electrons 85V,2.0,0,,30,/Users/rkfuentes/Documents/md_anderson_analysis/yepes_code/data/2025-10-15/scope-results-2025-10-15-0687.csv,3.01693256e-06,3.7167535573333334e-06,0,0,0,0,HV 20
,BNL,"12, 16",Electrons 85V,2.0,0,,30,/Users/rkfuentes/Documents/md_anderson_analysis/yepes_code/data/2025-10-15/scope-results-2025-10-15-0688.csv,3.038947114666667e-06,3.669222058666667e-06,0,0,0,0,HV 20
,BNL,"12, 16",Electrons 85V,2.0,0,,30,/Users/rkfuentes/Documents/md_anderson_analysis/yepes_code/data/2025-10-15/scope-results-2025-10-15-0689.csv,3.032810666666667e-06,3.8415776e-06,0,0,0,0,HV 20
,BNL,"12, 16",Electrons 85V,2.0,0,,30,/Users/rkfuentes/Documents/md_anderson_analysis/yepes_code/data/2025-10-15/scope-results-2025-10-15-0690.csv,3.086621669333334e-06,3.8439516373333335e-06,0,0,0,0,HV 20
,BNL,"12, 16",Electrons 85V,2.0,0,,30,/Users/rkfuentes/Documents/md_anderson_analysis/yepes_code/data/2025-10-15/scope-results-2025-10-15-0691.csv,3.1299494986666667e-06,3.912669738666667e-06,0,0,0,0,HV 20
,BNL,"12, 16",Electrons 85V,2.0,0,,30,/Users/rkfuentes/Documents/md_anderson_analysis/yepes_code/data/2025-10-15/scope-results-2025-10-15-0692.csv,3.1574704800000003e-06,3.7569436266666683e-06,0,0,0,0,HV 20
,BNL,"12, 16",Electrons 85V,2.0,0,,30,/Users/rkfuentes/Documents/md_anderson_analysis/yepes_code/data/2025-10-15/scope-results-2025-10-15-0693.csv,3.148175653333333e-06,3.833137936e-06,0,0,0,0,HV 20
,BNL,"12, 16",Electrons 85V,2.0,0,,30,/Users/rkfuentes/Documents/md_anderson_analysis/yepes_code/data/2025-10-15/scope-results-2025-10-15-0694.csv,3.1574962666666675e-06,3.947817397333334e-06,0,0,0,0,HV 20
,BNL,"12, 16",Electrons 85V,2.0,0,,30,/Users/rkfuentes/Documents/md_anderson_analysis/yepes_code/data/2025-10-15/scope-results-2025-10-15-0695.csv,3.1715813333333335e-06,3.827352266666665e-06,0,0,0,0,HV 20
,BNL,"12, 16",Electrons 85V,2.0,0,,30,/Users/rkfuentes/Documents/md_anderson_analysis/yepes_code/data/2025-10-15/scope-results-2025-10-15-0696.csv,3.186990698666667e-06,3.763348821333332e-06,0,0,0,0,HV 20
,BNL,"12, 16",Electrons 85V,2.0,0,,30,/Users/rkfuentes/Documents/md_anderson_analysis/yepes_code/data/2025-10-15/scope-results-2025-10-15-0697.csv,3.192258773333334e-06,3.817296176e-06,0,0,0,0,HV 20
,BNL,"12, 16",Electrons 85V,2.0,0,,30,/Users/rkfuentes/Documents/md_anderson_analysis/yepes_code/data/2025-10-15/scope-results-2025-10-15-0698.csv,3.173574485333333e-06,3.939379728e-06,0,0,0,0,HV 20
,BNL,"12, 16",Electrons 85V,2.0,0,,30,/Users/rkfuentes/Documents/md_anderson_analysis/yepes_code/data/2025-10-15/scope-results-2025-10-15-0699.csv,3.1424648106666666e-06,3.7803367679999996e-06,0,0,0,0,HV 20
,BNL,"12, 16",Electrons 85V,2.0,0,,30,/Users/rkfuentes/Documents/md_anderson_analysis/yepes_code/data/2025-10-15/scope-results-2025-10-15-0700.csv,3.15119408e-06,3.940405600000001e-06,0,0,0,0,HV 20
,BNL,"12, 16",Electrons 85V,2.0,0,,30,/Users/rkfuentes/Documents/md_anderson_analysis/yepes_code/data/2025-10-15/scope-results-2025-10-15-0701.csv,3.116353210666667e-06,3.838874917333333e-06,0,0,0,0,HV 20
,BNL,"12, 16",Electrons 85V,2.0,0,,30,/Users/rkfuentes/Documents/md_anderson_analysis/yepes_code/data/2025-10-15/scope-results-2025-10-15-0702.csv,3.0799779733333335e-06,3.7615066666666676e-06,0,0,0,0,HV 20
,BNL,"12, 16",Electrons 85V,2.0,0,,30,/Users/rkfuentes/Documents/md_anderson_analysis/yepes_code/data/2025-10-15/scope-results-2025-10-15-0703.csv,3.1052250186666664e-06,3.7073382666666663e-06,0,0,0,0,HV 20
,BNL,"12, 16",Electrons 85V,2.0,0,,20,/Users/rkfuentes/Documents/md_anderson_analysis/yepes_code/data/2025-10-15/scope-results-2025-10-15-0758.csv,2.872961146666667e-06,1.3688330666666668e-06,0,0,0,0,HV 7
,BNL,"12, 16",Electrons 85V,2.0,0,,20,/Users/rkfuentes/Documents/md_anderson_analysis/yepes_code/data/2025-10-15/scope-results-2025-10-15-0759.csv,2.784204333333333e-06,1.3943439466666665e-06,0,0,0,0,HV 7
,BNL,"12, 16",Electrons 85V,2.0,0,,20,/Users/rkfuentes/Documents/md_anderson_analysis/yepes_code/data/2025-10-15/scope-results-2025-10-15-0760.csv,2.9040533866666674e-06,3.7833863866666645e-06,0,0,0,0,HV 7
,BNL,"12, 16",Electrons 85V,2.0,0,,20,/Users/rkfuentes/Documents/md_anderson_analysis/yepes_code/data/2025-10-15/scope-results-2025-10-15-0761.csv,2.6065270133333337e-06,1.445553333333333e-06,0,0,0,0,HV 7
,BNL,"12, 16",Electrons 85V,2.0,0,,20,/Users/rkfuentes/Documents/md_anderson_analysis/yepes_code/data/2025-10-15/scope-results-2025-10-15-0762.csv,2.6877305066666658e-06,1.583632e-06,0,0,0,0,HV 7
,BNL,"12, 16",Electrons 85V,2.0,0,,20,/Users/rkfuentes/Documents/md_anderson_analysis/yepes_code/data/2025-10-15/scope-results-2025-10-15-0763.csv,2.7093882000000002e-06,1.6195988000000009e-06,0,0,0,0,HV 7
,BNL,"12, 16",Electrons 85V,2.0,0,,20,/Users/rkfuentes/Documents/md_anderson_analysis/yepes_code/data/2025-10-15/scope-results-2025-10-15-0764.csv,2.903741306666668e-06,1.4166890933333338e-06,0,0,0,0,HV 7
,BNL,"12, 16",Electrons 85V,2.0,0,,20,/Users/rkfuentes/Documents/md_anderson_analysis/yepes_code/data/2025-10-15/scope-results-2025-10-15-0765.csv,2.744786306666667e-06,1.3718315200000001e-06,0,0,0,0,HV 7
,BNL,"12, 16",Electrons 85V,2.0,0,,20,/Users/rkfuentes/Documents/md_anderson_analysis/yepes_code/data/2025-10-15/scope-results-2025-10-15-0766.csv,2.8555603333333327e-06,1.491224e-06,0,0,0,0,HV 7
,BNL,"12, 16",Electrons 85V,2.0,0,,20,/Users/rkfuentes/Documents/md_anderson_analysis/yepes_code/data/2025-10-15/scope-results-2025-10-15-0767.csv,2.925179813333334e-06,1.5496178133333338e-06,0,0,0,0,HV 7
,BNL,"12, 16",Electrons 85V,2.0,0,,20,/Users/rkfuentes/Documents/md_anderson_analysis/yepes_code/data/2025-10-15/scope-results-2025-10-15-0768.csv,2.988704346666667e-06,1.5356682400000004e-06,0,0,0,0,HV 7
,BNL,"12, 16",Electrons 85V,2.0,0,,20,/Users/rkfuentes/Documents/md_anderson_analysis/yepes_code/data/2025-10-15/scope-results-2025-10-15-0769.csv,3.0393417333333332e-06,1.4292876399999997e-06,0,0,0,0,HV 7
,BNL,"12, 16",Electrons 85V,2.0,0,,20,/Users/rkfuentes/Documents/md_anderson_analysis/yepes_code/data/2025-10-15/scope-results-2025-10-15-0770.csv,2.829886666666666e-06,1.5904404266666674e-06,0,0,0,0,HV 7
,BNL,"12, 16",Electrons 85V,2.0,0,,20,/Users/rkfuentes/Documents/md_anderson_analysis/yepes_code/data/2025-10-15/scope-results-2025-10-15-0771.csv,2.9289296666666673e-06,1.61269104e-06,0,0,0,0,HV 7
,BNL,"12, 16",Electrons 85V,2.0,0,,20,/Users/rkfuentes/Documents/md_anderson_analysis/yepes_code/data/2025-10-15/scope-results-2025-10-15-0772.csv,3.012300666666667e-06,1.4538417333333316e-06,0,0,0,0,HV 7
,BNL,"12, 16",Electrons 85V,2.0,0,,20,/Users/rkfuentes/Documents/md_anderson_analysis/yepes_code/data/2025-10-15/scope-results-2025-10-15-0773.csv,2.9750550000000004e-06,1.5409587200000005e-06,0,0,0,0,HV 7
,BNL,"12, 16",Electrons 85V,2.0,0,,20,/Users/rkfuentes/Documents/md_anderson_analysis/yepes_code/data/2025-10-15/scope-results-2025-10-15-0774.csv,2.82180976e-06,1.421765200000001e-06,0,0,0,0,HV 7
,BNL,"12, 16",Electrons 85V,2.0,0,,20,/Users/rkfuentes/Documents/md_anderson_analysis/yepes_code/data/2025-10-15/scope-results-2025-10-15-0775.csv,2.988089386666667e-06,1.5104241466666667e-06,0,0,0,0,HV 7
,BNL,"12, 16",Electrons 85V,2.0,0,,20,/Users/rkfuentes/Documents/md_anderson_analysis/yepes_code/data/2025-10-15/scope-results-2025-10-15-0830.csv,3.746600453333334e-06,2.2196148933333325e-06,0,0,0,0,HV 20
,BNL,"12, 16",Electrons 85V,2.0,0,,20,/Users/rkfuentes/Documents/md_anderson_analysis/yepes_code/data/2025-10-15/scope-results-2025-10-15-0831.csv,3.6283294399999997e-06,2.0387925333333326e-06,0,0,0,0,HV 20
,BNL,"12, 16",Electrons 85V,2.0,0,,20,/Users/rkfuentes/Documents/md_anderson_analysis/yepes_code/data/2025-10-15/scope-results-2025-10-15-0832.csv,3.7702593600000005e-06,2.2643593333333333e-06,0,0,0,0,HV 20
,BNL,"12, 16",Electrons 85V,2.0,0,,20,/Users/rkfuentes/Documents/md_anderson_analysis/yepes_code/data/2025-10-15/scope-results-2025-10-15-0833.csv,3.771062293333333e-06,2.0580228e-06,0,0,0,0,HV 20
,BNL,"12, 16",Electrons 85V,2.0,0,,20,/Users/rkfuentes/Documents/md_anderson_analysis/yepes_code/data/2025-10-15/scope-results-2025-10-15-0834.csv,3.7718875333333335e-06,2.2447456e-06,0,0,0,0,HV 20
,BNL,"12, 16",Electrons 85V,2.0,0,,20,/Users/rkfuentes/Documents/md_anderson_analysis/yepes_code/data/2025-10-15/scope-results-2025-10-15-0835.csv,3.6427064533333336e-06,2.160888466666666e-06,0,0,0,0,HV 20
,BNL,"12, 16",Electrons 85V,2.0,0,,20,/Users/rkfuentes/Documents/md_anderson_analysis/yepes_code/data/2025-10-15/scope-results-2025-10-15-0836.csv,3.7996812000000006e-06,2.2718677333333333e-06,0,0,0,0,HV 20
,BNL,"12, 16",Electrons 85V,2.0,0,,20,/Users/rkfuentes/Documents/md_anderson_analysis/yepes_code/data/2025-10-15/scope-results-2025-10-15-0837.csv,3.752347946666667e-06,2.1018393200000003e-06,0,0,0,0,HV 20
,BNL,"12, 16",Electrons 85V,2.0,0,,20,/Users/rkfuentes/Documents/md_anderson_analysis/yepes_code/data/2025-10-15/scope-results-2025-10-15-0838.csv,3.7651086399999997e-06,2.234176133333333e-06,0,0,0,0,HV 20
,BNL,"12, 16",Electrons 85V,2.0,0,,20,/Users/rkfuentes/Documents/md_anderson_analysis/yepes_code/data/2025-10-15/scope-results-2025-10-15-0839.csv,3.6642571466666657e-06,2.197587733333333e-06,0,0,0,0,HV 20
,BNL,"12, 16",Electrons 85V,2.0,0,,20,/Users/rkfuentes/Documents/md_anderson_analysis/yepes_code/data/2025-10-15/scope-results-2025-10-15-0840.csv,3.7913386666666673e-06,2.0853158666666665e-06,0,0,0,0,HV 20
,BNL,"12, 16",Electrons 85V,2.0,0,,20,/Users/rkfuentes/Documents/md_anderson_analysis/yepes_code/data/2025-10-15/scope-results-2025-10-15-0841.csv,3.753536106666666e-06,2.1894761066666665e-06,0,0,0,0,HV 20
,BNL,"12, 16",Electrons 85V,2.0,0,,20,/Users/rkfuentes/Documents/md_anderson_analysis/yepes_code/data/2025-10-15/scope-results-2025-10-15-0842.csv,3.668672666666666e-06,2.3125862400000006e-06,0,0,0,0,HV 20
,BNL,"12, 16",Electrons 85V,2.0,0,,20,/Users/rkfuentes/Documents/md_anderson_analysis/yepes_code/data/2025-10-15/scope-results-2025-10-15-0843.csv,3.69906728e-06,2.4860732800000003e-06,0,0,0,0,HV 20
,BNL,"12, 16",Electrons 85V,2.0,0,,20,/Users/rkfuentes/Documents/md_anderson_analysis/yepes_code/data/2025-10-15/scope-results-2025-10-15-0844.csv,3.7951504933333346e-06,2.2344860266666665e-06,0,0,0,0,HV 20
,BNL,"12, 16",Electrons 85V,2.0,0,,20,/Users/rkfuentes/Documents/md_anderson_analysis/yepes_code/data/2025-10-15/scope-results-2025-10-15-0845.csv,3.73601552e-06,2.3968977066666664e-06,0,0,0,0,HV 20
,BNL,"12, 16",Electrons 85V,2.0,0,,20,/Users/rkfuentes/Documents/md_anderson_analysis/yepes_code/data/2025-10-15/scope-results-2025-10-15-0846.csv,3.6726669333333335e-06,2.201885893333333e-06,0,0,0,0,HV 20
,BNL,"12, 16",Electrons 85V,2.0,0,,20,/Users/rkfuentes/Documents/md_anderson_analysis/yepes_code/data/2025-10-15/scope-results-2025-10-15-0847.csv,3.7619274933333325e-06,2.2479806533333324e-06,0,0,0,0,HV 20
,BNL,"12, 16",Electrons 85V,2.0,0,,20,/Users/rkfuentes/Documents/md_anderson_analysis/yepes_code/data/2025-10-15/scope-results-2025-10-15-0901.csv,2.074363519999999e-06,3.369776733333334e-06,0,0,0,0,HV 0
,BNL,"12, 16",Electrons 85V,2.0,0,,20,/Users/rkfuentes/Documents/md_anderson_analysis/yepes_code/data/2025-10-15/scope-results-2025-10-15-0902.csv,2.1519379599999997e-06,3.44665e-06,0,0,0,0,HV 0
,BNL,"12, 16",Electrons 85V,2.0,0,,20,/Users/rkfuentes/Documents/md_anderson_analysis/yepes_code/data/2025-10-15/scope-results-2025-10-15-0903.csv,2.2526509999999993e-06,3.374923333333333e-06,0,0,0,0,HV 0
,BNL,"12, 16",Electrons 85V,2.0,0,,20,/Users/rkfuentes/Documents/md_anderson_analysis/yepes_code/data/2025-10-15/scope-results-2025-10-15-0904.csv,2.2418607999999998e-06,3.4616312533333344e-06,0,0,0,0,HV 0
,BNL,"12, 16",Electrons 85V,2.0,0,,20,/Users/rkfuentes/Documents/md_anderson_analysis/yepes_code/data/2025-10-15/scope-results-2025-10-15-0905.csv,2.216427293333333e-06,3.487510346666667e-06,0,0,0,0,HV 0
,BNL,"12, 16",Electrons 85V,2.0,0,,20,/Users/rkfuentes/Documents/md_anderson_analysis/yepes_code/data/2025-10-15/scope-results-2025-10-15-0906.csv,2.424668093333334e-06,3.5264999600000003e-06,0,0,0,0,HV 0
,BNL,"12, 16",Electrons 85V,2.0,0,,20,/Users/rkfuentes/Documents/md_anderson_analysis/yepes_code/data/2025-10-15/scope-results-2025-10-15-0907.csv,3.4048767466666686e-06,3.500875999999999e-06,0,0,0,0,HV 0
,BNL,"12, 16",Electrons 85V,2.0,0,,20,/Users/rkfuentes/Documents/md_anderson_analysis/yepes_code/data/2025-10-15/scope-results-2025-10-15-0908.csv,2.5037376e-06,3.5128829999999996e-06,0,0,0,0,HV 0
,BNL,"12, 16",Electrons 85V,2.0,0,,20,/Users/rkfuentes/Documents/md_anderson_analysis/yepes_code/data/2025-10-15/scope-results-2025-10-15-0909.csv,2.5249258933333337e-06,3.479836773333333e-06,0,0,0,0,HV 0
,BNL,"12, 16",Electrons 85V,2.0,0,,20,/Users/rkfuentes/Documents/md_anderson_analysis/yepes_code/data/2025-10-15/scope-results-2025-10-15-0910.csv,2.256620626666667e-06,3.482097466666667e-06,0,0,0,0,HV 0
,BNL,"12, 16",Electrons 85V,2.0,0,,20,/Users/rkfuentes/Documents/md_anderson_analysis/yepes_code/data/2025-10-15/scope-results-2025-10-15-0911.csv,2.4513413333333333e-06,3.361145386666667e-06,0,0,0,0,HV 0
,BNL,"12, 16",Electrons 85V,2.0,0,,20,/Users/rkfuentes/Documents/md_anderson_analysis/yepes_code/data/2025-10-15/scope-results-2025-10-15-0912.csv,2.4127572266666667e-06,3.4417803733333347e-06,0,0,0,0,HV 0
,BNL,"12, 16",Electrons 85V,2.0,0,,20,/Users/rkfuentes/Documents/md_anderson_analysis/yepes_code/data/2025-10-15/scope-results-2025-10-15-0913.csv,2.4902171199999997e-06,3.415619306666666e-06,0,0,0,0,HV 0
,BNL,"12, 16",Electrons 85V,2.0,0,,20,/Users/rkfuentes/Documents/md_anderson_analysis/yepes_code/data/2025-10-15/scope-results-2025-10-15-0914.csv,3.371408266666669e-06,3.4772326400000006e-06,0,0,0,0,HV 0
,BNL,"12, 16",Electrons 85V,2.0,0,,20,/Users/rkfuentes/Documents/md_anderson_analysis/yepes_code/data/2025-10-15/scope-results-2025-10-15-0915.csv,2.304549773333334e-06,3.4297786800000003e-06,0,0,0,0,HV 0
,BNL,"12, 16",Electrons 85V,2.0,0,,20,/Users/rkfuentes/Documents/md_anderson_analysis/yepes_code/data/2025-10-15/scope-results-2025-10-15-0916.csv,2.3094786666666666e-06,3.473358240000001e-06,0,0,0,0,HV 0
,BNL,"12, 16",Electrons 85V,2.0,0,,20,/Users/rkfuentes/Documents/md_anderson_analysis/yepes_code/data/2025-10-15/scope-results-2025-10-15-0917.csv,2.4125356666666668e-06,3.463122533333332e-06,0,0,0,0,HV 0
,BNL,"12, 16",Electrons 85V,2.0,0,,20,/Users/rkfuentes/Documents/md_anderson_analysis/yepes_code/data/2025-10-15/scope-results-2025-10-15-0918.csv,2.3095795600000007e-06,3.474492226666667e-06,0,0,0,0,HV 0
,BNL,"12, 16",Electrons 85V,2.0,0,,10,/Users/rkfuentes/Documents/md_anderson_analysis/yepes_code/data/2025-10-15/scope-results-2025-10-15-0974.csv,3.3003534400000003e-06,3.5157994666666673e-06,0,0,0,0,HV 0
,BNL,"12, 16",Electrons 85V,2.0,0,,10,/Users/rkfuentes/Documents/md_anderson_analysis/yepes_code/data/2025-10-15/scope-results-2025-10-15-0975.csv,3.3010956533333327e-06,3.480170800000002e-06,0,0,0,0,HV 0
,BNL,"12, 16",Electrons 85V,2.0,0,,10,/Users/rkfuentes/Documents/md_anderson_analysis/yepes_code/data/2025-10-15/scope-results-2025-10-15-0976.csv,3.345831386666667e-06,3.528162013333333e-06,0,0,0,0,HV 0
,BNL,"12, 16",Electrons 85V,2.0,0,,10,/Users/rkfuentes/Documents/md_anderson_analysis/yepes_code/data/2025-10-15/scope-results-2025-10-15-0977.csv,3.3322862933333333e-06,3.2137663466666667e-06,0,0,0,0,HV 0
,BNL,"12, 16",Electrons 85V,2.0,0,,10,/Users/rkfuentes/Documents/md_anderson_analysis/yepes_code/data/2025-10-15/scope-results-2025-10-15-0978.csv,3.361946813333335e-06,3.5156936e-06,0,0,0,0,HV 0
,BNL,"12, 16",Electrons 85V,2.0,0,,10,/Users/rkfuentes/Documents/md_anderson_analysis/yepes_code/data/2025-10-15/scope-results-2025-10-15-0979.csv,3.352796480000001e-06,3.5328211200000003e-06,0,0,0,0,HV 0
,BNL,"12, 16",Electrons 85V,2.0,0,,10,/Users/rkfuentes/Documents/md_anderson_analysis/yepes_code/data/2025-10-15/scope-results-2025-10-15-0980.csv,3.312059200000001e-06,3.4306874666666667e-06,0,0,0,0,HV 0
,BNL,"12, 16",Electrons 85V,2.0,0,,10,/Users/rkfuentes/Documents/md_anderson_analysis/yepes_code/data/2025-10-15/scope-results-2025-10-15-0981.csv,3.2536025066666675e-06,3.537078933333333e-06,0,0,0,0,HV 0
,BNL,"12, 16",Electrons 85V,2.0,0,,10,/Users/rkfuentes/Documents/md_anderson_analysis/yepes_code/data/2025-10-15/scope-results-2025-10-15-0982.csv,3.3719776000000006e-06,3.5825230133333332e-06,0,0,0,0,HV 0
,BNL,"12, 16",Electrons 85V,2.0,0,,10,/Users/rkfuentes/Documents/md_anderson_analysis/yepes_code/data/2025-10-15/scope-results-2025-10-15-0983.csv,3.2558708266666665e-06,3.412066639999999e-06,0,0,0,0,HV 0
,BNL,"12, 16",Electrons 85V,2.0,0,,10,/Users/rkfuentes/Documents/md_anderson_analysis/yepes_code/data/2025-10-15/scope-results-2025-10-15-0984.csv,3.3237972133333335e-06,3.1191522666666653e-06,0,0,0,0,HV 0
,BNL,"12, 16",Electrons 85V,2.0,0,,10,/Users/rkfuentes/Documents/md_anderson_analysis/yepes_code/data/2025-10-15/scope-results-2025-10-15-0985.csv,3.302250853333334e-06,3.4657072666666683e-06,0,0,0,0,HV 0
,BNL,"12, 16",Electrons 85V,2.0,0,,10,/Users/rkfuentes/Documents/md_anderson_analysis/yepes_code/data/2025-10-15/scope-results-2025-10-15-0986.csv,3.3164373333333332e-06,3.5157646933333325e-06,0,0,0,0,HV 0
,BNL,"12, 16",Electrons 85V,2.0,0,,10,/Users/rkfuentes/Documents/md_anderson_analysis/yepes_code/data/2025-10-15/scope-results-2025-10-15-0987.csv,3.32001088e-06,3.4015230800000007e-06,0,0,0,0,HV 0
,BNL,"12, 16",Electrons 85V,2.0,0,,10,/Users/rkfuentes/Documents/md_anderson_analysis/yepes_code/data/2025-10-15/scope-results-2025-10-15-0988.csv,3.312734346666667e-06,3.4578412799999996e-06,0,0,0,0,HV 0
,BNL,"12, 16",Electrons 85V,2.0,0,,10,/Users/rkfuentes/Documents/md_anderson_analysis/yepes_code/data/2025-10-15/scope-results-2025-10-15-0989.csv,3.318383333333334e-06,3.410445800000001e-06,0,0,0,0,HV 0
,BNL,"12, 16",Electrons 85V,2.0,0,,10,/Users/rkfuentes/Documents/md_anderson_analysis/yepes_code/data/2025-10-15/scope-results-2025-10-15-1043.csv,3.450819666666667e-06,3.87897068e-06,0,0,0,0,HV 7
,BNL,"12, 16",Electrons 85V,2.0,0,,10,/Users/rkfuentes/Documents/md_anderson_analysis/yepes_code/data/2025-10-15/scope-results-2025-10-15-1044.csv,3.463750733333334e-06,3.8751725999999995e-06,0,0,0,0,HV 7
,BNL,"12, 16",Electrons 85V,2.0,0,,10,/Users/rkfuentes/Documents/md_anderson_analysis/yepes_code/data/2025-10-15/scope-results-2025-10-15-1045.csv,3.488762253333334e-06,3.5740116666666668e-06,0,0,0,0,HV 7
,BNL,"12, 16",Electrons 85V,2.0,0,,10,/Users/rkfuentes/Documents/md_anderson_analysis/yepes_code/data/2025-10-15/scope-results-2025-10-15-1046.csv,3.4515546666666664e-06,3.897226666666669e-06,0,0,0,0,HV 7
,BNL,"12, 16",Electrons 85V,2.0,0,,10,/Users/rkfuentes/Documents/md_anderson_analysis/yepes_code/data/2025-10-15/scope-results-2025-10-15-1047.csv,3.5162533333333334e-06,3.845905786666667e-06,0,0,0,0,HV 7
,BNL,"12, 16",Electrons 85V,2.0,0,,10,/Users/rkfuentes/Documents/md_anderson_analysis/yepes_code/data/2025-10-15/scope-results-2025-10-15-1048.csv,3.452194720000001e-06,3.877908479999999e-06,0,0,0,0,HV 7
,BNL,"12, 16",Electrons 85V,2.0,0,,10,/Users/rkfuentes/Documents/md_anderson_analysis/yepes_code/data/2025-10-15/scope-results-2025-10-15-1049.csv,3.45644776e-06,3.849973560000002e-06,0,0,0,0,HV 7
,BNL,"12, 16",Electrons 85V,2.0,0,,10,/Users/rkfuentes/Documents/md_anderson_analysis/yepes_code/data/2025-10-15/scope-results-2025-10-15-1050.csv,3.458112666666667e-06,3.8345094e-06,0,0,0,0,HV 7
,BNL,"12, 16",Electrons 85V,2.0,0,,10,/Users/rkfuentes/Documents/md_anderson_analysis/yepes_code/data/2025-10-15/scope-results-2025-10-15-1051.csv,3.47474832e-06,3.727446679999999e-06,0,0,0,0,HV 7
,BNL,"12, 16",Electrons 85V,2.0,0,,10,/Users/rkfuentes/Documents/md_anderson_analysis/yepes_code/data/2025-10-15/scope-results-2025-10-15-1052.csv,3.4857802666666665e-06,3.8051168933333333e-06,0,0,0,0,HV 7
,BNL,"12, 16",Electrons 85V,2.0,0,,10,/Users/rkfuentes/Documents/md_anderson_analysis/yepes_code/data/2025-10-15/scope-results-2025-10-15-1053.csv,3.4443229333333323e-06,3.842827306666669e-06,0,0,0,0,HV 7
,BNL,"12, 16",Electrons 85V,2.0,0,,10,/Users/rkfuentes/Documents/md_anderson_analysis/yepes_code/data/2025-10-15/scope-results-2025-10-15-1054.csv,3.4940508e-06,3.959714693333333e-06,0,0,0,0,HV 7
,BNL,"12, 16",Electrons 85V,2.0,0,,10,/Users/rkfuentes/Documents/md_anderson_analysis/yepes_code/data/2025-10-15/scope-results-2025-10-15-1055.csv,3.432741333333334e-06,3.825644853333335e-06,0,0,0,0,HV 7
,BNL,"12, 16",Electrons 85V,2.0,0,,10,/Users/rkfuentes/Documents/md_anderson_analysis/yepes_code/data/2025-10-15/scope-results-2025-10-15-1056.csv,3.4715500266666663e-06,3.870947066666665e-06,0,0,0,0,HV 7
,BNL,"12, 16",Electrons 85V,2.0,0,,10,/Users/rkfuentes/Documents/md_anderson_analysis/yepes_code/data/2025-10-15/scope-results-2025-10-15-1057.csv,3.4959352800000004e-06,3.775503666666666e-06,0,0,0,0,HV 7
,BNL,"12, 16",Electrons 85V,2.0,0,,10,/Users/rkfuentes/Documents/md_anderson_analysis/yepes_code/data/2025-10-15/scope-results-2025-10-15-1058.csv,3.487885333333333e-06,3.819270519999999e-06,0,0,0,0,HV 7
,BNL,"12, 16",Electrons 85V,2.0,0,,10,/Users/rkfuentes/Documents/md_anderson_analysis/yepes_code/data/2025-10-15/scope-results-2025-10-15-1059.csv,3.4384904533333335e-06,3.832649493333334e-06,0,0,0,0,HV 7
,BNL,"12, 16",Electrons 85V,2.0,0,,10,/Users/rkfuentes/Documents/md_anderson_analysis/yepes_code/data/2025-10-15/scope-results-2025-10-15-1060.csv,3.4825323999999995e-06,3.806328386666667e-06,0,0,0,0,HV 7
,BNL,"12, 16",Electrons 85V,2.0,0,,10,/Users/rkfuentes/Documents/md_anderson_analysis/yepes_code/data/2025-10-15/scope-results-2025-10-15-1114.csv,4.134125200000001e-06,4.128780466666666e-06,0,0,0,0,HV 20
,BNL,"12, 16",Electrons 85V,2.0,0,,10,/Users/rkfuentes/Documents/md_anderson_analysis/yepes_code/data/2025-10-15/scope-results-2025-10-15-1115.csv,4.065560266666667e-06,4.239805546666666e-06,0,0,0,0,HV 20
,BNL,"12, 16",Electrons 85V,2.0,0,,10,/Users/rkfuentes/Documents/md_anderson_analysis/yepes_code/data/2025-10-15/scope-results-2025-10-15-1116.csv,4.067204933333334e-06,4.2771186666666664e-06,0,0,0,0,HV 20
,BNL,"12, 16",Electrons 85V,2.0,0,,10,/Users/rkfuentes/Documents/md_anderson_analysis/yepes_code/data/2025-10-15/scope-results-2025-10-15-1117.csv,4.0612404e-06,4.12799888e-06,0,0,0,0,HV 20
,BNL,"12, 16",Electrons 85V,2.0,0,,10,/Users/rkfuentes/Documents/md_anderson_analysis/yepes_code/data/2025-10-15/scope-results-2025-10-15-1118.csv,4.102793346666667e-06,4.222735226666667e-06,0,0,0,0,HV 20
,BNL,"12, 16",Electrons 85V,2.0,0,,10,/Users/rkfuentes/Documents/md_anderson_analysis/yepes_code/data/2025-10-15/scope-results-2025-10-15-1119.csv,4.133952400000001e-06,4.250171866666666e-06,0,0,0,0,HV 20
,BNL,"12, 16",Electrons 85V,2.0,0,,10,/Users/rkfuentes/Documents/md_anderson_analysis/yepes_code/data/2025-10-15/scope-results-2025-10-15-1120.csv,4.0957653066666666e-06,4.269757186666667e-06,0,0,0,0,HV 20
,BNL,"12, 16",Electrons 85V,2.0,0,,10,/Users/rkfuentes/Documents/md_anderson_analysis/yepes_code/data/2025-10-15/scope-results-2025-10-15-1121.csv,4.101363999999999e-06,4.2902328e-06,0,0,0,0,HV 20
,BNL,"12, 16",Electrons 85V,2.0,0,,10,/Users/rkfuentes/Documents/md_anderson_analysis/yepes_code/data/2025-10-15/scope-results-2025-10-15-1122.csv,4.0865264e-06,4.232357333333334e-06,0,0,0,0,HV 20
,BNL,"12, 16",Electrons 85V,2.0,0,,10,/Users/rkfuentes/Documents/md_anderson_analysis/yepes_code/data/2025-10-15/scope-results-2025-10-15-1123.csv,4.131392e-06,4.252924906666666e-06,0,0,0,0,HV 20
,BNL,"12, 16",Electrons 85V,2.0,0,,10,/Users/rkfuentes/Documents/md_anderson_analysis/yepes_code/data/2025-10-15/scope-results-2025-10-15-1124.csv,4.0712028666666676e-06,4.242417226666667e-06,0,0,0,0,HV 20
,BNL,"12, 16",Electrons 85V,2.0,0,,10,/Users/rkfuentes/Documents/md_anderson_analysis/yepes_code/data/2025-10-15/scope-results-2025-10-15-1125.csv,4.092987146666667e-06,4.259866293333334e-06,0,0,0,0,HV 20
,BNL,"12, 16",Electrons 85V,2.0,0,,10,/Users/rkfuentes/Documents/md_anderson_analysis/yepes_code/data/2025-10-15/scope-results-2025-10-15-1126.csv,4.0923014933333346e-06,4.286136853333333e-06,0,0,0,0,HV 20
,BNL,"12, 16",Electrons 85V,2.0,0,,10,/Users/rkfuentes/Documents/md_anderson_analysis/yepes_code/data/2025-10-15/scope-results-2025-10-15-1127.csv,4.064010293333333e-06,4.2167540266666665e-06,0,0,0,0,HV 20
,BNL,"12, 16",Electrons 85V,2.0,0,,10,/Users/rkfuentes/Documents/md_anderson_analysis/yepes_code/data/2025-10-15/scope-results-2025-10-15-1128.csv,4.060648106666667e-06,4.199520853333334e-06,0,0,0,0,HV 20
,BNL,"12, 16",Electrons 85V,2.0,0,,10,/Users/rkfuentes/Documents/md_anderson_analysis/yepes_code/data/2025-10-15/scope-results-2025-10-15-1129.csv,4.109185466666667e-06,4.104975466666666e-06,0,0,0,0,HV 20
,BNL,"12, 16",Electrons 85V,2.0,0,,10,/Users/rkfuentes/Documents/md_anderson_analysis/yepes_code/data/2025-10-15/scope-results-2025-10-15-1130.csv,4.050799280000001e-06,4.188954333333334e-06,0,0,0,0,HV 20
,BNL,"12, 16",Electrons 85V,2.0,0,,10,/Users/rkfuentes/Documents/md_anderson_analysis/yepes_code/data/2025-10-15/scope-results-2025-10-15-1131.csv,4.066700586666667e-06,4.207099520000001e-06,0,0,0,0,HV 20
,BNL,"12, 16",Electrons 110V,2.0,0,,100,/Users/rkfuentes/Documents/md_anderson_analysis/yepes_code/data/2025-10-15/scope-results-2025-10-15-1156.csv,1.644936426666666e-06,7.268515999999998e-08,0,0,0,0,HV 0
,BNL,"12, 16",Electrons 110V,2.0,0,,100,/Users/rkfuentes/Documents/md_anderson_analysis/yepes_code/data/2025-10-15/scope-results-2025-10-15-1160.csv,2.353760320000001e-06,6.459658666666645e-08,0,0,0,0,HV 0
,BNL,"12, 16",Electrons 110V,2.0,0,,100,/Users/rkfuentes/Documents/md_anderson_analysis/yepes_code/data/2025-10-15/scope-results-2025-10-15-1164.csv,2.0232963999999994e-06,1.1017375733333335e-06,0,0,0,0,HV 7
,BNL,"12, 16",Electrons 110V,2.0,0,,75,/Users/rkfuentes/Documents/md_anderson_analysis/yepes_code/data/2025-10-15/scope-results-2025-10-15-1169.csv,2.5876064666666674e-06,1.7260766933333345e-06,0,0,0,0,HV 7
,BNL,"12, 16",Electrons 110V,2.0,0,,75,/Users/rkfuentes/Documents/md_anderson_analysis/yepes_code/data/2025-10-15/scope-results-2025-10-15-1173.csv,3.4736826666666673e-06,2.966492e-06,0,0,0,0,HV 0
,BNL,"12, 16",Electrons 110V,2.0,0,,50,/Users/rkfuentes/Documents/md_anderson_analysis/yepes_code/data/2025-10-15/scope-results-2025-10-15-1177.csv,3.955635653333332e-06,1.3796246666666686e-07,0,0,0,0,HV 0
,BNL,"12, 16",Electrons 110V,2.0,0,,50,/Users/rkfuentes/Documents/md_anderson_analysis/yepes_code/data/2025-10-15/scope-results-2025-10-15-1181.csv,4.232508013333334e-06,3.6440367466666665e-06,0,0,0,0,HV 7
,BNL,"12, 16",Electrons 110V,2.0,0,,40,/Users/rkfuentes/Documents/md_anderson_analysis/yepes_code/data/2025-10-15/scope-results-2025-10-15-1185.csv,3.88080128e-06,3.8889069333333357e-07,0,0,0,0,HV 0
,BNL,"12, 16",Electrons 110V,2.0,0,,30,/Users/rkfuentes/Documents/md_anderson_analysis/yepes_code/data/2025-10-15/scope-results-2025-10-15-1189.csv,4.4110514133333336e-06,4.843850933333332e-06,0,0,0,0,HV 0
,BNL,"12, 16",Electrons 191V,2.0,0,,100,/Users/rkfuentes/Documents/md_anderson_analysis/yepes_code/data/2025-10-15/scope-results-2025-10-15-1195.csv,3.80487328e-06,2.7843226666666655e-07,0,0,0,0,HV 0
,BNL,"12, 16",Electrons 191V,2.0,0,,75,/Users/rkfuentes/Documents/md_anderson_analysis/yepes_code/data/2025-10-15/scope-results-2025-10-15-1201.csv,5.7117912e-06,5.194962026666666e-06,0,0,0,0,HV 0
,BNL,"12, 16",Electrons 191V,2.0,0,,50,/Users/rkfuentes/Documents/md_anderson_analysis/yepes_code/data/2025-10-15/scope-results-2025-10-15-1205.csv,7.629500240000001e-06,5.38848392e-06,0,0,0,0,HV 0
,BNL,"12, 16",Electrons 110V,2.0,0,,125,/Users/rkfuentes/Documents/md_anderson_analysis/yepes_code/data/2025-10-15/scope-results-2025-10-15-1210.csv,1.1464263733333346e-06,1.665125386666667e-06,0,0,0,0,HV 0
,BNL,"12, 16",Electrons 110V,2.0,0,,125,/Users/rkfuentes/Documents/md_anderson_analysis/yepes_code/data/2025-10-15/scope-results-2025-10-15-1214.csv,9.226137600000009e-07,1.3537472e-06,0,0,0,0,HV 7
,BNL,"12, 16",Electrons 110V,2.0,0,,125,/Users/rkfuentes/Documents/md_anderson_analysis/yepes_code/data/2025-10-15/scope-results-2025-10-15-1218.csv,2.227974693333333e-06,1.9409143466666667e-06,0,0,0,0,HV 20
,BNL,"12, 16",Electrons 191V,2.0,0,,125,/Users/rkfuentes/Documents/md_anderson_analysis/yepes_code/data/2025-10-15/scope-results-2025-10-15-1222.csv,4.223471666666666e-06,2.7426555333333333e-06,0,0,0,0,HV 20
,BNL,"12, 16",Electrons 191V,2.0,0,,125,/Users/rkfuentes/Documents/md_anderson_analysis/yepes_code/data/2025-10-15/scope-results-2025-10-15-1226.csv,3.7568876000000003e-06,1.6366156799999994e-06,0,0,0,0,HV 7
,BNL,"12, 16",Electrons 191V,2.0,0,,125,/Users/rkfuentes/Documents/md_anderson_analysis/yepes_code/data/2025-10-15/scope-results-2025-10-15-1230.csv,4.034039960000001e-06,1.5895253333333354e-07,0,0,0,0,HV 0
,BNL,"12, 16",Electrons 110V,2.0,0,,150,/Users/rkfuentes/Documents/md_anderson_analysis/yepes_code/data/2025-10-15/scope-results-2025-10-15-1251.csv,8.584455333333324e-07,2.0134185466666664e-06,0,0,0,0,HV 0
,BNL,"12, 16",Electrons 110V,2.0,0,,150,/Users/rkfuentes/Documents/md_anderson_analysis/yepes_code/data/2025-10-15/scope-results-2025-10-15-1255.csv,1.2045684000000006e-06,1.9630671333333333e-06,0,0,0,0,HV 7
,BNL,"12, 16",Electrons 110V,2.0,0,,150,/Users/rkfuentes/Documents/md_anderson_analysis/yepes_code/data/2025-10-15/scope-results-2025-10-15-1259.csv,2.1175717599999995e-06,2.753092640000001e-06,0,0,0,0,HV 20
,BNL,"12, 16",Electrons 191V,2.0,0,,150,/Users/rkfuentes/Documents/md_anderson_analysis/yepes_code/data/2025-10-15/scope-results-2025-10-15-1267.csv,3.6213339866666672e-06,3.7731651333333348e-06,0,0,0,0,HV 7
,BNL,"12, 16",Electrons 191V,2.0,0,,150,/Users/rkfuentes/Documents/md_anderson_analysis/yepes_code/data/2025-10-15/scope-results-2025-10-15-1271.csv,2.8255751466666665e-06,3.3239923600000005e-06,0,0,0,0,HV 0
,BNL,"12, 16",Electrons 110V,2.0,0,,175,/Users/rkfuentes/Documents/md_anderson_analysis/yepes_code/data/2025-10-15/scope-results-2025-10-15-1275.csv,6.153832533333358e-07,8.893878133333334e-07,0,0,0,0,HV 0
,BNL,"12, 16",Electrons 110V,2.0,0,,175,/Users/rkfuentes/Documents/md_anderson_analysis/yepes_code/data/2025-10-15/scope-results-2025-10-15-1279.csv,1.8678234666666704e-07,7.249193333333331e-07,0,0,0,0,HV 7
,BNL,"12, 16",Electrons 110V,2.0,0,,175,/Users/rkfuentes/Documents/md_anderson_analysis/yepes_code/data/2025-10-15/scope-results-2025-10-15-1283.csv,7.629506666666664e-07,1.0921789333333323e-06,0,0,0,0,HV 20
,BNL,"12, 16",Electrons 191V,2.0,0,,175,/Users/rkfuentes/Documents/md_anderson_analysis/yepes_code/data/2025-10-15/scope-results-2025-10-15-1287.csv,3.3881341866666665e-06,2.1319732266666668e-06,0,0,0,0,HV 20
,BNL,"12, 16",Electrons 191V,2.0,0,,175,/Users/rkfuentes/Documents/md_anderson_analysis/yepes_code/data/2025-10-15/scope-results-2025-10-15-1291.csv,2.2600030133333326e-06,9.994424533333334e-07,0,0,0,0,HV 7
,BNL,"12, 16",Electrons 191V,2.0,0,,175,/Users/rkfuentes/Documents/md_anderson_analysis/yepes_code/data/2025-10-15/scope-results-2025-10-15-1295.csv,1.1907766666666665e-06,1.5060208e-06,0,0,0,0,HV 0
,BNL,"12, 16",Electrons 110V,2.0,0,,200,/Users/rkfuentes/Documents/md_anderson_analysis/yepes_code/data/2025-10-15/scope-results-2025-10-15-1299.csv,2.405224000000001e-07,9.974135466666666e-07,0,0,0,0,HV 0
,BNL,"12, 16",Electrons 110V,2.0,0,,200,/Users/rkfuentes/Documents/md_anderson_analysis/yepes_code/data/2025-10-15/scope-results-2025-10-15-1303.csv,4.1093088000000143e-07,1.0578467333333332e-06,0,0,0,0,HV 7
,BNL,"12, 16",Electrons 110V,2.0,0,,200,/Users/rkfuentes/Documents/md_anderson_analysis/yepes_code/data/2025-10-15/scope-results-2025-10-15-1307.csv,3.420532266666669e-07,1.3553712266666666e-06,0,0,0,0,HV 20
,BNL,"12, 16",Electrons 191V,2.0,0,,200,/Users/rkfuentes/Documents/md_anderson_analysis/yepes_code/data/2025-10-15/scope-results-2025-10-15-1311.csv,2.91037728e-06,1.6144308266666666e-06,0,0,0,0,HV 20
,BNL,"12, 16",Electrons 191V,2.0,0,,200,/Users/rkfuentes/Documents/md_anderson_analysis/yepes_code/data/2025-10-15/scope-results-2025-10-15-1315.csv,1.4260679600000002e-06,6.319316666666668e-07,0,0,0,0,HV 7
,BNL,"12, 16",Electrons 191V,2.0,0,,200,/Users/rkfuentes/Documents/md_anderson_analysis/yepes_code/data/2025-10-15/scope-results-2025-10-15-1318.csv,1.705955360000001e-06,1.8562370800000002e-06,0,0,0,0,HV 0
,BNL,"12, 16",Electrons 85V,3.0,0,,50,/Users/rkfuentes/Documents/md_anderson_analysis/yepes_code/data/2025-10-15/scope-results-2025-10-15-0052.csv,7.689062251082251e-07,1.2770666666666647e-08,0,0,0,0,HV 20
,BNL,"12, 16",Electrons 85V,3.0,0,,50,/Users/rkfuentes/Documents/md_anderson_analysis/yepes_code/data/2025-10-15/scope-results-2025-10-15-0120.csv,3.819751634656423e-06,2.192251378896883e-06,0,0,0,0,HV 50
,BNL,"12, 16",Electrons 85V,3.0,0,,50,/Users/rkfuentes/Documents/md_anderson_analysis/yepes_code/data/2025-10-15/scope-results-2025-10-15-0121.csv,3.866214285714286e-06,2.2369540740740743e-06,0,0,0,0,HV 50
,BNL,"12, 16",Electrons 85V,3.0,0,,50,/Users/rkfuentes/Documents/md_anderson_analysis/yepes_code/data/2025-10-15/scope-results-2025-10-15-0122.csv,3.888830566343042e-06,2.269500446735396e-06,0,0,0,0,HV 50
,BNL,"12, 16",Electrons 85V,3.0,0,,50,/Users/rkfuentes/Documents/md_anderson_analysis/yepes_code/data/2025-10-15/scope-results-2025-10-15-0123.csv,3.934736807228915e-06,2.2557848521046647e-06,0,0,0,0,HV 50
,BNL,"12, 16",Electrons 85V,3.0,0,,50,/Users/rkfuentes/Documents/md_anderson_analysis/yepes_code/data/2025-10-15/scope-results-2025-10-15-0124.csv,3.6018974092409237e-06,1.7260548507462684e-06,0,0,0,0,HV 50
,BNL,"12, 16",Electrons 85V,3.0,0,,50,/Users/rkfuentes/Documents/md_anderson_analysis/yepes_code/data/2025-10-15/scope-results-2025-10-15-0125.csv,3.633155433070867e-06,1.7737891791044774e-06,0,0,0,0,HV 50
,BNL,"12, 16",Electrons 85V,3.0,0,,50,/Users/rkfuentes/Documents/md_anderson_analysis/yepes_code/data/2025-10-15/scope-results-2025-10-15-0126.csv,3.6350025641025654e-06,1.7117466091954027e-06,0,0,0,0,HV 50
,BNL,"12, 16",Electrons 85V,3.0,0,,50,/Users/rkfuentes/Documents/md_anderson_analysis/yepes_code/data/2025-10-15/scope-results-2025-10-15-0127.csv,3.8057980853994495e-06,2.1528723056994815e-06,0,0,0,0,HV 50
,BNL,"12, 16",Electrons 85V,3.0,0,,50,/Users/rkfuentes/Documents/md_anderson_analysis/yepes_code/data/2025-10-15/scope-results-2025-10-15-0160.csv,4.587001909385114e-06,3.630910264672037e-06,0,0,0,0,HV 100
,BNL,"12, 16",Electrons 85V,3.0,0,,50,/Users/rkfuentes/Documents/md_anderson_analysis/yepes_code/data/2025-10-15/scope-results-2025-10-15-0161.csv,4.606607792207792e-06,3.597546177856302e-06,0,0,0,0,HV 100
,BNL,"12, 16",Electrons 85V,3.0,0,,40,/Users/rkfuentes/Documents/md_anderson_analysis/yepes_code/data/2025-10-15/scope-results-2025-10-15-0264.csv,4.123084851024209e-06,2.155688055555556e-06,0,0,0,0,HV 50
,BNL,"12, 16",Electrons 85V,3.0,0,,40,/Users/rkfuentes/Documents/md_anderson_analysis/yepes_code/data/2025-10-15/scope-results-2025-10-15-0336.csv,4.50845776061776e-06,3.6755232080200507e-06,0,0,0,0,HV 100
,BNL,"12, 16",Electrons 85V,3.0,0,,30,/Users/rkfuentes/Documents/md_anderson_analysis/yepes_code/data/2025-10-15/scope-results-2025-10-15-0634.csv,1.9341333333333387e-11,1.0234719999999297e-09,0,0,0,0,HV 7
,BNL,"12, 16",Electrons 85V,3.0,0,,30,/Users/rkfuentes/Documents/md_anderson_analysis/yepes_code/data/2025-10-15/scope-results-2025-10-15-0704.csv,4.257986554666667e-06,4.346505546666667e-06,0,0,0,0,HV 20
,BNL,"12, 16",Electrons 85V,3.0,0,,30,/Users/rkfuentes/Documents/md_anderson_analysis/yepes_code/data/2025-10-15/scope-results-2025-10-15-0705.csv,4.232306965333333e-06,4.535680714666666e-06,0,0,0,0,HV 20
,BNL,"12, 16",Electrons 85V,3.0,0,,30,/Users/rkfuentes/Documents/md_anderson_analysis/yepes_code/data/2025-10-15/scope-results-2025-10-15-0706.csv,4.340027999999999e-06,4.342770773333334e-06,0,0,0,0,HV 20
,BNL,"12, 16",Electrons 85V,3.0,0,,30,/Users/rkfuentes/Documents/md_anderson_analysis/yepes_code/data/2025-10-15/scope-results-2025-10-15-0707.csv,4.365700400000001e-06,4.43652032e-06,0,0,0,0,HV 20
,BNL,"12, 16",Electrons 85V,3.0,0,,30,/Users/rkfuentes/Documents/md_anderson_analysis/yepes_code/data/2025-10-15/scope-results-2025-10-15-0708.csv,4.356346805333334e-06,4.480257728000001e-06,0,0,0,0,HV 20
,BNL,"12, 16",Electrons 85V,3.0,0,,30,/Users/rkfuentes/Documents/md_anderson_analysis/yepes_code/data/2025-10-15/scope-results-2025-10-15-0709.csv,4.387877493333333e-06,4.591565525333333e-06,0,0,0,0,HV 20
,BNL,"12, 16",Electrons 85V,3.0,0,,30,/Users/rkfuentes/Documents/md_anderson_analysis/yepes_code/data/2025-10-15/scope-results-2025-10-15-0710.csv,4.4755026133333335e-06,4.484336906666668e-06,0,0,0,0,HV 20
,BNL,"12, 16",Electrons 85V,3.0,0,,30,/Users/rkfuentes/Documents/md_anderson_analysis/yepes_code/data/2025-10-15/scope-results-2025-10-15-0711.csv,4.510813173333333e-06,4.481566016e-06,0,0,0,0,HV 20
,BNL,"12, 16",Electrons 85V,3.0,0,,30,/Users/rkfuentes/Documents/md_anderson_analysis/yepes_code/data/2025-10-15/scope-results-2025-10-15-0712.csv,4.503987573333333e-06,4.6183284906666676e-06,0,0,0,0,HV 20
,BNL,"12, 16",Electrons 85V,3.0,0,,30,/Users/rkfuentes/Documents/md_anderson_analysis/yepes_code/data/2025-10-15/scope-results-2025-10-15-0713.csv,4.534043466666667e-06,4.691831338666665e-06,0,0,0,0,HV 20
,BNL,"12, 16",Electrons 85V,3.0,0,,30,/Users/rkfuentes/Documents/md_anderson_analysis/yepes_code/data/2025-10-15/scope-results-2025-10-15-0714.csv,4.525312426666667e-06,4.719174485333333e-06,0,0,0,0,HV 20
,BNL,"12, 16",Electrons 85V,3.0,0,,30,/Users/rkfuentes/Documents/md_anderson_analysis/yepes_code/data/2025-10-15/scope-results-2025-10-15-0715.csv,4.5631977386666664e-06,4.5119905866666654e-06,0,0,0,0,HV 20
,BNL,"12, 16",Electrons 85V,3.0,0,,30,/Users/rkfuentes/Documents/md_anderson_analysis/yepes_code/data/2025-10-15/scope-results-2025-10-15-0716.csv,4.565011733333333e-06,4.663484437333333e-06,0,0,0,0,HV 20
,BNL,"12, 16",Electrons 85V,3.0,0,,30,/Users/rkfuentes/Documents/md_anderson_analysis/yepes_code/data/2025-10-15/scope-results-2025-10-15-0717.csv,4.610440085333333e-06,4.539504725333334e-06,0,0,0,0,HV 20
,BNL,"12, 16",Electrons 85V,3.0,0,,30,/Users/rkfuentes/Documents/md_anderson_analysis/yepes_code/data/2025-10-15/scope-results-2025-10-15-0718.csv,4.627281066666666e-06,4.593177173333334e-06,0,0,0,0,HV 20
,BNL,"12, 16",Electrons 85V,3.0,0,,30,/Users/rkfuentes/Documents/md_anderson_analysis/yepes_code/data/2025-10-15/scope-results-2025-10-15-0719.csv,4.640574805333334e-06,4.650255781333333e-06,0,0,0,0,HV 20
,BNL,"12, 16",Electrons 85V,3.0,0,,30,/Users/rkfuentes/Documents/md_anderson_analysis/yepes_code/data/2025-10-15/scope-results-2025-10-15-0720.csv,4.645225525333333e-06,4.6978964e-06,0,0,0,0,HV 20
,BNL,"12, 16",Electrons 85V,3.0,0,,20,/Users/rkfuentes/Documents/md_anderson_analysis/yepes_code/data/2025-10-15/scope-results-2025-10-15-0776.csv,4.0970134e-06,4.42030824e-06,0,0,0,0,HV 7
,BNL,"12, 16",Electrons 85V,3.0,0,,20,/Users/rkfuentes/Documents/md_anderson_analysis/yepes_code/data/2025-10-15/scope-results-2025-10-15-0777.csv,3.9470213333333336e-06,2.4327297733333332e-06,0,0,0,0,HV 7
,BNL,"12, 16",Electrons 85V,3.0,0,,20,/Users/rkfuentes/Documents/md_anderson_analysis/yepes_code/data/2025-10-15/scope-results-2025-10-15-0778.csv,4.0082018666666655e-06,2.4723408000000006e-06,0,0,0,0,HV 7
,BNL,"12, 16",Electrons 85V,3.0,0,,20,/Users/rkfuentes/Documents/md_anderson_analysis/yepes_code/data/2025-10-15/scope-results-2025-10-15-0779.csv,4.121464386666666e-06,2.3324307599999997e-06,0,0,0,0,HV 7
,BNL,"12, 16",Electrons 85V,3.0,0,,20,/Users/rkfuentes/Documents/md_anderson_analysis/yepes_code/data/2025-10-15/scope-results-2025-10-15-0780.csv,4.044599039999999e-06,2.4901565466666666e-06,0,0,0,0,HV 7
,BNL,"12, 16",Electrons 85V,3.0,0,,20,/Users/rkfuentes/Documents/md_anderson_analysis/yepes_code/data/2025-10-15/scope-results-2025-10-15-0781.csv,4.060980653333333e-06,2.45845696e-06,0,0,0,0,HV 7
,BNL,"12, 16",Electrons 85V,3.0,0,,20,/Users/rkfuentes/Documents/md_anderson_analysis/yepes_code/data/2025-10-15/scope-results-2025-10-15-0782.csv,4.29931844e-06,4.371435599999999e-06,0,0,0,0,HV 7
,BNL,"12, 16",Electrons 85V,3.0,0,,20,/Users/rkfuentes/Documents/md_anderson_analysis/yepes_code/data/2025-10-15/scope-results-2025-10-15-0783.csv,4.203353973333334e-06,2.524268e-06,0,0,0,0,HV 7
,BNL,"12, 16",Electrons 85V,3.0,0,,20,/Users/rkfuentes/Documents/md_anderson_analysis/yepes_code/data/2025-10-15/scope-results-2025-10-15-0784.csv,4.078042666666665e-06,2.4150291200000003e-06,0,0,0,0,HV 7
,BNL,"12, 16",Electrons 85V,3.0,0,,20,/Users/rkfuentes/Documents/md_anderson_analysis/yepes_code/data/2025-10-15/scope-results-2025-10-15-0785.csv,4.043119653333333e-06,2.4549862400000003e-06,0,0,0,0,HV 7
,BNL,"12, 16",Electrons 85V,3.0,0,,20,/Users/rkfuentes/Documents/md_anderson_analysis/yepes_code/data/2025-10-15/scope-results-2025-10-15-0786.csv,4.374506e-06,2.4844274400000007e-06,0,0,0,0,HV 7
,BNL,"12, 16",Electrons 85V,3.0,0,,20,/Users/rkfuentes/Documents/md_anderson_analysis/yepes_code/data/2025-10-15/scope-results-2025-10-15-0787.csv,4.137579106666667e-06,2.4884186666666665e-06,0,0,0,0,HV 7
,BNL,"12, 16",Electrons 85V,3.0,0,,20,/Users/rkfuentes/Documents/md_anderson_analysis/yepes_code/data/2025-10-15/scope-results-2025-10-15-0788.csv,4.191690013333333e-06,2.46358616e-06,0,0,0,0,HV 7
,BNL,"12, 16",Electrons 85V,3.0,0,,20,/Users/rkfuentes/Documents/md_anderson_analysis/yepes_code/data/2025-10-15/scope-results-2025-10-15-0789.csv,4.205262399999999e-06,2.5884575866666666e-06,0,0,0,0,HV 7
,BNL,"12, 16",Electrons 85V,3.0,0,,20,/Users/rkfuentes/Documents/md_anderson_analysis/yepes_code/data/2025-10-15/scope-results-2025-10-15-0790.csv,4.4143790400000015e-06,2.5024589866666664e-06,0,0,0,0,HV 7
,BNL,"12, 16",Electrons 85V,3.0,0,,20,/Users/rkfuentes/Documents/md_anderson_analysis/yepes_code/data/2025-10-15/scope-results-2025-10-15-0791.csv,4.243132826666666e-06,2.460235666666667e-06,0,0,0,0,HV 7
,BNL,"12, 16",Electrons 85V,3.0,0,,20,/Users/rkfuentes/Documents/md_anderson_analysis/yepes_code/data/2025-10-15/scope-results-2025-10-15-0792.csv,4.4374689066666665e-06,2.4103356399999997e-06,0,0,0,0,HV 7
,BNL,"12, 16",Electrons 85V,3.0,0,,20,/Users/rkfuentes/Documents/md_anderson_analysis/yepes_code/data/2025-10-15/scope-results-2025-10-15-0793.csv,4.196809653333334e-06,2.5691304800000006e-06,0,0,0,0,HV 7
,BNL,"12, 16",Electrons 85V,3.0,0,,20,/Users/rkfuentes/Documents/md_anderson_analysis/yepes_code/data/2025-10-15/scope-results-2025-10-15-0848.csv,5.238250573333334e-06,3.3899891999999982e-06,0,0,0,0,HV 20
,BNL,"12, 16",Electrons 85V,3.0,0,,20,/Users/rkfuentes/Documents/md_anderson_analysis/yepes_code/data/2025-10-15/scope-results-2025-10-15-0849.csv,5.271674266666666e-06,3.3393156266666675e-06,0,0,0,0,HV 20
,BNL,"12, 16",Electrons 85V,3.0,0,,20,/Users/rkfuentes/Documents/md_anderson_analysis/yepes_code/data/2025-10-15/scope-results-2025-10-15-0850.csv,5.181108479999999e-06,3.4480878799999993e-06,0,0,0,0,HV 20
,BNL,"12, 16",Electrons 85V,3.0,0,,20,/Users/rkfuentes/Documents/md_anderson_analysis/yepes_code/data/2025-10-15/scope-results-2025-10-15-0851.csv,5.273585920000001e-06,3.4439524533333343e-06,0,0,0,0,HV 20
,BNL,"12, 16",Electrons 85V,3.0,0,,20,/Users/rkfuentes/Documents/md_anderson_analysis/yepes_code/data/2025-10-15/scope-results-2025-10-15-0852.csv,5.216310186666667e-06,3.3569266133333336e-06,0,0,0,0,HV 20
,BNL,"12, 16",Electrons 85V,3.0,0,,20,/Users/rkfuentes/Documents/md_anderson_analysis/yepes_code/data/2025-10-15/scope-results-2025-10-15-0853.csv,5.283034133333335e-06,3.3799305599999995e-06,0,0,0,0,HV 20
,BNL,"12, 16",Electrons 85V,3.0,0,,20,/Users/rkfuentes/Documents/md_anderson_analysis/yepes_code/data/2025-10-15/scope-results-2025-10-15-0854.csv,5.288451866666667e-06,3.373114906666667e-06,0,0,0,0,HV 20
,BNL,"12, 16",Electrons 85V,3.0,0,,20,/Users/rkfuentes/Documents/md_anderson_analysis/yepes_code/data/2025-10-15/scope-results-2025-10-15-0855.csv,5.206929066666667e-06,3.343529066666666e-06,0,0,0,0,HV 20
,BNL,"12, 16",Electrons 85V,3.0,0,,20,/Users/rkfuentes/Documents/md_anderson_analysis/yepes_code/data/2025-10-15/scope-results-2025-10-15-0856.csv,5.26287596e-06,3.4847253733333328e-06,0,0,0,0,HV 20
,BNL,"12, 16",Electrons 85V,3.0,0,,20,/Users/rkfuentes/Documents/md_anderson_analysis/yepes_code/data/2025-10-15/scope-results-2025-10-15-0857.csv,5.18730976e-06,3.402813866666667e-06,0,0,0,0,HV 20
,BNL,"12, 16",Electrons 85V,3.0,0,,20,/Users/rkfuentes/Documents/md_anderson_analysis/yepes_code/data/2025-10-15/scope-results-2025-10-15-0858.csv,5.21517212e-06,3.5697567999999993e-06,0,0,0,0,HV 20
,BNL,"12, 16",Electrons 85V,3.0,0,,20,/Users/rkfuentes/Documents/md_anderson_analysis/yepes_code/data/2025-10-15/scope-results-2025-10-15-0859.csv,5.222878240000001e-06,3.5755892400000005e-06,0,0,0,0,HV 20
,BNL,"12, 16",Electrons 85V,3.0,0,,20,/Users/rkfuentes/Documents/md_anderson_analysis/yepes_code/data/2025-10-15/scope-results-2025-10-15-0860.csv,5.311427466666667e-06,3.492345879999999e-06,0,0,0,0,HV 20
,BNL,"12, 16",Electrons 85V,3.0,0,,20,/Users/rkfuentes/Documents/md_anderson_analysis/yepes_code/data/2025-10-15/scope-results-2025-10-15-0861.csv,5.290121546666667e-06,3.5178892000000004e-06,0,0,0,0,HV 20
,BNL,"12, 16",Electrons 85V,3.0,0,,20,/Users/rkfuentes/Documents/md_anderson_analysis/yepes_code/data/2025-10-15/scope-results-2025-10-15-0862.csv,5.180214999999999e-06,3.6410028533333333e-06,0,0,0,0,HV 20
,BNL,"12, 16",Electrons 85V,3.0,0,,20,/Users/rkfuentes/Documents/md_anderson_analysis/yepes_code/data/2025-10-15/scope-results-2025-10-15-0863.csv,5.237705493333334e-06,3.6330094399999997e-06,0,0,0,0,HV 20
,BNL,"12, 16",Electrons 85V,3.0,0,,20,/Users/rkfuentes/Documents/md_anderson_analysis/yepes_code/data/2025-10-15/scope-results-2025-10-15-0864.csv,5.433848733333335e-06,3.5282605600000007e-06,0,0,0,0,HV 20
,BNL,"12, 16",Electrons 85V,3.0,0,,20,/Users/rkfuentes/Documents/md_anderson_analysis/yepes_code/data/2025-10-15/scope-results-2025-10-15-0919.csv,4.111887386666668e-06,1.5793267999999952e-07,0,0,0,0,HV 0
,BNL,"12, 16",Electrons 85V,3.0,0,,20,/Users/rkfuentes/Documents/md_anderson_analysis/yepes_code/data/2025-10-15/scope-results-2025-10-15-0920.csv,4.1539436933333356e-06,1.4013928000000004e-07,0,0,0,0,HV 0
,BNL,"12, 16",Electrons 85V,3.0,0,,20,/Users/rkfuentes/Documents/md_anderson_analysis/yepes_code/data/2025-10-15/scope-results-2025-10-15-0921.csv,4.228735040000001e-06,1.5438088000000018e-07,0,0,0,0,HV 0
,BNL,"12, 16",Electrons 85V,3.0,0,,20,/Users/rkfuentes/Documents/md_anderson_analysis/yepes_code/data/2025-10-15/scope-results-2025-10-15-0922.csv,3.3041362266666676e-06,1.563865200000004e-07,0,0,0,0,HV 0
,BNL,"12, 16",Electrons 85V,3.0,0,,20,/Users/rkfuentes/Documents/md_anderson_analysis/yepes_code/data/2025-10-15/scope-results-2025-10-15-0923.csv,4.315425440000001e-06,1.8237701333333315e-07,0,0,0,0,HV 0
,BNL,"12, 16",Electrons 85V,3.0,0,,20,/Users/rkfuentes/Documents/md_anderson_analysis/yepes_code/data/2025-10-15/scope-results-2025-10-15-0924.csv,3.0507713333333326e-06,1.666006133333334e-07,0,0,0,0,HV 0
,BNL,"12, 16",Electrons 85V,3.0,0,,20,/Users/rkfuentes/Documents/md_anderson_analysis/yepes_code/data/2025-10-15/scope-results-2025-10-15-0925.csv,3.3847551866666666e-06,1.6782293333333338e-07,0,0,0,0,HV 0
,BNL,"12, 16",Electrons 85V,3.0,0,,20,/Users/rkfuentes/Documents/md_anderson_analysis/yepes_code/data/2025-10-15/scope-results-2025-10-15-0926.csv,3.1944661999999994e-06,1.5883739999999984e-07,0,0,0,0,HV 0
,BNL,"12, 16",Electrons 85V,3.0,0,,20,/Users/rkfuentes/Documents/md_anderson_analysis/yepes_code/data/2025-10-15/scope-results-2025-10-15-0927.csv,4.398030933333336e-06,1.624925333333333e-07,0,0,0,0,HV 0
,BNL,"12, 16",Electrons 85V,3.0,0,,20,/Users/rkfuentes/Documents/md_anderson_analysis/yepes_code/data/2025-10-15/scope-results-2025-10-15-0928.csv,4.392972266666668e-06,1.623421333333331e-07,0,0,0,0,HV 0
,BNL,"12, 16",Electrons 85V,3.0,0,,20,/Users/rkfuentes/Documents/md_anderson_analysis/yepes_code/data/2025-10-15/scope-results-2025-10-15-0929.csv,3.3039140533333336e-06,1.8093790666666652e-07,0,0,0,0,HV 0
,BNL,"12, 16",Electrons 85V,3.0,0,,20,/Users/rkfuentes/Documents/md_anderson_analysis/yepes_code/data/2025-10-15/scope-results-2025-10-15-0930.csv,3.2243431200000003e-06,1.473057333333332e-07,0,0,0,0,HV 0
,BNL,"12, 16",Electrons 85V,3.0,0,,20,/Users/rkfuentes/Documents/md_anderson_analysis/yepes_code/data/2025-10-15/scope-results-2025-10-15-0931.csv,3.3005124266666687e-06,1.8656666666666656e-07,0,0,0,0,HV 0
,BNL,"12, 16",Electrons 85V,3.0,0,,20,/Users/rkfuentes/Documents/md_anderson_analysis/yepes_code/data/2025-10-15/scope-results-2025-10-15-0932.csv,3.1365212266666675e-06,1.607245333333331e-07,0,0,0,0,HV 0
,BNL,"12, 16",Electrons 85V,3.0,0,,20,/Users/rkfuentes/Documents/md_anderson_analysis/yepes_code/data/2025-10-15/scope-results-2025-10-15-0933.csv,3.361083573333334e-06,1.8630000000000015e-07,0,0,0,0,HV 0
,BNL,"12, 16",Electrons 85V,3.0,0,,20,/Users/rkfuentes/Documents/md_anderson_analysis/yepes_code/data/2025-10-15/scope-results-2025-10-15-0934.csv,3.170128479999999e-06,1.4794451999999987e-07,0,0,0,0,HV 0
,BNL,"12, 16",Electrons 85V,3.0,0,,20,/Users/rkfuentes/Documents/md_anderson_analysis/yepes_code/data/2025-10-15/scope-results-2025-10-15-0935.csv,4.414951133333335e-06,1.541032666666666e-07,0,0,0,0,HV 0
,BNL,"12, 16",Electrons 85V,3.0,0,,10,/Users/rkfuentes/Documents/md_anderson_analysis/yepes_code/data/2025-10-15/scope-results-2025-10-15-0990.csv,4.521872746666668e-06,2.5226685333333345e-07,0,0,0,0,HV 0
,BNL,"12, 16",Electrons 85V,3.0,0,,10,/Users/rkfuentes/Documents/md_anderson_analysis/yepes_code/data/2025-10-15/scope-results-2025-10-15-0991.csv,4.503265613333334e-06,2.4666159999999973e-07,0,0,0,0,HV 0
,BNL,"12, 16",Electrons 85V,3.0,0,,10,/Users/rkfuentes/Documents/md_anderson_analysis/yepes_code/data/2025-10-15/scope-results-2025-10-15-0992.csv,4.47819248e-06,2.315394666666666e-07,0,0,0,0,HV 0
,BNL,"12, 16",Electrons 85V,3.0,0,,10,/Users/rkfuentes/Documents/md_anderson_analysis/yepes_code/data/2025-10-15/scope-results-2025-10-15-0993.csv,6.079228826666666e-06,2.2615029333333245e-07,0,0,0,0,HV 0
,BNL,"12, 16",Electrons 85V,3.0,0,,10,/Users/rkfuentes/Documents/md_anderson_analysis/yepes_code/data/2025-10-15/scope-results-2025-10-15-0994.csv,4.603639320000001e-06,2.501792000000002e-07,0,0,0,0,HV 0
,BNL,"12, 16",Electrons 85V,3.0,0,,10,/Users/rkfuentes/Documents/md_anderson_analysis/yepes_code/data/2025-10-15/scope-results-2025-10-15-0995.csv,4.554271839999999e-06,2.2360435999999985e-07,0,0,0,0,HV 0
,BNL,"12, 16",Electrons 85V,3.0,0,,10,/Users/rkfuentes/Documents/md_anderson_analysis/yepes_code/data/2025-10-15/scope-results-2025-10-15-0996.csv,4.625284266666666e-06,2.460055333333334e-07,0,0,0,0,HV 0
,BNL,"12, 16",Electrons 85V,3.0,0,,10,/Users/rkfuentes/Documents/md_anderson_analysis/yepes_code/data/2025-10-15/scope-results-2025-10-15-0997.csv,4.5439952e-06,2.3527986666666587e-07,0,0,0,0,HV 0
,BNL,"12, 16",Electrons 85V,3.0,0,,10,/Users/rkfuentes/Documents/md_anderson_analysis/yepes_code/data/2025-10-15/scope-results-2025-10-15-0998.csv,4.493684800000001e-06,2.396310399999999e-07,0,0,0,0,HV 0
,BNL,"12, 16",Electrons 85V,3.0,0,,10,/Users/rkfuentes/Documents/md_anderson_analysis/yepes_code/data/2025-10-15/scope-results-2025-10-15-0999.csv,4.566134773333333e-06,2.5173021333333263e-07,0,0,0,0,HV 0
,BNL,"12, 16",Electrons 85V,3.0,0,,10,/Users/rkfuentes/Documents/md_anderson_analysis/yepes_code/data/2025-10-15/scope-results-2025-10-15-1000.csv,4.489660053333333e-06,2.451144133333334e-07,0,0,0,0,HV 0
,BNL,"12, 16",Electrons 85V,3.0,0,,10,/Users/rkfuentes/Documents/md_anderson_analysis/yepes_code/data/2025-10-15/scope-results-2025-10-15-1001.csv,4.4529528399999996e-06,2.4184559999999946e-07,0,0,0,0,HV 0
,BNL,"12, 16",Electrons 85V,3.0,0,,10,/Users/rkfuentes/Documents/md_anderson_analysis/yepes_code/data/2025-10-15/scope-results-2025-10-15-1002.csv,4.4046803999999996e-06,2.3868646666666614e-07,0,0,0,0,HV 0
,BNL,"12, 16",Electrons 85V,3.0,0,,10,/Users/rkfuentes/Documents/md_anderson_analysis/yepes_code/data/2025-10-15/scope-results-2025-10-15-1003.csv,4.399252680000001e-06,2.597486400000006e-07,0,0,0,0,HV 0
,BNL,"12, 16",Electrons 85V,3.0,0,,10,/Users/rkfuentes/Documents/md_anderson_analysis/yepes_code/data/2025-10-15/scope-results-2025-10-15-1004.csv,5.850249080000002e-06,2.5324341333333267e-07,0,0,0,0,HV 0
,BNL,"12, 16",Electrons 85V,3.0,0,,10,/Users/rkfuentes/Documents/md_anderson_analysis/yepes_code/data/2025-10-15/scope-results-2025-10-15-1005.csv,4.202910160000001e-06,2.511595199999993e-07,0,0,0,0,HV 0
,BNL,"12, 16",Electrons 85V,3.0,0,,10,/Users/rkfuentes/Documents/md_anderson_analysis/yepes_code/data/2025-10-15/scope-results-2025-10-15-1006.csv,4.209400906666668e-06,2.5231565333333397e-07,0,0,0,0,HV 0
,BNL,"12, 16",Electrons 85V,3.0,0,,10,/Users/rkfuentes/Documents/md_anderson_analysis/yepes_code/data/2025-10-15/scope-results-2025-10-15-1061.csv,4.993106053333334e-06,4.5134070799999984e-06,0,0,0,0,HV 7
,BNL,"12, 16",Electrons 85V,3.0,0,,10,/Users/rkfuentes/Documents/md_anderson_analysis/yepes_code/data/2025-10-15/scope-results-2025-10-15-1062.csv,4.954012239999999e-06,2.7525491999999956e-07,0,0,0,0,HV 7
,BNL,"12, 16",Electrons 85V,3.0,0,,10,/Users/rkfuentes/Documents/md_anderson_analysis/yepes_code/data/2025-10-15/scope-results-2025-10-15-1063.csv,4.973837666666667e-06,4.550953813333334e-06,0,0,0,0,HV 7
,BNL,"12, 16",Electrons 85V,3.0,0,,10,/Users/rkfuentes/Documents/md_anderson_analysis/yepes_code/data/2025-10-15/scope-results-2025-10-15-1064.csv,4.941798480000001e-06,4.541923573333333e-06,0,0,0,0,HV 7
,BNL,"12, 16",Electrons 85V,3.0,0,,10,/Users/rkfuentes/Documents/md_anderson_analysis/yepes_code/data/2025-10-15/scope-results-2025-10-15-1065.csv,4.93684968e-06,2.771358800000005e-07,0,0,0,0,HV 7
,BNL,"12, 16",Electrons 85V,3.0,0,,10,/Users/rkfuentes/Documents/md_anderson_analysis/yepes_code/data/2025-10-15/scope-results-2025-10-15-1066.csv,4.993496906666667e-06,4.545376266666666e-06,0,0,0,0,HV 7
,BNL,"12, 16",Electrons 85V,3.0,0,,10,/Users/rkfuentes/Documents/md_anderson_analysis/yepes_code/data/2025-10-15/scope-results-2025-10-15-1067.csv,4.980001466666666e-06,4.245472479999999e-06,0,0,0,0,HV 7
,BNL,"12, 16",Electrons 85V,3.0,0,,10,/Users/rkfuentes/Documents/md_anderson_analysis/yepes_code/data/2025-10-15/scope-results-2025-10-15-1068.csv,4.958490346666667e-06,4.536506026666667e-06,0,0,0,0,HV 7
,BNL,"12, 16",Electrons 85V,3.0,0,,10,/Users/rkfuentes/Documents/md_anderson_analysis/yepes_code/data/2025-10-15/scope-results-2025-10-15-1069.csv,4.9604093866666665e-06,2.801766666666672e-07,0,0,0,0,HV 7
,BNL,"12, 16",Electrons 85V,3.0,0,,10,/Users/rkfuentes/Documents/md_anderson_analysis/yepes_code/data/2025-10-15/scope-results-2025-10-15-1070.csv,4.94367552e-06,4.425490986666667e-06,0,0,0,0,HV 7
,BNL,"12, 16",Electrons 85V,3.0,0,,10,/Users/rkfuentes/Documents/md_anderson_analysis/yepes_code/data/2025-10-15/scope-results-2025-10-15-1071.csv,4.9256410400000005e-06,4.521920400000001e-06,0,0,0,0,HV 7
,BNL,"12, 16",Electrons 85V,3.0,0,,10,/Users/rkfuentes/Documents/md_anderson_analysis/yepes_code/data/2025-10-15/scope-results-2025-10-15-1072.csv,4.908433333333334e-06,4.518884693333333e-06,0,0,0,0,HV 7
,BNL,"12, 16",Electrons 85V,3.0,0,,10,/Users/rkfuentes/Documents/md_anderson_analysis/yepes_code/data/2025-10-15/scope-results-2025-10-15-1073.csv,4.932227333333334e-06,2.814866666666658e-07,0,0,0,0,HV 7
,BNL,"12, 16",Electrons 85V,3.0,0,,10,/Users/rkfuentes/Documents/md_anderson_analysis/yepes_code/data/2025-10-15/scope-results-2025-10-15-1074.csv,4.949902506666668e-06,2.7673666666666713e-07,0,0,0,0,HV 7
,BNL,"12, 16",Electrons 85V,3.0,0,,10,/Users/rkfuentes/Documents/md_anderson_analysis/yepes_code/data/2025-10-15/scope-results-2025-10-15-1075.csv,4.909004560000001e-06,2.736822933333333e-07,0,0,0,0,HV 7
,BNL,"12, 16",Electrons 85V,3.0,0,,10,/Users/rkfuentes/Documents/md_anderson_analysis/yepes_code/data/2025-10-15/scope-results-2025-10-15-1076.csv,4.949897093333334e-06,4.524291026666667e-06,0,0,0,0,HV 7
,BNL,"12, 16",Electrons 85V,3.0,0,,10,/Users/rkfuentes/Documents/md_anderson_analysis/yepes_code/data/2025-10-15/scope-results-2025-10-15-1077.csv,4.929155733333334e-06,4.455751866666667e-06,0,0,0,0,HV 7
,BNL,"12, 16",Electrons 85V,3.0,0,,10,/Users/rkfuentes/Documents/md_anderson_analysis/yepes_code/data/2025-10-15/scope-results-2025-10-15-1078.csv,4.952341213333334e-06,4.541218666666666e-06,0,0,0,0,HV 7
,BNL,"12, 16",Electrons 85V,3.0,0,,10,/Users/rkfuentes/Documents/md_anderson_analysis/yepes_code/data/2025-10-15/scope-results-2025-10-15-1132.csv,5.655571986666666e-06,5.165051413333333e-06,0,0,0,0,HV 20
,BNL,"12, 16",Electrons 85V,3.0,0,,10,/Users/rkfuentes/Documents/md_anderson_analysis/yepes_code/data/2025-10-15/scope-results-2025-10-15-1133.csv,5.607053960000001e-06,3.0894975999999995e-07,0,0,0,0,HV 20
,BNL,"12, 16",Electrons 85V,3.0,0,,10,/Users/rkfuentes/Documents/md_anderson_analysis/yepes_code/data/2025-10-15/scope-results-2025-10-15-1134.csv,5.605654333333335e-06,3.138964000000003e-07,0,0,0,0,HV 20
,BNL,"12, 16",Electrons 85V,3.0,0,,10,/Users/rkfuentes/Documents/md_anderson_analysis/yepes_code/data/2025-10-15/scope-results-2025-10-15-1135.csv,5.6156812000000016e-06,3.183066666666668e-07,0,0,0,0,HV 20
,BNL,"12, 16",Electrons 85V,3.0,0,,10,/Users/rkfuentes/Documents/md_anderson_analysis/yepes_code/data/2025-10-15/scope-results-2025-10-15-1136.csv,5.640682133333335e-06,3.138275466666669e-07,0,0,0,0,HV 20
,BNL,"12, 16",Electrons 85V,3.0,0,,10,/Users/rkfuentes/Documents/md_anderson_analysis/yepes_code/data/2025-10-15/scope-results-2025-10-15-1137.csv,5.6359714400000005e-06,3.0920086666666703e-07,0,0,0,0,HV 20
,BNL,"12, 16",Electrons 85V,3.0,0,,10,/Users/rkfuentes/Documents/md_anderson_analysis/yepes_code/data/2025-10-15/scope-results-2025-10-15-1138.csv,5.595224693333334e-06,3.1882713333333397e-07,0,0,0,0,HV 20
,BNL,"12, 16",Electrons 85V,3.0,0,,10,/Users/rkfuentes/Documents/md_anderson_analysis/yepes_code/data/2025-10-15/scope-results-2025-10-15-1139.csv,5.630913306666667e-06,3.1325599999999956e-07,0,0,0,0,HV 20
,BNL,"12, 16",Electrons 85V,3.0,0,,10,/Users/rkfuentes/Documents/md_anderson_analysis/yepes_code/data/2025-10-15/scope-results-2025-10-15-1140.csv,5.634199e-06,3.1402861333333236e-07,0,0,0,0,HV 20
,BNL,"12, 16",Electrons 85V,3.0,0,,10,/Users/rkfuentes/Documents/md_anderson_analysis/yepes_code/data/2025-10-15/scope-results-2025-10-15-1141.csv,5.59156312e-06,3.208200000000005e-07,0,0,0,0,HV 20
,BNL,"12, 16",Electrons 85V,3.0,0,,10,/Users/rkfuentes/Documents/md_anderson_analysis/yepes_code/data/2025-10-15/scope-results-2025-10-15-1142.csv,5.605750666666667e-06,3.172166666666664e-07,0,0,0,0,HV 20
,BNL,"12, 16",Electrons 85V,3.0,0,,10,/Users/rkfuentes/Documents/md_anderson_analysis/yepes_code/data/2025-10-15/scope-results-2025-10-15-1143.csv,5.631260800000001e-06,3.1313880000000037e-07,0,0,0,0,HV 20
,BNL,"12, 16",Electrons 85V,3.0,0,,10,/Users/rkfuentes/Documents/md_anderson_analysis/yepes_code/data/2025-10-15/scope-results-2025-10-15-1144.csv,5.62195448e-06,2.5255635999999976e-06,0,0,0,0,HV 20
,BNL,"12, 16",Electrons 85V,3.0,0,,10,/Users/rkfuentes/Documents/md_anderson_analysis/yepes_code/data/2025-10-15/scope-results-2025-10-15-1145.csv,5.687143746666667e-06,2.7202797333333317e-06,0,0,0,0,HV 20
,BNL,"12, 16",Electrons 85V,3.0,0,,10,/Users/rkfuentes/Documents/md_anderson_analysis/yepes_code/data/2025-10-15/scope-results-2025-10-15-1146.csv,5.666969466666666e-06,2.5152380266666646e-06,0,0,0,0,HV 20
,BNL,"12, 16",Electrons 85V,3.0,0,,10,/Users/rkfuentes/Documents/md_anderson_analysis/yepes_code/data/2025-10-15/scope-results-2025-10-15-1147.csv,5.647641386666667e-06,2.6144047733333326e-06,0,0,0,0,HV 20
,BNL,"12, 16",Electrons 85V,3.0,0,,10,/Users/rkfuentes/Documents/md_anderson_analysis/yepes_code/data/2025-10-15/scope-results-2025-10-15-1148.csv,5.640949413333332e-06,5.357210386666668e-06,0,0,0,0,HV 20
,BNL,"12, 16",Electrons 110V,3.0,0,,100,/Users/rkfuentes/Documents/md_anderson_analysis/yepes_code/data/2025-10-15/scope-results-2025-10-15-1157.csv,3.143346e-06,3.0727599999999966e-07,0,0,0,0,HV 0
,BNL,"12, 16",Electrons 110V,3.0,0,,100,/Users/rkfuentes/Documents/md_anderson_analysis/yepes_code/data/2025-10-15/scope-results-2025-10-15-1161.csv,2.4485058666666664e-06,3.0218330666666654e-07,0,0,0,0,HV 0
,BNL,"12, 16",Electrons 110V,3.0,0,,100,/Users/rkfuentes/Documents/md_anderson_analysis/yepes_code/data/2025-10-15/scope-results-2025-10-15-1165.csv,3.0723767999999997e-06,1.0393365333333347e-07,0,0,0,0,HV 7
,BNL,"12, 16",Electrons 110V,3.0,0,,75,/Users/rkfuentes/Documents/md_anderson_analysis/yepes_code/data/2025-10-15/scope-results-2025-10-15-1170.csv,4.0039384e-06,2.9018557866666687e-06,0,0,0,0,HV 7
,BNL,"12, 16",Electrons 110V,3.0,0,,75,/Users/rkfuentes/Documents/md_anderson_analysis/yepes_code/data/2025-10-15/scope-results-2025-10-15-1174.csv,4.6230314666666675e-06,2.6465066666666645e-07,0,0,0,0,HV 0
,BNL,"12, 16",Electrons 110V,3.0,0,,50,/Users/rkfuentes/Documents/md_anderson_analysis/yepes_code/data/2025-10-15/scope-results-2025-10-15-1178.csv,5.271834613333332e-06,4.386560000000001e-07,0,0,0,0,HV 0
,BNL,"12, 16",Electrons 110V,3.0,0,,50,/Users/rkfuentes/Documents/md_anderson_analysis/yepes_code/data/2025-10-15/scope-results-2025-10-15-1182.csv,5.759030266666667e-06,4.937141466666666e-06,0,0,0,0,HV 7
,BNL,"12, 16",Electrons 110V,3.0,0,,40,/Users/rkfuentes/Documents/md_anderson_analysis/yepes_code/data/2025-10-15/scope-results-2025-10-15-1186.csv,5.051746133333334e-06,5.208460800000001e-07,0,0,0,0,HV 0
,BNL,"12, 16",Electrons 110V,3.0,0,,30,/Users/rkfuentes/Documents/md_anderson_analysis/yepes_code/data/2025-10-15/scope-results-2025-10-15-1190.csv,5.102613013333334e-06,5.463665333333329e-07,0,0,0,0,HV 0
,BNL,"12, 16",Electrons 191V,3.0,0,,100,/Users/rkfuentes/Documents/md_anderson_analysis/yepes_code/data/2025-10-15/scope-results-2025-10-15-1196.csv,5.4294572e-06,6.433833866666665e-07,0,0,0,0,HV 0
,BNL,"12, 16",Electrons 191V,3.0,0,,75,/Users/rkfuentes/Documents/md_anderson_analysis/yepes_code/data/2025-10-15/scope-results-2025-10-15-1202.csv,6.441966266666667e-06,4.103677333333336e-07,0,0,0,0,HV 0
,BNL,"12, 16",Electrons 191V,3.0,0,,50,/Users/rkfuentes/Documents/md_anderson_analysis/yepes_code/data/2025-10-15/scope-results-2025-10-15-1206.csv,7.7444312e-06,1.6729333333333717e-09,0,0,0,0,HV 0
,BNL,"12, 16",Electrons 191V,3.0,0,,50,/Users/rkfuentes/Documents/md_anderson_analysis/yepes_code/data/2025-10-15/scope-results-2025-10-15-1207.csv,8.40616752e-06,6.4228189333333326e-06,0,0,0,0,HV 0
,BNL,"12, 16",Electrons 110V,3.0,0,,125,/Users/rkfuentes/Documents/md_anderson_analysis/yepes_code/data/2025-10-15/scope-results-2025-10-15-1211.csv,1.4794719066666678e-06,2.3614344000000014e-07,0,0,0,0,HV 0
,BNL,"12, 16",Electrons 110V,3.0,0,,125,/Users/rkfuentes/Documents/md_anderson_analysis/yepes_code/data/2025-10-15/scope-results-2025-10-15-1215.csv,1.3080038266666671e-06,1.7363318266666669e-06,0,0,0,0,HV 7
,BNL,"12, 16",Electrons 110V,3.0,0,,125,/Users/rkfuentes/Documents/md_anderson_analysis/yepes_code/data/2025-10-15/scope-results-2025-10-15-1219.csv,2.972334133333333e-06,3.02436e-06,0,0,0,0,HV 20
,BNL,"12, 16",Electrons 191V,3.0,0,,125,/Users/rkfuentes/Documents/md_anderson_analysis/yepes_code/data/2025-10-15/scope-results-2025-10-15-1223.csv,5.982880533333335e-06,4.523193813333333e-06,0,0,0,0,HV 20
,BNL,"12, 16",Electrons 191V,3.0,0,,125,/Users/rkfuentes/Documents/md_anderson_analysis/yepes_code/data/2025-10-15/scope-results-2025-10-15-1227.csv,5.461825173333333e-06,3.0586007999999993e-06,0,0,0,0,HV 7
,BNL,"12, 16",Electrons 191V,3.0,0,,125,/Users/rkfuentes/Documents/md_anderson_analysis/yepes_code/data/2025-10-15/scope-results-2025-10-15-1231.csv,5.7818874400000015e-06,3.8483784533333345e-06,0,0,0,0,HV 0
,BNL,"12, 16",Electrons 110V,3.0,0,,150,/Users/rkfuentes/Documents/md_anderson_analysis/yepes_code/data/2025-10-15/scope-results-2025-10-15-1252.csv,1.1622379199999991e-06,2.292086653333333e-06,0,0,0,0,HV 0
,BNL,"12, 16",Electrons 110V,3.0,0,,150,/Users/rkfuentes/Documents/md_anderson_analysis/yepes_code/data/2025-10-15/scope-results-2025-10-15-1256.csv,1.079999973333332e-06,2.1214765333333327e-06,0,0,0,0,HV 7
,BNL,"12, 16",Electrons 110V,3.0,0,,150,/Users/rkfuentes/Documents/md_anderson_analysis/yepes_code/data/2025-10-15/scope-results-2025-10-15-1260.csv,3.0862175999999997e-06,3.4504284666666685e-06,0,0,0,0,HV 20
,BNL,"12, 16",Electrons 191V,3.0,0,,150,/Users/rkfuentes/Documents/md_anderson_analysis/yepes_code/data/2025-10-15/scope-results-2025-10-15-1268.csv,5.3259326e-06,2.9621852533333333e-06,0,0,0,0,HV 7
,BNL,"12, 16",Electrons 191V,3.0,0,,150,/Users/rkfuentes/Documents/md_anderson_analysis/yepes_code/data/2025-10-15/scope-results-2025-10-15-1272.csv,4.339443613333332e-06,2.6566173333333324e-07,0,0,0,0,HV 0
,BNL,"12, 16",Electrons 110V,3.0,0,,175,/Users/rkfuentes/Documents/md_anderson_analysis/yepes_code/data/2025-10-15/scope-results-2025-10-15-1276.csv,5.340808666666671e-07,1.1667352000000004e-07,0,0,0,0,HV 0
,BNL,"12, 16",Electrons 110V,3.0,0,,175,/Users/rkfuentes/Documents/md_anderson_analysis/yepes_code/data/2025-10-15/scope-results-2025-10-15-1280.csv,3.222736533333345e-07,8.321779199999992e-07,0,0,0,0,HV 7
,BNL,"12, 16",Electrons 110V,3.0,0,,175,/Users/rkfuentes/Documents/md_anderson_analysis/yepes_code/data/2025-10-15/scope-results-2025-10-15-1284.csv,1.1169798400000004e-06,1.4816898800000005e-06,0,0,0,0,HV 20
,BNL,"12, 16",Electrons 191V,3.0,0,,175,/Users/rkfuentes/Documents/md_anderson_analysis/yepes_code/data/2025-10-15/scope-results-2025-10-15-1288.csv,4.97387084e-06,3.4501788e-06,0,0,0,0,HV 20
,BNL,"12, 16",Electrons 191V,3.0,0,,175,/Users/rkfuentes/Documents/md_anderson_analysis/yepes_code/data/2025-10-15/scope-results-2025-10-15-1292.csv,3.79677528e-06,1.7447106000000008e-06,0,0,0,0,HV 7
,BNL,"12, 16",Electrons 191V,3.0,0,,175,/Users/rkfuentes/Documents/md_anderson_analysis/yepes_code/data/2025-10-15/scope-results-2025-10-15-1296.csv,2.419753173333333e-06,7.476206666666655e-08,0,0,0,0,HV 0
,BNL,"12, 16",Electrons 110V,3.0,0,,200,/Users/rkfuentes/Documents/md_anderson_analysis/yepes_code/data/2025-10-15/scope-results-2025-10-15-1300.csv,5.767501866666679e-07,1.1962980266666667e-06,0,0,0,0,HV 0
,BNL,"12, 16",Electrons 110V,3.0,0,,200,/Users/rkfuentes/Documents/md_anderson_analysis/yepes_code/data/2025-10-15/scope-results-2025-10-15-1304.csv,4.763916266666682e-07,1.1181912533333334e-06,0,0,0,0,HV 7
,BNL,"12, 16",Electrons 110V,3.0,0,,200,/Users/rkfuentes/Documents/md_anderson_analysis/yepes_code/data/2025-10-15/scope-results-2025-10-15-1308.csv,1.3421125866666668e-06,1.5805283733333334e-06,0,0,0,0,HV 20
,BNL,"12, 16",Electrons 191V,3.0,0,,200,/Users/rkfuentes/Documents/md_anderson_analysis/yepes_code/data/2025-10-15/scope-results-2025-10-15-1312.csv,4.3800302666666665e-06,2.500131373333333e-06,0,0,0,0,HV 20
,BNL,"12, 16",Electrons 191V,3.0,0,,200,/Users/rkfuentes/Documents/md_anderson_analysis/yepes_code/data/2025-10-15/scope-results-2025-10-15-1319.csv,2.7831192533333354e-06,2.2541042666666663e-06,0,0,0,0,HV 0
