,Detector,Channel,Beam,Pulse,Dose,X,Z,File,ch1_area,ch2_area,ch1_peaks,ch2_peaks,ch1_osc_perc,ch2_osc_perc,HV,ch1_osc_count,ch2_osc_count
0,BNL,"12 (ch1 in csv), 16 (ch2 in csv)",Electrons 85V,0.5,,,100.0,/Users/rkfuentes/Documents/md_anderson_analysis/yepes_code/2025-10-14/scope-results-2025-10-14-0973.csv,8.26750866884677e-10,4.006505899986272e-10,10,24,,,20,0.0,0.0
1,BNL,"12 (ch1 in csv), 16 (ch2 in csv)",Electrons 85V,0.5,,,100.0,/Users/rkfuentes/Documents/md_anderson_analysis/yepes_code/2025-10-14/scope-results-2025-10-14-0974.csv,5.01313522999413e-10,9.985269411414472e-11,3,16,,,20,0.0,0.0
2,BNL,"12 (ch1 in csv), 16 (ch2 in csv)",Electrons 85V,0.5,,,100.0,/Users/rkfuentes/Documents/md_anderson_analysis/yepes_code/2025-10-14/scope-results-2025-10-14-1002.csv,6.391469559715012e-07,1.3016632981578133e-07,148,63,,,50,0.0,0.0
3,BNL,"12 (ch1 in csv), 16 (ch2 in csv)",Electrons 85V,0.5,,,100.0,/Users/rkfuentes/Documents/md_anderson_analysis/yepes_code/2025-10-14/scope-results-2025-10-14-1003.csv,6.26371498162466e-07,9.817810894752277e-08,149,44,,,50,0.0,0.0
4,BNL,"12 (ch1 in csv), 16 (ch2 in csv)",Electrons 85V,0.5,,,100.0,/Users/rkfuentes/Documents/md_anderson_analysis/yepes_code/2025-10-14/scope-results-2025-10-14-1004.csv,6.437625345083155e-07,1.405374474192669e-07,127,72,,,50,0.0,0.0
5,BNL,"12 (ch1 in csv), 16 (ch2 in csv)",Electrons 85V,0.5,,,100.0,/Users/rkfuentes/Documents/md_anderson_analysis/yepes_code/2025-10-14/scope-results-2025-10-14-1005.csv,6.5135530636776e-07,1.2754555801991002e-07,123,71,,,50,0.0,0.0
6,BNL,"12 (ch1 in csv), 16 (ch2 in csv)",Electrons 85V,0.5,,,100.0,/Users/rkfuentes/Documents/md_anderson_analysis/yepes_code/2025-10-14/scope-results-2025-10-14-1006.csv,6.352586361597504e-07,1.270404601299653e-07,140,63,,,50,0.0,0.0
7,BNL,"12 (ch1 in csv), 16 (ch2 in csv)",Electrons 85V,0.5,,,100.0,/Users/rkfuentes/Documents/md_anderson_analysis/yepes_code/2025-10-14/scope-results-2025-10-14-1007.csv,4.996697154767708e-07,1.1499719665323503e-07,125,56,,,50,0.0,0.0
8,BNL,"12 (ch1 in csv), 16 (ch2 in csv)",Electrons 85V,0.5,,,100.0,/Users/rkfuentes/Documents/md_anderson_analysis/yepes_code/2025-10-14/scope-results-2025-10-14-1008.csv,2.522020481024279e-07,1.316027901360477e-07,108,64,,,50,0.0,0.0
9,BNL,"12 (ch1 in csv), 16 (ch2 in csv)",Electrons 85V,0.5,,,100.0,/Users/rkfuentes/Documents/md_anderson_analysis/yepes_code/2025-10-14/scope-results-2025-10-14-1009.csv,2.931705253734847e-11,1.3255244562786794e-07,12,68,,,50,0.0,0.0
10,BNL,"12 (ch1 in csv), 16 (ch2 in csv)",Electrons 85V,0.5,,,100.0,/Users/rkfuentes/Documents/md_anderson_analysis/yepes_code/2025-10-14/scope-results-2025-10-14-1010.csv,2.491614043442905e-07,1.1218801048446312e-07,119,54,,,50,0.0,0.0
11,BNL,"12 (ch1 in csv), 16 (ch2 in csv)",Electrons 85V,0.5,,,100.0,/Users/rkfuentes/Documents/md_anderson_analysis/yepes_code/2025-10-14/scope-results-2025-10-14-1121.csv,6.431599892635404e-07,3.128912979881883e-07,118,77,,,100,0.0,0.0
12,BNL,"12 (ch1 in csv), 16 (ch2 in csv)",Electrons 85V,0.5,,,100.0,/Users/rkfuentes/Documents/md_anderson_analysis/yepes_code/2025-10-14/scope-results-2025-10-14-1122.csv,6.496241706871878e-07,2.9189684965168197e-07,101,75,,,100,0.0,0.0
13,BNL,"12 (ch1 in csv), 16 (ch2 in csv)",Electrons 85V,0.5,,,100.0,/Users/rkfuentes/Documents/md_anderson_analysis/yepes_code/2025-10-14/scope-results-2025-10-14-1123.csv,6.504301645508947e-07,2.9884484023661905e-07,104,79,,,100,0.0,0.0
14,BNL,"12 (ch1 in csv), 16 (ch2 in csv)",Electrons 85V,0.5,,,100.0,/Users/rkfuentes/Documents/md_anderson_analysis/yepes_code/2025-10-14/scope-results-2025-10-14-1124.csv,6.640774985812657e-07,3.12963394571232e-07,94,87,,,100,0.0,0.0
15,BNL,"12 (ch1 in csv), 16 (ch2 in csv)",Electrons 85V,0.5,,,100.0,/Users/rkfuentes/Documents/md_anderson_analysis/yepes_code/2025-10-14/scope-results-2025-10-14-1125.csv,1.5916678657622733e-06,2.959335053628783e-07,97,82,,,100,2.0,0.0
16,BNL,"12 (ch1 in csv), 16 (ch2 in csv)",Electrons 85V,0.5,,,100.0,/Users/rkfuentes/Documents/md_anderson_analysis/yepes_code/2025-10-14/scope-results-2025-10-14-1126.csv,1.6486915892819746e-06,3.083483416612884e-09,114,9,,,100,3.0,0.0
17,BNL,"12 (ch1 in csv), 16 (ch2 in csv)",Electrons 85V,0.5,,,100.0,/Users/rkfuentes/Documents/md_anderson_analysis/yepes_code/2025-10-14/scope-results-2025-10-14-1127.csv,8.107028334349013e-09,3.249870658357701e-07,8,77,,,100,0.0,0.0
18,BNL,"12 (ch1 in csv), 16 (ch2 in csv)",Electrons 85V,0.5,,,100.0,/Users/rkfuentes/Documents/md_anderson_analysis/yepes_code/2025-10-14/scope-results-2025-10-14-1128.csv,6.568728498500807e-07,2.880752406881885e-07,114,83,,,100,0.0,0.0
19,BNL,"12 (ch1 in csv), 16 (ch2 in csv)",Electrons 85V,0.5,,,100.0,/Users/rkfuentes/Documents/md_anderson_analysis/yepes_code/2025-10-14/scope-results-2025-10-14-1129.csv,7.02833836505656e-10,3.077641580348801e-07,9,78,,,100,0.0,0.0
20,BNL,"12 (ch1 in csv), 16 (ch2 in csv)",Electrons 85V,0.5,,,100.0,/Users/rkfuentes/Documents/md_anderson_analysis/yepes_code/2025-10-14/scope-results-2025-10-14-1130.csv,6.356960378693582e-07,2.931557700893177e-07,99,86,,,100,0.0,0.0
21,BNL,"12 (ch1 in csv), 16 (ch2 in csv)",Electrons 85V,0.5,,,100.0,/Users/rkfuentes/Documents/md_anderson_analysis/yepes_code/2025-10-14/scope-results-2025-10-14-1131.csv,6.762216833742617e-07,3.1713902731998216e-07,110,64,,,100,0.0,0.0
22,BNL,"12 (ch1 in csv), 16 (ch2 in csv)",Electrons 85V,0.5,,,100.0,/Users/rkfuentes/Documents/md_anderson_analysis/yepes_code/2025-10-14/scope-results-2025-10-14-1132.csv,6.450158911797568e-07,1.3212686714540088e-09,108,11,,,100,0.0,0.0
23,BNL,"12 (ch1 in csv), 16 (ch2 in csv)",Electrons 85V,0.5,,,100.0,/Users/rkfuentes/Documents/md_anderson_analysis/yepes_code/2025-10-14/scope-results-2025-10-14-1133.csv,6.436858257237149e-07,1.2000390803783543e-10,90,8,,,100,0.0,0.0
24,BNL,"12 (ch1 in csv), 16 (ch2 in csv)",Electrons 85V,0.5,,,100.0,/Users/rkfuentes/Documents/md_anderson_analysis/yepes_code/2025-10-14/scope-results-2025-10-14-1134.csv,6.403493373915838e-07,2.210434438616045e-09,94,10,,,100,0.0,0.0
25,BNL,"12 (ch1 in csv), 16 (ch2 in csv)",Electrons 85V,0.5,,,100.0,/Users/rkfuentes/Documents/md_anderson_analysis/yepes_code/2025-10-14/scope-results-2025-10-14-1135.csv,6.510697236660103e-07,2.951716266861872e-07,94,71,,,100,0.0,0.0
26,BNL,"12 (ch1 in csv), 16 (ch2 in csv)",Electrons 85V,0.5,,,100.0,/Users/rkfuentes/Documents/md_anderson_analysis/yepes_code/2025-10-14/scope-results-2025-10-14-1136.csv,6.238166844200544e-07,1.8146037981891342e-09,90,11,,,100,0.0,0.0
27,BNL,"12 (ch1 in csv), 16 (ch2 in csv)",Electrons 85V,0.5,,,100.0,/Users/rkfuentes/Documents/md_anderson_analysis/yepes_code/2025-10-14/scope-results-2025-10-14-1137.csv,1.586548229847863e-06,3.034062721831798e-07,106,71,,,100,1.0,0.0
28,BNL,"12 (ch1 in csv), 16 (ch2 in csv)",Electrons 85V,0.5,,,100.0,/Users/rkfuentes/Documents/md_anderson_analysis/yepes_code/2025-10-14/scope-results-2025-10-14-1138.csv,6.536885557734846e-07,3.012628358446918e-07,101,78,,,100,0.0,0.0
29,BNL,"12 (ch1 in csv), 16 (ch2 in csv)",Electrons 85V,0.5,,,100.0,/Users/rkfuentes/Documents/md_anderson_analysis/yepes_code/2025-10-14/scope-results-2025-10-14-1139.csv,6.164861091182766e-07,2.3790473785997022e-09,101,9,,,100,0.0,0.0
30,BNL,"12 (ch1 in csv), 16 (ch2 in csv)",Electrons 85V,0.5,,,100.0,/Users/rkfuentes/Documents/md_anderson_analysis/yepes_code/2025-10-14/scope-results-2025-10-14-1140.csv,6.497963234041248e-07,3.166789792706673e-07,103,79,,,100,0.0,0.0
31,BNL,"12 (ch1 in csv), 16 (ch2 in csv)",Electrons 85V,0.5,,,100.0,/Users/rkfuentes/Documents/md_anderson_analysis/yepes_code/2025-10-14/scope-results-2025-10-14-1141.csv,6.243388182622608e-07,2.816969143437349e-07,104,82,,,100,0.0,0.0
32,BNL,"12 (ch1 in csv), 16 (ch2 in csv)",Electrons 85V,0.5,,,100.0,/Users/rkfuentes/Documents/md_anderson_analysis/yepes_code/2025-10-14/scope-results-2025-10-14-1142.csv,6.354476826219091e-07,2.893618894053227e-07,99,88,,,100,0.0,0.0
33,BNL,"12 (ch1 in csv), 16 (ch2 in csv)",Electrons 85V,0.5,,,100.0,/Users/rkfuentes/Documents/md_anderson_analysis/yepes_code/2025-10-14/scope-results-2025-10-14-1143.csv,1.60278455375677e-09,3.1066801106705626e-07,9,76,,,100,0.0,0.0
34,BNL,"12 (ch1 in csv), 16 (ch2 in csv)",Electrons 85V,0.5,,,100.0,/Users/rkfuentes/Documents/md_anderson_analysis/yepes_code/2025-10-14/scope-results-2025-10-14-1144.csv,6.440669987054084e-07,2.4267092110996183e-10,97,10,,,100,0.0,0.0
35,BNL,"12 (ch1 in csv), 16 (ch2 in csv)",Electrons 85V,0.5,,,100.0,/Users/rkfuentes/Documents/md_anderson_analysis/yepes_code/2025-10-14/scope-results-2025-10-14-1145.csv,6.40036396276655e-07,2.930420932295418e-07,88,75,,,100,0.0,0.0
36,BNL,"12 (ch1 in csv), 16 (ch2 in csv)",Electrons 85V,0.5,,,100.0,/Users/rkfuentes/Documents/md_anderson_analysis/yepes_code/2025-10-14/scope-results-2025-10-14-1146.csv,2.431829656119393e-10,1.7836822082102402e-09,12,8,,,100,0.0,0.0
37,BNL,"12 (ch1 in csv), 16 (ch2 in csv)",Electrons 85V,0.5,,,125.0,/Users/rkfuentes/Documents/md_anderson_analysis/yepes_code/2025-10-14/scope-results-2025-10-14-1289.csv,2.6703679876152224e-07,4.9339505489534656e-11,87,8,,,50,0.0,0.0
38,BNL,"12 (ch1 in csv), 16 (ch2 in csv)",Electrons 85V,0.5,,,125.0,/Users/rkfuentes/Documents/md_anderson_analysis/yepes_code/2025-10-14/scope-results-2025-10-14-1290.csv,2.394230421031369e-07,3.5384622442346915e-11,103,12,,,50,0.0,0.0
39,BNL,"12 (ch1 in csv), 16 (ch2 in csv)",Electrons 85V,0.5,,,125.0,/Users/rkfuentes/Documents/md_anderson_analysis/yepes_code/2025-10-14/scope-results-2025-10-14-1291.csv,2.225326997793931e-07,2.7204607130593463e-10,86,17,,,50,0.0,0.0
40,BNL,"12 (ch1 in csv), 16 (ch2 in csv)",Electrons 85V,0.5,,,125.0,/Users/rkfuentes/Documents/md_anderson_analysis/yepes_code/2025-10-14/scope-results-2025-10-14-1292.csv,2.666144235458302e-07,5.616757327513149e-11,96,9,,,50,0.0,0.0
41,BNL,"12 (ch1 in csv), 16 (ch2 in csv)",Electrons 85V,0.5,,,125.0,/Users/rkfuentes/Documents/md_anderson_analysis/yepes_code/2025-10-14/scope-results-2025-10-14-1293.csv,3.3455830553309255e-10,1.6100605347596842e-10,10,17,,,50,0.0,0.0
42,BNL,"12 (ch1 in csv), 16 (ch2 in csv)",Electrons 85V,0.5,,,125.0,/Users/rkfuentes/Documents/md_anderson_analysis/yepes_code/2025-10-14/scope-results-2025-10-14-1294.csv,2.685128376443026e-07,5.6625310542729565e-11,105,19,,,50,0.0,0.0
43,BNL,"12 (ch1 in csv), 16 (ch2 in csv)",Electrons 85V,0.5,,,125.0,/Users/rkfuentes/Documents/md_anderson_analysis/yepes_code/2025-10-14/scope-results-2025-10-14-1295.csv,7.890846842025984e-10,1.0821200941077135e-10,12,24,,,50,0.0,0.0
44,BNL,"12 (ch1 in csv), 16 (ch2 in csv)",Electrons 85V,0.5,,,125.0,/Users/rkfuentes/Documents/md_anderson_analysis/yepes_code/2025-10-14/scope-results-2025-10-14-1296.csv,1.997575172384023e-11,2.384910791107068e-12,12,25,,,50,0.0,0.0
45,BNL,"12 (ch1 in csv), 16 (ch2 in csv)",Electrons 85V,0.5,,,125.0,/Users/rkfuentes/Documents/md_anderson_analysis/yepes_code/2025-10-14/scope-results-2025-10-14-1297.csv,4.285643341831107e-11,3.806959121054691e-11,15,24,,,50,0.0,0.0
46,BNL,"12 (ch1 in csv), 16 (ch2 in csv)",Electrons 85V,0.5,,,125.0,/Users/rkfuentes/Documents/md_anderson_analysis/yepes_code/2025-10-14/scope-results-2025-10-14-1298.csv,2.464039182881561e-07,3.0944292107508614e-11,96,16,,,50,0.0,0.0
47,BNL,"12 (ch1 in csv), 16 (ch2 in csv)",Electrons 85V,0.5,,,125.0,/Users/rkfuentes/Documents/md_anderson_analysis/yepes_code/2025-10-14/scope-results-2025-10-14-1299.csv,4.142677262569603e-11,1.9746923689437467e-11,20,14,,,50,0.0,0.0
48,BNL,"12 (ch1 in csv), 16 (ch2 in csv)",Electrons 85V,0.5,,,125.0,/Users/rkfuentes/Documents/md_anderson_analysis/yepes_code/2025-10-14/scope-results-2025-10-14-1300.csv,9.51627957226197e-10,2.801282483718742e-12,9,15,,,50,0.0,0.0
49,BNL,"12 (ch1 in csv), 16 (ch2 in csv)",Electrons 85V,0.5,,,125.0,/Users/rkfuentes/Documents/md_anderson_analysis/yepes_code/2025-10-14/scope-results-2025-10-14-1301.csv,2.6053996663559554e-07,2.4097541476793847e-11,97,16,,,50,0.0,0.0
50,BNL,"12 (ch1 in csv), 16 (ch2 in csv)",Electrons 85V,0.5,,,125.0,/Users/rkfuentes/Documents/md_anderson_analysis/yepes_code/2025-10-14/scope-results-2025-10-14-1302.csv,2.172456618241158e-09,3.77358712954285e-11,17,11,,,50,0.0,0.0
51,BNL,"12 (ch1 in csv), 16 (ch2 in csv)",Electrons 85V,0.5,,,125.0,/Users/rkfuentes/Documents/md_anderson_analysis/yepes_code/2025-10-14/scope-results-2025-10-14-1303.csv,2.0184226332687948e-12,3.1126748778168226e-11,23,20,,,50,0.0,0.0
52,BNL,"12 (ch1 in csv), 16 (ch2 in csv)",Electrons 85V,0.5,,,125.0,/Users/rkfuentes/Documents/md_anderson_analysis/yepes_code/2025-10-14/scope-results-2025-10-14-1304.csv,1.855312638203036e-09,4.967104692544917e-11,9,20,,,50,0.0,0.0
53,BNL,"12 (ch1 in csv), 16 (ch2 in csv)",Electrons 85V,0.5,,,125.0,/Users/rkfuentes/Documents/md_anderson_analysis/yepes_code/2025-10-14/scope-results-2025-10-14-1305.csv,2.51593027385394e-07,3.2353531410227935e-12,83,25,,,50,0.0,0.0
54,BNL,"12 (ch1 in csv), 16 (ch2 in csv)",Electrons 85V,0.5,,,125.0,/Users/rkfuentes/Documents/md_anderson_analysis/yepes_code/2025-10-14/scope-results-2025-10-14-1306.csv,2.776884692841463e-07,1.3514758789028684e-11,109,26,,,50,0.0,0.0
55,BNL,"12 (ch1 in csv), 16 (ch2 in csv)",Electrons 85V,0.5,,,125.0,/Users/rkfuentes/Documents/md_anderson_analysis/yepes_code/2025-10-14/scope-results-2025-10-14-1307.csv,1.7936513051724291e-09,1.847997772231643e-11,13,18,,,50,0.0,0.0
56,BNL,"12 (ch1 in csv), 16 (ch2 in csv)",Electrons 85V,0.5,,,125.0,/Users/rkfuentes/Documents/md_anderson_analysis/yepes_code/2025-10-14/scope-results-2025-10-14-1308.csv,2.5561295654441177e-07,2.3947234055419967e-10,88,7,,,50,0.0,0.0
57,BNL,"12 (ch1 in csv), 16 (ch2 in csv)",Electrons 85V,0.5,,,125.0,/Users/rkfuentes/Documents/md_anderson_analysis/yepes_code/2025-10-14/scope-results-2025-10-14-1309.csv,2.605765382565487e-07,3.5800775216824385e-11,94,12,,,50,0.0,0.0
58,BNL,"12 (ch1 in csv), 16 (ch2 in csv)",Electrons 85V,0.5,,,125.0,/Users/rkfuentes/Documents/md_anderson_analysis/yepes_code/2025-10-14/scope-results-2025-10-14-1310.csv,2.9537306428403805e-10,1.5562507546558382e-10,10,21,,,50,0.0,0.0
59,BNL,"12 (ch1 in csv), 16 (ch2 in csv)",Electrons 85V,0.5,,,125.0,/Users/rkfuentes/Documents/md_anderson_analysis/yepes_code/2025-10-14/scope-results-2025-10-14-1311.csv,2.70143769474724e-07,8.962011101995969e-11,91,8,,,50,0.0,0.0
60,BNL,"12 (ch1 in csv), 16 (ch2 in csv)",Electrons 85V,0.5,,,125.0,/Users/rkfuentes/Documents/md_anderson_analysis/yepes_code/2025-10-14/scope-results-2025-10-14-1389.csv,4.1553535503791585e-07,3.1330321608924497e-10,106,6,,,100,0.0,0.0
61,BNL,"12 (ch1 in csv), 16 (ch2 in csv)",Electrons 85V,0.5,,,125.0,/Users/rkfuentes/Documents/md_anderson_analysis/yepes_code/2025-10-14/scope-results-2025-10-14-1390.csv,4.126474004815403e-07,2.285939727227849e-07,82,49,,,100,0.0,0.0
62,BNL,"12 (ch1 in csv), 16 (ch2 in csv)",Electrons 85V,0.5,,,125.0,/Users/rkfuentes/Documents/md_anderson_analysis/yepes_code/2025-10-14/scope-results-2025-10-14-1391.csv,4.430767548108178e-07,2.4399680084070757e-07,105,48,,,100,0.0,0.0
63,BNL,"12 (ch1 in csv), 16 (ch2 in csv)",Electrons 85V,0.5,,,125.0,/Users/rkfuentes/Documents/md_anderson_analysis/yepes_code/2025-10-14/scope-results-2025-10-14-1392.csv,4.468252694389693e-07,2.286261343273533e-07,101,50,,,100,0.0,0.0
64,BNL,"12 (ch1 in csv), 16 (ch2 in csv)",Electrons 85V,0.5,,,125.0,/Users/rkfuentes/Documents/md_anderson_analysis/yepes_code/2025-10-14/scope-results-2025-10-14-1393.csv,4.3632261688156155e-07,1.8485806635889647e-09,100,6,,,100,1.0,0.0
65,BNL,"12 (ch1 in csv), 16 (ch2 in csv)",Electrons 85V,0.5,,,125.0,/Users/rkfuentes/Documents/md_anderson_analysis/yepes_code/2025-10-14/scope-results-2025-10-14-1394.csv,4.462309502873283e-07,6.757865660031391e-11,96,7,,,100,1.0,0.0
66,BNL,"12 (ch1 in csv), 16 (ch2 in csv)",Electrons 85V,0.5,,,125.0,/Users/rkfuentes/Documents/md_anderson_analysis/yepes_code/2025-10-14/scope-results-2025-10-14-1395.csv,5.839811331303154e-10,1.614445136838878e-09,10,5,,,100,0.0,0.0
67,BNL,"12 (ch1 in csv), 16 (ch2 in csv)",Electrons 85V,0.5,,,125.0,/Users/rkfuentes/Documents/md_anderson_analysis/yepes_code/2025-10-14/scope-results-2025-10-14-1396.csv,4.274193328590027e-07,4.275791293828297e-10,89,6,,,100,0.0,0.0
68,BNL,"12 (ch1 in csv), 16 (ch2 in csv)",Electrons 85V,0.5,,,125.0,/Users/rkfuentes/Documents/md_anderson_analysis/yepes_code/2025-10-14/scope-results-2025-10-14-1397.csv,1.2854393123419471e-09,1.860587956072979e-09,10,6,,,100,0.0,0.0
69,BNL,"12 (ch1 in csv), 16 (ch2 in csv)",Electrons 85V,0.5,,,125.0,/Users/rkfuentes/Documents/md_anderson_analysis/yepes_code/2025-10-14/scope-results-2025-10-14-1398.csv,4.374721876503287e-07,2.097772615242076e-07,111,46,,,100,0.0,0.0
70,BNL,"12 (ch1 in csv), 16 (ch2 in csv)",Electrons 85V,0.5,,,125.0,/Users/rkfuentes/Documents/md_anderson_analysis/yepes_code/2025-10-14/scope-results-2025-10-14-1399.csv,4.27382657620758e-07,2.1886318981861178e-07,104,57,,,100,0.0,0.0
71,BNL,"12 (ch1 in csv), 16 (ch2 in csv)",Electrons 85V,0.5,,,125.0,/Users/rkfuentes/Documents/md_anderson_analysis/yepes_code/2025-10-14/scope-results-2025-10-14-1400.csv,4.067798622511332e-07,2.045662487055703e-07,75,51,,,100,0.0,0.0
72,BNL,"12 (ch1 in csv), 16 (ch2 in csv)",Electrons 85V,0.5,,,125.0,/Users/rkfuentes/Documents/md_anderson_analysis/yepes_code/2025-10-14/scope-results-2025-10-14-1401.csv,4.488174773581526e-07,2.493780693279627e-07,107,53,,,100,0.0,0.0
73,BNL,"12 (ch1 in csv), 16 (ch2 in csv)",Electrons 85V,0.5,,,125.0,/Users/rkfuentes/Documents/md_anderson_analysis/yepes_code/2025-10-14/scope-results-2025-10-14-1402.csv,4.253913454026288e-07,1.590152160261676e-09,89,9,,,100,0.0,0.0
74,BNL,"12 (ch1 in csv), 16 (ch2 in csv)",Electrons 85V,0.5,,,125.0,/Users/rkfuentes/Documents/md_anderson_analysis/yepes_code/2025-10-14/scope-results-2025-10-14-1403.csv,4.100991299654782e-07,2.602461260247339e-07,87,53,,,100,0.0,0.0
75,BNL,"12 (ch1 in csv), 16 (ch2 in csv)",Electrons 85V,0.5,,,125.0,/Users/rkfuentes/Documents/md_anderson_analysis/yepes_code/2025-10-14/scope-results-2025-10-14-1404.csv,4.239863303827383e-07,8.226039426446923e-10,103,6,,,100,1.0,0.0
76,BNL,"12 (ch1 in csv), 16 (ch2 in csv)",Electrons 85V,0.5,,,125.0,/Users/rkfuentes/Documents/md_anderson_analysis/yepes_code/2025-10-14/scope-results-2025-10-14-1405.csv,4.132693642108453e-07,1.454693207235627e-09,98,6,,,100,0.0,0.0
77,BNL,"12 (ch1 in csv), 16 (ch2 in csv)",Electrons 85V,0.5,,,125.0,/Users/rkfuentes/Documents/md_anderson_analysis/yepes_code/2025-10-14/scope-results-2025-10-14-1406.csv,4.238553358042593e-07,2.065576542798346e-07,99,40,,,100,0.0,0.0
78,BNL,"12 (ch1 in csv), 16 (ch2 in csv)",Electrons 85V,0.5,,,125.0,/Users/rkfuentes/Documents/md_anderson_analysis/yepes_code/2025-10-14/scope-results-2025-10-14-1407.csv,4.320178287052911e-07,2.6171376794664932e-09,98,5,,,100,0.0,0.0
79,BNL,"12 (ch1 in csv), 16 (ch2 in csv)",Electrons 85V,0.5,,,125.0,/Users/rkfuentes/Documents/md_anderson_analysis/yepes_code/2025-10-14/scope-results-2025-10-14-1408.csv,4.245907987571161e-07,1.9320078790721313e-07,108,37,,,100,1.0,0.0
80,BNL,"12 (ch1 in csv), 16 (ch2 in csv)",Electrons 85V,0.5,,,125.0,/Users/rkfuentes/Documents/md_anderson_analysis/yepes_code/2025-10-14/scope-results-2025-10-14-1409.csv,5.760337314922199e-10,1.3986560973703591e-09,10,6,,,100,0.0,0.0
81,BNL,"12 (ch1 in csv), 16 (ch2 in csv)",Electrons 85V,0.5,,,125.0,/Users/rkfuentes/Documents/md_anderson_analysis/yepes_code/2025-10-14/scope-results-2025-10-14-1410.csv,4.046042921995698e-07,2.3641454735746745e-07,102,50,,,100,0.0,0.0
82,BNL,"12 (ch1 in csv), 16 (ch2 in csv)",Electrons 85V,0.5,,,125.0,/Users/rkfuentes/Documents/md_anderson_analysis/yepes_code/2025-10-14/scope-results-2025-10-14-1411.csv,4.0320648573451444e-07,2.345975030998311e-07,102,51,,,100,1.0,0.0
83,BNL,"12 (ch1 in csv), 16 (ch2 in csv)",Electrons 85V,0.5,,,150.0,/Users/rkfuentes/Documents/md_anderson_analysis/yepes_code/2025-10-14/scope-results-2025-10-14-1481.csv,1.7474263358675638e-07,2.1969890897102894e-10,86,22,,,100,0.0,0.0
84,BNL,"12 (ch1 in csv), 16 (ch2 in csv)",Electrons 85V,0.5,,,150.0,/Users/rkfuentes/Documents/md_anderson_analysis/yepes_code/2025-10-14/scope-results-2025-10-14-1482.csv,1.2609179614676916e-11,3.834923296979771e-12,1,21,,,100,0.0,0.0
85,BNL,"12 (ch1 in csv), 16 (ch2 in csv)",Electrons 85V,0.5,,,150.0,/Users/rkfuentes/Documents/md_anderson_analysis/yepes_code/2025-10-14/scope-results-2025-10-14-1483.csv,1.2084648309484483e-10,1.423347848753408e-09,11,6,,,100,0.0,0.0
86,BNL,"12 (ch1 in csv), 16 (ch2 in csv)",Electrons 85V,0.5,,,150.0,/Users/rkfuentes/Documents/md_anderson_analysis/yepes_code/2025-10-14/scope-results-2025-10-14-1484.csv,1.9281851955681e-07,2.516521716549949e-12,104,21,,,100,0.0,0.0
87,BNL,"12 (ch1 in csv), 16 (ch2 in csv)",Electrons 85V,0.5,,,150.0,/Users/rkfuentes/Documents/md_anderson_analysis/yepes_code/2025-10-14/scope-results-2025-10-14-1485.csv,3.0727073429576875e-10,1.6114695378924817e-07,10,67,,,100,0.0,0.0
88,BNL,"12 (ch1 in csv), 16 (ch2 in csv)",Electrons 85V,0.5,,,150.0,/Users/rkfuentes/Documents/md_anderson_analysis/yepes_code/2025-10-14/scope-results-2025-10-14-1486.csv,1.128486825619815e-09,3.0079920315390587e-10,9,15,,,100,0.0,0.0
89,BNL,"12 (ch1 in csv), 16 (ch2 in csv)",Electrons 85V,0.5,,,150.0,/Users/rkfuentes/Documents/md_anderson_analysis/yepes_code/2025-10-14/scope-results-2025-10-14-1487.csv,1.337889907649938e-07,1.7896208976966884e-10,62,21,,,100,0.0,0.0
90,BNL,"12 (ch1 in csv), 16 (ch2 in csv)",Electrons 85V,0.5,,,150.0,/Users/rkfuentes/Documents/md_anderson_analysis/yepes_code/2025-10-14/scope-results-2025-10-14-1488.csv,1.9552999271756314e-07,2.6190561583116343e-09,115,8,,,100,0.0,0.0
91,BNL,"12 (ch1 in csv), 16 (ch2 in csv)",Electrons 85V,0.5,,,150.0,/Users/rkfuentes/Documents/md_anderson_analysis/yepes_code/2025-10-14/scope-results-2025-10-14-1489.csv,1.0441387949122177e-07,1.570710010793456e-11,59,19,,,100,0.0,0.0
92,BNL,"12 (ch1 in csv), 16 (ch2 in csv)",Electrons 85V,0.5,,,150.0,/Users/rkfuentes/Documents/md_anderson_analysis/yepes_code/2025-10-14/scope-results-2025-10-14-1490.csv,7.042027223636363e-10,1.258968187047654e-07,9,44,,,100,0.0,0.0
93,BNL,"12 (ch1 in csv), 16 (ch2 in csv)",Electrons 85V,0.5,,,150.0,/Users/rkfuentes/Documents/md_anderson_analysis/yepes_code/2025-10-14/scope-results-2025-10-14-1491.csv,1.783445531874233e-07,7.806832536538757e-12,95,17,,,100,0.0,0.0
94,BNL,"12 (ch1 in csv), 16 (ch2 in csv)",Electrons 85V,0.5,,,150.0,/Users/rkfuentes/Documents/md_anderson_analysis/yepes_code/2025-10-14/scope-results-2025-10-14-1492.csv,1.6239180407321752e-07,2.346259000580773e-12,82,11,,,100,0.0,0.0
95,BNL,"12 (ch1 in csv), 16 (ch2 in csv)",Electrons 85V,0.5,,,150.0,/Users/rkfuentes/Documents/md_anderson_analysis/yepes_code/2025-10-14/scope-results-2025-10-14-1493.csv,9.79564418693824e-10,1.577282555286004e-07,12,70,,,100,0.0,0.0
96,BNL,"12 (ch1 in csv), 16 (ch2 in csv)",Electrons 85V,0.5,,,150.0,/Users/rkfuentes/Documents/md_anderson_analysis/yepes_code/2025-10-14/scope-results-2025-10-14-1494.csv,1.939535431499106e-07,1.217528739687041e-07,99,48,,,100,0.0,0.0
97,BNL,"12 (ch1 in csv), 16 (ch2 in csv)",Electrons 85V,0.5,,,150.0,/Users/rkfuentes/Documents/md_anderson_analysis/yepes_code/2025-10-14/scope-results-2025-10-14-1495.csv,1.9257275334716153e-07,1.7853372265398149e-07,100,70,,,100,0.0,0.0
98,BNL,"12 (ch1 in csv), 16 (ch2 in csv)",Electrons 85V,0.5,,,150.0,/Users/rkfuentes/Documents/md_anderson_analysis/yepes_code/2025-10-14/scope-results-2025-10-14-1496.csv,2.0117852962311885e-07,1.0459335656925657e-11,88,23,,,100,0.0,0.0
99,BNL,"12 (ch1 in csv), 16 (ch2 in csv)",Electrons 85V,0.5,,,150.0,/Users/rkfuentes/Documents/md_anderson_analysis/yepes_code/2025-10-14/scope-results-2025-10-14-1497.csv,1.960885462490425e-07,7.533411748844703e-11,87,18,,,100,0.0,0.0
100,BNL,"12 (ch1 in csv), 16 (ch2 in csv)",Electrons 85V,0.5,,,150.0,/Users/rkfuentes/Documents/md_anderson_analysis/yepes_code/2025-10-14/scope-results-2025-10-14-1498.csv,1.2065869420184591e-09,3.0774526618416744e-12,10,15,,,100,0.0,0.0
101,BNL,"12 (ch1 in csv), 16 (ch2 in csv)",Electrons 85V,0.5,,,150.0,/Users/rkfuentes/Documents/md_anderson_analysis/yepes_code/2025-10-14/scope-results-2025-10-14-1499.csv,4.463257270048134e-12,1.619376870719611e-07,8,65,,,100,0.0,0.0
102,BNL,"12 (ch1 in csv), 16 (ch2 in csv)",Electrons 85V,0.5,,,150.0,/Users/rkfuentes/Documents/md_anderson_analysis/yepes_code/2025-10-14/scope-results-2025-10-14-1500.csv,1.9125581628785424e-07,1.0956814093776643e-11,89,25,,,100,0.0,0.0
103,BNL,"12 (ch1 in csv), 16 (ch2 in csv)",Electrons 85V,0.5,,,150.0,/Users/rkfuentes/Documents/md_anderson_analysis/yepes_code/2025-10-14/scope-results-2025-10-14-1501.csv,1.798296611499713e-09,1.0388998160549356e-09,12,7,,,100,0.0,0.0
104,BNL,"12 (ch1 in csv), 16 (ch2 in csv)",Electrons 85V,0.5,,,150.0,/Users/rkfuentes/Documents/md_anderson_analysis/yepes_code/2025-10-14/scope-results-2025-10-14-1502.csv,2.6743691198566995e-11,3.718413989666503e-12,5,21,,,100,0.0,0.0
105,BNL,"12 (ch1 in csv), 16 (ch2 in csv)",Electrons 85V,0.5,,,150.0,/Users/rkfuentes/Documents/md_anderson_analysis/yepes_code/2025-10-14/scope-results-2025-10-14-1503.csv,1.592817444240134e-07,1.2685184520575274e-07,79,59,,,100,0.0,0.0
106,BNL,"12 (ch1 in csv), 16 (ch2 in csv)",Electrons 85V,0.5,,,150.0,/Users/rkfuentes/Documents/md_anderson_analysis/yepes_code/2025-10-14/scope-results-2025-10-14-1576.csv,4.5602009688405535e-11,1.5503532198687198e-11,6,27,,,50,0.0,0.0
107,BNL,"12 (ch1 in csv), 16 (ch2 in csv)",Electrons 85V,0.5,,,150.0,/Users/rkfuentes/Documents/md_anderson_analysis/yepes_code/2025-10-14/scope-results-2025-10-14-1577.csv,2.2661577829983968e-10,3.197988265721074e-11,7,20,,,50,0.0,0.0
108,BNL,"12 (ch1 in csv), 16 (ch2 in csv)",Electrons 85V,0.5,,,150.0,/Users/rkfuentes/Documents/md_anderson_analysis/yepes_code/2025-10-14/scope-results-2025-10-14-1578.csv,4.626821806270864e-11,5.8138352290146445e-11,5,24,,,50,0.0,0.0
109,BNL,"12 (ch1 in csv), 16 (ch2 in csv)",Electrons 85V,0.5,,,150.0,/Users/rkfuentes/Documents/md_anderson_analysis/yepes_code/2025-10-14/scope-results-2025-10-14-1579.csv,5.5381787638092055e-08,1.7905894339683348e-10,94,23,,,50,0.0,0.0
110,BNL,"12 (ch1 in csv), 16 (ch2 in csv)",Electrons 85V,0.5,,,150.0,/Users/rkfuentes/Documents/md_anderson_analysis/yepes_code/2025-10-14/scope-results-2025-10-14-1580.csv,5.770793276811014e-08,2.0685212375949843e-10,99,21,,,50,0.0,0.0
111,BNL,"12 (ch1 in csv), 16 (ch2 in csv)",Electrons 85V,0.5,,,150.0,/Users/rkfuentes/Documents/md_anderson_analysis/yepes_code/2025-10-14/scope-results-2025-10-14-1581.csv,6.473027039803563e-08,2.001485036773498e-10,118,23,,,50,0.0,0.0
112,BNL,"12 (ch1 in csv), 16 (ch2 in csv)",Electrons 85V,0.5,,,150.0,/Users/rkfuentes/Documents/md_anderson_analysis/yepes_code/2025-10-14/scope-results-2025-10-14-1582.csv,5.2804524967694406e-11,1.237414397197948e-11,9,21,,,50,0.0,0.0
113,BNL,"12 (ch1 in csv), 16 (ch2 in csv)",Electrons 85V,0.5,,,150.0,/Users/rkfuentes/Documents/md_anderson_analysis/yepes_code/2025-10-14/scope-results-2025-10-14-1583.csv,3.825118068329198e-08,2.258172846967531e-11,55,18,,,50,0.0,0.0
114,BNL,"12 (ch1 in csv), 16 (ch2 in csv)",Electrons 85V,0.5,,,150.0,/Users/rkfuentes/Documents/md_anderson_analysis/yepes_code/2025-10-14/scope-results-2025-10-14-1584.csv,8.888210089712697e-12,8.243697733166837e-13,12,23,,,50,0.0,0.0
115,BNL,"12 (ch1 in csv), 16 (ch2 in csv)",Electrons 85V,0.5,,,150.0,/Users/rkfuentes/Documents/md_anderson_analysis/yepes_code/2025-10-14/scope-results-2025-10-14-1585.csv,1.6378795914555602e-11,6.886513956069164e-11,9,25,,,50,0.0,0.0
116,BNL,"12 (ch1 in csv), 16 (ch2 in csv)",Electrons 85V,0.5,,,150.0,/Users/rkfuentes/Documents/md_anderson_analysis/yepes_code/2025-10-14/scope-results-2025-10-14-1586.csv,6.197560023068322e-08,2.2603249656259652e-11,104,18,,,50,0.0,0.0
117,BNL,"12 (ch1 in csv), 16 (ch2 in csv)",Electrons 85V,0.5,,,150.0,/Users/rkfuentes/Documents/md_anderson_analysis/yepes_code/2025-10-14/scope-results-2025-10-14-1587.csv,4.2848376697763216e-11,1.704983023388281e-10,4,14,,,50,0.0,0.0
118,BNL,"12 (ch1 in csv), 16 (ch2 in csv)",Electrons 85V,0.5,,,150.0,/Users/rkfuentes/Documents/md_anderson_analysis/yepes_code/2025-10-14/scope-results-2025-10-14-1588.csv,9.60620571836958e-12,1.8528433299508076e-11,5,22,,,50,0.0,0.0
119,BNL,"12 (ch1 in csv), 16 (ch2 in csv)",Electrons 85V,0.5,,,150.0,/Users/rkfuentes/Documents/md_anderson_analysis/yepes_code/2025-10-14/scope-results-2025-10-14-1589.csv,1.478261180537528e-10,2.9661333898038854e-11,16,27,,,50,0.0,0.0
120,BNL,"12 (ch1 in csv), 16 (ch2 in csv)",Electrons 85V,0.5,,,150.0,/Users/rkfuentes/Documents/md_anderson_analysis/yepes_code/2025-10-14/scope-results-2025-10-14-1590.csv,5.7858028896590506e-08,1.9182483894276486e-11,120,23,,,50,0.0,0.0
121,BNL,"12 (ch1 in csv), 16 (ch2 in csv)",Electrons 85V,0.5,,,150.0,/Users/rkfuentes/Documents/md_anderson_analysis/yepes_code/2025-10-14/scope-results-2025-10-14-1591.csv,5.4992893510326303e-08,2.7740812479490267e-11,95,22,,,50,0.0,0.0
122,BNL,"12 (ch1 in csv), 16 (ch2 in csv)",Electrons 85V,0.5,,,150.0,/Users/rkfuentes/Documents/md_anderson_analysis/yepes_code/2025-10-14/scope-results-2025-10-14-1592.csv,6.25759381566242e-08,1.454329618354684e-11,95,16,,,50,0.0,0.0
123,BNL,"12 (ch1 in csv), 16 (ch2 in csv)",Electrons 85V,0.5,,,150.0,/Users/rkfuentes/Documents/md_anderson_analysis/yepes_code/2025-10-14/scope-results-2025-10-14-1666.csv,7.463523684844831e-11,2.1757575764390868e-10,12,23,,,20,0.0,0.0
124,BNL,"12 (ch1 in csv), 16 (ch2 in csv)",Electrons 85V,0.5,,,150.0,/Users/rkfuentes/Documents/md_anderson_analysis/yepes_code/2025-10-14/scope-results-2025-10-14-1667.csv,1.5697097859949424e-11,6.788872776207356e-11,5,20,,,20,0.0,0.0
125,BNL,"12 (ch1 in csv), 16 (ch2 in csv)",Electrons 85V,0.5,,,150.0,/Users/rkfuentes/Documents/md_anderson_analysis/yepes_code/2025-10-14/scope-results-2025-10-14-1668.csv,8.197730390947253e-11,3.250033465735033e-11,10,16,,,20,0.0,0.0
126,BNL,"12 (ch1 in csv), 16 (ch2 in csv)",Electrons 85V,0.5,,,150.0,/Users/rkfuentes/Documents/md_anderson_analysis/yepes_code/2025-10-14/scope-results-2025-10-14-1669.csv,7.457034460537799e-11,6.843462942984541e-11,11,20,,,20,0.0,0.0
127,BNL,"12 (ch1 in csv), 16 (ch2 in csv)",Electrons 85V,0.5,,,150.0,/Users/rkfuentes/Documents/md_anderson_analysis/yepes_code/2025-10-14/scope-results-2025-10-14-1670.csv,7.298496837660414e-11,2.329213580724452e-11,11,13,,,20,0.0,0.0
128,BNL,"12 (ch1 in csv), 16 (ch2 in csv)",Electrons 85V,0.5,,,150.0,/Users/rkfuentes/Documents/md_anderson_analysis/yepes_code/2025-10-14/scope-results-2025-10-14-1671.csv,2.1249290738670615e-11,9.93345592737138e-12,8,19,,,20,0.0,0.0
129,BNL,"12 (ch1 in csv), 16 (ch2 in csv)",Electrons 85V,0.5,,,150.0,/Users/rkfuentes/Documents/md_anderson_analysis/yepes_code/2025-10-14/scope-results-2025-10-14-1672.csv,2.641904434959241e-13,8.51903732780384e-13,7,11,,,20,0.0,0.0
130,BNL,"12 (ch1 in csv), 16 (ch2 in csv)",Electrons 85V,0.5,,,150.0,/Users/rkfuentes/Documents/md_anderson_analysis/yepes_code/2025-10-14/scope-results-2025-10-14-1673.csv,2.6842267703642107e-11,4.2565372521812445e-11,5,18,,,20,0.0,0.0
131,BNL,"12 (ch1 in csv), 16 (ch2 in csv)",Electrons 85V,0.5,,,150.0,/Users/rkfuentes/Documents/md_anderson_analysis/yepes_code/2025-10-14/scope-results-2025-10-14-1674.csv,2.7618307712834187e-12,6.86898872055563e-11,11,20,,,20,0.0,0.0
132,BNL,"12 (ch1 in csv), 16 (ch2 in csv)",Electrons 85V,0.5,,,175.0,/Users/rkfuentes/Documents/md_anderson_analysis/yepes_code/2025-10-14/scope-results-2025-10-14-1675.csv,1.1376346644674576e-07,1.414818058280088e-10,84,23,,,100,0.0,0.0
133,BNL,"12 (ch1 in csv), 16 (ch2 in csv)",Electrons 85V,0.5,,,175.0,/Users/rkfuentes/Documents/md_anderson_analysis/yepes_code/2025-10-14/scope-results-2025-10-14-1676.csv,1.051328369607584e-07,7.854342812549344e-08,80,54,,,100,0.0,0.0
134,BNL,"12 (ch1 in csv), 16 (ch2 in csv)",Electrons 85V,0.5,,,175.0,/Users/rkfuentes/Documents/md_anderson_analysis/yepes_code/2025-10-14/scope-results-2025-10-14-1677.csv,1.2895946596120862e-07,1.0947133861050545e-07,99,58,,,100,0.0,0.0
135,BNL,"12 (ch1 in csv), 16 (ch2 in csv)",Electrons 85V,0.5,,,175.0,/Users/rkfuentes/Documents/md_anderson_analysis/yepes_code/2025-10-14/scope-results-2025-10-14-1678.csv,1.386922223720356e-07,1.871451683425112e-10,94,14,,,100,0.0,0.0
136,BNL,"12 (ch1 in csv), 16 (ch2 in csv)",Electrons 85V,0.5,,,175.0,/Users/rkfuentes/Documents/md_anderson_analysis/yepes_code/2025-10-14/scope-results-2025-10-14-1679.csv,3.1414107320650027e-10,1.3096001966584012e-07,11,71,,,100,0.0,0.0
137,BNL,"12 (ch1 in csv), 16 (ch2 in csv)",Electrons 85V,0.5,,,175.0,/Users/rkfuentes/Documents/md_anderson_analysis/yepes_code/2025-10-14/scope-results-2025-10-14-1680.csv,1.2278739182203233e-07,3.204859348045084e-09,88,12,,,100,0.0,0.0
138,BNL,"12 (ch1 in csv), 16 (ch2 in csv)",Electrons 85V,0.5,,,175.0,/Users/rkfuentes/Documents/md_anderson_analysis/yepes_code/2025-10-14/scope-results-2025-10-14-1681.csv,1.4195106045182784e-07,3.247390551322389e-09,94,7,,,100,0.0,0.0
139,BNL,"12 (ch1 in csv), 16 (ch2 in csv)",Electrons 85V,0.5,,,175.0,/Users/rkfuentes/Documents/md_anderson_analysis/yepes_code/2025-10-14/scope-results-2025-10-14-1682.csv,4.4012181877266437e-10,1.5820580558638989e-07,13,82,,,100,0.0,0.0
140,BNL,"12 (ch1 in csv), 16 (ch2 in csv)",Electrons 85V,0.5,,,175.0,/Users/rkfuentes/Documents/md_anderson_analysis/yepes_code/2025-10-14/scope-results-2025-10-14-1683.csv,1.325566546070669e-07,1.5087417709538223e-09,87,8,,,100,0.0,0.0
141,BNL,"12 (ch1 in csv), 16 (ch2 in csv)",Electrons 85V,0.5,,,175.0,/Users/rkfuentes/Documents/md_anderson_analysis/yepes_code/2025-10-14/scope-results-2025-10-14-1684.csv,3.0817551638336485e-11,5.591920690528632e-10,13,8,,,100,0.0,0.0
142,BNL,"12 (ch1 in csv), 16 (ch2 in csv)",Electrons 85V,0.5,,,175.0,/Users/rkfuentes/Documents/md_anderson_analysis/yepes_code/2025-10-14/scope-results-2025-10-14-1685.csv,1.401707520585305e-07,4.759281370910296e-12,94,23,,,100,0.0,0.0
143,BNL,"12 (ch1 in csv), 16 (ch2 in csv)",Electrons 85V,0.5,,,175.0,/Users/rkfuentes/Documents/md_anderson_analysis/yepes_code/2025-10-14/scope-results-2025-10-14-1686.csv,1.4135182455068324e-10,1.620738402720346e-07,12,79,,,100,0.0,0.0
144,BNL,"12 (ch1 in csv), 16 (ch2 in csv)",Electrons 85V,0.5,,,175.0,/Users/rkfuentes/Documents/md_anderson_analysis/yepes_code/2025-10-14/scope-results-2025-10-14-1687.csv,1.3457227655393418e-07,1.166767680494919e-07,94,61,,,100,0.0,0.0
145,BNL,"12 (ch1 in csv), 16 (ch2 in csv)",Electrons 85V,0.5,,,175.0,/Users/rkfuentes/Documents/md_anderson_analysis/yepes_code/2025-10-14/scope-results-2025-10-14-1727.csv,5.948570299139293e-11,2.0191874263015588e-11,7,21,,,50,0.0,0.0
146,BNL,"12 (ch1 in csv), 16 (ch2 in csv)",Electrons 85V,0.5,,,175.0,/Users/rkfuentes/Documents/md_anderson_analysis/yepes_code/2025-10-14/scope-results-2025-10-14-1728.csv,4.1007355069601665e-08,2.125601187171324e-09,88,8,,,50,0.0,0.0
147,BNL,"12 (ch1 in csv), 16 (ch2 in csv)",Electrons 85V,0.5,,,175.0,/Users/rkfuentes/Documents/md_anderson_analysis/yepes_code/2025-10-14/scope-results-2025-10-14-1729.csv,3.873795150232971e-08,2.3712410666679503e-10,76,24,,,50,0.0,0.0
148,BNL,"12 (ch1 in csv), 16 (ch2 in csv)",Electrons 85V,0.5,,,175.0,/Users/rkfuentes/Documents/md_anderson_analysis/yepes_code/2025-10-14/scope-results-2025-10-14-1730.csv,3.0599544018032096e-10,5.187519588570359e-11,14,19,,,50,0.0,0.0
149,BNL,"12 (ch1 in csv), 16 (ch2 in csv)",Electrons 85V,0.5,,,175.0,/Users/rkfuentes/Documents/md_anderson_analysis/yepes_code/2025-10-14/scope-results-2025-10-14-1731.csv,1.5862544706051414e-10,9.73814783728436e-11,7,19,,,50,0.0,0.0
150,BNL,"12 (ch1 in csv), 16 (ch2 in csv)",Electrons 85V,0.5,,,175.0,/Users/rkfuentes/Documents/md_anderson_analysis/yepes_code/2025-10-14/scope-results-2025-10-14-1732.csv,5.01030969882328e-08,3.249066290075583e-09,95,9,,,50,0.0,0.0
151,BNL,"12 (ch1 in csv), 16 (ch2 in csv)",Electrons 85V,0.5,,,175.0,/Users/rkfuentes/Documents/md_anderson_analysis/yepes_code/2025-10-14/scope-results-2025-10-14-1733.csv,5.341511537739372e-08,2.963140250975578e-11,89,19,,,50,0.0,0.0
152,BNL,"12 (ch1 in csv), 16 (ch2 in csv)",Electrons 85V,0.5,,,175.0,/Users/rkfuentes/Documents/md_anderson_analysis/yepes_code/2025-10-14/scope-results-2025-10-14-1734.csv,1.5658080794235928e-10,4.547373925912104e-11,8,20,,,50,0.0,0.0
153,BNL,"12 (ch1 in csv), 16 (ch2 in csv)",Electrons 85V,0.5,,,175.0,/Users/rkfuentes/Documents/md_anderson_analysis/yepes_code/2025-10-14/scope-results-2025-10-14-1735.csv,8.669606272671592e-12,2.227810370079774e-12,10,23,,,50,0.0,0.0
154,BNL,"12 (ch1 in csv), 16 (ch2 in csv)",Electrons 85V,0.5,,,175.0,/Users/rkfuentes/Documents/md_anderson_analysis/yepes_code/2025-10-14/scope-results-2025-10-14-1736.csv,5.1760588034721016e-08,2.131304140113866e-09,95,7,,,50,0.0,0.0
155,BNL,"12 (ch1 in csv), 16 (ch2 in csv)",Electrons 85V,0.5,,,175.0,/Users/rkfuentes/Documents/md_anderson_analysis/yepes_code/2025-10-14/scope-results-2025-10-14-1737.csv,4.8409627215784355e-08,7.395844080719102e-08,92,67,,,50,0.0,0.0
156,BNL,"12 (ch1 in csv), 16 (ch2 in csv)",Electrons 85V,0.5,,,175.0,/Users/rkfuentes/Documents/md_anderson_analysis/yepes_code/2025-10-14/scope-results-2025-10-14-1738.csv,4.7915482339933913e-08,1.8418011024431583e-09,82,9,,,50,0.0,0.0
157,BNL,"12 (ch1 in csv), 16 (ch2 in csv)",Electrons 85V,0.5,,,175.0,/Users/rkfuentes/Documents/md_anderson_analysis/yepes_code/2025-10-14/scope-results-2025-10-14-1739.csv,1.6303248079580675e-10,6.620029366604787e-11,5,21,,,50,0.0,0.0
158,BNL,"12 (ch1 in csv), 16 (ch2 in csv)",Electrons 85V,0.5,,,200.0,/Users/rkfuentes/Documents/md_anderson_analysis/yepes_code/2025-10-14/scope-results-2025-10-14-1781.csv,8.753273687823294e-08,2.5915906199777467e-11,94,22,,,100,0.0,0.0
159,BNL,"12 (ch1 in csv), 16 (ch2 in csv)",Electrons 85V,0.5,,,200.0,/Users/rkfuentes/Documents/md_anderson_analysis/yepes_code/2025-10-14/scope-results-2025-10-14-1782.csv,5.190066542064911e-10,1.5464529091842263e-10,10,21,,,100,0.0,0.0
160,BNL,"12 (ch1 in csv), 16 (ch2 in csv)",Electrons 85V,0.5,,,200.0,/Users/rkfuentes/Documents/md_anderson_analysis/yepes_code/2025-10-14/scope-results-2025-10-14-1783.csv,3.9312087963458214e-08,2.0884546227904828e-10,54,20,,,100,0.0,0.0
161,BNL,"12 (ch1 in csv), 16 (ch2 in csv)",Electrons 85V,0.5,,,200.0,/Users/rkfuentes/Documents/md_anderson_analysis/yepes_code/2025-10-14/scope-results-2025-10-14-1784.csv,5.306701302873703e-11,3.0044048546379004e-11,11,23,,,100,0.0,0.0
162,BNL,"12 (ch1 in csv), 16 (ch2 in csv)",Electrons 85V,0.5,,,200.0,/Users/rkfuentes/Documents/md_anderson_analysis/yepes_code/2025-10-14/scope-results-2025-10-14-1785.csv,1.8961964704387128e-10,2.6958072897523195e-10,18,23,,,100,0.0,0.0
163,BNL,"12 (ch1 in csv), 16 (ch2 in csv)",Electrons 85V,0.5,,,200.0,/Users/rkfuentes/Documents/md_anderson_analysis/yepes_code/2025-10-14/scope-results-2025-10-14-1786.csv,5.365988865132235e-10,7.211927125114657e-11,12,29,,,100,0.0,0.0
164,BNL,"12 (ch1 in csv), 16 (ch2 in csv)",Electrons 85V,0.5,,,200.0,/Users/rkfuentes/Documents/md_anderson_analysis/yepes_code/2025-10-14/scope-results-2025-10-14-1787.csv,1.7392138373353982e-10,3.0334160162929246e-11,13,16,,,100,0.0,0.0
165,BNL,"12 (ch1 in csv), 16 (ch2 in csv)",Electrons 85V,0.5,,,200.0,/Users/rkfuentes/Documents/md_anderson_analysis/yepes_code/2025-10-14/scope-results-2025-10-14-1788.csv,8.303324317855541e-08,4.993375153074209e-11,93,20,,,100,0.0,0.0
166,BNL,"12 (ch1 in csv), 16 (ch2 in csv)",Electrons 85V,0.5,,,200.0,/Users/rkfuentes/Documents/md_anderson_analysis/yepes_code/2025-10-14/scope-results-2025-10-14-1789.csv,4.7290188570269e-11,1.0958290567197028e-10,12,17,,,100,0.0,0.0
167,BNL,"12 (ch1 in csv), 16 (ch2 in csv)",Electrons 85V,0.5,,,200.0,/Users/rkfuentes/Documents/md_anderson_analysis/yepes_code/2025-10-14/scope-results-2025-10-14-1790.csv,8.23243073775714e-08,5.989638735561598e-11,109,24,,,100,0.0,0.0
168,BNL,"12 (ch1 in csv), 16 (ch2 in csv)",Electrons 85V,0.5,,,200.0,/Users/rkfuentes/Documents/md_anderson_analysis/yepes_code/2025-10-14/scope-results-2025-10-14-1791.csv,1.8362225451250854e-09,1.9258960914282308e-11,9,15,,,100,0.0,0.0
169,BNL,"12 (ch1 in csv), 16 (ch2 in csv)",Electrons 85V,0.5,,,200.0,/Users/rkfuentes/Documents/md_anderson_analysis/yepes_code/2025-10-14/scope-results-2025-10-14-1792.csv,7.937498711332995e-08,3.0460090792700155e-11,95,17,,,100,0.0,0.0
170,BNL,"12 (ch1 in csv), 16 (ch2 in csv)",Electrons 85V,0.5,,,200.0,/Users/rkfuentes/Documents/md_anderson_analysis/yepes_code/2025-10-14/scope-results-2025-10-14-1793.csv,9.163777897487988e-08,4.631485371598018e-12,97,28,,,100,0.0,0.0
171,BNL,"12 (ch1 in csv), 16 (ch2 in csv)",Electrons 85V,0.5,,,200.0,/Users/rkfuentes/Documents/md_anderson_analysis/yepes_code/2025-10-14/scope-results-2025-10-14-1834.csv,1.5418453657354207e-08,7.46100387689817e-11,49,24,,,50,0.0,0.0
172,BNL,"12 (ch1 in csv), 16 (ch2 in csv)",Electrons 85V,0.5,,,200.0,/Users/rkfuentes/Documents/md_anderson_analysis/yepes_code/2025-10-14/scope-results-2025-10-14-1835.csv,2.0618193352693913e-08,5.540459140154711e-12,66,25,,,50,0.0,0.0
173,BNL,"12 (ch1 in csv), 16 (ch2 in csv)",Electrons 85V,0.5,,,200.0,/Users/rkfuentes/Documents/md_anderson_analysis/yepes_code/2025-10-14/scope-results-2025-10-14-1836.csv,1.7169356467720945e-11,7.853931773666946e-11,9,23,,,50,0.0,0.0
174,BNL,"12 (ch1 in csv), 16 (ch2 in csv)",Electrons 85V,0.5,,,200.0,/Users/rkfuentes/Documents/md_anderson_analysis/yepes_code/2025-10-14/scope-results-2025-10-14-1837.csv,2.4020182016846673e-08,1.3222190523847688e-11,73,16,,,50,0.0,0.0
175,BNL,"12 (ch1 in csv), 16 (ch2 in csv)",Electrons 85V,0.5,,,200.0,/Users/rkfuentes/Documents/md_anderson_analysis/yepes_code/2025-10-14/scope-results-2025-10-14-1838.csv,1.7892073457889543e-08,8.04366294765339e-13,61,40,,,50,0.0,0.0
176,BNL,"12 (ch1 in csv), 16 (ch2 in csv)",Electrons 85V,0.5,,,200.0,/Users/rkfuentes/Documents/md_anderson_analysis/yepes_code/2025-10-14/scope-results-2025-10-14-1839.csv,2.8310687677285272e-08,6.0144300768801455e-12,69,21,,,50,0.0,0.0
177,BNL,"12 (ch1 in csv), 16 (ch2 in csv)",Electrons 85V,0.5,,,200.0,/Users/rkfuentes/Documents/md_anderson_analysis/yepes_code/2025-10-14/scope-results-2025-10-14-1840.csv,2.8719276264468812e-08,1.9545576943951647e-10,84,15,,,50,0.0,0.0
178,BNL,"12 (ch1 in csv), 16 (ch2 in csv)",Electrons 85V,0.5,,,200.0,/Users/rkfuentes/Documents/md_anderson_analysis/yepes_code/2025-10-14/scope-results-2025-10-14-1841.csv,1.4907909615267336e-11,2.0858733733419563e-10,18,29,,,50,0.0,0.0
179,BNL,"12 (ch1 in csv), 16 (ch2 in csv)",Electrons 85V,0.5,,,200.0,/Users/rkfuentes/Documents/md_anderson_analysis/yepes_code/2025-10-14/scope-results-2025-10-14-1842.csv,2.0860817145173283e-08,1.7548850056765078e-10,74,21,,,50,0.0,0.0
180,BNL,"12 (ch1 in csv), 16 (ch2 in csv)",Electrons 85V,0.5,,,200.0,/Users/rkfuentes/Documents/md_anderson_analysis/yepes_code/2025-10-14/scope-results-2025-10-14-1843.csv,1.3240489840453438e-10,8.185691561080818e-11,10,28,,,50,0.0,0.0
181,BNL,"12 (ch1 in csv), 16 (ch2 in csv)",Electrons 85V,0.5,,,200.0,/Users/rkfuentes/Documents/md_anderson_analysis/yepes_code/2025-10-14/scope-results-2025-10-14-1844.csv,2.9530247897289642e-08,6.597275939586309e-11,73,27,,,50,0.0,0.0
182,BNL,"12 (ch1 in csv), 16 (ch2 in csv)",Electrons 85V,0.5,,,200.0,/Users/rkfuentes/Documents/md_anderson_analysis/yepes_code/2025-10-14/scope-results-2025-10-14-1845.csv,2.083897362930928e-11,1.5633614263627768e-10,21,11,,,50,0.0,0.0
183,BNL,"12 (ch1 in csv), 16 (ch2 in csv)",Electrons 85V,0.5,,,200.0,/Users/rkfuentes/Documents/md_anderson_analysis/yepes_code/2025-10-14/scope-results-2025-10-14-1846.csv,1.8217523351189493e-08,3.212703341300961e-11,62,20,,,50,0.0,0.0
184,BNL,"12 (ch1 in csv), 16 (ch2 in csv)",Electrons 85V,0.5,,,227.5,/Users/rkfuentes/Documents/md_anderson_analysis/yepes_code/2025-10-14/scope-results-2025-10-14-1888.csv,1.2302252225533586e-08,1.9717899399010452e-09,50,6,,,50,0.0,0.0
185,BNL,"12 (ch1 in csv), 16 (ch2 in csv)",Electrons 85V,0.5,,,227.5,/Users/rkfuentes/Documents/md_anderson_analysis/yepes_code/2025-10-14/scope-results-2025-10-14-1889.csv,3.5183544091767746e-11,7.998707153617917e-11,9,24,,,50,0.0,0.0
186,BNL,"12 (ch1 in csv), 16 (ch2 in csv)",Electrons 85V,0.5,,,227.5,/Users/rkfuentes/Documents/md_anderson_analysis/yepes_code/2025-10-14/scope-results-2025-10-14-1890.csv,8.799301116895738e-12,4.597378615146463e-11,8,19,,,50,0.0,0.0
187,BNL,"12 (ch1 in csv), 16 (ch2 in csv)",Electrons 85V,0.5,,,227.5,/Users/rkfuentes/Documents/md_anderson_analysis/yepes_code/2025-10-14/scope-results-2025-10-14-1891.csv,3.886358581096613e-11,1.0258807710612863e-10,4,26,,,50,0.0,0.0
188,BNL,"12 (ch1 in csv), 16 (ch2 in csv)",Electrons 85V,0.5,,,227.5,/Users/rkfuentes/Documents/md_anderson_analysis/yepes_code/2025-10-14/scope-results-2025-10-14-1892.csv,2.1963948235286102e-11,8.836021726026369e-11,12,21,,,50,0.0,0.0
189,BNL,"12 (ch1 in csv), 16 (ch2 in csv)",Electrons 85V,0.5,,,227.5,/Users/rkfuentes/Documents/md_anderson_analysis/yepes_code/2025-10-14/scope-results-2025-10-14-1893.csv,4.359092860916393e-07,1.0655693425209138e-11,626,32,,,50,0.0,0.0
190,BNL,"12 (ch1 in csv), 16 (ch2 in csv)",Electrons 85V,0.5,,,227.5,/Users/rkfuentes/Documents/md_anderson_analysis/yepes_code/2025-10-14/scope-results-2025-10-14-1894.csv,6.002540491101125e-11,3.4732850020620953e-08,7,51,,,50,0.0,0.0
191,BNL,"12 (ch1 in csv), 16 (ch2 in csv)",Electrons 85V,0.5,,,227.5,/Users/rkfuentes/Documents/md_anderson_analysis/yepes_code/2025-10-14/scope-results-2025-10-14-1895.csv,4.714612979321062e-07,3.4993824114335972e-09,692,7,,,50,0.0,0.0
192,BNL,"12 (ch1 in csv), 16 (ch2 in csv)",Electrons 85V,0.5,,,227.5,/Users/rkfuentes/Documents/md_anderson_analysis/yepes_code/2025-10-14/scope-results-2025-10-14-1896.csv,2.2700826161776357e-11,1.3667960209096198e-11,5,16,,,50,0.0,0.0
193,BNL,"12 (ch1 in csv), 16 (ch2 in csv)",Electrons 85V,0.5,,,227.5,/Users/rkfuentes/Documents/md_anderson_analysis/yepes_code/2025-10-14/scope-results-2025-10-14-1897.csv,5.279585189088888e-11,2.4061511287295042e-09,5,7,,,50,0.0,0.0
194,BNL,"12 (ch1 in csv), 16 (ch2 in csv)",Electrons 85V,0.5,,,227.5,/Users/rkfuentes/Documents/md_anderson_analysis/yepes_code/2025-10-14/scope-results-2025-10-14-1898.csv,4.218398172792178e-07,3.509180534491556e-08,683,56,,,50,0.0,0.0
195,BNL,"12 (ch1 in csv), 16 (ch2 in csv)",Electrons 85V,0.5,,,227.5,/Users/rkfuentes/Documents/md_anderson_analysis/yepes_code/2025-10-14/scope-results-2025-10-14-1899.csv,4.369173447296021e-07,2.7978782564520505e-08,634,45,,,50,0.0,0.0
196,BNL,"12 (ch1 in csv), 16 (ch2 in csv)",Electrons 85V,0.5,,,227.5,/Users/rkfuentes/Documents/md_anderson_analysis/yepes_code/2025-10-14/scope-results-2025-10-14-1900.csv,4.2224202711670467e-07,2.73905242854488e-09,637,6,,,50,0.0,0.0
197,BNL,"12 (ch1 in csv), 16 (ch2 in csv)",Electrons 85V,0.5,,,227.5,/Users/rkfuentes/Documents/md_anderson_analysis/yepes_code/2025-10-14/scope-results-2025-10-14-1901.csv,6.511319333017152e-11,2.7804912325330888e-08,8,35,,,50,0.0,0.0
198,BNL,"12 (ch1 in csv), 16 (ch2 in csv)",Electrons 85V,0.5,,,227.5,/Users/rkfuentes/Documents/md_anderson_analysis/yepes_code/2025-10-14/scope-results-2025-10-14-1943.csv,3.0670770149627235e-11,7.132827178695117e-08,13,65,,,100,0.0,0.0
199,BNL,"12 (ch1 in csv), 16 (ch2 in csv)",Electrons 85V,0.5,,,227.5,/Users/rkfuentes/Documents/md_anderson_analysis/yepes_code/2025-10-14/scope-results-2025-10-14-1944.csv,1.124395739017528e-09,7.72411534035991e-08,19,64,,,100,0.0,0.0
200,BNL,"12 (ch1 in csv), 16 (ch2 in csv)",Electrons 85V,0.5,,,227.5,/Users/rkfuentes/Documents/md_anderson_analysis/yepes_code/2025-10-14/scope-results-2025-10-14-1945.csv,6.284707931301335e-08,8.135232511697537e-11,82,18,,,100,0.0,0.0
201,BNL,"12 (ch1 in csv), 16 (ch2 in csv)",Electrons 85V,0.5,,,227.5,/Users/rkfuentes/Documents/md_anderson_analysis/yepes_code/2025-10-14/scope-results-2025-10-14-1946.csv,2.6336270331904136e-10,2.218072660363091e-09,19,6,,,100,0.0,0.0
202,BNL,"12 (ch1 in csv), 16 (ch2 in csv)",Electrons 85V,0.5,,,227.5,/Users/rkfuentes/Documents/md_anderson_analysis/yepes_code/2025-10-14/scope-results-2025-10-14-1947.csv,4.2800103195188276e-08,2.3456279331118824e-09,62,7,,,100,0.0,0.0
203,BNL,"12 (ch1 in csv), 16 (ch2 in csv)",Electrons 85V,0.5,,,227.5,/Users/rkfuentes/Documents/md_anderson_analysis/yepes_code/2025-10-14/scope-results-2025-10-14-1948.csv,3.54462291044451e-09,3.9591808436891627e-08,14,35,,,100,0.0,0.0
204,BNL,"12 (ch1 in csv), 16 (ch2 in csv)",Electrons 85V,0.5,,,227.5,/Users/rkfuentes/Documents/md_anderson_analysis/yepes_code/2025-10-14/scope-results-2025-10-14-1949.csv,5.5385373132993046e-08,6.6752231200901725e-09,86,14,,,100,0.0,0.0
205,BNL,"12 (ch1 in csv), 16 (ch2 in csv)",Electrons 85V,0.5,,,227.5,/Users/rkfuentes/Documents/md_anderson_analysis/yepes_code/2025-10-14/scope-results-2025-10-14-1950.csv,5.1390591290363654e-08,2.4557888507422895e-10,75,6,,,100,0.0,0.0
206,BNL,"12 (ch1 in csv), 16 (ch2 in csv)",Electrons 85V,0.5,,,227.5,/Users/rkfuentes/Documents/md_anderson_analysis/yepes_code/2025-10-14/scope-results-2025-10-14-1951.csv,1.8868386654181355e-10,1.823794266733234e-09,17,6,,,100,0.0,0.0
207,BNL,"12 (ch1 in csv), 16 (ch2 in csv)",Electrons 85V,0.5,,,227.5,/Users/rkfuentes/Documents/md_anderson_analysis/yepes_code/2025-10-14/scope-results-2025-10-14-1952.csv,4.9670235520787474e-08,3.941903299193288e-08,72,39,,,100,0.0,0.0
208,BNL,"12 (ch1 in csv), 16 (ch2 in csv)",Electrons 85V,0.5,,,227.5,/Users/rkfuentes/Documents/md_anderson_analysis/yepes_code/2025-10-14/scope-results-2025-10-14-1953.csv,3.2116060585210385e-08,6.209018425079375e-08,57,54,,,100,0.0,0.0
209,BNL,"12 (ch1 in csv), 16 (ch2 in csv)",Electrons 85V,0.5,,,227.5,/Users/rkfuentes/Documents/md_anderson_analysis/yepes_code/2025-10-14/scope-results-2025-10-14-1954.csv,2.5268003099732904e-08,4.356448883820066e-09,44,10,,,100,0.0,0.0
210,BNL,"12 (ch1 in csv), 16 (ch2 in csv)",Electrons 85V,0.5,,,227.5,/Users/rkfuentes/Documents/md_anderson_analysis/yepes_code/2025-10-14/scope-results-2025-10-14-1955.csv,6.046665788882743e-11,2.926577332267218e-11,10,19,,,100,0.0,0.0
211,BNL,"12 (ch1 in csv), 16 (ch2 in csv)",Electrons 85V,0.5,,,75.0,/Users/rkfuentes/Documents/md_anderson_analysis/yepes_code/2025-10-14/scope-results-2025-10-14-1992.csv,5.35766671890193e-07,2.5706019654955765e-07,105,91,,,100,0.0,0.0
212,BNL,"12 (ch1 in csv), 16 (ch2 in csv)",Electrons 85V,0.5,,,75.0,/Users/rkfuentes/Documents/md_anderson_analysis/yepes_code/2025-10-14/scope-results-2025-10-14-1993.csv,5.232170133970558e-07,2.8169264085939293e-07,93,103,,,100,0.0,0.0
213,BNL,"12 (ch1 in csv), 16 (ch2 in csv)",Electrons 85V,0.5,,,75.0,/Users/rkfuentes/Documents/md_anderson_analysis/yepes_code/2025-10-14/scope-results-2025-10-14-1994.csv,5.224487226217842e-07,2.9298615161972413e-07,70,46,,,100,0.0,0.0
214,BNL,"12 (ch1 in csv), 16 (ch2 in csv)",Electrons 85V,0.5,,,75.0,/Users/rkfuentes/Documents/md_anderson_analysis/yepes_code/2025-10-14/scope-results-2025-10-14-1995.csv,5.24647950379881e-07,2.296416081288154e-06,92,386,,,100,0.0,0.0
215,BNL,"12 (ch1 in csv), 16 (ch2 in csv)",Electrons 85V,0.5,,,75.0,/Users/rkfuentes/Documents/md_anderson_analysis/yepes_code/2025-10-14/scope-results-2025-10-14-1996.csv,5.333572573566244e-07,2.2813673646219272e-06,83,357,,,100,0.0,0.0
216,BNL,"12 (ch1 in csv), 16 (ch2 in csv)",Electrons 85V,0.5,,,75.0,/Users/rkfuentes/Documents/md_anderson_analysis/yepes_code/2025-10-14/scope-results-2025-10-14-1997.csv,5.186139603296676e-07,2.429876199132216e-12,54,16,,,100,0.0,0.0
217,BNL,"12 (ch1 in csv), 16 (ch2 in csv)",Electrons 85V,0.5,,,75.0,/Users/rkfuentes/Documents/md_anderson_analysis/yepes_code/2025-10-14/scope-results-2025-10-14-1998.csv,5.399607318547505e-07,2.819805761546729e-07,117,113,,,100,0.0,0.0
218,BNL,"12 (ch1 in csv), 16 (ch2 in csv)",Electrons 85V,0.5,,,75.0,/Users/rkfuentes/Documents/md_anderson_analysis/yepes_code/2025-10-14/scope-results-2025-10-14-1999.csv,5.33903592526021e-07,2.81811783539714e-07,88,95,,,100,0.0,0.0
219,BNL,"12 (ch1 in csv), 16 (ch2 in csv)",Electrons 85V,0.5,,,75.0,/Users/rkfuentes/Documents/md_anderson_analysis/yepes_code/2025-10-14/scope-results-2025-10-14-2000.csv,5.232306485163306e-07,2.05719452172625e-06,101,352,,,100,0.0,0.0
220,BNL,"12 (ch1 in csv), 16 (ch2 in csv)",Electrons 85V,0.5,,,75.0,/Users/rkfuentes/Documents/md_anderson_analysis/yepes_code/2025-10-14/scope-results-2025-10-14-2001.csv,5.188867358545691e-07,2.4016843782952644e-06,81,308,,,100,0.0,0.0
221,BNL,"12 (ch1 in csv), 16 (ch2 in csv)",Electrons 85V,0.5,,,75.0,/Users/rkfuentes/Documents/md_anderson_analysis/yepes_code/2025-10-14/scope-results-2025-10-14-2032.csv,2.213477829617554e-07,1.0031891963761292e-11,78,18,,,50,0.0,0.0
222,BNL,"12 (ch1 in csv), 16 (ch2 in csv)",Electrons 85V,0.5,,,75.0,/Users/rkfuentes/Documents/md_anderson_analysis/yepes_code/2025-10-14/scope-results-2025-10-14-2033.csv,2.6531435184429268e-11,5.940566854024444e-11,10,10,,,50,0.0,0.0
223,BNL,"12 (ch1 in csv), 16 (ch2 in csv)",Electrons 85V,0.5,,,75.0,/Users/rkfuentes/Documents/md_anderson_analysis/yepes_code/2025-10-14/scope-results-2025-10-14-2034.csv,2.216328930975069e-07,6.2232661665511035e-12,86,16,,,50,0.0,0.0
224,BNL,"12 (ch1 in csv), 16 (ch2 in csv)",Electrons 85V,0.5,,,75.0,/Users/rkfuentes/Documents/md_anderson_analysis/yepes_code/2025-10-14/scope-results-2025-10-14-2035.csv,2.124973511459281e-07,1.8593218190634928e-10,79,14,,,50,0.0,0.0
225,BNL,"12 (ch1 in csv), 16 (ch2 in csv)",Electrons 85V,0.5,,,75.0,/Users/rkfuentes/Documents/md_anderson_analysis/yepes_code/2025-10-14/scope-results-2025-10-14-2036.csv,2.183338181216411e-07,1.6965229292146217e-07,89,53,,,50,0.0,0.0
226,BNL,"12 (ch1 in csv), 16 (ch2 in csv)",Electrons 85V,0.5,,,75.0,/Users/rkfuentes/Documents/md_anderson_analysis/yepes_code/2025-10-14/scope-results-2025-10-14-2037.csv,2.2526148527348138e-07,4.042268568518023e-11,87,13,,,50,0.0,0.0
227,BNL,"12 (ch1 in csv), 16 (ch2 in csv)",Electrons 85V,0.5,,,75.0,/Users/rkfuentes/Documents/md_anderson_analysis/yepes_code/2025-10-14/scope-results-2025-10-14-2038.csv,2.318844874822474e-07,1.5898569982992154e-07,80,48,,,50,0.0,0.0
228,BNL,"12 (ch1 in csv), 16 (ch2 in csv)",Electrons 85V,0.5,,,75.0,/Users/rkfuentes/Documents/md_anderson_analysis/yepes_code/2025-10-14/scope-results-2025-10-14-2039.csv,2.0619963976063177e-07,5.202209259114339e-11,79,23,,,50,0.0,0.0
229,BNL,"12 (ch1 in csv), 16 (ch2 in csv)",Electrons 85V,0.5,,,75.0,/Users/rkfuentes/Documents/md_anderson_analysis/yepes_code/2025-10-14/scope-results-2025-10-14-2040.csv,3.839392833619588e-11,3.001136636422487e-09,10,6,,,50,0.0,0.0
230,BNL,"12 (ch1 in csv), 16 (ch2 in csv)",Electrons 85V,0.5,,,75.0,/Users/rkfuentes/Documents/md_anderson_analysis/yepes_code/2025-10-14/scope-results-2025-10-14-2041.csv,1.427962188962841e-09,1.5482103182290824e-09,8,7,,,50,0.0,0.0
231,BNL,"12 (ch1 in csv), 16 (ch2 in csv)",Electrons 85V,0.5,,,75.0,/Users/rkfuentes/Documents/md_anderson_analysis/yepes_code/2025-10-14/scope-results-2025-10-14-2072.csv,1.5830826726522702e-06,1.831525175220116e-06,605,301,,,20,1.0,0.0
232,BNL,"12 (ch1 in csv), 16 (ch2 in csv)",Electrons 85V,0.5,,,75.0,/Users/rkfuentes/Documents/md_anderson_analysis/yepes_code/2025-10-14/scope-results-2025-10-14-2073.csv,1.9993678574999715e-10,4.0376083662798494e-11,1,19,,,20,0.0,0.0
233,BNL,"12 (ch1 in csv), 16 (ch2 in csv)",Electrons 85V,0.5,,,75.0,/Users/rkfuentes/Documents/md_anderson_analysis/yepes_code/2025-10-14/scope-results-2025-10-14-2074.csv,1.0063080654225143e-10,2.136918156076692e-06,1,313,,,20,0.0,0.0
234,BNL,"12 (ch1 in csv), 16 (ch2 in csv)",Electrons 85V,0.5,,,75.0,/Users/rkfuentes/Documents/md_anderson_analysis/yepes_code/2025-10-14/scope-results-2025-10-14-2075.csv,1.6621285318659097e-06,1.549102986583611e-06,576,305,,,20,1.0,0.0
235,BNL,"12 (ch1 in csv), 16 (ch2 in csv)",Electrons 85V,1.0,,,100.0,/Users/rkfuentes/Documents/md_anderson_analysis/yepes_code/2025-10-14/scope-results-2025-10-14-1031.csv,4.946848484512107e-07,5.719188447668025e-10,159,8,,,50,0.0,0.0
236,BNL,"12 (ch1 in csv), 16 (ch2 in csv)",Electrons 85V,1.0,,,100.0,/Users/rkfuentes/Documents/md_anderson_analysis/yepes_code/2025-10-14/scope-results-2025-10-14-1032.csv,3.9921132535055415e-10,2.8258609527323066e-07,9,103,,,50,0.0,0.0
237,BNL,"12 (ch1 in csv), 16 (ch2 in csv)",Electrons 85V,1.0,,,100.0,/Users/rkfuentes/Documents/md_anderson_analysis/yepes_code/2025-10-14/scope-results-2025-10-14-1033.csv,5.2322036343944e-07,2.6370208069283303e-10,148,21,,,50,0.0,0.0
238,BNL,"12 (ch1 in csv), 16 (ch2 in csv)",Electrons 85V,1.0,,,100.0,/Users/rkfuentes/Documents/md_anderson_analysis/yepes_code/2025-10-14/scope-results-2025-10-14-1034.csv,5.162664724646931e-07,2.45986400788771e-07,139,99,,,50,0.0,0.0
239,BNL,"12 (ch1 in csv), 16 (ch2 in csv)",Electrons 85V,1.0,,,100.0,/Users/rkfuentes/Documents/md_anderson_analysis/yepes_code/2025-10-14/scope-results-2025-10-14-1035.csv,9.370754444846771e-10,2.9300244158949793e-07,6,99,,,50,0.0,0.0
240,BNL,"12 (ch1 in csv), 16 (ch2 in csv)",Electrons 85V,1.0,,,100.0,/Users/rkfuentes/Documents/md_anderson_analysis/yepes_code/2025-10-14/scope-results-2025-10-14-1036.csv,5.012203928092135e-07,2.388386836029785e-07,151,97,,,50,0.0,0.0
241,BNL,"12 (ch1 in csv), 16 (ch2 in csv)",Electrons 85V,1.0,,,100.0,/Users/rkfuentes/Documents/md_anderson_analysis/yepes_code/2025-10-14/scope-results-2025-10-14-1037.csv,5.158355961157319e-07,2.564824293056301e-07,153,113,,,50,0.0,0.0
242,BNL,"12 (ch1 in csv), 16 (ch2 in csv)",Electrons 85V,1.0,,,100.0,/Users/rkfuentes/Documents/md_anderson_analysis/yepes_code/2025-10-14/scope-results-2025-10-14-1038.csv,5.017576935775789e-07,1.3412760038032408e-11,149,21,,,50,0.0,0.0
243,BNL,"12 (ch1 in csv), 16 (ch2 in csv)",Electrons 85V,1.0,,,100.0,/Users/rkfuentes/Documents/md_anderson_analysis/yepes_code/2025-10-14/scope-results-2025-10-14-1039.csv,4.983870138940959e-07,2.9932214167963682e-09,166,7,,,50,0.0,0.0
244,BNL,"12 (ch1 in csv), 16 (ch2 in csv)",Electrons 85V,1.0,,,100.0,/Users/rkfuentes/Documents/md_anderson_analysis/yepes_code/2025-10-14/scope-results-2025-10-14-1040.csv,5.089484108813877e-07,1.5921405061311018e-10,155,28,,,50,0.0,0.0
245,BNL,"12 (ch1 in csv), 16 (ch2 in csv)",Electrons 85V,1.0,,,100.0,/Users/rkfuentes/Documents/md_anderson_analysis/yepes_code/2025-10-14/scope-results-2025-10-14-1041.csv,9.50947171982289e-10,2.539265175534074e-07,11,96,,,50,0.0,0.0
246,BNL,"12 (ch1 in csv), 16 (ch2 in csv)",Electrons 85V,1.0,,,100.0,/Users/rkfuentes/Documents/md_anderson_analysis/yepes_code/2025-10-14/scope-results-2025-10-14-1042.csv,5.002651759327022e-07,2.632884002561395e-07,127,91,,,50,0.0,0.0
247,BNL,"12 (ch1 in csv), 16 (ch2 in csv)",Electrons 85V,1.0,,,100.0,/Users/rkfuentes/Documents/md_anderson_analysis/yepes_code/2025-10-14/scope-results-2025-10-14-1043.csv,5.094254003764254e-07,4.211909024956938e-09,148,10,,,50,0.0,0.0
248,BNL,"12 (ch1 in csv), 16 (ch2 in csv)",Electrons 85V,1.0,,,100.0,/Users/rkfuentes/Documents/md_anderson_analysis/yepes_code/2025-10-14/scope-results-2025-10-14-1044.csv,5.062203545642784e-07,2.643464095813774e-07,143,101,,,50,0.0,0.0
249,BNL,"12 (ch1 in csv), 16 (ch2 in csv)",Electrons 85V,1.0,,,100.0,/Users/rkfuentes/Documents/md_anderson_analysis/yepes_code/2025-10-14/scope-results-2025-10-14-1045.csv,1.435294233102943e-09,2.3899950139965677e-07,8,82,,,50,0.0,0.0
250,BNL,"12 (ch1 in csv), 16 (ch2 in csv)",Electrons 85V,1.0,,,100.0,/Users/rkfuentes/Documents/md_anderson_analysis/yepes_code/2025-10-14/scope-results-2025-10-14-1046.csv,4.94557869263479e-07,2.572514513766308e-07,151,99,,,50,0.0,0.0
251,BNL,"12 (ch1 in csv), 16 (ch2 in csv)",Electrons 85V,1.0,,,100.0,/Users/rkfuentes/Documents/md_anderson_analysis/yepes_code/2025-10-14/scope-results-2025-10-14-1047.csv,4.920888528614088e-07,2.3230361108886477e-07,145,87,,,50,0.0,0.0
252,BNL,"12 (ch1 in csv), 16 (ch2 in csv)",Electrons 85V,1.0,,,100.0,/Users/rkfuentes/Documents/md_anderson_analysis/yepes_code/2025-10-14/scope-results-2025-10-14-1147.csv,1.2317345430723174e-06,6.308231046476228e-07,144,122,,,100,2.0,0.0
253,BNL,"12 (ch1 in csv), 16 (ch2 in csv)",Electrons 85V,1.0,,,100.0,/Users/rkfuentes/Documents/md_anderson_analysis/yepes_code/2025-10-14/scope-results-2025-10-14-1148.csv,1.227706433094536e-06,5.953289736016288e-07,145,106,,,100,1.0,0.0
254,BNL,"12 (ch1 in csv), 16 (ch2 in csv)",Electrons 85V,1.0,,,100.0,/Users/rkfuentes/Documents/md_anderson_analysis/yepes_code/2025-10-14/scope-results-2025-10-14-1149.csv,2.840850766536362e-09,2.9603755758727166e-10,9,11,,,100,0.0,0.0
255,BNL,"12 (ch1 in csv), 16 (ch2 in csv)",Electrons 85V,1.0,,,100.0,/Users/rkfuentes/Documents/md_anderson_analysis/yepes_code/2025-10-14/scope-results-2025-10-14-1150.csv,1.2217573044206751e-06,6.115463357879468e-07,153,103,,,100,2.0,1.0
256,BNL,"12 (ch1 in csv), 16 (ch2 in csv)",Electrons 85V,1.0,,,100.0,/Users/rkfuentes/Documents/md_anderson_analysis/yepes_code/2025-10-14/scope-results-2025-10-14-1151.csv,1.188326738295059e-06,1.0726354389508406e-09,123,7,,,100,2.0,0.0
257,BNL,"12 (ch1 in csv), 16 (ch2 in csv)",Electrons 85V,1.0,,,100.0,/Users/rkfuentes/Documents/md_anderson_analysis/yepes_code/2025-10-14/scope-results-2025-10-14-1152.csv,1.2150605316079135e-06,5.848498236656902e-07,153,104,,,100,2.0,1.0
258,BNL,"12 (ch1 in csv), 16 (ch2 in csv)",Electrons 85V,1.0,,,100.0,/Users/rkfuentes/Documents/md_anderson_analysis/yepes_code/2025-10-14/scope-results-2025-10-14-1153.csv,1.2226688267311067e-06,6.055299599361185e-07,148,127,,,100,2.0,0.0
259,BNL,"12 (ch1 in csv), 16 (ch2 in csv)",Electrons 85V,1.0,,,100.0,/Users/rkfuentes/Documents/md_anderson_analysis/yepes_code/2025-10-14/scope-results-2025-10-14-1154.csv,1.181493089459032e-06,5.825515914185602e-07,144,112,,,100,1.0,1.0
260,BNL,"12 (ch1 in csv), 16 (ch2 in csv)",Electrons 85V,1.0,,,100.0,/Users/rkfuentes/Documents/md_anderson_analysis/yepes_code/2025-10-14/scope-results-2025-10-14-1155.csv,3.063580130032339e-09,6.000144409361739e-07,9,107,,,100,0.0,0.0
261,BNL,"12 (ch1 in csv), 16 (ch2 in csv)",Electrons 85V,1.0,,,100.0,/Users/rkfuentes/Documents/md_anderson_analysis/yepes_code/2025-10-14/scope-results-2025-10-14-1156.csv,1.200922348551828e-06,5.128524839391362e-07,147,112,,,100,1.0,0.0
262,BNL,"12 (ch1 in csv), 16 (ch2 in csv)",Electrons 85V,1.0,,,100.0,/Users/rkfuentes/Documents/md_anderson_analysis/yepes_code/2025-10-14/scope-results-2025-10-14-1157.csv,1.206947310517018e-06,1.4083934740769541e-09,136,10,,,100,0.0,0.0
263,BNL,"12 (ch1 in csv), 16 (ch2 in csv)",Electrons 85V,1.0,,,100.0,/Users/rkfuentes/Documents/md_anderson_analysis/yepes_code/2025-10-14/scope-results-2025-10-14-1158.csv,1.198773457066994e-06,4.777093801698726e-07,142,91,,,100,1.0,0.0
264,BNL,"12 (ch1 in csv), 16 (ch2 in csv)",Electrons 85V,1.0,,,100.0,/Users/rkfuentes/Documents/md_anderson_analysis/yepes_code/2025-10-14/scope-results-2025-10-14-1159.csv,1.1785018832041718e-06,5.902704853568152e-07,158,114,,,100,1.0,0.0
265,BNL,"12 (ch1 in csv), 16 (ch2 in csv)",Electrons 85V,1.0,,,100.0,/Users/rkfuentes/Documents/md_anderson_analysis/yepes_code/2025-10-14/scope-results-2025-10-14-1160.csv,1.208901347444211e-06,6.289650372257206e-07,138,104,,,100,1.0,0.0
266,BNL,"12 (ch1 in csv), 16 (ch2 in csv)",Electrons 85V,1.0,,,100.0,/Users/rkfuentes/Documents/md_anderson_analysis/yepes_code/2025-10-14/scope-results-2025-10-14-1161.csv,1.2176190459274582e-06,5.811450278689034e-07,146,111,,,100,1.0,0.0
267,BNL,"12 (ch1 in csv), 16 (ch2 in csv)",Electrons 85V,1.0,,,100.0,/Users/rkfuentes/Documents/md_anderson_analysis/yepes_code/2025-10-14/scope-results-2025-10-14-1162.csv,1.1804581663553376e-06,1.7048550851364155e-09,153,11,,,100,1.0,0.0
268,BNL,"12 (ch1 in csv), 16 (ch2 in csv)",Electrons 85V,1.0,,,100.0,/Users/rkfuentes/Documents/md_anderson_analysis/yepes_code/2025-10-14/scope-results-2025-10-14-1163.csv,2.186634480519731e-09,3.213544042151617e-09,9,10,,,100,0.0,0.0
269,BNL,"12 (ch1 in csv), 16 (ch2 in csv)",Electrons 85V,1.0,,,100.0,/Users/rkfuentes/Documents/md_anderson_analysis/yepes_code/2025-10-14/scope-results-2025-10-14-1164.csv,1.2100911888722329e-06,3.0799361803596118e-09,158,12,,,100,1.0,0.0
270,BNL,"12 (ch1 in csv), 16 (ch2 in csv)",Electrons 85V,1.0,,,100.0,/Users/rkfuentes/Documents/md_anderson_analysis/yepes_code/2025-10-14/scope-results-2025-10-14-1165.csv,3.315633363608332e-09,6.030325812879274e-07,8,116,,,100,0.0,0.0
271,BNL,"12 (ch1 in csv), 16 (ch2 in csv)",Electrons 85V,1.0,,,100.0,/Users/rkfuentes/Documents/md_anderson_analysis/yepes_code/2025-10-14/scope-results-2025-10-14-1166.csv,1.1111750847716587e-09,4.4059685833651816e-10,10,11,,,100,0.0,0.0
272,BNL,"12 (ch1 in csv), 16 (ch2 in csv)",Electrons 85V,1.0,,,100.0,/Users/rkfuentes/Documents/md_anderson_analysis/yepes_code/2025-10-14/scope-results-2025-10-14-1167.csv,1.19104194797362e-06,5.129571388268041e-10,155,10,,,100,1.0,0.0
273,BNL,"12 (ch1 in csv), 16 (ch2 in csv)",Electrons 85V,1.0,,,100.0,/Users/rkfuentes/Documents/md_anderson_analysis/yepes_code/2025-10-14/scope-results-2025-10-14-1168.csv,1.17432858937714e-06,5.609917243471343e-07,148,114,,,100,0.0,0.0
274,BNL,"12 (ch1 in csv), 16 (ch2 in csv)",Electrons 85V,1.0,,,100.0,/Users/rkfuentes/Documents/md_anderson_analysis/yepes_code/2025-10-14/scope-results-2025-10-14-1169.csv,1.2058639253093687e-06,5.639336664117691e-07,160,115,,,100,1.0,0.0
275,BNL,"12 (ch1 in csv), 16 (ch2 in csv)",Electrons 85V,1.0,,,100.0,/Users/rkfuentes/Documents/md_anderson_analysis/yepes_code/2025-10-14/scope-results-2025-10-14-1170.csv,1.2165593373777902e-06,6.091306123762833e-07,140,111,,,100,2.0,0.0
276,BNL,"12 (ch1 in csv), 16 (ch2 in csv)",Electrons 85V,1.0,,,100.0,/Users/rkfuentes/Documents/md_anderson_analysis/yepes_code/2025-10-14/scope-results-2025-10-14-1171.csv,1.2148321190173222e-06,5.161961751665479e-07,161,86,,,100,1.0,0.0
277,BNL,"12 (ch1 in csv), 16 (ch2 in csv)",Electrons 85V,1.0,,,100.0,/Users/rkfuentes/Documents/md_anderson_analysis/yepes_code/2025-10-14/scope-results-2025-10-14-1172.csv,1.1939190829820717e-06,4.62993482599758e-09,135,7,,,100,0.0,0.0
278,BNL,"12 (ch1 in csv), 16 (ch2 in csv)",Electrons 85V,1.0,,,100.0,/Users/rkfuentes/Documents/md_anderson_analysis/yepes_code/2025-10-14/scope-results-2025-10-14-1173.csv,2.0477331413052267e-09,1.733134620090533e-09,14,9,,,100,0.0,0.0
279,BNL,"12 (ch1 in csv), 16 (ch2 in csv)",Electrons 85V,1.0,,,100.0,/Users/rkfuentes/Documents/md_anderson_analysis/yepes_code/2025-10-14/scope-results-2025-10-14-1174.csv,1.2044108609610473e-06,5.521382398139334e-07,148,121,,,100,1.0,0.0
280,BNL,"12 (ch1 in csv), 16 (ch2 in csv)",Electrons 85V,1.0,,,125.0,/Users/rkfuentes/Documents/md_anderson_analysis/yepes_code/2025-10-14/scope-results-2025-10-14-1312.csv,9.243886585587591e-10,7.106073363495883e-11,8,28,,,50,0.0,0.0
281,BNL,"12 (ch1 in csv), 16 (ch2 in csv)",Electrons 85V,1.0,,,125.0,/Users/rkfuentes/Documents/md_anderson_analysis/yepes_code/2025-10-14/scope-results-2025-10-14-1313.csv,2.2579324639106142e-10,1.0655502960775099e-11,22,12,,,50,0.0,0.0
282,BNL,"12 (ch1 in csv), 16 (ch2 in csv)",Electrons 85V,1.0,,,125.0,/Users/rkfuentes/Documents/md_anderson_analysis/yepes_code/2025-10-14/scope-results-2025-10-14-1314.csv,5.166210801971229e-07,1.4478549613061643e-10,145,21,,,50,0.0,0.0
283,BNL,"12 (ch1 in csv), 16 (ch2 in csv)",Electrons 85V,1.0,,,125.0,/Users/rkfuentes/Documents/md_anderson_analysis/yepes_code/2025-10-14/scope-results-2025-10-14-1315.csv,6.443080698400508e-11,3.4444118241710316e-11,12,24,,,50,0.0,0.0
284,BNL,"12 (ch1 in csv), 16 (ch2 in csv)",Electrons 85V,1.0,,,125.0,/Users/rkfuentes/Documents/md_anderson_analysis/yepes_code/2025-10-14/scope-results-2025-10-14-1316.csv,2.694061717794273e-07,4.1558730887450265e-11,149,28,,,50,0.0,0.0
285,BNL,"12 (ch1 in csv), 16 (ch2 in csv)",Electrons 85V,1.0,,,125.0,/Users/rkfuentes/Documents/md_anderson_analysis/yepes_code/2025-10-14/scope-results-2025-10-14-1317.csv,2.784281173004998e-07,9.525366895629631e-11,149,26,,,50,0.0,0.0
286,BNL,"12 (ch1 in csv), 16 (ch2 in csv)",Electrons 85V,1.0,,,125.0,/Users/rkfuentes/Documents/md_anderson_analysis/yepes_code/2025-10-14/scope-results-2025-10-14-1318.csv,2.784324784204651e-07,1.173978153947028e-10,140,26,,,50,0.0,0.0
287,BNL,"12 (ch1 in csv), 16 (ch2 in csv)",Electrons 85V,1.0,,,125.0,/Users/rkfuentes/Documents/md_anderson_analysis/yepes_code/2025-10-14/scope-results-2025-10-14-1319.csv,2.845707142761713e-07,1.9936299418083942e-10,148,22,,,50,0.0,0.0
288,BNL,"12 (ch1 in csv), 16 (ch2 in csv)",Electrons 85V,1.0,,,125.0,/Users/rkfuentes/Documents/md_anderson_analysis/yepes_code/2025-10-14/scope-results-2025-10-14-1320.csv,2.914767084219103e-07,6.3104748710762694e-12,158,17,,,50,0.0,0.0
289,BNL,"12 (ch1 in csv), 16 (ch2 in csv)",Electrons 85V,1.0,,,125.0,/Users/rkfuentes/Documents/md_anderson_analysis/yepes_code/2025-10-14/scope-results-2025-10-14-1321.csv,2.593311091415293e-07,1.0368849814242434e-10,141,31,,,50,0.0,0.0
290,BNL,"12 (ch1 in csv), 16 (ch2 in csv)",Electrons 85V,1.0,,,125.0,/Users/rkfuentes/Documents/md_anderson_analysis/yepes_code/2025-10-14/scope-results-2025-10-14-1322.csv,2.7180847861293753e-07,1.1392901042831932e-10,150,23,,,50,0.0,0.0
291,BNL,"12 (ch1 in csv), 16 (ch2 in csv)",Electrons 85V,1.0,,,125.0,/Users/rkfuentes/Documents/md_anderson_analysis/yepes_code/2025-10-14/scope-results-2025-10-14-1323.csv,7.196029028607076e-11,1.602478217092538e-07,27,55,,,50,0.0,0.0
292,BNL,"12 (ch1 in csv), 16 (ch2 in csv)",Electrons 85V,1.0,,,125.0,/Users/rkfuentes/Documents/md_anderson_analysis/yepes_code/2025-10-14/scope-results-2025-10-14-1324.csv,2.7222325156183714e-07,4.3910536004275896e-11,148,28,,,50,0.0,0.0
293,BNL,"12 (ch1 in csv), 16 (ch2 in csv)",Electrons 85V,1.0,,,125.0,/Users/rkfuentes/Documents/md_anderson_analysis/yepes_code/2025-10-14/scope-results-2025-10-14-1325.csv,3.684555656538524e-10,4.329256967380595e-12,16,19,,,50,0.0,0.0
294,BNL,"12 (ch1 in csv), 16 (ch2 in csv)",Electrons 85V,1.0,,,125.0,/Users/rkfuentes/Documents/md_anderson_analysis/yepes_code/2025-10-14/scope-results-2025-10-14-1326.csv,2.708673196606982e-07,9.563761018799668e-11,153,20,,,50,0.0,0.0
295,BNL,"12 (ch1 in csv), 16 (ch2 in csv)",Electrons 85V,1.0,,,125.0,/Users/rkfuentes/Documents/md_anderson_analysis/yepes_code/2025-10-14/scope-results-2025-10-14-1327.csv,2.8479390456214376e-07,3.6370808975361994e-11,143,20,,,50,0.0,0.0
296,BNL,"12 (ch1 in csv), 16 (ch2 in csv)",Electrons 85V,1.0,,,125.0,/Users/rkfuentes/Documents/md_anderson_analysis/yepes_code/2025-10-14/scope-results-2025-10-14-1328.csv,2.738260193719655e-07,1.6842054234114228e-10,159,15,,,50,0.0,0.0
297,BNL,"12 (ch1 in csv), 16 (ch2 in csv)",Electrons 85V,1.0,,,125.0,/Users/rkfuentes/Documents/md_anderson_analysis/yepes_code/2025-10-14/scope-results-2025-10-14-1329.csv,2.3100169760680305e-12,7.773115832792669e-11,32,20,,,50,0.0,0.0
298,BNL,"12 (ch1 in csv), 16 (ch2 in csv)",Electrons 85V,1.0,,,125.0,/Users/rkfuentes/Documents/md_anderson_analysis/yepes_code/2025-10-14/scope-results-2025-10-14-1330.csv,2.979067113157594e-07,3.3300431653663485e-11,154,18,,,50,0.0,0.0
299,BNL,"12 (ch1 in csv), 16 (ch2 in csv)",Electrons 85V,1.0,,,125.0,/Users/rkfuentes/Documents/md_anderson_analysis/yepes_code/2025-10-14/scope-results-2025-10-14-1331.csv,2.899697720604389e-07,1.3823833632979435e-10,159,18,,,50,0.0,0.0
300,BNL,"12 (ch1 in csv), 16 (ch2 in csv)",Electrons 85V,1.0,,,125.0,/Users/rkfuentes/Documents/md_anderson_analysis/yepes_code/2025-10-14/scope-results-2025-10-14-1381.csv,3.865073915900015e-13,9.430320496363004e-11,6,23,,,20,0.0,0.0
301,BNL,"12 (ch1 in csv), 16 (ch2 in csv)",Electrons 85V,1.0,,,125.0,/Users/rkfuentes/Documents/md_anderson_analysis/yepes_code/2025-10-14/scope-results-2025-10-14-1382.csv,2.710999112772121e-12,2.561865253907292e-11,2,21,,,20,0.0,0.0
302,BNL,"12 (ch1 in csv), 16 (ch2 in csv)",Electrons 85V,1.0,,,125.0,/Users/rkfuentes/Documents/md_anderson_analysis/yepes_code/2025-10-14/scope-results-2025-10-14-1383.csv,1.259580265920724e-10,4.7336690607267645e-11,10,23,,,20,0.0,0.0
303,BNL,"12 (ch1 in csv), 16 (ch2 in csv)",Electrons 85V,1.0,,,125.0,/Users/rkfuentes/Documents/md_anderson_analysis/yepes_code/2025-10-14/scope-results-2025-10-14-1384.csv,1.9317050788645968e-11,2.0086584121848077e-11,29,25,,,20,0.0,0.0
304,BNL,"12 (ch1 in csv), 16 (ch2 in csv)",Electrons 85V,1.0,,,125.0,/Users/rkfuentes/Documents/md_anderson_analysis/yepes_code/2025-10-14/scope-results-2025-10-14-1412.csv,8.316061450522195e-07,1.894465880551993e-09,148,7,,,100,1.0,0.0
305,BNL,"12 (ch1 in csv), 16 (ch2 in csv)",Electrons 85V,1.0,,,125.0,/Users/rkfuentes/Documents/md_anderson_analysis/yepes_code/2025-10-14/scope-results-2025-10-14-1413.csv,8.324528017716423e-07,5.020867314571677e-07,135,86,,,100,0.0,0.0
306,BNL,"12 (ch1 in csv), 16 (ch2 in csv)",Electrons 85V,1.0,,,125.0,/Users/rkfuentes/Documents/md_anderson_analysis/yepes_code/2025-10-14/scope-results-2025-10-14-1414.csv,7.996321787899006e-07,4.926612261013967e-07,143,85,,,100,2.0,0.0
307,BNL,"12 (ch1 in csv), 16 (ch2 in csv)",Electrons 85V,1.0,,,125.0,/Users/rkfuentes/Documents/md_anderson_analysis/yepes_code/2025-10-14/scope-results-2025-10-14-1415.csv,6.963631304396735e-07,4.875502194431417e-07,128,82,,,100,1.0,0.0
308,BNL,"12 (ch1 in csv), 16 (ch2 in csv)",Electrons 85V,1.0,,,125.0,/Users/rkfuentes/Documents/md_anderson_analysis/yepes_code/2025-10-14/scope-results-2025-10-14-1416.csv,8.48717646095637e-07,4.24318492299171e-10,157,6,,,100,1.0,0.0
309,BNL,"12 (ch1 in csv), 16 (ch2 in csv)",Electrons 85V,1.0,,,125.0,/Users/rkfuentes/Documents/md_anderson_analysis/yepes_code/2025-10-14/scope-results-2025-10-14-1417.csv,7.934308218490349e-07,4.086915450488495e-07,139,69,,,100,0.0,0.0
310,BNL,"12 (ch1 in csv), 16 (ch2 in csv)",Electrons 85V,1.0,,,125.0,/Users/rkfuentes/Documents/md_anderson_analysis/yepes_code/2025-10-14/scope-results-2025-10-14-1418.csv,8.043618941407403e-07,4.696057061493599e-07,140,83,,,100,1.0,0.0
311,BNL,"12 (ch1 in csv), 16 (ch2 in csv)",Electrons 85V,1.0,,,125.0,/Users/rkfuentes/Documents/md_anderson_analysis/yepes_code/2025-10-14/scope-results-2025-10-14-1419.csv,8.242160689178468e-07,4.550102984948354e-07,150,77,,,100,1.0,0.0
312,BNL,"12 (ch1 in csv), 16 (ch2 in csv)",Electrons 85V,1.0,,,125.0,/Users/rkfuentes/Documents/md_anderson_analysis/yepes_code/2025-10-14/scope-results-2025-10-14-1420.csv,9.448009686586176e-11,3.138334324618886e-09,17,6,,,100,0.0,0.0
313,BNL,"12 (ch1 in csv), 16 (ch2 in csv)",Electrons 85V,1.0,,,125.0,/Users/rkfuentes/Documents/md_anderson_analysis/yepes_code/2025-10-14/scope-results-2025-10-14-1421.csv,7.973293329189271e-07,9.308116137031223e-10,153,6,,,100,1.0,0.0
314,BNL,"12 (ch1 in csv), 16 (ch2 in csv)",Electrons 85V,1.0,,,125.0,/Users/rkfuentes/Documents/md_anderson_analysis/yepes_code/2025-10-14/scope-results-2025-10-14-1422.csv,8.023090286666926e-07,4.2520595877279425e-07,153,68,,,100,0.0,0.0
315,BNL,"12 (ch1 in csv), 16 (ch2 in csv)",Electrons 85V,1.0,,,125.0,/Users/rkfuentes/Documents/md_anderson_analysis/yepes_code/2025-10-14/scope-results-2025-10-14-1423.csv,7.480101241603695e-10,4.852010848218601e-07,8,94,,,100,0.0,0.0
316,BNL,"12 (ch1 in csv), 16 (ch2 in csv)",Electrons 85V,1.0,,,125.0,/Users/rkfuentes/Documents/md_anderson_analysis/yepes_code/2025-10-14/scope-results-2025-10-14-1424.csv,8.021748480459935e-07,3.85009942180302e-07,152,75,,,100,0.0,0.0
317,BNL,"12 (ch1 in csv), 16 (ch2 in csv)",Electrons 85V,1.0,,,125.0,/Users/rkfuentes/Documents/md_anderson_analysis/yepes_code/2025-10-14/scope-results-2025-10-14-1425.csv,7.93265573168067e-07,1.556267997471732e-09,154,6,,,100,0.0,0.0
318,BNL,"12 (ch1 in csv), 16 (ch2 in csv)",Electrons 85V,1.0,,,125.0,/Users/rkfuentes/Documents/md_anderson_analysis/yepes_code/2025-10-14/scope-results-2025-10-14-1426.csv,7.880932636761436e-07,8.111405812261936e-11,135,6,,,100,1.0,0.0
319,BNL,"12 (ch1 in csv), 16 (ch2 in csv)",Electrons 85V,1.0,,,125.0,/Users/rkfuentes/Documents/md_anderson_analysis/yepes_code/2025-10-14/scope-results-2025-10-14-1427.csv,3.8447828578032575e-10,2.6179008729285223e-09,12,5,,,100,0.0,0.0
320,BNL,"12 (ch1 in csv), 16 (ch2 in csv)",Electrons 85V,1.0,,,125.0,/Users/rkfuentes/Documents/md_anderson_analysis/yepes_code/2025-10-14/scope-results-2025-10-14-1428.csv,7.701736374357128e-07,2.2038371013056901e-10,155,6,,,100,1.0,0.0
321,BNL,"12 (ch1 in csv), 16 (ch2 in csv)",Electrons 85V,1.0,,,125.0,/Users/rkfuentes/Documents/md_anderson_analysis/yepes_code/2025-10-14/scope-results-2025-10-14-1429.csv,7.68831294333135e-07,3.879082570436152e-07,154,67,,,100,1.0,0.0
322,BNL,"12 (ch1 in csv), 16 (ch2 in csv)",Electrons 85V,1.0,,,125.0,/Users/rkfuentes/Documents/md_anderson_analysis/yepes_code/2025-10-14/scope-results-2025-10-14-1430.csv,7.310421981415348e-07,5.082494860349566e-10,141,7,,,100,1.0,0.0
323,BNL,"12 (ch1 in csv), 16 (ch2 in csv)",Electrons 85V,1.0,,,125.0,/Users/rkfuentes/Documents/md_anderson_analysis/yepes_code/2025-10-14/scope-results-2025-10-14-1431.csv,7.877210161954916e-07,4.5661193119543266e-07,158,78,,,100,0.0,0.0
324,BNL,"12 (ch1 in csv), 16 (ch2 in csv)",Electrons 85V,1.0,,,125.0,/Users/rkfuentes/Documents/md_anderson_analysis/yepes_code/2025-10-14/scope-results-2025-10-14-1432.csv,7.815408831430032e-07,3.7374634303442754e-07,146,65,,,100,1.0,0.0
325,BNL,"12 (ch1 in csv), 16 (ch2 in csv)",Electrons 85V,1.0,,,125.0,/Users/rkfuentes/Documents/md_anderson_analysis/yepes_code/2025-10-14/scope-results-2025-10-14-1433.csv,7.965575075038648e-07,1.0290330610485063e-09,138,6,,,100,0.0,0.0
326,BNL,"12 (ch1 in csv), 16 (ch2 in csv)",Electrons 85V,1.0,,,150.0,/Users/rkfuentes/Documents/md_anderson_analysis/yepes_code/2025-10-14/scope-results-2025-10-14-1505.csv,3.786760351702987e-07,8.755009558476836e-12,154,20,,,100,0.0,0.0
327,BNL,"12 (ch1 in csv), 16 (ch2 in csv)",Electrons 85V,1.0,,,150.0,/Users/rkfuentes/Documents/md_anderson_analysis/yepes_code/2025-10-14/scope-results-2025-10-14-1506.csv,3.321752243013613e-07,4.4847684072887536e-11,148,22,,,100,1.0,0.0
328,BNL,"12 (ch1 in csv), 16 (ch2 in csv)",Electrons 85V,1.0,,,150.0,/Users/rkfuentes/Documents/md_anderson_analysis/yepes_code/2025-10-14/scope-results-2025-10-14-1507.csv,3.937323145084921e-07,1.8458904277928728e-11,142,15,,,100,0.0,0.0
329,BNL,"12 (ch1 in csv), 16 (ch2 in csv)",Electrons 85V,1.0,,,150.0,/Users/rkfuentes/Documents/md_anderson_analysis/yepes_code/2025-10-14/scope-results-2025-10-14-1508.csv,1.0577679421406194e-11,2.3163634192989177e-12,9,14,,,100,0.0,0.0
330,BNL,"12 (ch1 in csv), 16 (ch2 in csv)",Electrons 85V,1.0,,,150.0,/Users/rkfuentes/Documents/md_anderson_analysis/yepes_code/2025-10-14/scope-results-2025-10-14-1509.csv,1.5240074274556292e-09,3.251883537577144e-11,13,22,,,100,0.0,0.0
331,BNL,"12 (ch1 in csv), 16 (ch2 in csv)",Electrons 85V,1.0,,,150.0,/Users/rkfuentes/Documents/md_anderson_analysis/yepes_code/2025-10-14/scope-results-2025-10-14-1510.csv,7.452037785081582e-10,1.8188907965343382e-09,10,8,,,100,0.0,0.0
332,BNL,"12 (ch1 in csv), 16 (ch2 in csv)",Electrons 85V,1.0,,,150.0,/Users/rkfuentes/Documents/md_anderson_analysis/yepes_code/2025-10-14/scope-results-2025-10-14-1511.csv,4.1360515654219194e-07,1.284285552398312e-11,155,13,,,100,0.0,0.0
333,BNL,"12 (ch1 in csv), 16 (ch2 in csv)",Electrons 85V,1.0,,,150.0,/Users/rkfuentes/Documents/md_anderson_analysis/yepes_code/2025-10-14/scope-results-2025-10-14-1512.csv,3.932933246646615e-07,2.310334027925219e-11,139,20,,,100,0.0,0.0
334,BNL,"12 (ch1 in csv), 16 (ch2 in csv)",Electrons 85V,1.0,,,150.0,/Users/rkfuentes/Documents/md_anderson_analysis/yepes_code/2025-10-14/scope-results-2025-10-14-1513.csv,8.60400266829069e-10,2.437257232897912e-07,13,81,,,100,0.0,0.0
335,BNL,"12 (ch1 in csv), 16 (ch2 in csv)",Electrons 85V,1.0,,,150.0,/Users/rkfuentes/Documents/md_anderson_analysis/yepes_code/2025-10-14/scope-results-2025-10-14-1514.csv,3.801484265917677e-07,2.1052878937134712e-11,140,21,,,100,0.0,0.0
336,BNL,"12 (ch1 in csv), 16 (ch2 in csv)",Electrons 85V,1.0,,,150.0,/Users/rkfuentes/Documents/md_anderson_analysis/yepes_code/2025-10-14/scope-results-2025-10-14-1515.csv,3.805416533767323e-10,3.2769775874798576e-11,14,25,,,100,0.0,0.0
337,BNL,"12 (ch1 in csv), 16 (ch2 in csv)",Electrons 85V,1.0,,,150.0,/Users/rkfuentes/Documents/md_anderson_analysis/yepes_code/2025-10-14/scope-results-2025-10-14-1516.csv,3.803906500238588e-07,1.9564906704572187e-10,158,26,,,100,0.0,0.0
338,BNL,"12 (ch1 in csv), 16 (ch2 in csv)",Electrons 85V,1.0,,,150.0,/Users/rkfuentes/Documents/md_anderson_analysis/yepes_code/2025-10-14/scope-results-2025-10-14-1517.csv,4.027775819091131e-07,4.4113333500107306e-11,155,22,,,100,0.0,0.0
339,BNL,"12 (ch1 in csv), 16 (ch2 in csv)",Electrons 85V,1.0,,,150.0,/Users/rkfuentes/Documents/md_anderson_analysis/yepes_code/2025-10-14/scope-results-2025-10-14-1518.csv,8.201159853877087e-11,1.8257447547296152e-11,9,20,,,100,0.0,0.0
340,BNL,"12 (ch1 in csv), 16 (ch2 in csv)",Electrons 85V,1.0,,,150.0,/Users/rkfuentes/Documents/md_anderson_analysis/yepes_code/2025-10-14/scope-results-2025-10-14-1519.csv,1.2912894328683763e-09,5.508442713689931e-12,12,13,,,100,0.0,0.0
341,BNL,"12 (ch1 in csv), 16 (ch2 in csv)",Electrons 85V,1.0,,,150.0,/Users/rkfuentes/Documents/md_anderson_analysis/yepes_code/2025-10-14/scope-results-2025-10-14-1520.csv,4.394532734151768e-10,5.0163866903805287e-11,7,20,,,100,0.0,0.0
342,BNL,"12 (ch1 in csv), 16 (ch2 in csv)",Electrons 85V,1.0,,,150.0,/Users/rkfuentes/Documents/md_anderson_analysis/yepes_code/2025-10-14/scope-results-2025-10-14-1521.csv,3.9205085042382266e-07,2.4177655425835376e-07,150,94,,,100,1.0,0.0
343,BNL,"12 (ch1 in csv), 16 (ch2 in csv)",Electrons 85V,1.0,,,150.0,/Users/rkfuentes/Documents/md_anderson_analysis/yepes_code/2025-10-14/scope-results-2025-10-14-1522.csv,6.4423934931673e-10,2.7913625190301185e-10,8,7,,,100,0.0,0.0
344,BNL,"12 (ch1 in csv), 16 (ch2 in csv)",Electrons 85V,1.0,,,150.0,/Users/rkfuentes/Documents/md_anderson_analysis/yepes_code/2025-10-14/scope-results-2025-10-14-1523.csv,1.1758269451473452e-11,5.950221669054673e-11,14,27,,,100,0.0,0.0
345,BNL,"12 (ch1 in csv), 16 (ch2 in csv)",Electrons 85V,1.0,,,150.0,/Users/rkfuentes/Documents/md_anderson_analysis/yepes_code/2025-10-14/scope-results-2025-10-14-1524.csv,1.994351773109008e-09,2.1848188099687085e-11,11,18,,,100,0.0,0.0
346,BNL,"12 (ch1 in csv), 16 (ch2 in csv)",Electrons 85V,1.0,,,150.0,/Users/rkfuentes/Documents/md_anderson_analysis/yepes_code/2025-10-14/scope-results-2025-10-14-1525.csv,3.83124743939015e-07,7.28520726178784e-11,154,29,,,100,0.0,0.0
347,BNL,"12 (ch1 in csv), 16 (ch2 in csv)",Electrons 85V,1.0,,,150.0,/Users/rkfuentes/Documents/md_anderson_analysis/yepes_code/2025-10-14/scope-results-2025-10-14-1526.csv,5.772053804389791e-10,2.1009939931445403e-10,10,17,,,100,0.0,0.0
348,BNL,"12 (ch1 in csv), 16 (ch2 in csv)",Electrons 85V,1.0,,,150.0,/Users/rkfuentes/Documents/md_anderson_analysis/yepes_code/2025-10-14/scope-results-2025-10-14-1527.csv,3.85435384228347e-07,2.1970765548363527e-10,138,24,,,100,0.0,0.0
349,BNL,"12 (ch1 in csv), 16 (ch2 in csv)",Electrons 85V,1.0,,,150.0,/Users/rkfuentes/Documents/md_anderson_analysis/yepes_code/2025-10-14/scope-results-2025-10-14-1593.csv,2.1224649694053448e-11,3.8601881596372013e-11,10,21,,,50,0.0,0.0
350,BNL,"12 (ch1 in csv), 16 (ch2 in csv)",Electrons 85V,1.0,,,150.0,/Users/rkfuentes/Documents/md_anderson_analysis/yepes_code/2025-10-14/scope-results-2025-10-14-1594.csv,1.1572801983182087e-09,2.2036397731075496e-11,19,25,,,50,0.0,0.0
351,BNL,"12 (ch1 in csv), 16 (ch2 in csv)",Electrons 85V,1.0,,,150.0,/Users/rkfuentes/Documents/md_anderson_analysis/yepes_code/2025-10-14/scope-results-2025-10-14-1595.csv,1.262003383023161e-07,7.748730357722366e-12,170,31,,,50,0.0,0.0
352,BNL,"12 (ch1 in csv), 16 (ch2 in csv)",Electrons 85V,1.0,,,150.0,/Users/rkfuentes/Documents/md_anderson_analysis/yepes_code/2025-10-14/scope-results-2025-10-14-1596.csv,1.086733771856355e-07,8.191673796327919e-12,132,22,,,50,0.0,0.0
353,BNL,"12 (ch1 in csv), 16 (ch2 in csv)",Electrons 85V,1.0,,,150.0,/Users/rkfuentes/Documents/md_anderson_analysis/yepes_code/2025-10-14/scope-results-2025-10-14-1597.csv,9.60995346404183e-08,5.386561395005739e-13,126,9,,,50,0.0,0.0
354,BNL,"12 (ch1 in csv), 16 (ch2 in csv)",Electrons 85V,1.0,,,150.0,/Users/rkfuentes/Documents/md_anderson_analysis/yepes_code/2025-10-14/scope-results-2025-10-14-1598.csv,1.4203910073832348e-10,4.377884402288908e-12,17,20,,,50,0.0,0.0
355,BNL,"12 (ch1 in csv), 16 (ch2 in csv)",Electrons 85V,1.0,,,150.0,/Users/rkfuentes/Documents/md_anderson_analysis/yepes_code/2025-10-14/scope-results-2025-10-14-1599.csv,6.949556264351154e-12,2.8667396736907328e-11,13,36,,,50,0.0,0.0
356,BNL,"12 (ch1 in csv), 16 (ch2 in csv)",Electrons 85V,1.0,,,150.0,/Users/rkfuentes/Documents/md_anderson_analysis/yepes_code/2025-10-14/scope-results-2025-10-14-1600.csv,1.3092156175449572e-07,3.298453564424861e-11,163,19,,,50,0.0,0.0
357,BNL,"12 (ch1 in csv), 16 (ch2 in csv)",Electrons 85V,1.0,,,150.0,/Users/rkfuentes/Documents/md_anderson_analysis/yepes_code/2025-10-14/scope-results-2025-10-14-1601.csv,3.6216290768464233e-11,8.886912482453327e-11,6,20,,,50,0.0,0.0
358,BNL,"12 (ch1 in csv), 16 (ch2 in csv)",Electrons 85V,1.0,,,150.0,/Users/rkfuentes/Documents/md_anderson_analysis/yepes_code/2025-10-14/scope-results-2025-10-14-1602.csv,1.594586745582388e-10,1.9536915494490416e-11,15,27,,,50,0.0,0.0
359,BNL,"12 (ch1 in csv), 16 (ch2 in csv)",Electrons 85V,1.0,,,150.0,/Users/rkfuentes/Documents/md_anderson_analysis/yepes_code/2025-10-14/scope-results-2025-10-14-1603.csv,4.436708338657035e-11,2.6218825825635628e-11,12,39,,,50,0.0,0.0
360,BNL,"12 (ch1 in csv), 16 (ch2 in csv)",Electrons 85V,1.0,,,150.0,/Users/rkfuentes/Documents/md_anderson_analysis/yepes_code/2025-10-14/scope-results-2025-10-14-1604.csv,5.862903678651465e-12,1.7114399232032788e-11,10,16,,,50,0.0,0.0
361,BNL,"12 (ch1 in csv), 16 (ch2 in csv)",Electrons 85V,1.0,,,150.0,/Users/rkfuentes/Documents/md_anderson_analysis/yepes_code/2025-10-14/scope-results-2025-10-14-1605.csv,8.586190693548347e-08,4.824491111973931e-11,133,22,,,50,0.0,0.0
362,BNL,"12 (ch1 in csv), 16 (ch2 in csv)",Electrons 85V,1.0,,,150.0,/Users/rkfuentes/Documents/md_anderson_analysis/yepes_code/2025-10-14/scope-results-2025-10-14-1606.csv,1.638577390586203e-11,7.547994502877977e-11,8,23,,,50,0.0,0.0
363,BNL,"12 (ch1 in csv), 16 (ch2 in csv)",Electrons 85V,1.0,,,150.0,/Users/rkfuentes/Documents/md_anderson_analysis/yepes_code/2025-10-14/scope-results-2025-10-14-1607.csv,1.3181617221113885e-07,2.2554472636857048e-11,177,25,,,50,0.0,0.0
364,BNL,"12 (ch1 in csv), 16 (ch2 in csv)",Electrons 85V,1.0,,,150.0,/Users/rkfuentes/Documents/md_anderson_analysis/yepes_code/2025-10-14/scope-results-2025-10-14-1608.csv,2.1005904386433606e-10,3.8178508652626396e-11,9,20,,,50,0.0,0.0
365,BNL,"12 (ch1 in csv), 16 (ch2 in csv)",Electrons 85V,1.0,,,150.0,/Users/rkfuentes/Documents/md_anderson_analysis/yepes_code/2025-10-14/scope-results-2025-10-14-1609.csv,5.870364835359146e-12,2.0226024282297615e-12,7,24,,,50,0.0,0.0
366,BNL,"12 (ch1 in csv), 16 (ch2 in csv)",Electrons 85V,1.0,,,150.0,/Users/rkfuentes/Documents/md_anderson_analysis/yepes_code/2025-10-14/scope-results-2025-10-14-1610.csv,5.281623572299986e-08,1.3279235043403072e-11,112,26,,,50,0.0,0.0
367,BNL,"12 (ch1 in csv), 16 (ch2 in csv)",Electrons 85V,1.0,,,150.0,/Users/rkfuentes/Documents/md_anderson_analysis/yepes_code/2025-10-14/scope-results-2025-10-14-1611.csv,4.4083370435155247e-10,5.415931338433216e-11,13,17,,,50,0.0,0.0
368,BNL,"12 (ch1 in csv), 16 (ch2 in csv)",Electrons 85V,1.0,,,150.0,/Users/rkfuentes/Documents/md_anderson_analysis/yepes_code/2025-10-14/scope-results-2025-10-14-1612.csv,1.3397680808999268e-10,1.6174769736000627e-11,11,21,,,50,0.0,0.0
369,BNL,"12 (ch1 in csv), 16 (ch2 in csv)",Electrons 85V,1.0,,,150.0,/Users/rkfuentes/Documents/md_anderson_analysis/yepes_code/2025-10-14/scope-results-2025-10-14-1613.csv,1.394373483347505e-07,7.065097309191562e-11,166,22,,,50,0.0,0.0
370,BNL,"12 (ch1 in csv), 16 (ch2 in csv)",Electrons 85V,1.0,,,150.0,/Users/rkfuentes/Documents/md_anderson_analysis/yepes_code/2025-10-14/scope-results-2025-10-14-1614.csv,4.09344040453921e-10,2.0679399187848654e-10,17,21,,,50,0.0,0.0
371,BNL,"12 (ch1 in csv), 16 (ch2 in csv)",Electrons 85V,1.0,,,150.0,/Users/rkfuentes/Documents/md_anderson_analysis/yepes_code/2025-10-14/scope-results-2025-10-14-1615.csv,2.653001443873392e-11,2.7973180758828147e-11,6,18,,,50,0.0,0.0
372,BNL,"12 (ch1 in csv), 16 (ch2 in csv)",Electrons 85V,1.0,,,150.0,/Users/rkfuentes/Documents/md_anderson_analysis/yepes_code/2025-10-14/scope-results-2025-10-14-1616.csv,7.40673676913235e-08,3.5412225483004346e-12,126,22,,,50,0.0,0.0
373,BNL,"12 (ch1 in csv), 16 (ch2 in csv)",Electrons 85V,1.0,,,175.0,/Users/rkfuentes/Documents/md_anderson_analysis/yepes_code/2025-10-14/scope-results-2025-10-14-1688.csv,2.426117341742126e-07,2.4637949830793437e-07,149,98,,,100,0.0,0.0
374,BNL,"12 (ch1 in csv), 16 (ch2 in csv)",Electrons 85V,1.0,,,175.0,/Users/rkfuentes/Documents/md_anderson_analysis/yepes_code/2025-10-14/scope-results-2025-10-14-1689.csv,1.223086571560764e-09,2.40474713040787e-07,13,117,,,100,0.0,0.0
375,BNL,"12 (ch1 in csv), 16 (ch2 in csv)",Electrons 85V,1.0,,,175.0,/Users/rkfuentes/Documents/md_anderson_analysis/yepes_code/2025-10-14/scope-results-2025-10-14-1690.csv,9.00491551556125e-10,2.397641289686394e-09,11,8,,,100,0.0,0.0
376,BNL,"12 (ch1 in csv), 16 (ch2 in csv)",Electrons 85V,1.0,,,175.0,/Users/rkfuentes/Documents/md_anderson_analysis/yepes_code/2025-10-14/scope-results-2025-10-14-1691.csv,1.6805102873891939e-09,1.5555899232020656e-08,12,20,,,100,0.0,0.0
377,BNL,"12 (ch1 in csv), 16 (ch2 in csv)",Electrons 85V,1.0,,,175.0,/Users/rkfuentes/Documents/md_anderson_analysis/yepes_code/2025-10-14/scope-results-2025-10-14-1692.csv,3.119694176049706e-07,5.004310496595939e-10,158,7,,,100,1.0,0.0
378,BNL,"12 (ch1 in csv), 16 (ch2 in csv)",Electrons 85V,1.0,,,175.0,/Users/rkfuentes/Documents/md_anderson_analysis/yepes_code/2025-10-14/scope-results-2025-10-14-1693.csv,3.104263549089992e-07,3.3790568481827555e-11,155,18,,,100,0.0,0.0
379,BNL,"12 (ch1 in csv), 16 (ch2 in csv)",Electrons 85V,1.0,,,175.0,/Users/rkfuentes/Documents/md_anderson_analysis/yepes_code/2025-10-14/scope-results-2025-10-14-1694.csv,2.3542212601381857e-10,2.2833154178862586e-07,15,107,,,100,0.0,0.0
380,BNL,"12 (ch1 in csv), 16 (ch2 in csv)",Electrons 85V,1.0,,,175.0,/Users/rkfuentes/Documents/md_anderson_analysis/yepes_code/2025-10-14/scope-results-2025-10-14-1695.csv,1.509771658944595e-07,1.9330122888656526e-10,97,23,,,100,0.0,0.0
381,BNL,"12 (ch1 in csv), 16 (ch2 in csv)",Electrons 85V,1.0,,,175.0,/Users/rkfuentes/Documents/md_anderson_analysis/yepes_code/2025-10-14/scope-results-2025-10-14-1696.csv,3.1527597176480717e-07,3.153923148615529e-07,138,131,,,100,0.0,0.0
382,BNL,"12 (ch1 in csv), 16 (ch2 in csv)",Electrons 85V,1.0,,,175.0,/Users/rkfuentes/Documents/md_anderson_analysis/yepes_code/2025-10-14/scope-results-2025-10-14-1697.csv,3.194404429170798e-07,6.270450019160132e-10,142,9,,,100,0.0,0.0
383,BNL,"12 (ch1 in csv), 16 (ch2 in csv)",Electrons 85V,1.0,,,175.0,/Users/rkfuentes/Documents/md_anderson_analysis/yepes_code/2025-10-14/scope-results-2025-10-14-1698.csv,1.1665281561223756e-10,3.398409065905813e-07,9,136,,,100,0.0,0.0
384,BNL,"12 (ch1 in csv), 16 (ch2 in csv)",Electrons 85V,1.0,,,175.0,/Users/rkfuentes/Documents/md_anderson_analysis/yepes_code/2025-10-14/scope-results-2025-10-14-1699.csv,3.267607585204919e-07,1.9064212870645344e-10,143,7,,,100,0.0,0.0
385,BNL,"12 (ch1 in csv), 16 (ch2 in csv)",Electrons 85V,1.0,,,175.0,/Users/rkfuentes/Documents/md_anderson_analysis/yepes_code/2025-10-14/scope-results-2025-10-14-1700.csv,2.4583577061193916e-07,5.0587307911591414e-11,134,19,,,100,0.0,0.0
386,BNL,"12 (ch1 in csv), 16 (ch2 in csv)",Electrons 85V,1.0,,,175.0,/Users/rkfuentes/Documents/md_anderson_analysis/yepes_code/2025-10-14/scope-results-2025-10-14-1740.csv,2.0772194861345774e-10,5.5826740346738986e-11,10,25,,,50,0.0,0.0
387,BNL,"12 (ch1 in csv), 16 (ch2 in csv)",Electrons 85V,1.0,,,175.0,/Users/rkfuentes/Documents/md_anderson_analysis/yepes_code/2025-10-14/scope-results-2025-10-14-1741.csv,8.970001540189154e-08,2.4396670918084896e-09,117,9,,,50,0.0,0.0
388,BNL,"12 (ch1 in csv), 16 (ch2 in csv)",Electrons 85V,1.0,,,175.0,/Users/rkfuentes/Documents/md_anderson_analysis/yepes_code/2025-10-14/scope-results-2025-10-14-1742.csv,9.58822054894417e-08,8.234254827393192e-11,135,20,,,50,0.0,0.0
389,BNL,"12 (ch1 in csv), 16 (ch2 in csv)",Electrons 85V,1.0,,,175.0,/Users/rkfuentes/Documents/md_anderson_analysis/yepes_code/2025-10-14/scope-results-2025-10-14-1743.csv,1.1296415606437046e-07,6.818981104088381e-10,152,7,,,50,0.0,0.0
390,BNL,"12 (ch1 in csv), 16 (ch2 in csv)",Electrons 85V,1.0,,,175.0,/Users/rkfuentes/Documents/md_anderson_analysis/yepes_code/2025-10-14/scope-results-2025-10-14-1744.csv,6.875833901967444e-08,4.85488113434298e-11,115,22,,,50,0.0,0.0
391,BNL,"12 (ch1 in csv), 16 (ch2 in csv)",Electrons 85V,1.0,,,175.0,/Users/rkfuentes/Documents/md_anderson_analysis/yepes_code/2025-10-14/scope-results-2025-10-14-1745.csv,1.7708804323388536e-10,9.965783436563672e-12,10,21,,,50,0.0,0.0
392,BNL,"12 (ch1 in csv), 16 (ch2 in csv)",Electrons 85V,1.0,,,175.0,/Users/rkfuentes/Documents/md_anderson_analysis/yepes_code/2025-10-14/scope-results-2025-10-14-1746.csv,1.0858380339089845e-07,2.250120999933233e-09,140,8,,,50,0.0,0.0
393,BNL,"12 (ch1 in csv), 16 (ch2 in csv)",Electrons 85V,1.0,,,175.0,/Users/rkfuentes/Documents/md_anderson_analysis/yepes_code/2025-10-14/scope-results-2025-10-14-1747.csv,1.0737930320491259e-10,1.295016665064338e-07,14,101,,,50,0.0,0.0
394,BNL,"12 (ch1 in csv), 16 (ch2 in csv)",Electrons 85V,1.0,,,175.0,/Users/rkfuentes/Documents/md_anderson_analysis/yepes_code/2025-10-14/scope-results-2025-10-14-1748.csv,1.313874638156811e-09,3.742462692493441e-09,15,7,,,50,0.0,0.0
395,BNL,"12 (ch1 in csv), 16 (ch2 in csv)",Electrons 85V,1.0,,,175.0,/Users/rkfuentes/Documents/md_anderson_analysis/yepes_code/2025-10-14/scope-results-2025-10-14-1749.csv,4.4840403265660204e-10,2.347661078888048e-09,12,8,,,50,0.0,0.0
396,BNL,"12 (ch1 in csv), 16 (ch2 in csv)",Electrons 85V,1.0,,,175.0,/Users/rkfuentes/Documents/md_anderson_analysis/yepes_code/2025-10-14/scope-results-2025-10-14-1750.csv,5.6853767166731926e-11,1.5572894279064632e-11,7,18,,,50,0.0,0.0
397,BNL,"12 (ch1 in csv), 16 (ch2 in csv)",Electrons 85V,1.0,,,175.0,/Users/rkfuentes/Documents/md_anderson_analysis/yepes_code/2025-10-14/scope-results-2025-10-14-1751.csv,2.151136210972088e-10,7.691679439833728e-13,11,20,,,50,0.0,0.0
398,BNL,"12 (ch1 in csv), 16 (ch2 in csv)",Electrons 85V,1.0,,,175.0,/Users/rkfuentes/Documents/md_anderson_analysis/yepes_code/2025-10-14/scope-results-2025-10-14-1752.csv,1.1802797849501933e-07,1.7943257490193375e-11,156,19,,,50,0.0,0.0
399,BNL,"12 (ch1 in csv), 16 (ch2 in csv)",Electrons 85V,1.0,,,200.0,/Users/rkfuentes/Documents/md_anderson_analysis/yepes_code/2025-10-14/scope-results-2025-10-14-1794.csv,1.3955112658606129e-07,2.5082096699363734e-11,125,17,,,100,0.0,0.0
400,BNL,"12 (ch1 in csv), 16 (ch2 in csv)",Electrons 85V,1.0,,,200.0,/Users/rkfuentes/Documents/md_anderson_analysis/yepes_code/2025-10-14/scope-results-2025-10-14-1795.csv,1.7319067533380228e-07,1.0141676303612995e-10,148,27,,,100,0.0,0.0
401,BNL,"12 (ch1 in csv), 16 (ch2 in csv)",Electrons 85V,1.0,,,200.0,/Users/rkfuentes/Documents/md_anderson_analysis/yepes_code/2025-10-14/scope-results-2025-10-14-1796.csv,1.304879724757388e-09,4.960525936690079e-11,15,17,,,100,0.0,0.0
402,BNL,"12 (ch1 in csv), 16 (ch2 in csv)",Electrons 85V,1.0,,,200.0,/Users/rkfuentes/Documents/md_anderson_analysis/yepes_code/2025-10-14/scope-results-2025-10-14-1797.csv,2.61552228474178e-10,6.781445631521299e-11,16,25,,,100,0.0,0.0
403,BNL,"12 (ch1 in csv), 16 (ch2 in csv)",Electrons 85V,1.0,,,200.0,/Users/rkfuentes/Documents/md_anderson_analysis/yepes_code/2025-10-14/scope-results-2025-10-14-1798.csv,1.371539888989624e-07,5.839008168661561e-11,116,11,,,100,0.0,0.0
404,BNL,"12 (ch1 in csv), 16 (ch2 in csv)",Electrons 85V,1.0,,,200.0,/Users/rkfuentes/Documents/md_anderson_analysis/yepes_code/2025-10-14/scope-results-2025-10-14-1799.csv,1.71244791435748e-07,2.2553248182866943e-10,139,24,,,100,0.0,0.0
405,BNL,"12 (ch1 in csv), 16 (ch2 in csv)",Electrons 85V,1.0,,,200.0,/Users/rkfuentes/Documents/md_anderson_analysis/yepes_code/2025-10-14/scope-results-2025-10-14-1800.csv,2.2630724240911944e-11,1.9708697185255888e-10,12,24,,,100,0.0,0.0
406,BNL,"12 (ch1 in csv), 16 (ch2 in csv)",Electrons 85V,1.0,,,200.0,/Users/rkfuentes/Documents/md_anderson_analysis/yepes_code/2025-10-14/scope-results-2025-10-14-1801.csv,1.831272951580232e-07,2.6729415572220603e-11,157,36,,,100,0.0,0.0
407,BNL,"12 (ch1 in csv), 16 (ch2 in csv)",Electrons 85V,1.0,,,200.0,/Users/rkfuentes/Documents/md_anderson_analysis/yepes_code/2025-10-14/scope-results-2025-10-14-1802.csv,2.600839225459004e-10,5.4876956157955084e-11,10,27,,,100,0.0,0.0
408,BNL,"12 (ch1 in csv), 16 (ch2 in csv)",Electrons 85V,1.0,,,200.0,/Users/rkfuentes/Documents/md_anderson_analysis/yepes_code/2025-10-14/scope-results-2025-10-14-1803.csv,1.942872472840781e-07,1.2265684470704707e-11,161,20,,,100,0.0,0.0
409,BNL,"12 (ch1 in csv), 16 (ch2 in csv)",Electrons 85V,1.0,,,200.0,/Users/rkfuentes/Documents/md_anderson_analysis/yepes_code/2025-10-14/scope-results-2025-10-14-1804.csv,7.005242295094172e-10,3.8441839344257256e-11,17,34,,,100,0.0,0.0
410,BNL,"12 (ch1 in csv), 16 (ch2 in csv)",Electrons 85V,1.0,,,200.0,/Users/rkfuentes/Documents/md_anderson_analysis/yepes_code/2025-10-14/scope-results-2025-10-14-1805.csv,1.0958554797491077e-07,2.337061847645052e-12,110,13,,,100,0.0,0.0
411,BNL,"12 (ch1 in csv), 16 (ch2 in csv)",Electrons 85V,1.0,,,200.0,/Users/rkfuentes/Documents/md_anderson_analysis/yepes_code/2025-10-14/scope-results-2025-10-14-1806.csv,2.934175176707532e-10,1.9486333929416648e-10,12,30,,,100,0.0,0.0
412,BNL,"12 (ch1 in csv), 16 (ch2 in csv)",Electrons 85V,1.0,,,200.0,/Users/rkfuentes/Documents/md_anderson_analysis/yepes_code/2025-10-14/scope-results-2025-10-14-1847.csv,6.517464924103995e-08,2.480153964417197e-11,147,20,,,50,0.0,0.0
413,BNL,"12 (ch1 in csv), 16 (ch2 in csv)",Electrons 85V,1.0,,,200.0,/Users/rkfuentes/Documents/md_anderson_analysis/yepes_code/2025-10-14/scope-results-2025-10-14-1848.csv,6.897316046752513e-08,4.959846324072297e-11,137,30,,,50,0.0,0.0
414,BNL,"12 (ch1 in csv), 16 (ch2 in csv)",Electrons 85V,1.0,,,200.0,/Users/rkfuentes/Documents/md_anderson_analysis/yepes_code/2025-10-14/scope-results-2025-10-14-1849.csv,5.3101278615015995e-08,3.018327141010205e-11,124,25,,,50,0.0,0.0
415,BNL,"12 (ch1 in csv), 16 (ch2 in csv)",Electrons 85V,1.0,,,200.0,/Users/rkfuentes/Documents/md_anderson_analysis/yepes_code/2025-10-14/scope-results-2025-10-14-1850.csv,6.54908524498038e-08,1.123123049960378e-11,143,10,,,50,0.0,0.0
416,BNL,"12 (ch1 in csv), 16 (ch2 in csv)",Electrons 85V,1.0,,,200.0,/Users/rkfuentes/Documents/md_anderson_analysis/yepes_code/2025-10-14/scope-results-2025-10-14-1851.csv,5.952778299952682e-08,7.705543012311127e-07,133,333,,,50,0.0,0.0
417,BNL,"12 (ch1 in csv), 16 (ch2 in csv)",Electrons 85V,1.0,,,200.0,/Users/rkfuentes/Documents/md_anderson_analysis/yepes_code/2025-10-14/scope-results-2025-10-14-1852.csv,7.273836507769125e-11,7.261429267260699e-07,17,356,,,50,0.0,0.0
418,BNL,"12 (ch1 in csv), 16 (ch2 in csv)",Electrons 85V,1.0,,,200.0,/Users/rkfuentes/Documents/md_anderson_analysis/yepes_code/2025-10-14/scope-results-2025-10-14-1853.csv,5.011551187223571e-11,1.5811137817736406e-10,7,15,,,50,0.0,0.0
419,BNL,"12 (ch1 in csv), 16 (ch2 in csv)",Electrons 85V,1.0,,,200.0,/Users/rkfuentes/Documents/md_anderson_analysis/yepes_code/2025-10-14/scope-results-2025-10-14-1854.csv,4.1132659577901223e-10,6.231107427117343e-11,13,27,,,50,0.0,0.0
420,BNL,"12 (ch1 in csv), 16 (ch2 in csv)",Electrons 85V,1.0,,,200.0,/Users/rkfuentes/Documents/md_anderson_analysis/yepes_code/2025-10-14/scope-results-2025-10-14-1855.csv,6.062223408132014e-08,5.5989101996842016e-11,139,25,,,50,0.0,0.0
421,BNL,"12 (ch1 in csv), 16 (ch2 in csv)",Electrons 85V,1.0,,,200.0,/Users/rkfuentes/Documents/md_anderson_analysis/yepes_code/2025-10-14/scope-results-2025-10-14-1856.csv,2.2179279174928663e-09,3.967152871730994e-11,12,24,,,50,0.0,0.0
422,BNL,"12 (ch1 in csv), 16 (ch2 in csv)",Electrons 85V,1.0,,,200.0,/Users/rkfuentes/Documents/md_anderson_analysis/yepes_code/2025-10-14/scope-results-2025-10-14-1857.csv,5.25961443300883e-08,1.177799887950371e-10,133,25,,,50,0.0,0.0
423,BNL,"12 (ch1 in csv), 16 (ch2 in csv)",Electrons 85V,1.0,,,200.0,/Users/rkfuentes/Documents/md_anderson_analysis/yepes_code/2025-10-14/scope-results-2025-10-14-1858.csv,3.8503594153711265e-07,2.2657124565530751e-10,814,22,,,50,0.0,0.0
424,BNL,"12 (ch1 in csv), 16 (ch2 in csv)",Electrons 85V,1.0,,,200.0,/Users/rkfuentes/Documents/md_anderson_analysis/yepes_code/2025-10-14/scope-results-2025-10-14-1859.csv,4.459149184321512e-10,1.7559865103631577e-11,18,26,,,50,0.0,0.0
425,BNL,"12 (ch1 in csv), 16 (ch2 in csv)",Electrons 85V,1.0,,,200.0,/Users/rkfuentes/Documents/md_anderson_analysis/yepes_code/2025-10-14/scope-results-2025-10-14-1860.csv,1.881248617829954e-10,5.306902192888932e-11,20,26,,,50,0.0,0.0
426,BNL,"12 (ch1 in csv), 16 (ch2 in csv)",Electrons 85V,1.0,,,227.5,/Users/rkfuentes/Documents/md_anderson_analysis/yepes_code/2025-10-14/scope-results-2025-10-14-1902.csv,4.763025238523087e-07,3.472127093997962e-09,622,7,,,50,0.0,0.0
427,BNL,"12 (ch1 in csv), 16 (ch2 in csv)",Electrons 85V,1.0,,,227.5,/Users/rkfuentes/Documents/md_anderson_analysis/yepes_code/2025-10-14/scope-results-2025-10-14-1903.csv,3.920343655312224e-07,6.507437318305403e-08,674,75,,,50,0.0,0.0
428,BNL,"12 (ch1 in csv), 16 (ch2 in csv)",Electrons 85V,1.0,,,227.5,/Users/rkfuentes/Documents/md_anderson_analysis/yepes_code/2025-10-14/scope-results-2025-10-14-1904.csv,3.299562634910155e-10,5.557161822251689e-08,13,62,,,50,0.0,0.0
429,BNL,"12 (ch1 in csv), 16 (ch2 in csv)",Electrons 85V,1.0,,,227.5,/Users/rkfuentes/Documents/md_anderson_analysis/yepes_code/2025-10-14/scope-results-2025-10-14-1905.csv,4.1863406473998195e-11,5.7892095501340816e-08,9,67,,,50,0.0,0.0
430,BNL,"12 (ch1 in csv), 16 (ch2 in csv)",Electrons 85V,1.0,,,227.5,/Users/rkfuentes/Documents/md_anderson_analysis/yepes_code/2025-10-14/scope-results-2025-10-14-1906.csv,4.3538344581101915e-07,2.899567972807934e-09,661,7,,,50,0.0,0.0
431,BNL,"12 (ch1 in csv), 16 (ch2 in csv)",Electrons 85V,1.0,,,227.5,/Users/rkfuentes/Documents/md_anderson_analysis/yepes_code/2025-10-14/scope-results-2025-10-14-1907.csv,1.6780297768998204e-11,1.3344227208478228e-12,8,7,,,50,0.0,0.0
432,BNL,"12 (ch1 in csv), 16 (ch2 in csv)",Electrons 85V,1.0,,,227.5,/Users/rkfuentes/Documents/md_anderson_analysis/yepes_code/2025-10-14/scope-results-2025-10-14-1908.csv,3.88056051358979e-07,2.941282462125085e-09,619,9,,,50,0.0,0.0
433,BNL,"12 (ch1 in csv), 16 (ch2 in csv)",Electrons 85V,1.0,,,227.5,/Users/rkfuentes/Documents/md_anderson_analysis/yepes_code/2025-10-14/scope-results-2025-10-14-1909.csv,4.475217808968478e-07,3.307155534013234e-09,654,10,,,50,0.0,0.0
434,BNL,"12 (ch1 in csv), 16 (ch2 in csv)",Electrons 85V,1.0,,,227.5,/Users/rkfuentes/Documents/md_anderson_analysis/yepes_code/2025-10-14/scope-results-2025-10-14-1910.csv,4.592639105403544e-07,1.9721680076335478e-09,685,6,,,50,0.0,0.0
435,BNL,"12 (ch1 in csv), 16 (ch2 in csv)",Electrons 85V,1.0,,,227.5,/Users/rkfuentes/Documents/md_anderson_analysis/yepes_code/2025-10-14/scope-results-2025-10-14-1911.csv,5.309652206029521e-11,5.1470322768617314e-11,9,21,,,50,0.0,0.0
436,BNL,"12 (ch1 in csv), 16 (ch2 in csv)",Electrons 85V,1.0,,,227.5,/Users/rkfuentes/Documents/md_anderson_analysis/yepes_code/2025-10-14/scope-results-2025-10-14-1912.csv,4.504763591848101e-07,3.0742322470490732e-09,664,8,,,50,0.0,0.0
437,BNL,"12 (ch1 in csv), 16 (ch2 in csv)",Electrons 85V,1.0,,,227.5,/Users/rkfuentes/Documents/md_anderson_analysis/yepes_code/2025-10-14/scope-results-2025-10-14-1913.csv,4.439536690808853e-07,4.193865162237339e-09,725,8,,,50,0.0,0.0
438,BNL,"12 (ch1 in csv), 16 (ch2 in csv)",Electrons 85V,1.0,,,227.5,/Users/rkfuentes/Documents/md_anderson_analysis/yepes_code/2025-10-14/scope-results-2025-10-14-1914.csv,4.3985067531635243e-07,2.9707661387919286e-09,677,7,,,50,0.0,0.0
439,BNL,"12 (ch1 in csv), 16 (ch2 in csv)",Electrons 85V,1.0,,,227.5,/Users/rkfuentes/Documents/md_anderson_analysis/yepes_code/2025-10-14/scope-results-2025-10-14-1915.csv,9.860966665431076e-12,1.6165557881998226e-10,11,20,,,50,0.0,0.0
440,BNL,"12 (ch1 in csv), 16 (ch2 in csv)",Electrons 85V,1.0,,,227.5,/Users/rkfuentes/Documents/md_anderson_analysis/yepes_code/2025-10-14/scope-results-2025-10-14-1956.csv,1.870165205521704e-09,1.4968834556987846e-07,11,97,,,100,0.0,0.0
441,BNL,"12 (ch1 in csv), 16 (ch2 in csv)",Electrons 85V,1.0,,,227.5,/Users/rkfuentes/Documents/md_anderson_analysis/yepes_code/2025-10-14/scope-results-2025-10-14-1957.csv,5.710683143023e-10,4.410646371111553e-09,11,11,,,100,0.0,0.0
442,BNL,"12 (ch1 in csv), 16 (ch2 in csv)",Electrons 85V,1.0,,,227.5,/Users/rkfuentes/Documents/md_anderson_analysis/yepes_code/2025-10-14/scope-results-2025-10-14-1958.csv,9.914413826200831e-11,2.8526789028459057e-11,7,15,,,100,0.0,0.0
443,BNL,"12 (ch1 in csv), 16 (ch2 in csv)",Electrons 85V,1.0,,,227.5,/Users/rkfuentes/Documents/md_anderson_analysis/yepes_code/2025-10-14/scope-results-2025-10-14-1959.csv,5.373465027595392e-10,2.796214234957915e-09,13,6,,,100,0.0,0.0
444,BNL,"12 (ch1 in csv), 16 (ch2 in csv)",Electrons 85V,1.0,,,227.5,/Users/rkfuentes/Documents/md_anderson_analysis/yepes_code/2025-10-14/scope-results-2025-10-14-1960.csv,3.346317750821962e-08,1.0672921389884465e-07,84,62,,,100,0.0,0.0
445,BNL,"12 (ch1 in csv), 16 (ch2 in csv)",Electrons 85V,1.0,,,227.5,/Users/rkfuentes/Documents/md_anderson_analysis/yepes_code/2025-10-14/scope-results-2025-10-14-1961.csv,1.2268136580728694e-07,1.5244347947647769e-07,124,93,,,100,0.0,0.0
446,BNL,"12 (ch1 in csv), 16 (ch2 in csv)",Electrons 85V,1.0,,,227.5,/Users/rkfuentes/Documents/md_anderson_analysis/yepes_code/2025-10-14/scope-results-2025-10-14-1962.csv,9.791352163268615e-11,2.557475796412021e-09,18,7,,,100,0.0,0.0
447,BNL,"12 (ch1 in csv), 16 (ch2 in csv)",Electrons 85V,1.0,,,227.5,/Users/rkfuentes/Documents/md_anderson_analysis/yepes_code/2025-10-14/scope-results-2025-10-14-1963.csv,3.5752647150962474e-11,9.262791677753051e-11,7,21,,,100,0.0,0.0
448,BNL,"12 (ch1 in csv), 16 (ch2 in csv)",Electrons 85V,1.0,,,227.5,/Users/rkfuentes/Documents/md_anderson_analysis/yepes_code/2025-10-14/scope-results-2025-10-14-1964.csv,2.389359599789236e-11,2.318490254773866e-09,6,6,,,100,0.0,0.0
449,BNL,"12 (ch1 in csv), 16 (ch2 in csv)",Electrons 85V,1.0,,,227.5,/Users/rkfuentes/Documents/md_anderson_analysis/yepes_code/2025-10-14/scope-results-2025-10-14-1965.csv,1.0588630986263389e-07,2.153660807727641e-09,112,6,,,100,0.0,0.0
450,BNL,"12 (ch1 in csv), 16 (ch2 in csv)",Electrons 85V,1.0,,,227.5,/Users/rkfuentes/Documents/md_anderson_analysis/yepes_code/2025-10-14/scope-results-2025-10-14-1966.csv,4.0265831776499e-10,5.159611826108591e-11,9,17,,,100,0.0,0.0
451,BNL,"12 (ch1 in csv), 16 (ch2 in csv)",Electrons 85V,1.0,,,227.5,/Users/rkfuentes/Documents/md_anderson_analysis/yepes_code/2025-10-14/scope-results-2025-10-14-1967.csv,1.310156451245551e-10,1.526066588556167e-07,14,109,,,100,0.0,0.0
452,BNL,"12 (ch1 in csv), 16 (ch2 in csv)",Electrons 85V,1.0,,,227.5,/Users/rkfuentes/Documents/md_anderson_analysis/yepes_code/2025-10-14/scope-results-2025-10-14-1968.csv,3.840732200694161e-10,1.559259249103771e-07,11,123,,,100,0.0,0.0
453,BNL,"12 (ch1 in csv), 16 (ch2 in csv)",Electrons 85V,1.0,,,75.0,/Users/rkfuentes/Documents/md_anderson_analysis/yepes_code/2025-10-14/scope-results-2025-10-14-2002.csv,1.034163347174508e-06,2.467657458591061e-06,139,379,,,100,1.0,0.0
454,BNL,"12 (ch1 in csv), 16 (ch2 in csv)",Electrons 85V,1.0,,,75.0,/Users/rkfuentes/Documents/md_anderson_analysis/yepes_code/2025-10-14/scope-results-2025-10-14-2003.csv,1.0086327657053982e-06,2.0793893508312193e-06,136,406,,,100,1.0,0.0
455,BNL,"12 (ch1 in csv), 16 (ch2 in csv)",Electrons 85V,1.0,,,75.0,/Users/rkfuentes/Documents/md_anderson_analysis/yepes_code/2025-10-14/scope-results-2025-10-14-2004.csv,1.0278746011420104e-06,5.545262516362026e-07,116,202,,,100,1.0,0.0
456,BNL,"12 (ch1 in csv), 16 (ch2 in csv)",Electrons 85V,1.0,,,75.0,/Users/rkfuentes/Documents/md_anderson_analysis/yepes_code/2025-10-14/scope-results-2025-10-14-2005.csv,1.0186274754274204e-06,2.8038324850433536e-10,141,18,,,100,1.0,0.0
457,BNL,"12 (ch1 in csv), 16 (ch2 in csv)",Electrons 85V,1.0,,,75.0,/Users/rkfuentes/Documents/md_anderson_analysis/yepes_code/2025-10-14/scope-results-2025-10-14-2006.csv,1.0342611352218942e-06,2.4992704774418178e-06,161,348,,,100,1.0,0.0
458,BNL,"12 (ch1 in csv), 16 (ch2 in csv)",Electrons 85V,1.0,,,75.0,/Users/rkfuentes/Documents/md_anderson_analysis/yepes_code/2025-10-14/scope-results-2025-10-14-2007.csv,1.0394326267158902e-06,5.2622031464882637e-11,154,18,,,100,1.0,0.0
459,BNL,"12 (ch1 in csv), 16 (ch2 in csv)",Electrons 85V,1.0,,,75.0,/Users/rkfuentes/Documents/md_anderson_analysis/yepes_code/2025-10-14/scope-results-2025-10-14-2008.csv,1.0425205517799823e-06,2.2948188026374904e-06,173,427,,,100,1.0,0.0
460,BNL,"12 (ch1 in csv), 16 (ch2 in csv)",Electrons 85V,1.0,,,75.0,/Users/rkfuentes/Documents/md_anderson_analysis/yepes_code/2025-10-14/scope-results-2025-10-14-2009.csv,1.0462330353999452e-06,5.436804316748813e-07,136,148,,,100,0.0,0.0
461,BNL,"12 (ch1 in csv), 16 (ch2 in csv)",Electrons 85V,1.0,,,75.0,/Users/rkfuentes/Documents/md_anderson_analysis/yepes_code/2025-10-14/scope-results-2025-10-14-2010.csv,1.0318649142446072e-06,9.057129880178788e-11,126,23,,,100,2.0,0.0
462,BNL,"12 (ch1 in csv), 16 (ch2 in csv)",Electrons 85V,1.0,,,75.0,/Users/rkfuentes/Documents/md_anderson_analysis/yepes_code/2025-10-14/scope-results-2025-10-14-2011.csv,1.0701095399522257e-06,4.861242204363978e-07,149,147,,,100,1.0,0.0
463,BNL,"12 (ch1 in csv), 16 (ch2 in csv)",Electrons 85V,1.0,,,75.0,/Users/rkfuentes/Documents/md_anderson_analysis/yepes_code/2025-10-14/scope-results-2025-10-14-2042.csv,9.938887576155448e-10,4.476851008214266e-11,7,19,,,50,0.0,0.0
464,BNL,"12 (ch1 in csv), 16 (ch2 in csv)",Electrons 85V,1.0,,,75.0,/Users/rkfuentes/Documents/md_anderson_analysis/yepes_code/2025-10-14/scope-results-2025-10-14-2043.csv,3.924129619909637e-07,2.51922183503297e-09,129,9,,,50,1.0,0.0
465,BNL,"12 (ch1 in csv), 16 (ch2 in csv)",Electrons 85V,1.0,,,75.0,/Users/rkfuentes/Documents/md_anderson_analysis/yepes_code/2025-10-14/scope-results-2025-10-14-2044.csv,4.234890021866503e-07,1.6929860143123615e-10,145,19,,,50,0.0,0.0
466,BNL,"12 (ch1 in csv), 16 (ch2 in csv)",Electrons 85V,1.0,,,75.0,/Users/rkfuentes/Documents/md_anderson_analysis/yepes_code/2025-10-14/scope-results-2025-10-14-2045.csv,4.3354564114005635e-07,4.5474322402007826e-11,137,21,,,50,0.0,0.0
467,BNL,"12 (ch1 in csv), 16 (ch2 in csv)",Electrons 85V,1.0,,,75.0,/Users/rkfuentes/Documents/md_anderson_analysis/yepes_code/2025-10-14/scope-results-2025-10-14-2046.csv,4.717915746794144e-11,1.2680655216381382e-11,9,3,,,50,0.0,0.0
468,BNL,"12 (ch1 in csv), 16 (ch2 in csv)",Electrons 85V,1.0,,,75.0,/Users/rkfuentes/Documents/md_anderson_analysis/yepes_code/2025-10-14/scope-results-2025-10-14-2047.csv,4.6841974744564e-07,3.4109541408733495e-11,157,17,,,50,0.0,0.0
469,BNL,"12 (ch1 in csv), 16 (ch2 in csv)",Electrons 85V,1.0,,,75.0,/Users/rkfuentes/Documents/md_anderson_analysis/yepes_code/2025-10-14/scope-results-2025-10-14-2048.csv,4.247639159254605e-07,2.2592193512963425e-11,149,14,,,50,0.0,0.0
470,BNL,"12 (ch1 in csv), 16 (ch2 in csv)",Electrons 85V,1.0,,,75.0,/Users/rkfuentes/Documents/md_anderson_analysis/yepes_code/2025-10-14/scope-results-2025-10-14-2049.csv,5.286419791147418e-10,2.3157749247112366e-06,9,307,,,50,0.0,0.0
471,BNL,"12 (ch1 in csv), 16 (ch2 in csv)",Electrons 85V,1.0,,,75.0,/Users/rkfuentes/Documents/md_anderson_analysis/yepes_code/2025-10-14/scope-results-2025-10-14-2050.csv,9.329100845142894e-12,1.0490454099519939e-11,9,11,,,50,0.0,0.0
472,BNL,"12 (ch1 in csv), 16 (ch2 in csv)",Electrons 85V,1.0,,,75.0,/Users/rkfuentes/Documents/md_anderson_analysis/yepes_code/2025-10-14/scope-results-2025-10-14-2051.csv,4.438221674683229e-07,2.261161838791527e-06,138,304,,,50,0.0,0.0
473,BNL,"12 (ch1 in csv), 16 (ch2 in csv)",Electrons 85V,1.0,,,75.0,/Users/rkfuentes/Documents/md_anderson_analysis/yepes_code/2025-10-14/scope-results-2025-10-14-2082.csv,1.6885674129583271e-06,1.6739518960714372e-06,567,304,,,20,1.0,0.0
474,BNL,"12 (ch1 in csv), 16 (ch2 in csv)",Electrons 85V,2.0,,,100.0,/Users/rkfuentes/Documents/md_anderson_analysis/yepes_code/2025-10-14/scope-results-2025-10-14-1061.csv,9.15183063360317e-07,5.076055779770036e-07,262,162,,,50,0.0,0.0
475,BNL,"12 (ch1 in csv), 16 (ch2 in csv)",Electrons 85V,2.0,,,100.0,/Users/rkfuentes/Documents/md_anderson_analysis/yepes_code/2025-10-14/scope-results-2025-10-14-1062.csv,6.142438283938977e-10,4.970306515550989e-07,10,145,,,50,0.0,0.0
476,BNL,"12 (ch1 in csv), 16 (ch2 in csv)",Electrons 85V,2.0,,,100.0,/Users/rkfuentes/Documents/md_anderson_analysis/yepes_code/2025-10-14/scope-results-2025-10-14-1063.csv,8.917966408332837e-07,5.286456650455586e-07,233,154,,,50,0.0,0.0
477,BNL,"12 (ch1 in csv), 16 (ch2 in csv)",Electrons 85V,2.0,,,100.0,/Users/rkfuentes/Documents/md_anderson_analysis/yepes_code/2025-10-14/scope-results-2025-10-14-1064.csv,9.064127771799616e-07,5.205171334544115e-07,273,158,,,50,0.0,0.0
478,BNL,"12 (ch1 in csv), 16 (ch2 in csv)",Electrons 85V,2.0,,,100.0,/Users/rkfuentes/Documents/md_anderson_analysis/yepes_code/2025-10-14/scope-results-2025-10-14-1065.csv,8.762792438959305e-07,2.2523556955040687e-10,250,21,,,50,1.0,0.0
479,BNL,"12 (ch1 in csv), 16 (ch2 in csv)",Electrons 85V,2.0,,,100.0,/Users/rkfuentes/Documents/md_anderson_analysis/yepes_code/2025-10-14/scope-results-2025-10-14-1066.csv,8.689328735360026e-07,4.39443155850867e-07,245,153,,,50,0.0,0.0
480,BNL,"12 (ch1 in csv), 16 (ch2 in csv)",Electrons 85V,2.0,,,100.0,/Users/rkfuentes/Documents/md_anderson_analysis/yepes_code/2025-10-14/scope-results-2025-10-14-1067.csv,4.935228864038597e-10,8.164769842647658e-11,13,14,,,50,0.0,0.0
481,BNL,"12 (ch1 in csv), 16 (ch2 in csv)",Electrons 85V,2.0,,,100.0,/Users/rkfuentes/Documents/md_anderson_analysis/yepes_code/2025-10-14/scope-results-2025-10-14-1068.csv,8.442013592647296e-07,4.5016295833282274e-07,242,151,,,50,0.0,0.0
482,BNL,"12 (ch1 in csv), 16 (ch2 in csv)",Electrons 85V,2.0,,,100.0,/Users/rkfuentes/Documents/md_anderson_analysis/yepes_code/2025-10-14/scope-results-2025-10-14-1175.csv,2.206823418682611e-06,1.1418718101689827e-06,256,179,,,100,3.0,1.0
483,BNL,"12 (ch1 in csv), 16 (ch2 in csv)",Electrons 85V,2.0,,,100.0,/Users/rkfuentes/Documents/md_anderson_analysis/yepes_code/2025-10-14/scope-results-2025-10-14-1176.csv,1.7808473804314543e-09,1.0191604490576911e-06,13,161,,,100,0.0,0.0
484,BNL,"12 (ch1 in csv), 16 (ch2 in csv)",Electrons 85V,2.0,,,100.0,/Users/rkfuentes/Documents/md_anderson_analysis/yepes_code/2025-10-14/scope-results-2025-10-14-1177.csv,2.0606146490949493e-06,4.597621862344315e-09,243,11,,,100,1.0,0.0
485,BNL,"12 (ch1 in csv), 16 (ch2 in csv)",Electrons 85V,2.0,,,100.0,/Users/rkfuentes/Documents/md_anderson_analysis/yepes_code/2025-10-14/scope-results-2025-10-14-1178.csv,2.167735831533263e-06,2.0769916236299606e-09,264,9,,,100,2.0,0.0
486,BNL,"12 (ch1 in csv), 16 (ch2 in csv)",Electrons 85V,2.0,,,100.0,/Users/rkfuentes/Documents/md_anderson_analysis/yepes_code/2025-10-14/scope-results-2025-10-14-1179.csv,2.18346594135033e-06,1.0384320288753503e-06,293,177,,,100,3.0,1.0
487,BNL,"12 (ch1 in csv), 16 (ch2 in csv)",Electrons 85V,2.0,,,100.0,/Users/rkfuentes/Documents/md_anderson_analysis/yepes_code/2025-10-14/scope-results-2025-10-14-1180.csv,1.884232577632756e-09,1.0117514048131318e-06,10,170,,,100,0.0,0.0
488,BNL,"12 (ch1 in csv), 16 (ch2 in csv)",Electrons 85V,2.0,,,100.0,/Users/rkfuentes/Documents/md_anderson_analysis/yepes_code/2025-10-14/scope-results-2025-10-14-1181.csv,8.16659466209619e-10,2.7308713551200206e-09,12,8,,,100,0.0,0.0
489,BNL,"12 (ch1 in csv), 16 (ch2 in csv)",Electrons 85V,2.0,,,100.0,/Users/rkfuentes/Documents/md_anderson_analysis/yepes_code/2025-10-14/scope-results-2025-10-14-1182.csv,2.0842520683722514e-06,1.0069373227243575e-06,247,177,,,100,1.0,0.0
490,BNL,"12 (ch1 in csv), 16 (ch2 in csv)",Electrons 85V,2.0,,,100.0,/Users/rkfuentes/Documents/md_anderson_analysis/yepes_code/2025-10-14/scope-results-2025-10-14-1183.csv,5.03450718401404e-10,1.6471204398003443e-09,8,11,,,100,0.0,0.0
491,BNL,"12 (ch1 in csv), 16 (ch2 in csv)",Electrons 85V,2.0,,,100.0,/Users/rkfuentes/Documents/md_anderson_analysis/yepes_code/2025-10-14/scope-results-2025-10-14-1184.csv,2.0461968388819516e-06,1.0631777833073182e-06,243,173,,,100,3.0,0.0
492,BNL,"12 (ch1 in csv), 16 (ch2 in csv)",Electrons 85V,2.0,,,100.0,/Users/rkfuentes/Documents/md_anderson_analysis/yepes_code/2025-10-14/scope-results-2025-10-14-1185.csv,2.032151929101148e-06,1.038923602618427e-06,260,185,,,100,2.0,0.0
493,BNL,"12 (ch1 in csv), 16 (ch2 in csv)",Electrons 85V,2.0,,,100.0,/Users/rkfuentes/Documents/md_anderson_analysis/yepes_code/2025-10-14/scope-results-2025-10-14-1186.csv,2.1857383909438263e-09,1.096555948808924e-09,6,9,,,100,0.0,0.0
494,BNL,"12 (ch1 in csv), 16 (ch2 in csv)",Electrons 85V,2.0,,,100.0,/Users/rkfuentes/Documents/md_anderson_analysis/yepes_code/2025-10-14/scope-results-2025-10-14-1187.csv,2.0311007010344724e-06,2.5327950175640382e-09,244,10,,,100,0.0,0.0
495,BNL,"12 (ch1 in csv), 16 (ch2 in csv)",Electrons 85V,2.0,,,100.0,/Users/rkfuentes/Documents/md_anderson_analysis/yepes_code/2025-10-14/scope-results-2025-10-14-1188.csv,2.050960904780565e-06,2.2290705061976872e-10,249,14,,,100,1.0,0.0
496,BNL,"12 (ch1 in csv), 16 (ch2 in csv)",Electrons 85V,2.0,,,100.0,/Users/rkfuentes/Documents/md_anderson_analysis/yepes_code/2025-10-14/scope-results-2025-10-14-1189.csv,1.9681881293572265e-06,9.882453084238798e-07,222,180,,,100,1.0,0.0
497,BNL,"12 (ch1 in csv), 16 (ch2 in csv)",Electrons 85V,2.0,,,100.0,/Users/rkfuentes/Documents/md_anderson_analysis/yepes_code/2025-10-14/scope-results-2025-10-14-1190.csv,1.97501779075534e-06,9.185664419835004e-07,236,170,,,100,1.0,1.0
498,BNL,"12 (ch1 in csv), 16 (ch2 in csv)",Electrons 85V,2.0,,,100.0,/Users/rkfuentes/Documents/md_anderson_analysis/yepes_code/2025-10-14/scope-results-2025-10-14-1191.csv,1.9928077381172727e-06,1.838823749453395e-09,237,10,,,100,3.0,0.0
499,BNL,"12 (ch1 in csv), 16 (ch2 in csv)",Electrons 85V,2.0,,,100.0,/Users/rkfuentes/Documents/md_anderson_analysis/yepes_code/2025-10-14/scope-results-2025-10-14-1192.csv,1.9677949512774173e-06,1.050843020882182e-06,237,170,,,100,1.0,1.0
500,BNL,"12 (ch1 in csv), 16 (ch2 in csv)",Electrons 85V,2.0,,,100.0,/Users/rkfuentes/Documents/md_anderson_analysis/yepes_code/2025-10-14/scope-results-2025-10-14-1193.csv,1.991597746483283e-06,9.816148955733532e-07,258,152,,,100,2.0,0.0
501,BNL,"12 (ch1 in csv), 16 (ch2 in csv)",Electrons 85V,2.0,,,100.0,/Users/rkfuentes/Documents/md_anderson_analysis/yepes_code/2025-10-14/scope-results-2025-10-14-1194.csv,2.098468033687227e-06,9.89281656401052e-07,271,175,,,100,1.0,0.0
502,BNL,"12 (ch1 in csv), 16 (ch2 in csv)",Electrons 85V,2.0,,,100.0,/Users/rkfuentes/Documents/md_anderson_analysis/yepes_code/2025-10-14/scope-results-2025-10-14-1195.csv,2.03141393627418e-06,3.7258763032067145e-10,261,9,,,100,3.0,0.0
503,BNL,"12 (ch1 in csv), 16 (ch2 in csv)",Electrons 85V,2.0,,,100.0,/Users/rkfuentes/Documents/md_anderson_analysis/yepes_code/2025-10-14/scope-results-2025-10-14-1196.csv,1.9915656063566683e-06,2.158545972661085e-09,252,9,,,100,1.0,0.0
504,BNL,"12 (ch1 in csv), 16 (ch2 in csv)",Electrons 85V,2.0,,,100.0,/Users/rkfuentes/Documents/md_anderson_analysis/yepes_code/2025-10-14/scope-results-2025-10-14-1197.csv,1.9872182365387937e-06,2.434515934412003e-09,243,7,,,100,1.0,0.0
505,BNL,"12 (ch1 in csv), 16 (ch2 in csv)",Electrons 85V,2.0,,,100.0,/Users/rkfuentes/Documents/md_anderson_analysis/yepes_code/2025-10-14/scope-results-2025-10-14-1198.csv,1.515039213995965e-09,2.755254757928592e-09,11,10,,,100,0.0,0.0
506,BNL,"12 (ch1 in csv), 16 (ch2 in csv)",Electrons 85V,2.0,,,100.0,/Users/rkfuentes/Documents/md_anderson_analysis/yepes_code/2025-10-14/scope-results-2025-10-14-1199.csv,2.0220117669085135e-06,1.046449910322351e-06,256,176,,,100,1.0,0.0
507,BNL,"12 (ch1 in csv), 16 (ch2 in csv)",Electrons 85V,2.0,,,100.0,/Users/rkfuentes/Documents/md_anderson_analysis/yepes_code/2025-10-14/scope-results-2025-10-14-1200.csv,2.1611846458337073e-06,9.035477253310472e-07,249,160,,,100,2.0,0.0
508,BNL,"12 (ch1 in csv), 16 (ch2 in csv)",Electrons 85V,2.0,,,100.0,/Users/rkfuentes/Documents/md_anderson_analysis/yepes_code/2025-10-14/scope-results-2025-10-14-1201.csv,1.0863823877372535e-09,9.768235957778357e-07,9,166,,,100,0.0,0.0
509,BNL,"12 (ch1 in csv), 16 (ch2 in csv)",Electrons 85V,2.0,,,100.0,/Users/rkfuentes/Documents/md_anderson_analysis/yepes_code/2025-10-14/scope-results-2025-10-14-1202.csv,2.035006927623833e-06,2.2584135590676082e-09,255,9,,,100,1.0,0.0
510,BNL,"12 (ch1 in csv), 16 (ch2 in csv)",Electrons 85V,2.0,,,100.0,/Users/rkfuentes/Documents/md_anderson_analysis/yepes_code/2025-10-14/scope-results-2025-10-14-1203.csv,9.386788081820967e-10,9.882551326153502e-07,14,170,,,100,0.0,0.0
511,BNL,"12 (ch1 in csv), 16 (ch2 in csv)",Electrons 85V,2.0,,,125.0,/Users/rkfuentes/Documents/md_anderson_analysis/yepes_code/2025-10-14/scope-results-2025-10-14-1332.csv,4.5177855634911487e-10,1.3692383727913278e-10,5,21,,,50,0.0,0.0
512,BNL,"12 (ch1 in csv), 16 (ch2 in csv)",Electrons 85V,2.0,,,125.0,/Users/rkfuentes/Documents/md_anderson_analysis/yepes_code/2025-10-14/scope-results-2025-10-14-1333.csv,5.414350059943248e-07,5.88505855860041e-12,263,12,,,50,0.0,0.0
513,BNL,"12 (ch1 in csv), 16 (ch2 in csv)",Electrons 85V,2.0,,,125.0,/Users/rkfuentes/Documents/md_anderson_analysis/yepes_code/2025-10-14/scope-results-2025-10-14-1334.csv,5.367007688253245e-07,4.679675557935647e-11,280,18,,,50,0.0,0.0
514,BNL,"12 (ch1 in csv), 16 (ch2 in csv)",Electrons 85V,2.0,,,125.0,/Users/rkfuentes/Documents/md_anderson_analysis/yepes_code/2025-10-14/scope-results-2025-10-14-1335.csv,1.419757404199888e-11,5.622672453856776e-11,10,18,,,50,0.0,0.0
515,BNL,"12 (ch1 in csv), 16 (ch2 in csv)",Electrons 85V,2.0,,,125.0,/Users/rkfuentes/Documents/md_anderson_analysis/yepes_code/2025-10-14/scope-results-2025-10-14-1336.csv,5.146797368980134e-07,2.3069443407175644e-10,257,15,,,50,0.0,0.0
516,BNL,"12 (ch1 in csv), 16 (ch2 in csv)",Electrons 85V,2.0,,,125.0,/Users/rkfuentes/Documents/md_anderson_analysis/yepes_code/2025-10-14/scope-results-2025-10-14-1337.csv,5.192182351271068e-07,9.502159137654001e-11,261,20,,,50,0.0,0.0
517,BNL,"12 (ch1 in csv), 16 (ch2 in csv)",Electrons 85V,2.0,,,125.0,/Users/rkfuentes/Documents/md_anderson_analysis/yepes_code/2025-10-14/scope-results-2025-10-14-1338.csv,5.533476789873392e-07,4.692226275987029e-11,274,23,,,50,0.0,0.0
518,BNL,"12 (ch1 in csv), 16 (ch2 in csv)",Electrons 85V,2.0,,,125.0,/Users/rkfuentes/Documents/md_anderson_analysis/yepes_code/2025-10-14/scope-results-2025-10-14-1339.csv,5.706446371499046e-07,3.969123712452895e-11,265,21,,,50,0.0,0.0
519,BNL,"12 (ch1 in csv), 16 (ch2 in csv)",Electrons 85V,2.0,,,125.0,/Users/rkfuentes/Documents/md_anderson_analysis/yepes_code/2025-10-14/scope-results-2025-10-14-1340.csv,1.7428016276591858e-10,5.6461829717325845e-11,23,19,,,50,0.0,0.0
520,BNL,"12 (ch1 in csv), 16 (ch2 in csv)",Electrons 85V,2.0,,,125.0,/Users/rkfuentes/Documents/md_anderson_analysis/yepes_code/2025-10-14/scope-results-2025-10-14-1341.csv,4.2514709745104566e-10,3.1686793118860625e-11,7,16,,,50,0.0,0.0
521,BNL,"12 (ch1 in csv), 16 (ch2 in csv)",Electrons 85V,2.0,,,125.0,/Users/rkfuentes/Documents/md_anderson_analysis/yepes_code/2025-10-14/scope-results-2025-10-14-1342.csv,5.499855749135339e-07,1.8029523656893235e-10,266,21,,,50,0.0,0.0
522,BNL,"12 (ch1 in csv), 16 (ch2 in csv)",Electrons 85V,2.0,,,125.0,/Users/rkfuentes/Documents/md_anderson_analysis/yepes_code/2025-10-14/scope-results-2025-10-14-1343.csv,5.257475091536762e-07,5.4599204104918125e-12,263,24,,,50,0.0,0.0
523,BNL,"12 (ch1 in csv), 16 (ch2 in csv)",Electrons 85V,2.0,,,125.0,/Users/rkfuentes/Documents/md_anderson_analysis/yepes_code/2025-10-14/scope-results-2025-10-14-1344.csv,5.207594071836024e-07,6.32586874216412e-11,273,18,,,50,0.0,0.0
524,BNL,"12 (ch1 in csv), 16 (ch2 in csv)",Electrons 85V,2.0,,,125.0,/Users/rkfuentes/Documents/md_anderson_analysis/yepes_code/2025-10-14/scope-results-2025-10-14-1345.csv,5.238328639975754e-07,3.579910076097024e-11,251,23,,,50,0.0,0.0
525,BNL,"12 (ch1 in csv), 16 (ch2 in csv)",Electrons 85V,2.0,,,125.0,/Users/rkfuentes/Documents/md_anderson_analysis/yepes_code/2025-10-14/scope-results-2025-10-14-1346.csv,2.8477065306558178e-12,8.136080072666469e-11,14,18,,,50,0.0,0.0
526,BNL,"12 (ch1 in csv), 16 (ch2 in csv)",Electrons 85V,2.0,,,125.0,/Users/rkfuentes/Documents/md_anderson_analysis/yepes_code/2025-10-14/scope-results-2025-10-14-1347.csv,5.055642546467608e-07,1.4384861833526058e-10,265,20,,,50,0.0,0.0
527,BNL,"12 (ch1 in csv), 16 (ch2 in csv)",Electrons 85V,2.0,,,125.0,/Users/rkfuentes/Documents/md_anderson_analysis/yepes_code/2025-10-14/scope-results-2025-10-14-1348.csv,5.303355752750321e-07,1.3473470826047086e-10,269,11,,,50,0.0,0.0
528,BNL,"12 (ch1 in csv), 16 (ch2 in csv)",Electrons 85V,2.0,,,125.0,/Users/rkfuentes/Documents/md_anderson_analysis/yepes_code/2025-10-14/scope-results-2025-10-14-1349.csv,5.493569484813023e-07,5.723753697248168e-11,268,19,,,50,0.0,0.0
529,BNL,"12 (ch1 in csv), 16 (ch2 in csv)",Electrons 85V,2.0,,,125.0,/Users/rkfuentes/Documents/md_anderson_analysis/yepes_code/2025-10-14/scope-results-2025-10-14-1350.csv,5.065860962391434e-07,3.8250290687796987e-07,262,129,,,50,0.0,0.0
530,BNL,"12 (ch1 in csv), 16 (ch2 in csv)",Electrons 85V,2.0,,,125.0,/Users/rkfuentes/Documents/md_anderson_analysis/yepes_code/2025-10-14/scope-results-2025-10-14-1351.csv,5.273954009915222e-07,1.5611078607981589e-12,268,17,,,50,0.0,0.0
531,BNL,"12 (ch1 in csv), 16 (ch2 in csv)",Electrons 85V,2.0,,,125.0,/Users/rkfuentes/Documents/md_anderson_analysis/yepes_code/2025-10-14/scope-results-2025-10-14-1352.csv,4.924594752499452e-07,4.932599232988078e-11,257,15,,,50,0.0,0.0
532,BNL,"12 (ch1 in csv), 16 (ch2 in csv)",Electrons 85V,2.0,,,125.0,/Users/rkfuentes/Documents/md_anderson_analysis/yepes_code/2025-10-14/scope-results-2025-10-14-1353.csv,5.125186612144075e-07,2.2015562108900716e-10,269,15,,,50,0.0,0.0
533,BNL,"12 (ch1 in csv), 16 (ch2 in csv)",Electrons 85V,2.0,,,125.0,/Users/rkfuentes/Documents/md_anderson_analysis/yepes_code/2025-10-14/scope-results-2025-10-14-1354.csv,6.748122284640627e-11,2.3354802865076094e-11,16,19,,,50,0.0,0.0
534,BNL,"12 (ch1 in csv), 16 (ch2 in csv)",Electrons 85V,2.0,,,125.0,/Users/rkfuentes/Documents/md_anderson_analysis/yepes_code/2025-10-14/scope-results-2025-10-14-1355.csv,5.036759440446055e-07,9.219380794985288e-11,259,12,,,50,0.0,0.0
535,BNL,"12 (ch1 in csv), 16 (ch2 in csv)",Electrons 85V,2.0,,,125.0,/Users/rkfuentes/Documents/md_anderson_analysis/yepes_code/2025-10-14/scope-results-2025-10-14-1385.csv,1.041731420487212e-11,3.8831417959286184e-11,5,26,,,20,0.0,0.0
536,BNL,"12 (ch1 in csv), 16 (ch2 in csv)",Electrons 85V,2.0,,,125.0,/Users/rkfuentes/Documents/md_anderson_analysis/yepes_code/2025-10-14/scope-results-2025-10-14-1386.csv,2.1605429832320307e-11,7.068567637337406e-12,8,15,,,20,0.0,0.0
537,BNL,"12 (ch1 in csv), 16 (ch2 in csv)",Electrons 85V,2.0,,,125.0,/Users/rkfuentes/Documents/md_anderson_analysis/yepes_code/2025-10-14/scope-results-2025-10-14-1387.csv,4.192979755613125e-11,5.034729190481537e-12,11,10,,,20,0.0,0.0
538,BNL,"12 (ch1 in csv), 16 (ch2 in csv)",Electrons 85V,2.0,,,125.0,/Users/rkfuentes/Documents/md_anderson_analysis/yepes_code/2025-10-14/scope-results-2025-10-14-1434.csv,1.4646269010003062e-06,1.7126466622571731e-09,279,5,,,100,1.0,0.0
539,BNL,"12 (ch1 in csv), 16 (ch2 in csv)",Electrons 85V,2.0,,,125.0,/Users/rkfuentes/Documents/md_anderson_analysis/yepes_code/2025-10-14/scope-results-2025-10-14-1435.csv,5.994179358292956e-10,9.20550843544082e-12,12,20,,,100,0.0,0.0
540,BNL,"12 (ch1 in csv), 16 (ch2 in csv)",Electrons 85V,2.0,,,125.0,/Users/rkfuentes/Documents/md_anderson_analysis/yepes_code/2025-10-14/scope-results-2025-10-14-1436.csv,1.4202048789539805e-06,1.518810100405799e-09,278,6,,,100,1.0,0.0
541,BNL,"12 (ch1 in csv), 16 (ch2 in csv)",Electrons 85V,2.0,,,125.0,/Users/rkfuentes/Documents/md_anderson_analysis/yepes_code/2025-10-14/scope-results-2025-10-14-1437.csv,1.406371264427907e-09,1.3846002925898066e-09,9,8,,,100,0.0,0.0
542,BNL,"12 (ch1 in csv), 16 (ch2 in csv)",Electrons 85V,2.0,,,125.0,/Users/rkfuentes/Documents/md_anderson_analysis/yepes_code/2025-10-14/scope-results-2025-10-14-1438.csv,1.4322631803290876e-06,1.302094974370111e-09,241,9,,,100,0.0,0.0
543,BNL,"12 (ch1 in csv), 16 (ch2 in csv)",Electrons 85V,2.0,,,125.0,/Users/rkfuentes/Documents/md_anderson_analysis/yepes_code/2025-10-14/scope-results-2025-10-14-1439.csv,1.3900873370122696e-06,8.077397958312588e-07,259,143,,,100,1.0,0.0
544,BNL,"12 (ch1 in csv), 16 (ch2 in csv)",Electrons 85V,2.0,,,125.0,/Users/rkfuentes/Documents/md_anderson_analysis/yepes_code/2025-10-14/scope-results-2025-10-14-1440.csv,5.885557348051596e-10,1.623706004243539e-09,10,5,,,100,0.0,0.0
545,BNL,"12 (ch1 in csv), 16 (ch2 in csv)",Electrons 85V,2.0,,,125.0,/Users/rkfuentes/Documents/md_anderson_analysis/yepes_code/2025-10-14/scope-results-2025-10-14-1441.csv,1.347037058537921e-06,1.474159159264827e-09,252,7,,,100,2.0,0.0
546,BNL,"12 (ch1 in csv), 16 (ch2 in csv)",Electrons 85V,2.0,,,125.0,/Users/rkfuentes/Documents/md_anderson_analysis/yepes_code/2025-10-14/scope-results-2025-10-14-1442.csv,1.317987078821615e-06,8.857129130569957e-07,238,140,,,100,1.0,0.0
547,BNL,"12 (ch1 in csv), 16 (ch2 in csv)",Electrons 85V,2.0,,,125.0,/Users/rkfuentes/Documents/md_anderson_analysis/yepes_code/2025-10-14/scope-results-2025-10-14-1443.csv,1.3556305701010186e-06,2.122425256892627e-09,248,6,,,100,0.0,0.0
548,BNL,"12 (ch1 in csv), 16 (ch2 in csv)",Electrons 85V,2.0,,,125.0,/Users/rkfuentes/Documents/md_anderson_analysis/yepes_code/2025-10-14/scope-results-2025-10-14-1444.csv,5.231987913966008e-09,1.1702972899071636e-09,9,8,,,100,0.0,0.0
549,BNL,"12 (ch1 in csv), 16 (ch2 in csv)",Electrons 85V,2.0,,,125.0,/Users/rkfuentes/Documents/md_anderson_analysis/yepes_code/2025-10-14/scope-results-2025-10-14-1445.csv,1.3008668608579457e-06,7.321493755046453e-07,243,129,,,100,1.0,0.0
550,BNL,"12 (ch1 in csv), 16 (ch2 in csv)",Electrons 85V,2.0,,,125.0,/Users/rkfuentes/Documents/md_anderson_analysis/yepes_code/2025-10-14/scope-results-2025-10-14-1446.csv,1.3410387524110864e-06,3.5817657774303166e-09,231,6,,,100,0.0,0.0
551,BNL,"12 (ch1 in csv), 16 (ch2 in csv)",Electrons 85V,2.0,,,125.0,/Users/rkfuentes/Documents/md_anderson_analysis/yepes_code/2025-10-14/scope-results-2025-10-14-1447.csv,1.335621658808813e-06,2.323647806557515e-09,248,6,,,100,2.0,0.0
552,BNL,"12 (ch1 in csv), 16 (ch2 in csv)",Electrons 85V,2.0,,,125.0,/Users/rkfuentes/Documents/md_anderson_analysis/yepes_code/2025-10-14/scope-results-2025-10-14-1448.csv,1.3043401939601025e-06,5.143874513065562e-10,232,7,,,100,3.0,0.0
553,BNL,"12 (ch1 in csv), 16 (ch2 in csv)",Electrons 85V,2.0,,,125.0,/Users/rkfuentes/Documents/md_anderson_analysis/yepes_code/2025-10-14/scope-results-2025-10-14-1449.csv,1.2866676935864756e-06,7.328195565194559e-07,253,122,,,100,1.0,0.0
554,BNL,"12 (ch1 in csv), 16 (ch2 in csv)",Electrons 85V,2.0,,,125.0,/Users/rkfuentes/Documents/md_anderson_analysis/yepes_code/2025-10-14/scope-results-2025-10-14-1450.csv,1.28216793776562e-06,7.709553753732719e-07,259,138,,,100,0.0,0.0
555,BNL,"12 (ch1 in csv), 16 (ch2 in csv)",Electrons 85V,2.0,,,125.0,/Users/rkfuentes/Documents/md_anderson_analysis/yepes_code/2025-10-14/scope-results-2025-10-14-1451.csv,1.2657067755958277e-06,7.703918109085038e-07,239,131,,,100,0.0,1.0
556,BNL,"12 (ch1 in csv), 16 (ch2 in csv)",Electrons 85V,2.0,,,125.0,/Users/rkfuentes/Documents/md_anderson_analysis/yepes_code/2025-10-14/scope-results-2025-10-14-1452.csv,1.3518863804434728e-06,7.692213518682811e-07,258,149,,,100,0.0,0.0
557,BNL,"12 (ch1 in csv), 16 (ch2 in csv)",Electrons 85V,2.0,,,125.0,/Users/rkfuentes/Documents/md_anderson_analysis/yepes_code/2025-10-14/scope-results-2025-10-14-1453.csv,1.2915850555358838e-06,7.629451061626192e-07,250,132,,,100,0.0,0.0
558,BNL,"12 (ch1 in csv), 16 (ch2 in csv)",Electrons 85V,2.0,,,125.0,/Users/rkfuentes/Documents/md_anderson_analysis/yepes_code/2025-10-14/scope-results-2025-10-14-1454.csv,1.307127710730166e-06,7.819854362916573e-07,240,132,,,100,1.0,0.0
559,BNL,"12 (ch1 in csv), 16 (ch2 in csv)",Electrons 85V,2.0,,,125.0,/Users/rkfuentes/Documents/md_anderson_analysis/yepes_code/2025-10-14/scope-results-2025-10-14-1455.csv,1.2677413277172102e-06,8.112188735335169e-07,247,138,,,100,0.0,0.0
560,BNL,"12 (ch1 in csv), 16 (ch2 in csv)",Electrons 85V,2.0,,,125.0,/Users/rkfuentes/Documents/md_anderson_analysis/yepes_code/2025-10-14/scope-results-2025-10-14-1456.csv,1.2840510902202374e-06,7.397038372933345e-07,237,125,,,100,1.0,0.0
561,BNL,"12 (ch1 in csv), 16 (ch2 in csv)",Electrons 85V,2.0,,,125.0,/Users/rkfuentes/Documents/md_anderson_analysis/yepes_code/2025-10-14/scope-results-2025-10-14-1457.csv,3.644201569430159e-11,5.2216704274792306e-11,11,27,,,100,0.0,0.0
562,BNL,"12 (ch1 in csv), 16 (ch2 in csv)",Electrons 85V,2.0,,,150.0,/Users/rkfuentes/Documents/md_anderson_analysis/yepes_code/2025-10-14/scope-results-2025-10-14-1528.csv,7.716285928037355e-07,4.1897132345500874e-11,272,23,,,100,0.0,0.0
563,BNL,"12 (ch1 in csv), 16 (ch2 in csv)",Electrons 85V,2.0,,,150.0,/Users/rkfuentes/Documents/md_anderson_analysis/yepes_code/2025-10-14/scope-results-2025-10-14-1529.csv,7.176734371744655e-07,1.5101168970259523e-11,272,18,,,100,1.0,0.0
564,BNL,"12 (ch1 in csv), 16 (ch2 in csv)",Electrons 85V,2.0,,,150.0,/Users/rkfuentes/Documents/md_anderson_analysis/yepes_code/2025-10-14/scope-results-2025-10-14-1530.csv,7.47524760725467e-07,4.997319691881157e-11,259,25,,,100,1.0,0.0
565,BNL,"12 (ch1 in csv), 16 (ch2 in csv)",Electrons 85V,2.0,,,150.0,/Users/rkfuentes/Documents/md_anderson_analysis/yepes_code/2025-10-14/scope-results-2025-10-14-1531.csv,7.1757652241746e-07,1.5877517293683335e-09,244,9,,,100,0.0,0.0
566,BNL,"12 (ch1 in csv), 16 (ch2 in csv)",Electrons 85V,2.0,,,150.0,/Users/rkfuentes/Documents/md_anderson_analysis/yepes_code/2025-10-14/scope-results-2025-10-14-1532.csv,7.546032071192079e-07,5.620711180754401e-07,260,158,,,100,0.0,0.0
567,BNL,"12 (ch1 in csv), 16 (ch2 in csv)",Electrons 85V,2.0,,,150.0,/Users/rkfuentes/Documents/md_anderson_analysis/yepes_code/2025-10-14/scope-results-2025-10-14-1533.csv,2.8696758827062004e-11,2.2071672713281883e-10,6,20,,,100,0.0,0.0
568,BNL,"12 (ch1 in csv), 16 (ch2 in csv)",Electrons 85V,2.0,,,150.0,/Users/rkfuentes/Documents/md_anderson_analysis/yepes_code/2025-10-14/scope-results-2025-10-14-1534.csv,7.020819252315355e-07,3.1760314182604313e-10,260,8,,,100,0.0,0.0
569,BNL,"12 (ch1 in csv), 16 (ch2 in csv)",Electrons 85V,2.0,,,150.0,/Users/rkfuentes/Documents/md_anderson_analysis/yepes_code/2025-10-14/scope-results-2025-10-14-1535.csv,7.682525685049781e-11,2.3998637129140484e-10,14,17,,,100,0.0,0.0
570,BNL,"12 (ch1 in csv), 16 (ch2 in csv)",Electrons 85V,2.0,,,150.0,/Users/rkfuentes/Documents/md_anderson_analysis/yepes_code/2025-10-14/scope-results-2025-10-14-1536.csv,2.1791368081049765e-11,4.3410934496467436e-11,4,20,,,100,0.0,0.0
571,BNL,"12 (ch1 in csv), 16 (ch2 in csv)",Electrons 85V,2.0,,,150.0,/Users/rkfuentes/Documents/md_anderson_analysis/yepes_code/2025-10-14/scope-results-2025-10-14-1537.csv,6.996126294955469e-07,1.7301405552163196e-10,252,19,,,100,0.0,0.0
572,BNL,"12 (ch1 in csv), 16 (ch2 in csv)",Electrons 85V,2.0,,,150.0,/Users/rkfuentes/Documents/md_anderson_analysis/yepes_code/2025-10-14/scope-results-2025-10-14-1538.csv,6.760614874664344e-07,2.9141548644819745e-11,247,21,,,100,0.0,0.0
573,BNL,"12 (ch1 in csv), 16 (ch2 in csv)",Electrons 85V,2.0,,,150.0,/Users/rkfuentes/Documents/md_anderson_analysis/yepes_code/2025-10-14/scope-results-2025-10-14-1539.csv,6.978029362312711e-07,6.69257956181408e-10,235,7,,,100,0.0,0.0
574,BNL,"12 (ch1 in csv), 16 (ch2 in csv)",Electrons 85V,2.0,,,150.0,/Users/rkfuentes/Documents/md_anderson_analysis/yepes_code/2025-10-14/scope-results-2025-10-14-1540.csv,6.337907421415776e-07,5.549559719532179e-07,244,166,,,100,0.0,0.0
575,BNL,"12 (ch1 in csv), 16 (ch2 in csv)",Electrons 85V,2.0,,,150.0,/Users/rkfuentes/Documents/md_anderson_analysis/yepes_code/2025-10-14/scope-results-2025-10-14-1541.csv,6.99975940023733e-07,7.28511469072174e-13,255,17,,,100,0.0,0.0
576,BNL,"12 (ch1 in csv), 16 (ch2 in csv)",Electrons 85V,2.0,,,150.0,/Users/rkfuentes/Documents/md_anderson_analysis/yepes_code/2025-10-14/scope-results-2025-10-14-1542.csv,4.4935074625843336e-10,5.332040417556507e-07,8,169,,,100,0.0,0.0
577,BNL,"12 (ch1 in csv), 16 (ch2 in csv)",Electrons 85V,2.0,,,150.0,/Users/rkfuentes/Documents/md_anderson_analysis/yepes_code/2025-10-14/scope-results-2025-10-14-1543.csv,1.118589622460732e-09,6.729278420580092e-11,14,20,,,100,0.0,0.0
578,BNL,"12 (ch1 in csv), 16 (ch2 in csv)",Electrons 85V,2.0,,,150.0,/Users/rkfuentes/Documents/md_anderson_analysis/yepes_code/2025-10-14/scope-results-2025-10-14-1544.csv,7.380506594825524e-07,6.554834751242297e-10,287,8,,,100,0.0,0.0
579,BNL,"12 (ch1 in csv), 16 (ch2 in csv)",Electrons 85V,2.0,,,150.0,/Users/rkfuentes/Documents/md_anderson_analysis/yepes_code/2025-10-14/scope-results-2025-10-14-1545.csv,6.826933215382876e-07,1.1448394834571783e-09,264,6,,,100,0.0,0.0
580,BNL,"12 (ch1 in csv), 16 (ch2 in csv)",Electrons 85V,2.0,,,150.0,/Users/rkfuentes/Documents/md_anderson_analysis/yepes_code/2025-10-14/scope-results-2025-10-14-1546.csv,7.228654488924556e-07,5.5660676269551887e-11,272,14,,,100,1.0,0.0
581,BNL,"12 (ch1 in csv), 16 (ch2 in csv)",Electrons 85V,2.0,,,150.0,/Users/rkfuentes/Documents/md_anderson_analysis/yepes_code/2025-10-14/scope-results-2025-10-14-1547.csv,3.3456849307316923e-11,5.41292879282557e-07,8,168,,,100,0.0,0.0
582,BNL,"12 (ch1 in csv), 16 (ch2 in csv)",Electrons 85V,2.0,,,150.0,/Users/rkfuentes/Documents/md_anderson_analysis/yepes_code/2025-10-14/scope-results-2025-10-14-1548.csv,7.137931044996373e-07,4.96054841027966e-13,268,24,,,100,0.0,0.0
583,BNL,"12 (ch1 in csv), 16 (ch2 in csv)",Electrons 85V,2.0,,,150.0,/Users/rkfuentes/Documents/md_anderson_analysis/yepes_code/2025-10-14/scope-results-2025-10-14-1549.csv,5.403217891173383e-11,2.1679876372120497e-11,8,25,,,100,0.0,0.0
584,BNL,"12 (ch1 in csv), 16 (ch2 in csv)",Electrons 85V,2.0,,,150.0,/Users/rkfuentes/Documents/md_anderson_analysis/yepes_code/2025-10-14/scope-results-2025-10-14-1550.csv,6.480186849801298e-07,4.3418628051617266e-11,258,20,,,100,1.0,0.0
585,BNL,"12 (ch1 in csv), 16 (ch2 in csv)",Electrons 85V,2.0,,,150.0,/Users/rkfuentes/Documents/md_anderson_analysis/yepes_code/2025-10-14/scope-results-2025-10-14-1551.csv,7.28010325021924e-07,7.43095634646769e-10,309,8,,,100,0.0,0.0
586,BNL,"12 (ch1 in csv), 16 (ch2 in csv)",Electrons 85V,2.0,,,150.0,/Users/rkfuentes/Documents/md_anderson_analysis/yepes_code/2025-10-14/scope-results-2025-10-14-1617.csv,3.5583082958571904e-11,1.957082107805008e-11,8,17,,,50,0.0,0.0
587,BNL,"12 (ch1 in csv), 16 (ch2 in csv)",Electrons 85V,2.0,,,150.0,/Users/rkfuentes/Documents/md_anderson_analysis/yepes_code/2025-10-14/scope-results-2025-10-14-1618.csv,2.448165738601814e-07,1.6919990877705362e-11,260,20,,,50,0.0,0.0
588,BNL,"12 (ch1 in csv), 16 (ch2 in csv)",Electrons 85V,2.0,,,150.0,/Users/rkfuentes/Documents/md_anderson_analysis/yepes_code/2025-10-14/scope-results-2025-10-14-1619.csv,1.3856386900378231e-11,1.577976051496886e-11,7,18,,,50,0.0,0.0
589,BNL,"12 (ch1 in csv), 16 (ch2 in csv)",Electrons 85V,2.0,,,150.0,/Users/rkfuentes/Documents/md_anderson_analysis/yepes_code/2025-10-14/scope-results-2025-10-14-1620.csv,1.6272165505433e-07,1.0121448859342059e-11,233,23,,,50,0.0,0.0
590,BNL,"12 (ch1 in csv), 16 (ch2 in csv)",Electrons 85V,2.0,,,150.0,/Users/rkfuentes/Documents/md_anderson_analysis/yepes_code/2025-10-14/scope-results-2025-10-14-1621.csv,1.7700032368354018e-10,3.723229720520298e-11,5,15,,,50,0.0,0.0
591,BNL,"12 (ch1 in csv), 16 (ch2 in csv)",Electrons 85V,2.0,,,150.0,/Users/rkfuentes/Documents/md_anderson_analysis/yepes_code/2025-10-14/scope-results-2025-10-14-1622.csv,8.789955250020887e-12,1.510370672889706e-12,3,40,,,50,0.0,0.0
592,BNL,"12 (ch1 in csv), 16 (ch2 in csv)",Electrons 85V,2.0,,,150.0,/Users/rkfuentes/Documents/md_anderson_analysis/yepes_code/2025-10-14/scope-results-2025-10-14-1623.csv,2.437459293177921e-07,3.333598610891832e-12,268,19,,,50,0.0,0.0
593,BNL,"12 (ch1 in csv), 16 (ch2 in csv)",Electrons 85V,2.0,,,150.0,/Users/rkfuentes/Documents/md_anderson_analysis/yepes_code/2025-10-14/scope-results-2025-10-14-1624.csv,1.0077511584287067e-10,9.375971085566839e-12,11,23,,,50,0.0,0.0
594,BNL,"12 (ch1 in csv), 16 (ch2 in csv)",Electrons 85V,2.0,,,150.0,/Users/rkfuentes/Documents/md_anderson_analysis/yepes_code/2025-10-14/scope-results-2025-10-14-1625.csv,3.553022145897599e-11,1.3251714514535312e-11,9,22,,,50,0.0,0.0
595,BNL,"12 (ch1 in csv), 16 (ch2 in csv)",Electrons 85V,2.0,,,150.0,/Users/rkfuentes/Documents/md_anderson_analysis/yepes_code/2025-10-14/scope-results-2025-10-14-1626.csv,3.6418844140569335e-11,2.4090484030274776e-10,9,26,,,50,0.0,0.0
596,BNL,"12 (ch1 in csv), 16 (ch2 in csv)",Electrons 85V,2.0,,,150.0,/Users/rkfuentes/Documents/md_anderson_analysis/yepes_code/2025-10-14/scope-results-2025-10-14-1627.csv,2.4485774178158985e-07,1.9844614689380356e-11,267,19,,,50,0.0,0.0
597,BNL,"12 (ch1 in csv), 16 (ch2 in csv)",Electrons 85V,2.0,,,150.0,/Users/rkfuentes/Documents/md_anderson_analysis/yepes_code/2025-10-14/scope-results-2025-10-14-1628.csv,2.4506186708432324e-07,8.157477672790096e-11,270,27,,,50,0.0,0.0
598,BNL,"12 (ch1 in csv), 16 (ch2 in csv)",Electrons 85V,2.0,,,150.0,/Users/rkfuentes/Documents/md_anderson_analysis/yepes_code/2025-10-14/scope-results-2025-10-14-1629.csv,2.1849423502756897e-07,4.5412693573022666e-11,252,28,,,50,0.0,0.0
599,BNL,"12 (ch1 in csv), 16 (ch2 in csv)",Electrons 85V,2.0,,,150.0,/Users/rkfuentes/Documents/md_anderson_analysis/yepes_code/2025-10-14/scope-results-2025-10-14-1630.csv,9.427819211463156e-12,4.236821583664075e-11,7,10,,,50,0.0,0.0
600,BNL,"12 (ch1 in csv), 16 (ch2 in csv)",Electrons 85V,2.0,,,150.0,/Users/rkfuentes/Documents/md_anderson_analysis/yepes_code/2025-10-14/scope-results-2025-10-14-1631.csv,6.576985462068062e-07,5.679895526241563e-11,813,22,,,50,0.0,0.0
601,BNL,"12 (ch1 in csv), 16 (ch2 in csv)",Electrons 85V,2.0,,,150.0,/Users/rkfuentes/Documents/md_anderson_analysis/yepes_code/2025-10-14/scope-results-2025-10-14-1632.csv,1.871141723963725e-07,5.4264650756463486e-11,263,26,,,50,0.0,0.0
602,BNL,"12 (ch1 in csv), 16 (ch2 in csv)",Electrons 85V,2.0,,,150.0,/Users/rkfuentes/Documents/md_anderson_analysis/yepes_code/2025-10-14/scope-results-2025-10-14-1633.csv,2.427170413379174e-07,3.3441027095766126e-11,262,13,,,50,0.0,0.0
603,BNL,"12 (ch1 in csv), 16 (ch2 in csv)",Electrons 85V,2.0,,,150.0,/Users/rkfuentes/Documents/md_anderson_analysis/yepes_code/2025-10-14/scope-results-2025-10-14-1634.csv,1.8784967853838113e-07,1.8788263357144376e-10,259,14,,,50,0.0,0.0
604,BNL,"12 (ch1 in csv), 16 (ch2 in csv)",Electrons 85V,2.0,,,150.0,/Users/rkfuentes/Documents/md_anderson_analysis/yepes_code/2025-10-14/scope-results-2025-10-14-1635.csv,1.5140736345811958e-11,5.635114457197288e-11,15,12,,,50,0.0,0.0
605,BNL,"12 (ch1 in csv), 16 (ch2 in csv)",Electrons 85V,2.0,,,150.0,/Users/rkfuentes/Documents/md_anderson_analysis/yepes_code/2025-10-14/scope-results-2025-10-14-1636.csv,2.418269450147825e-07,3.2866920703975343e-12,280,16,,,50,0.0,0.0
606,BNL,"12 (ch1 in csv), 16 (ch2 in csv)",Electrons 85V,2.0,,,150.0,/Users/rkfuentes/Documents/md_anderson_analysis/yepes_code/2025-10-14/scope-results-2025-10-14-1637.csv,2.458230618188239e-07,1.8510223270741748e-10,269,20,,,50,0.0,0.0
607,BNL,"12 (ch1 in csv), 16 (ch2 in csv)",Electrons 85V,2.0,,,150.0,/Users/rkfuentes/Documents/md_anderson_analysis/yepes_code/2025-10-14/scope-results-2025-10-14-1638.csv,2.322780472849552e-07,1.5413329820899278e-10,269,25,,,50,0.0,0.0
608,BNL,"12 (ch1 in csv), 16 (ch2 in csv)",Electrons 85V,2.0,,,150.0,/Users/rkfuentes/Documents/md_anderson_analysis/yepes_code/2025-10-14/scope-results-2025-10-14-1639.csv,2.330008096571924e-07,3.652883480172472e-11,256,30,,,50,0.0,0.0
609,BNL,"12 (ch1 in csv), 16 (ch2 in csv)",Electrons 85V,2.0,,,150.0,/Users/rkfuentes/Documents/md_anderson_analysis/yepes_code/2025-10-14/scope-results-2025-10-14-1640.csv,2.51251917929036e-10,2.0077853845003396e-11,9,10,,,50,0.0,0.0
610,BNL,"12 (ch1 in csv), 16 (ch2 in csv)",Electrons 85V,2.0,,,175.0,/Users/rkfuentes/Documents/md_anderson_analysis/yepes_code/2025-10-14/scope-results-2025-10-14-1701.csv,4.319075784900189e-07,2.489299158427924e-11,242,21,,,100,0.0,0.0
611,BNL,"12 (ch1 in csv), 16 (ch2 in csv)",Electrons 85V,2.0,,,175.0,/Users/rkfuentes/Documents/md_anderson_analysis/yepes_code/2025-10-14/scope-results-2025-10-14-1702.csv,4.3195281478718956e-10,5.241579311821177e-07,12,209,,,100,0.0,0.0
612,BNL,"12 (ch1 in csv), 16 (ch2 in csv)",Electrons 85V,2.0,,,175.0,/Users/rkfuentes/Documents/md_anderson_analysis/yepes_code/2025-10-14/scope-results-2025-10-14-1703.csv,2.1802215671981135e-10,5.663099021891362e-07,15,198,,,100,0.0,0.0
613,BNL,"12 (ch1 in csv), 16 (ch2 in csv)",Electrons 85V,2.0,,,175.0,/Users/rkfuentes/Documents/md_anderson_analysis/yepes_code/2025-10-14/scope-results-2025-10-14-1704.csv,1.6941856707717891e-09,5.4878107447331e-07,16,197,,,100,0.0,0.0
614,BNL,"12 (ch1 in csv), 16 (ch2 in csv)",Electrons 85V,2.0,,,175.0,/Users/rkfuentes/Documents/md_anderson_analysis/yepes_code/2025-10-14/scope-results-2025-10-14-1705.csv,4.683046492031689e-11,4.915397994574202e-07,13,218,,,100,0.0,0.0
615,BNL,"12 (ch1 in csv), 16 (ch2 in csv)",Electrons 85V,2.0,,,175.0,/Users/rkfuentes/Documents/md_anderson_analysis/yepes_code/2025-10-14/scope-results-2025-10-14-1706.csv,6.190900573949851e-10,4.2997701445561935e-10,10,7,,,100,0.0,0.0
616,BNL,"12 (ch1 in csv), 16 (ch2 in csv)",Electrons 85V,2.0,,,175.0,/Users/rkfuentes/Documents/md_anderson_analysis/yepes_code/2025-10-14/scope-results-2025-10-14-1707.csv,8.350054777610549e-11,5.697410545772583e-07,13,206,,,100,0.0,0.0
617,BNL,"12 (ch1 in csv), 16 (ch2 in csv)",Electrons 85V,2.0,,,175.0,/Users/rkfuentes/Documents/md_anderson_analysis/yepes_code/2025-10-14/scope-results-2025-10-14-1708.csv,1.791639028393479e-09,6.810735980134586e-07,15,220,,,100,0.0,0.0
618,BNL,"12 (ch1 in csv), 16 (ch2 in csv)",Electrons 85V,2.0,,,175.0,/Users/rkfuentes/Documents/md_anderson_analysis/yepes_code/2025-10-14/scope-results-2025-10-14-1709.csv,5.567285647922929e-07,5.65545280111654e-07,240,197,,,100,0.0,0.0
619,BNL,"12 (ch1 in csv), 16 (ch2 in csv)",Electrons 85V,2.0,,,175.0,/Users/rkfuentes/Documents/md_anderson_analysis/yepes_code/2025-10-14/scope-results-2025-10-14-1710.csv,4.503631775770754e-07,2.7299678006917225e-07,244,196,,,100,0.0,0.0
620,BNL,"12 (ch1 in csv), 16 (ch2 in csv)",Electrons 85V,2.0,,,175.0,/Users/rkfuentes/Documents/md_anderson_analysis/yepes_code/2025-10-14/scope-results-2025-10-14-1711.csv,5.630606954383697e-07,5.87795429412243e-07,262,217,,,100,0.0,0.0
621,BNL,"12 (ch1 in csv), 16 (ch2 in csv)",Electrons 85V,2.0,,,175.0,/Users/rkfuentes/Documents/md_anderson_analysis/yepes_code/2025-10-14/scope-results-2025-10-14-1712.csv,5.831590633110556e-07,2.57646823953689e-10,272,8,,,100,0.0,0.0
622,BNL,"12 (ch1 in csv), 16 (ch2 in csv)",Electrons 85V,2.0,,,175.0,/Users/rkfuentes/Documents/md_anderson_analysis/yepes_code/2025-10-14/scope-results-2025-10-14-1713.csv,9.824796950073291e-10,5.816452973127816e-12,15,17,,,100,0.0,0.0
623,BNL,"12 (ch1 in csv), 16 (ch2 in csv)",Electrons 85V,2.0,,,175.0,/Users/rkfuentes/Documents/md_anderson_analysis/yepes_code/2025-10-14/scope-results-2025-10-14-1753.csv,1.9838847626735188e-10,2.3048649567467888e-11,12,22,,,50,0.0,0.0
624,BNL,"12 (ch1 in csv), 16 (ch2 in csv)",Electrons 85V,2.0,,,175.0,/Users/rkfuentes/Documents/md_anderson_analysis/yepes_code/2025-10-14/scope-results-2025-10-14-1754.csv,6.7719665177979346e-12,2.367281421106271e-10,5,20,,,50,0.0,0.0
625,BNL,"12 (ch1 in csv), 16 (ch2 in csv)",Electrons 85V,2.0,,,175.0,/Users/rkfuentes/Documents/md_anderson_analysis/yepes_code/2025-10-14/scope-results-2025-10-14-1755.csv,2.3883704344787435e-09,6.7612659441419126e-12,19,22,,,50,0.0,0.0
626,BNL,"12 (ch1 in csv), 16 (ch2 in csv)",Electrons 85V,2.0,,,175.0,/Users/rkfuentes/Documents/md_anderson_analysis/yepes_code/2025-10-14/scope-results-2025-10-14-1756.csv,1.5743673825215783e-09,3.9676100407413894e-11,25,19,,,50,0.0,0.0
627,BNL,"12 (ch1 in csv), 16 (ch2 in csv)",Electrons 85V,2.0,,,175.0,/Users/rkfuentes/Documents/md_anderson_analysis/yepes_code/2025-10-14/scope-results-2025-10-14-1757.csv,3.8319599499959424e-10,2.4503813472969425e-07,11,173,,,50,0.0,0.0
628,BNL,"12 (ch1 in csv), 16 (ch2 in csv)",Electrons 85V,2.0,,,175.0,/Users/rkfuentes/Documents/md_anderson_analysis/yepes_code/2025-10-14/scope-results-2025-10-14-1758.csv,3.9135903959178987e-11,4.8363686083895446e-11,9,19,,,50,0.0,0.0
629,BNL,"12 (ch1 in csv), 16 (ch2 in csv)",Electrons 85V,2.0,,,175.0,/Users/rkfuentes/Documents/md_anderson_analysis/yepes_code/2025-10-14/scope-results-2025-10-14-1759.csv,1.0360997851206951e-11,2.2174283632685348e-10,5,11,,,50,0.0,0.0
630,BNL,"12 (ch1 in csv), 16 (ch2 in csv)",Electrons 85V,2.0,,,175.0,/Users/rkfuentes/Documents/md_anderson_analysis/yepes_code/2025-10-14/scope-results-2025-10-14-1760.csv,2.0651877948358105e-07,2.7697865089164724e-07,265,165,,,50,0.0,0.0
631,BNL,"12 (ch1 in csv), 16 (ch2 in csv)",Electrons 85V,2.0,,,175.0,/Users/rkfuentes/Documents/md_anderson_analysis/yepes_code/2025-10-14/scope-results-2025-10-14-1761.csv,2.456643408916422e-11,1.600181784381778e-11,6,13,,,50,0.0,0.0
632,BNL,"12 (ch1 in csv), 16 (ch2 in csv)",Electrons 85V,2.0,,,175.0,/Users/rkfuentes/Documents/md_anderson_analysis/yepes_code/2025-10-14/scope-results-2025-10-14-1762.csv,3.9258942067573567e-10,4.079008756460416e-10,13,8,,,50,0.0,0.0
633,BNL,"12 (ch1 in csv), 16 (ch2 in csv)",Electrons 85V,2.0,,,175.0,/Users/rkfuentes/Documents/md_anderson_analysis/yepes_code/2025-10-14/scope-results-2025-10-14-1763.csv,4.803486964493451e-11,3.7048823694861225e-11,9,17,,,50,0.0,0.0
634,BNL,"12 (ch1 in csv), 16 (ch2 in csv)",Electrons 85V,2.0,,,175.0,/Users/rkfuentes/Documents/md_anderson_analysis/yepes_code/2025-10-14/scope-results-2025-10-14-1764.csv,2.694236875355491e-09,1.2388068412551787e-11,22,20,,,50,0.0,0.0
635,BNL,"12 (ch1 in csv), 16 (ch2 in csv)",Electrons 85V,2.0,,,175.0,/Users/rkfuentes/Documents/md_anderson_analysis/yepes_code/2025-10-14/scope-results-2025-10-14-1765.csv,1.9303423618046232e-10,6.782291024153501e-11,6,25,,,50,0.0,0.0
636,BNL,"12 (ch1 in csv), 16 (ch2 in csv)",Electrons 85V,2.0,,,175.0,/Users/rkfuentes/Documents/md_anderson_analysis/yepes_code/2025-10-14/scope-results-2025-10-14-1766.csv,2.049653631672148e-07,9.746711927042157e-13,244,17,,,50,0.0,0.0
637,BNL,"12 (ch1 in csv), 16 (ch2 in csv)",Electrons 85V,2.0,,,200.0,/Users/rkfuentes/Documents/md_anderson_analysis/yepes_code/2025-10-14/scope-results-2025-10-14-1807.csv,5.681265928480411e-10,4.2870427357522425e-11,14,17,,,100,0.0,0.0
638,BNL,"12 (ch1 in csv), 16 (ch2 in csv)",Electrons 85V,2.0,,,200.0,/Users/rkfuentes/Documents/md_anderson_analysis/yepes_code/2025-10-14/scope-results-2025-10-14-1808.csv,1.5251203318910755e-10,1.3525863082911007e-10,17,22,,,100,0.0,0.0
639,BNL,"12 (ch1 in csv), 16 (ch2 in csv)",Electrons 85V,2.0,,,200.0,/Users/rkfuentes/Documents/md_anderson_analysis/yepes_code/2025-10-14/scope-results-2025-10-14-1809.csv,2.92662626147799e-07,1.4377102369646174e-11,262,22,,,100,0.0,0.0
640,BNL,"12 (ch1 in csv), 16 (ch2 in csv)",Electrons 85V,2.0,,,200.0,/Users/rkfuentes/Documents/md_anderson_analysis/yepes_code/2025-10-14/scope-results-2025-10-14-1810.csv,2.7436557904595825e-07,1.2749254235718136e-11,263,24,,,100,0.0,0.0
641,BNL,"12 (ch1 in csv), 16 (ch2 in csv)",Electrons 85V,2.0,,,200.0,/Users/rkfuentes/Documents/md_anderson_analysis/yepes_code/2025-10-14/scope-results-2025-10-14-1811.csv,6.874964976278387e-08,5.886986077147191e-11,185,15,,,100,0.0,0.0
642,BNL,"12 (ch1 in csv), 16 (ch2 in csv)",Electrons 85V,2.0,,,200.0,/Users/rkfuentes/Documents/md_anderson_analysis/yepes_code/2025-10-14/scope-results-2025-10-14-1812.csv,1.2497688615872192e-09,3.442445722167658e-12,15,19,,,100,0.0,0.0
643,BNL,"12 (ch1 in csv), 16 (ch2 in csv)",Electrons 85V,2.0,,,200.0,/Users/rkfuentes/Documents/md_anderson_analysis/yepes_code/2025-10-14/scope-results-2025-10-14-1813.csv,3.639955991764925e-07,1.8789368602942415e-11,262,23,,,100,0.0,0.0
644,BNL,"12 (ch1 in csv), 16 (ch2 in csv)",Electrons 85V,2.0,,,200.0,/Users/rkfuentes/Documents/md_anderson_analysis/yepes_code/2025-10-14/scope-results-2025-10-14-1814.csv,3.62176283328808e-07,4.974521372937276e-11,263,22,,,100,0.0,0.0
645,BNL,"12 (ch1 in csv), 16 (ch2 in csv)",Electrons 85V,2.0,,,200.0,/Users/rkfuentes/Documents/md_anderson_analysis/yepes_code/2025-10-14/scope-results-2025-10-14-1815.csv,4.5946645675250677e-10,8.755373282323298e-11,10,23,,,100,0.0,0.0
646,BNL,"12 (ch1 in csv), 16 (ch2 in csv)",Electrons 85V,2.0,,,200.0,/Users/rkfuentes/Documents/md_anderson_analysis/yepes_code/2025-10-14/scope-results-2025-10-14-1816.csv,4.1562949645911803e-10,8.765262811169655e-12,19,27,,,100,0.0,0.0
647,BNL,"12 (ch1 in csv), 16 (ch2 in csv)",Electrons 85V,2.0,,,200.0,/Users/rkfuentes/Documents/md_anderson_analysis/yepes_code/2025-10-14/scope-results-2025-10-14-1817.csv,1.507185925266303e-09,1.5947579143568589e-10,13,23,,,100,0.0,0.0
648,BNL,"12 (ch1 in csv), 16 (ch2 in csv)",Electrons 85V,2.0,,,200.0,/Users/rkfuentes/Documents/md_anderson_analysis/yepes_code/2025-10-14/scope-results-2025-10-14-1818.csv,3.506140980922082e-07,9.033532108883668e-12,244,11,,,100,0.0,0.0
649,BNL,"12 (ch1 in csv), 16 (ch2 in csv)",Electrons 85V,2.0,,,200.0,/Users/rkfuentes/Documents/md_anderson_analysis/yepes_code/2025-10-14/scope-results-2025-10-14-1819.csv,3.429195182870983e-07,5.2649972931572735e-11,273,24,,,100,0.0,0.0
650,BNL,"12 (ch1 in csv), 16 (ch2 in csv)",Electrons 85V,2.0,,,200.0,/Users/rkfuentes/Documents/md_anderson_analysis/yepes_code/2025-10-14/scope-results-2025-10-14-1820.csv,1.893051489876884e-09,1.186970448546664e-10,17,23,,,100,0.0,0.0
651,BNL,"12 (ch1 in csv), 16 (ch2 in csv)",Electrons 85V,2.0,,,200.0,/Users/rkfuentes/Documents/md_anderson_analysis/yepes_code/2025-10-14/scope-results-2025-10-14-1861.csv,1.4008435734658736e-11,2.7287730238933445e-11,17,20,,,50,0.0,0.0
652,BNL,"12 (ch1 in csv), 16 (ch2 in csv)",Electrons 85V,2.0,,,200.0,/Users/rkfuentes/Documents/md_anderson_analysis/yepes_code/2025-10-14/scope-results-2025-10-14-1862.csv,4.606997027167301e-11,2.3340597564757673e-10,9,15,,,50,0.0,0.0
653,BNL,"12 (ch1 in csv), 16 (ch2 in csv)",Electrons 85V,2.0,,,200.0,/Users/rkfuentes/Documents/md_anderson_analysis/yepes_code/2025-10-14/scope-results-2025-10-14-1863.csv,3.081315384398747e-10,1.8174975056855806e-10,17,24,,,50,0.0,0.0
654,BNL,"12 (ch1 in csv), 16 (ch2 in csv)",Electrons 85V,2.0,,,200.0,/Users/rkfuentes/Documents/md_anderson_analysis/yepes_code/2025-10-14/scope-results-2025-10-14-1864.csv,1.365799763577197e-07,1.172496060905746e-11,269,17,,,50,0.0,0.0
655,BNL,"12 (ch1 in csv), 16 (ch2 in csv)",Electrons 85V,2.0,,,200.0,/Users/rkfuentes/Documents/md_anderson_analysis/yepes_code/2025-10-14/scope-results-2025-10-14-1865.csv,7.862727445271456e-11,8.614708741099871e-11,9,21,,,50,0.0,0.0
656,BNL,"12 (ch1 in csv), 16 (ch2 in csv)",Electrons 85V,2.0,,,200.0,/Users/rkfuentes/Documents/md_anderson_analysis/yepes_code/2025-10-14/scope-results-2025-10-14-1866.csv,1.7800013065555573e-11,3.2033341580228595e-11,5,14,,,50,0.0,0.0
657,BNL,"12 (ch1 in csv), 16 (ch2 in csv)",Electrons 85V,2.0,,,200.0,/Users/rkfuentes/Documents/md_anderson_analysis/yepes_code/2025-10-14/scope-results-2025-10-14-1867.csv,4.830042489560602e-10,2.8700566032361915e-11,14,26,,,50,0.0,0.0
658,BNL,"12 (ch1 in csv), 16 (ch2 in csv)",Electrons 85V,2.0,,,200.0,/Users/rkfuentes/Documents/md_anderson_analysis/yepes_code/2025-10-14/scope-results-2025-10-14-1868.csv,1.3704725282717676e-07,7.66948712437338e-07,266,362,,,50,0.0,0.0
659,BNL,"12 (ch1 in csv), 16 (ch2 in csv)",Electrons 85V,2.0,,,200.0,/Users/rkfuentes/Documents/md_anderson_analysis/yepes_code/2025-10-14/scope-results-2025-10-14-1869.csv,2.3205141114119284e-11,1.1470342355828193e-11,17,28,,,50,0.0,0.0
660,BNL,"12 (ch1 in csv), 16 (ch2 in csv)",Electrons 85V,2.0,,,200.0,/Users/rkfuentes/Documents/md_anderson_analysis/yepes_code/2025-10-14/scope-results-2025-10-14-1870.csv,1.6854113942105991e-10,2.7395001705121292e-11,4,23,,,50,0.0,0.0
661,BNL,"12 (ch1 in csv), 16 (ch2 in csv)",Electrons 85V,2.0,,,200.0,/Users/rkfuentes/Documents/md_anderson_analysis/yepes_code/2025-10-14/scope-results-2025-10-14-1871.csv,7.560471235032292e-10,3.4152705245803224e-11,14,23,,,50,0.0,0.0
662,BNL,"12 (ch1 in csv), 16 (ch2 in csv)",Electrons 85V,2.0,,,200.0,/Users/rkfuentes/Documents/md_anderson_analysis/yepes_code/2025-10-14/scope-results-2025-10-14-1872.csv,8.19534162837773e-08,7.61792760180577e-11,265,29,,,50,0.0,0.0
663,BNL,"12 (ch1 in csv), 16 (ch2 in csv)",Electrons 85V,2.0,,,200.0,/Users/rkfuentes/Documents/md_anderson_analysis/yepes_code/2025-10-14/scope-results-2025-10-14-1873.csv,1.4853057246514145e-07,6.619214192215657e-11,285,22,,,50,0.0,0.0
664,BNL,"12 (ch1 in csv), 16 (ch2 in csv)",Electrons 85V,2.0,,,227.5,/Users/rkfuentes/Documents/md_anderson_analysis/yepes_code/2025-10-14/scope-results-2025-10-14-1916.csv,5.507149903684858e-07,2.355996547989897e-09,713,7,,,50,0.0,0.0
665,BNL,"12 (ch1 in csv), 16 (ch2 in csv)",Electrons 85V,2.0,,,227.5,/Users/rkfuentes/Documents/md_anderson_analysis/yepes_code/2025-10-14/scope-results-2025-10-14-1917.csv,5.236148879627296e-11,1.89774029425541e-10,5,10,,,50,0.0,0.0
666,BNL,"12 (ch1 in csv), 16 (ch2 in csv)",Electrons 85V,2.0,,,227.5,/Users/rkfuentes/Documents/md_anderson_analysis/yepes_code/2025-10-14/scope-results-2025-10-14-1918.csv,4.738432608303352e-07,4.4996978685661e-09,617,9,,,50,0.0,0.0
667,BNL,"12 (ch1 in csv), 16 (ch2 in csv)",Electrons 85V,2.0,,,227.5,/Users/rkfuentes/Documents/md_anderson_analysis/yepes_code/2025-10-14/scope-results-2025-10-14-1919.csv,1.0706022871649545e-12,4.686134692910599e-11,6,24,,,50,0.0,0.0
668,BNL,"12 (ch1 in csv), 16 (ch2 in csv)",Electrons 85V,2.0,,,227.5,/Users/rkfuentes/Documents/md_anderson_analysis/yepes_code/2025-10-14/scope-results-2025-10-14-1920.csv,5.133688519159686e-07,2.299450306113647e-09,657,7,,,50,0.0,0.0
669,BNL,"12 (ch1 in csv), 16 (ch2 in csv)",Electrons 85V,2.0,,,227.5,/Users/rkfuentes/Documents/md_anderson_analysis/yepes_code/2025-10-14/scope-results-2025-10-14-1921.csv,5.475578202669781e-07,2.0409615785231083e-09,699,6,,,50,0.0,0.0
670,BNL,"12 (ch1 in csv), 16 (ch2 in csv)",Electrons 85V,2.0,,,227.5,/Users/rkfuentes/Documents/md_anderson_analysis/yepes_code/2025-10-14/scope-results-2025-10-14-1922.csv,1.9206750340600556e-09,8.089523339026386e-08,26,121,,,50,0.0,0.0
671,BNL,"12 (ch1 in csv), 16 (ch2 in csv)",Electrons 85V,2.0,,,227.5,/Users/rkfuentes/Documents/md_anderson_analysis/yepes_code/2025-10-14/scope-results-2025-10-14-1923.csv,6.580112132657998e-11,2.6105877197313055e-11,8,20,,,50,0.0,0.0
672,BNL,"12 (ch1 in csv), 16 (ch2 in csv)",Electrons 85V,2.0,,,227.5,/Users/rkfuentes/Documents/md_anderson_analysis/yepes_code/2025-10-14/scope-results-2025-10-14-1924.csv,4.433519176525792e-07,1.3053927887013077e-07,592,131,,,50,0.0,0.0
673,BNL,"12 (ch1 in csv), 16 (ch2 in csv)",Electrons 85V,2.0,,,227.5,/Users/rkfuentes/Documents/md_anderson_analysis/yepes_code/2025-10-14/scope-results-2025-10-14-1925.csv,5.50003111651968e-07,2.622770892359696e-09,692,7,,,50,0.0,0.0
674,BNL,"12 (ch1 in csv), 16 (ch2 in csv)",Electrons 85V,2.0,,,227.5,/Users/rkfuentes/Documents/md_anderson_analysis/yepes_code/2025-10-14/scope-results-2025-10-14-1926.csv,6.716668213045486e-11,4.153852021278482e-11,10,23,,,50,0.0,0.0
675,BNL,"12 (ch1 in csv), 16 (ch2 in csv)",Electrons 85V,2.0,,,227.5,/Users/rkfuentes/Documents/md_anderson_analysis/yepes_code/2025-10-14/scope-results-2025-10-14-1927.csv,5.281581195701697e-07,5.4397246942860914e-08,649,110,,,50,0.0,0.0
676,BNL,"12 (ch1 in csv), 16 (ch2 in csv)",Electrons 85V,2.0,,,227.5,/Users/rkfuentes/Documents/md_anderson_analysis/yepes_code/2025-10-14/scope-results-2025-10-14-1928.csv,4.890181910051042e-07,1.2448928878567638e-07,629,132,,,50,0.0,0.0
677,BNL,"12 (ch1 in csv), 16 (ch2 in csv)",Electrons 85V,2.0,,,227.5,/Users/rkfuentes/Documents/md_anderson_analysis/yepes_code/2025-10-14/scope-results-2025-10-14-1929.csv,7.249078470162338e-10,1.1980809214539445e-07,14,134,,,50,0.0,0.0
678,BNL,"12 (ch1 in csv), 16 (ch2 in csv)",Electrons 85V,2.0,,,227.5,/Users/rkfuentes/Documents/md_anderson_analysis/yepes_code/2025-10-14/scope-results-2025-10-14-1969.csv,1.906724259888571e-10,2.2701852800118492e-08,11,37,,,100,0.0,0.0
679,BNL,"12 (ch1 in csv), 16 (ch2 in csv)",Electrons 85V,2.0,,,227.5,/Users/rkfuentes/Documents/md_anderson_analysis/yepes_code/2025-10-14/scope-results-2025-10-14-1970.csv,1.939445982427728e-10,1.4742150337024557e-07,18,151,,,100,0.0,0.0
680,BNL,"12 (ch1 in csv), 16 (ch2 in csv)",Electrons 85V,2.0,,,227.5,/Users/rkfuentes/Documents/md_anderson_analysis/yepes_code/2025-10-14/scope-results-2025-10-14-1971.csv,6.126027953295102e-10,4.486381790720943e-09,19,10,,,100,0.0,0.0
681,BNL,"12 (ch1 in csv), 16 (ch2 in csv)",Electrons 85V,2.0,,,227.5,/Users/rkfuentes/Documents/md_anderson_analysis/yepes_code/2025-10-14/scope-results-2025-10-14-1972.csv,1.3203708121987535e-11,4.8103779269897794e-11,4,21,,,100,0.0,0.0
682,BNL,"12 (ch1 in csv), 16 (ch2 in csv)",Electrons 85V,2.0,,,227.5,/Users/rkfuentes/Documents/md_anderson_analysis/yepes_code/2025-10-14/scope-results-2025-10-14-1973.csv,5.984998551237868e-10,7.224384368345834e-10,11,10,,,100,0.0,0.0
683,BNL,"12 (ch1 in csv), 16 (ch2 in csv)",Electrons 85V,2.0,,,227.5,/Users/rkfuentes/Documents/md_anderson_analysis/yepes_code/2025-10-14/scope-results-2025-10-14-1974.csv,5.847694174736538e-10,6.32485917072714e-11,13,19,,,100,0.0,0.0
684,BNL,"12 (ch1 in csv), 16 (ch2 in csv)",Electrons 85V,2.0,,,227.5,/Users/rkfuentes/Documents/md_anderson_analysis/yepes_code/2025-10-14/scope-results-2025-10-14-1975.csv,9.125597276679803e-10,2.828677611158473e-07,15,191,,,100,0.0,0.0
685,BNL,"12 (ch1 in csv), 16 (ch2 in csv)",Electrons 85V,2.0,,,227.5,/Users/rkfuentes/Documents/md_anderson_analysis/yepes_code/2025-10-14/scope-results-2025-10-14-1976.csv,2.3204729000589705e-07,1.3309582570662991e-09,255,8,,,100,0.0,0.0
686,BNL,"12 (ch1 in csv), 16 (ch2 in csv)",Electrons 85V,2.0,,,227.5,/Users/rkfuentes/Documents/md_anderson_analysis/yepes_code/2025-10-14/scope-results-2025-10-14-1977.csv,2.473801322962556e-07,3.325390180964359e-09,247,7,,,100,0.0,0.0
687,BNL,"12 (ch1 in csv), 16 (ch2 in csv)",Electrons 85V,2.0,,,227.5,/Users/rkfuentes/Documents/md_anderson_analysis/yepes_code/2025-10-14/scope-results-2025-10-14-1978.csv,2.376778586719918e-07,1.4632126995004102e-09,246,6,,,100,0.0,0.0
688,BNL,"12 (ch1 in csv), 16 (ch2 in csv)",Electrons 85V,2.0,,,227.5,/Users/rkfuentes/Documents/md_anderson_analysis/yepes_code/2025-10-14/scope-results-2025-10-14-1979.csv,2.4528567160145116e-07,2.5051289581251504e-09,254,7,,,100,0.0,0.0
689,BNL,"12 (ch1 in csv), 16 (ch2 in csv)",Electrons 85V,2.0,,,227.5,/Users/rkfuentes/Documents/md_anderson_analysis/yepes_code/2025-10-14/scope-results-2025-10-14-1980.csv,1.6709574142436911e-09,2.830688281645674e-07,16,197,,,100,0.0,0.0
690,BNL,"12 (ch1 in csv), 16 (ch2 in csv)",Electrons 85V,2.0,,,227.5,/Users/rkfuentes/Documents/md_anderson_analysis/yepes_code/2025-10-14/scope-results-2025-10-14-1981.csv,2.3083778785675e-10,2.5190335913247e-07,16,155,,,100,0.0,0.0
691,BNL,"12 (ch1 in csv), 16 (ch2 in csv)",Electrons 85V,2.0,,,75.0,/Users/rkfuentes/Documents/md_anderson_analysis/yepes_code/2025-10-14/scope-results-2025-10-14-2012.csv,1.9010313859969208e-06,1.0457499199916894e-06,248,337,,,100,1.0,0.0
692,BNL,"12 (ch1 in csv), 16 (ch2 in csv)",Electrons 85V,2.0,,,75.0,/Users/rkfuentes/Documents/md_anderson_analysis/yepes_code/2025-10-14/scope-results-2025-10-14-2013.csv,1.8762883088944603e-06,4.04258970475805e-12,232,20,,,100,1.0,0.0
693,BNL,"12 (ch1 in csv), 16 (ch2 in csv)",Electrons 85V,2.0,,,75.0,/Users/rkfuentes/Documents/md_anderson_analysis/yepes_code/2025-10-14/scope-results-2025-10-14-2014.csv,1.8564647286534443e-06,1.0908666964234213e-06,232,483,,,100,1.0,0.0
694,BNL,"12 (ch1 in csv), 16 (ch2 in csv)",Electrons 85V,2.0,,,75.0,/Users/rkfuentes/Documents/md_anderson_analysis/yepes_code/2025-10-14/scope-results-2025-10-14-2015.csv,1.891509015974796e-06,1.9385592463467135e-10,265,14,,,100,3.0,0.0
695,BNL,"12 (ch1 in csv), 16 (ch2 in csv)",Electrons 85V,2.0,,,75.0,/Users/rkfuentes/Documents/md_anderson_analysis/yepes_code/2025-10-14/scope-results-2025-10-14-2016.csv,1.9265599415646154e-06,1.853424355363475e-11,234,15,,,100,1.0,0.0
696,BNL,"12 (ch1 in csv), 16 (ch2 in csv)",Electrons 85V,2.0,,,75.0,/Users/rkfuentes/Documents/md_anderson_analysis/yepes_code/2025-10-14/scope-results-2025-10-14-2017.csv,1.8699290581631951e-06,2.9158082075958986e-06,240,350,,,100,0.0,0.0
697,BNL,"12 (ch1 in csv), 16 (ch2 in csv)",Electrons 85V,2.0,,,75.0,/Users/rkfuentes/Documents/md_anderson_analysis/yepes_code/2025-10-14/scope-results-2025-10-14-2018.csv,1.8884377457654944e-06,1.6866643192946127e-10,226,19,,,100,0.0,0.0
698,BNL,"12 (ch1 in csv), 16 (ch2 in csv)",Electrons 85V,2.0,,,75.0,/Users/rkfuentes/Documents/md_anderson_analysis/yepes_code/2025-10-14/scope-results-2025-10-14-2019.csv,1.9170458459216737e-06,1.0283011323535565e-06,229,378,,,100,1.0,0.0
699,BNL,"12 (ch1 in csv), 16 (ch2 in csv)",Electrons 85V,2.0,,,75.0,/Users/rkfuentes/Documents/md_anderson_analysis/yepes_code/2025-10-14/scope-results-2025-10-14-2020.csv,1.8800151553133696e-06,1.0754745216889852e-06,237,502,,,100,0.0,0.0
700,BNL,"12 (ch1 in csv), 16 (ch2 in csv)",Electrons 85V,2.0,,,75.0,/Users/rkfuentes/Documents/md_anderson_analysis/yepes_code/2025-10-14/scope-results-2025-10-14-2021.csv,1.89479770705143e-06,1.0282503575164118e-06,243,312,,,100,0.0,0.0
701,BNL,"12 (ch1 in csv), 16 (ch2 in csv)",Electrons 85V,2.0,,,75.0,/Users/rkfuentes/Documents/md_anderson_analysis/yepes_code/2025-10-14/scope-results-2025-10-14-2052.csv,7.141238162066716e-07,2.4534529234143447e-06,241,319,,,50,0.0,0.0
702,BNL,"12 (ch1 in csv), 16 (ch2 in csv)",Electrons 85V,2.0,,,75.0,/Users/rkfuentes/Documents/md_anderson_analysis/yepes_code/2025-10-14/scope-results-2025-10-14-2053.csv,7.956992628389941e-07,2.518276752840479e-11,250,15,,,50,0.0,0.0
703,BNL,"12 (ch1 in csv), 16 (ch2 in csv)",Electrons 85V,2.0,,,75.0,/Users/rkfuentes/Documents/md_anderson_analysis/yepes_code/2025-10-14/scope-results-2025-10-14-2054.csv,8.121658425372624e-07,6.202654759014435e-07,237,117,,,50,0.0,0.0
704,BNL,"12 (ch1 in csv), 16 (ch2 in csv)",Electrons 85V,2.0,,,75.0,/Users/rkfuentes/Documents/md_anderson_analysis/yepes_code/2025-10-14/scope-results-2025-10-14-2055.csv,5.345932757187077e-10,2.313975202112751e-06,11,316,,,50,0.0,0.0
705,BNL,"12 (ch1 in csv), 16 (ch2 in csv)",Electrons 85V,2.0,,,75.0,/Users/rkfuentes/Documents/md_anderson_analysis/yepes_code/2025-10-14/scope-results-2025-10-14-2056.csv,8.36963759121072e-07,1.8544352134944555e-11,244,4,,,50,0.0,0.0
706,BNL,"12 (ch1 in csv), 16 (ch2 in csv)",Electrons 85V,2.0,,,75.0,/Users/rkfuentes/Documents/md_anderson_analysis/yepes_code/2025-10-14/scope-results-2025-10-14-2057.csv,8.480558156743e-07,1.436089856446098e-13,254,17,,,50,0.0,0.0
707,BNL,"12 (ch1 in csv), 16 (ch2 in csv)",Electrons 85V,2.0,,,75.0,/Users/rkfuentes/Documents/md_anderson_analysis/yepes_code/2025-10-14/scope-results-2025-10-14-2058.csv,7.080393312570973e-10,2.442688520449959e-06,9,299,,,50,0.0,0.0
708,BNL,"12 (ch1 in csv), 16 (ch2 in csv)",Electrons 85V,2.0,,,75.0,/Users/rkfuentes/Documents/md_anderson_analysis/yepes_code/2025-10-14/scope-results-2025-10-14-2059.csv,8.20189936468006e-07,1.83540513879693e-10,242,16,,,50,0.0,0.0
709,BNL,"12 (ch1 in csv), 16 (ch2 in csv)",Electrons 85V,2.0,,,75.0,/Users/rkfuentes/Documents/md_anderson_analysis/yepes_code/2025-10-14/scope-results-2025-10-14-2060.csv,8.146967357252287e-07,2.232389027936831e-09,239,9,,,50,0.0,0.0
710,BNL,"12 (ch1 in csv), 16 (ch2 in csv)",Electrons 85V,2.0,,,75.0,/Users/rkfuentes/Documents/md_anderson_analysis/yepes_code/2025-10-14/scope-results-2025-10-14-2061.csv,1.112169495317091e-10,2.3179144576010865e-06,8,278,,,50,0.0,0.0
711,BNL,"12 (ch1 in csv), 16 (ch2 in csv)",Electrons 85V,3.0,,,100.0,/Users/rkfuentes/Documents/md_anderson_analysis/yepes_code/2025-10-14/scope-results-2025-10-14-1091.csv,1.1414816178437076e-06,5.983361440348534e-12,367,14,,,50,0.0,0.0
712,BNL,"12 (ch1 in csv), 16 (ch2 in csv)",Electrons 85V,3.0,,,100.0,/Users/rkfuentes/Documents/md_anderson_analysis/yepes_code/2025-10-14/scope-results-2025-10-14-1092.csv,7.142766263417516e-10,1.2655145331932183e-10,13,19,,,50,0.0,0.0
713,BNL,"12 (ch1 in csv), 16 (ch2 in csv)",Electrons 85V,3.0,,,100.0,/Users/rkfuentes/Documents/md_anderson_analysis/yepes_code/2025-10-14/scope-results-2025-10-14-1093.csv,8.00511590477888e-10,3.10259683421448e-09,8,13,,,50,0.0,0.0
714,BNL,"12 (ch1 in csv), 16 (ch2 in csv)",Electrons 85V,3.0,,,100.0,/Users/rkfuentes/Documents/md_anderson_analysis/yepes_code/2025-10-14/scope-results-2025-10-14-1094.csv,1.1466321984305236e-06,6.991532584271933e-07,384,229,,,50,0.0,0.0
715,BNL,"12 (ch1 in csv), 16 (ch2 in csv)",Electrons 85V,3.0,,,100.0,/Users/rkfuentes/Documents/md_anderson_analysis/yepes_code/2025-10-14/scope-results-2025-10-14-1095.csv,3.6153623947401785e-10,3.57073461993056e-09,7,8,,,50,0.0,0.0
716,BNL,"12 (ch1 in csv), 16 (ch2 in csv)",Electrons 85V,3.0,,,100.0,/Users/rkfuentes/Documents/md_anderson_analysis/yepes_code/2025-10-14/scope-results-2025-10-14-1096.csv,3.3041653134741935e-10,3.450461676652183e-09,9,10,,,50,0.0,0.0
717,BNL,"12 (ch1 in csv), 16 (ch2 in csv)",Electrons 85V,3.0,,,100.0,/Users/rkfuentes/Documents/md_anderson_analysis/yepes_code/2025-10-14/scope-results-2025-10-14-1097.csv,2.902156303585193e-09,6.489503209192452e-07,12,239,,,50,0.0,0.0
718,BNL,"12 (ch1 in csv), 16 (ch2 in csv)",Electrons 85V,3.0,,,100.0,/Users/rkfuentes/Documents/md_anderson_analysis/yepes_code/2025-10-14/scope-results-2025-10-14-1098.csv,1.1136346729575854e-06,5.0964837137790485e-11,364,26,,,50,0.0,0.0
719,BNL,"12 (ch1 in csv), 16 (ch2 in csv)",Electrons 85V,3.0,,,100.0,/Users/rkfuentes/Documents/md_anderson_analysis/yepes_code/2025-10-14/scope-results-2025-10-14-1099.csv,1.0820861962584275e-06,2.5240079071884287e-09,368,10,,,50,0.0,0.0
720,BNL,"12 (ch1 in csv), 16 (ch2 in csv)",Electrons 85V,3.0,,,100.0,/Users/rkfuentes/Documents/md_anderson_analysis/yepes_code/2025-10-14/scope-results-2025-10-14-1100.csv,3.444128282179418e-10,1.6159723910745286e-10,9,24,,,50,0.0,0.0
721,BNL,"12 (ch1 in csv), 16 (ch2 in csv)",Electrons 85V,3.0,,,100.0,/Users/rkfuentes/Documents/md_anderson_analysis/yepes_code/2025-10-14/scope-results-2025-10-14-1101.csv,9.08756871083014e-07,6.043581347366002e-07,355,244,,,50,0.0,0.0
722,BNL,"12 (ch1 in csv), 16 (ch2 in csv)",Electrons 85V,3.0,,,100.0,/Users/rkfuentes/Documents/md_anderson_analysis/yepes_code/2025-10-14/scope-results-2025-10-14-1102.csv,1.0711347273072037e-06,6.189718721222141e-07,382,243,,,50,0.0,0.0
723,BNL,"12 (ch1 in csv), 16 (ch2 in csv)",Electrons 85V,3.0,,,100.0,/Users/rkfuentes/Documents/md_anderson_analysis/yepes_code/2025-10-14/scope-results-2025-10-14-1103.csv,1.086060894442992e-06,2.179039529783432e-10,358,24,,,50,0.0,0.0
724,BNL,"12 (ch1 in csv), 16 (ch2 in csv)",Electrons 85V,3.0,,,100.0,/Users/rkfuentes/Documents/md_anderson_analysis/yepes_code/2025-10-14/scope-results-2025-10-14-1104.csv,1.1214331729149773e-06,6.069812522464635e-07,398,239,,,50,0.0,0.0
725,BNL,"12 (ch1 in csv), 16 (ch2 in csv)",Electrons 85V,3.0,,,100.0,/Users/rkfuentes/Documents/md_anderson_analysis/yepes_code/2025-10-14/scope-results-2025-10-14-1105.csv,1.090868233281169e-06,3.221625801918263e-09,378,8,,,50,0.0,0.0
726,BNL,"12 (ch1 in csv), 16 (ch2 in csv)",Electrons 85V,3.0,,,100.0,/Users/rkfuentes/Documents/md_anderson_analysis/yepes_code/2025-10-14/scope-results-2025-10-14-1106.csv,1.1146507912262971e-06,2.034947162082747e-09,364,8,,,50,0.0,0.0
727,BNL,"12 (ch1 in csv), 16 (ch2 in csv)",Electrons 85V,3.0,,,100.0,/Users/rkfuentes/Documents/md_anderson_analysis/yepes_code/2025-10-14/scope-results-2025-10-14-1107.csv,1.5347650863719316e-09,6.417970796146439e-07,10,231,,,50,0.0,0.0
728,BNL,"12 (ch1 in csv), 16 (ch2 in csv)",Electrons 85V,3.0,,,100.0,/Users/rkfuentes/Documents/md_anderson_analysis/yepes_code/2025-10-14/scope-results-2025-10-14-1108.csv,1.1007113224025542e-06,3.70933264132409e-09,377,11,,,50,0.0,0.0
729,BNL,"12 (ch1 in csv), 16 (ch2 in csv)",Electrons 85V,3.0,,,100.0,/Users/rkfuentes/Documents/md_anderson_analysis/yepes_code/2025-10-14/scope-results-2025-10-14-1109.csv,7.258542600543074e-10,6.109993706499407e-07,7,241,,,50,0.0,0.0
730,BNL,"12 (ch1 in csv), 16 (ch2 in csv)",Electrons 85V,3.0,,,100.0,/Users/rkfuentes/Documents/md_anderson_analysis/yepes_code/2025-10-14/scope-results-2025-10-14-1110.csv,1.042902692479617e-06,2.350830308081145e-09,370,9,,,50,0.0,0.0
731,BNL,"12 (ch1 in csv), 16 (ch2 in csv)",Electrons 85V,3.0,,,100.0,/Users/rkfuentes/Documents/md_anderson_analysis/yepes_code/2025-10-14/scope-results-2025-10-14-1111.csv,7.77263586473095e-10,5.22637169804386e-07,7,219,,,50,0.0,0.0
732,BNL,"12 (ch1 in csv), 16 (ch2 in csv)",Electrons 85V,3.0,,,100.0,/Users/rkfuentes/Documents/md_anderson_analysis/yepes_code/2025-10-14/scope-results-2025-10-14-1112.csv,1.1009554729646638e-06,2.729513007236878e-09,368,10,,,50,0.0,0.0
733,BNL,"12 (ch1 in csv), 16 (ch2 in csv)",Electrons 85V,3.0,,,100.0,/Users/rkfuentes/Documents/md_anderson_analysis/yepes_code/2025-10-14/scope-results-2025-10-14-1113.csv,1.10278654598493e-06,1.5532140798199887e-10,385,19,,,50,0.0,0.0
734,BNL,"12 (ch1 in csv), 16 (ch2 in csv)",Electrons 85V,3.0,,,100.0,/Users/rkfuentes/Documents/md_anderson_analysis/yepes_code/2025-10-14/scope-results-2025-10-14-1114.csv,1.0991795311418875e-06,6.401089546384241e-07,389,247,,,50,0.0,0.0
735,BNL,"12 (ch1 in csv), 16 (ch2 in csv)",Electrons 85V,3.0,,,100.0,/Users/rkfuentes/Documents/md_anderson_analysis/yepes_code/2025-10-14/scope-results-2025-10-14-1115.csv,7.80462089483246e-10,2.111533621824775e-09,10,12,,,50,0.0,0.0
736,BNL,"12 (ch1 in csv), 16 (ch2 in csv)",Electrons 85V,3.0,,,100.0,/Users/rkfuentes/Documents/md_anderson_analysis/yepes_code/2025-10-14/scope-results-2025-10-14-1116.csv,1.06351979224145e-06,3.2388528366934917e-11,387,25,,,50,0.0,0.0
737,BNL,"12 (ch1 in csv), 16 (ch2 in csv)",Electrons 85V,3.0,,,100.0,/Users/rkfuentes/Documents/md_anderson_analysis/yepes_code/2025-10-14/scope-results-2025-10-14-1117.csv,4.064565256919295e-10,1.557997933392179e-09,9,9,,,50,0.0,0.0
738,BNL,"12 (ch1 in csv), 16 (ch2 in csv)",Electrons 85V,3.0,,,100.0,/Users/rkfuentes/Documents/md_anderson_analysis/yepes_code/2025-10-14/scope-results-2025-10-14-1118.csv,1.0836115217241575e-06,5.358962553420095e-07,370,222,,,50,0.0,0.0
739,BNL,"12 (ch1 in csv), 16 (ch2 in csv)",Electrons 85V,3.0,,,100.0,/Users/rkfuentes/Documents/md_anderson_analysis/yepes_code/2025-10-14/scope-results-2025-10-14-1119.csv,1.2193482575664287e-09,5.476014073283102e-07,11,228,,,50,0.0,0.0
740,BNL,"12 (ch1 in csv), 16 (ch2 in csv)",Electrons 85V,3.0,,,100.0,/Users/rkfuentes/Documents/md_anderson_analysis/yepes_code/2025-10-14/scope-results-2025-10-14-1120.csv,2.3819145295793663e-11,1.0494281106468435e-10,9,30,,,50,0.0,0.0
741,BNL,"12 (ch1 in csv), 16 (ch2 in csv)",Electrons 85V,3.0,,,100.0,/Users/rkfuentes/Documents/md_anderson_analysis/yepes_code/2025-10-14/scope-results-2025-10-14-1204.csv,3.628644470987171e-09,1.564952421050965e-06,5,259,,,100,0.0,0.0
742,BNL,"12 (ch1 in csv), 16 (ch2 in csv)",Electrons 85V,3.0,,,100.0,/Users/rkfuentes/Documents/md_anderson_analysis/yepes_code/2025-10-14/scope-results-2025-10-14-1205.csv,2.932413115242354e-06,2.763353286575447e-09,359,8,,,100,1.0,0.0
743,BNL,"12 (ch1 in csv), 16 (ch2 in csv)",Electrons 85V,3.0,,,100.0,/Users/rkfuentes/Documents/md_anderson_analysis/yepes_code/2025-10-14/scope-results-2025-10-14-1206.csv,2.8104326803071017e-06,1.573921955870906e-06,365,274,,,100,3.0,0.0
744,BNL,"12 (ch1 in csv), 16 (ch2 in csv)",Electrons 85V,3.0,,,100.0,/Users/rkfuentes/Documents/md_anderson_analysis/yepes_code/2025-10-14/scope-results-2025-10-14-1207.csv,2.813197239294039e-06,1.539080869523541e-06,370,273,,,100,3.0,0.0
745,BNL,"12 (ch1 in csv), 16 (ch2 in csv)",Electrons 85V,3.0,,,100.0,/Users/rkfuentes/Documents/md_anderson_analysis/yepes_code/2025-10-14/scope-results-2025-10-14-1208.csv,2.861607930325001e-06,2.992575500439592e-09,357,10,,,100,3.0,0.0
746,BNL,"12 (ch1 in csv), 16 (ch2 in csv)",Electrons 85V,3.0,,,100.0,/Users/rkfuentes/Documents/md_anderson_analysis/yepes_code/2025-10-14/scope-results-2025-10-14-1209.csv,2.826243053601544e-06,1.4881295116655663e-06,363,250,,,100,3.0,1.0
747,BNL,"12 (ch1 in csv), 16 (ch2 in csv)",Electrons 85V,3.0,,,100.0,/Users/rkfuentes/Documents/md_anderson_analysis/yepes_code/2025-10-14/scope-results-2025-10-14-1210.csv,5.737407943042107e-11,1.55300776090956e-06,10,247,,,100,0.0,0.0
748,BNL,"12 (ch1 in csv), 16 (ch2 in csv)",Electrons 85V,3.0,,,100.0,/Users/rkfuentes/Documents/md_anderson_analysis/yepes_code/2025-10-14/scope-results-2025-10-14-1211.csv,2.78485962768978e-06,1.569578594684102e-06,376,246,,,100,2.0,1.0
749,BNL,"12 (ch1 in csv), 16 (ch2 in csv)",Electrons 85V,3.0,,,100.0,/Users/rkfuentes/Documents/md_anderson_analysis/yepes_code/2025-10-14/scope-results-2025-10-14-1212.csv,2.69568218694372e-06,1.5348600457552122e-06,344,254,,,100,1.0,0.0
750,BNL,"12 (ch1 in csv), 16 (ch2 in csv)",Electrons 85V,3.0,,,100.0,/Users/rkfuentes/Documents/md_anderson_analysis/yepes_code/2025-10-14/scope-results-2025-10-14-1213.csv,2.768188423622504e-06,1.4195003827351827e-09,349,12,,,100,1.0,0.0
751,BNL,"12 (ch1 in csv), 16 (ch2 in csv)",Electrons 85V,3.0,,,100.0,/Users/rkfuentes/Documents/md_anderson_analysis/yepes_code/2025-10-14/scope-results-2025-10-14-1214.csv,2.7252179288742778e-06,4.3746879912025794e-09,368,8,,,100,0.0,0.0
752,BNL,"12 (ch1 in csv), 16 (ch2 in csv)",Electrons 85V,3.0,,,100.0,/Users/rkfuentes/Documents/md_anderson_analysis/yepes_code/2025-10-14/scope-results-2025-10-14-1215.csv,2.6751723572815383e-06,3.811421298169848e-09,354,11,,,100,1.0,0.0
753,BNL,"12 (ch1 in csv), 16 (ch2 in csv)",Electrons 85V,3.0,,,100.0,/Users/rkfuentes/Documents/md_anderson_analysis/yepes_code/2025-10-14/scope-results-2025-10-14-1216.csv,1.700449094037005e-09,1.4503382958926938e-06,8,269,,,100,0.0,0.0
754,BNL,"12 (ch1 in csv), 16 (ch2 in csv)",Electrons 85V,3.0,,,100.0,/Users/rkfuentes/Documents/md_anderson_analysis/yepes_code/2025-10-14/scope-results-2025-10-14-1217.csv,2.725740645653205e-06,2.060343369402472e-09,361,12,,,100,1.0,0.0
755,BNL,"12 (ch1 in csv), 16 (ch2 in csv)",Electrons 85V,3.0,,,100.0,/Users/rkfuentes/Documents/md_anderson_analysis/yepes_code/2025-10-14/scope-results-2025-10-14-1218.csv,2.638933356744846e-06,1.5885108905145592e-06,366,244,,,100,1.0,0.0
756,BNL,"12 (ch1 in csv), 16 (ch2 in csv)",Electrons 85V,3.0,,,100.0,/Users/rkfuentes/Documents/md_anderson_analysis/yepes_code/2025-10-14/scope-results-2025-10-14-1219.csv,2.604243689888467e-06,5.480811313393295e-10,350,9,,,100,2.0,0.0
757,BNL,"12 (ch1 in csv), 16 (ch2 in csv)",Electrons 85V,3.0,,,100.0,/Users/rkfuentes/Documents/md_anderson_analysis/yepes_code/2025-10-14/scope-results-2025-10-14-1220.csv,2.653536882998959e-06,4.098956082443102e-09,350,7,,,100,0.0,0.0
758,BNL,"12 (ch1 in csv), 16 (ch2 in csv)",Electrons 85V,3.0,,,100.0,/Users/rkfuentes/Documents/md_anderson_analysis/yepes_code/2025-10-14/scope-results-2025-10-14-1221.csv,2.599529101895437e-06,1.433767808705376e-06,350,251,,,100,0.0,0.0
759,BNL,"12 (ch1 in csv), 16 (ch2 in csv)",Electrons 85V,3.0,,,100.0,/Users/rkfuentes/Documents/md_anderson_analysis/yepes_code/2025-10-14/scope-results-2025-10-14-1222.csv,1.617188737182624e-09,1.144438704033772e-09,13,9,,,100,0.0,0.0
760,BNL,"12 (ch1 in csv), 16 (ch2 in csv)",Electrons 85V,3.0,,,100.0,/Users/rkfuentes/Documents/md_anderson_analysis/yepes_code/2025-10-14/scope-results-2025-10-14-1223.csv,2.6122115120412742e-06,1.996915468095207e-09,349,9,,,100,3.0,0.0
761,BNL,"12 (ch1 in csv), 16 (ch2 in csv)",Electrons 85V,3.0,,,100.0,/Users/rkfuentes/Documents/md_anderson_analysis/yepes_code/2025-10-14/scope-results-2025-10-14-1224.csv,2.555701060316652e-06,1.3518543566697876e-06,368,247,,,100,2.0,0.0
762,BNL,"12 (ch1 in csv), 16 (ch2 in csv)",Electrons 85V,3.0,,,100.0,/Users/rkfuentes/Documents/md_anderson_analysis/yepes_code/2025-10-14/scope-results-2025-10-14-1225.csv,2.672108736069193e-06,3.9315906403902953e-10,365,8,,,100,0.0,0.0
763,BNL,"12 (ch1 in csv), 16 (ch2 in csv)",Electrons 85V,3.0,,,100.0,/Users/rkfuentes/Documents/md_anderson_analysis/yepes_code/2025-10-14/scope-results-2025-10-14-1226.csv,2.6016472011264783e-06,1.3617350932380774e-06,342,252,,,100,1.0,0.0
764,BNL,"12 (ch1 in csv), 16 (ch2 in csv)",Electrons 85V,3.0,,,100.0,/Users/rkfuentes/Documents/md_anderson_analysis/yepes_code/2025-10-14/scope-results-2025-10-14-1227.csv,2.6450261677621368e-06,1.821020900478428e-09,353,12,,,100,1.0,0.0
765,BNL,"12 (ch1 in csv), 16 (ch2 in csv)",Electrons 85V,3.0,,,100.0,/Users/rkfuentes/Documents/md_anderson_analysis/yepes_code/2025-10-14/scope-results-2025-10-14-1228.csv,7.327914149334904e-09,1.1163627405876689e-06,14,226,,,100,0.0,1.0
766,BNL,"12 (ch1 in csv), 16 (ch2 in csv)",Electrons 85V,3.0,,,100.0,/Users/rkfuentes/Documents/md_anderson_analysis/yepes_code/2025-10-14/scope-results-2025-10-14-1229.csv,2.686200000545347e-06,1.4344080309251314e-06,334,252,,,100,1.0,0.0
767,BNL,"12 (ch1 in csv), 16 (ch2 in csv)",Electrons 85V,3.0,,,125.0,/Users/rkfuentes/Documents/md_anderson_analysis/yepes_code/2025-10-14/scope-results-2025-10-14-1356.csv,6.53941343197937e-07,3.8801333437958845e-11,366,17,,,50,0.0,0.0
768,BNL,"12 (ch1 in csv), 16 (ch2 in csv)",Electrons 85V,3.0,,,125.0,/Users/rkfuentes/Documents/md_anderson_analysis/yepes_code/2025-10-14/scope-results-2025-10-14-1357.csv,6.812704589847954e-07,6.195777256176938e-11,380,19,,,50,0.0,0.0
769,BNL,"12 (ch1 in csv), 16 (ch2 in csv)",Electrons 85V,3.0,,,125.0,/Users/rkfuentes/Documents/md_anderson_analysis/yepes_code/2025-10-14/scope-results-2025-10-14-1358.csv,6.530146741705255e-07,3.6405107128810717e-11,375,19,,,50,0.0,0.0
770,BNL,"12 (ch1 in csv), 16 (ch2 in csv)",Electrons 85V,3.0,,,125.0,/Users/rkfuentes/Documents/md_anderson_analysis/yepes_code/2025-10-14/scope-results-2025-10-14-1359.csv,1.5511135455094628e-06,2.2689938785121822e-10,387,25,,,50,0.0,0.0
771,BNL,"12 (ch1 in csv), 16 (ch2 in csv)",Electrons 85V,3.0,,,125.0,/Users/rkfuentes/Documents/md_anderson_analysis/yepes_code/2025-10-14/scope-results-2025-10-14-1360.csv,1.4569537773062536e-06,6.206090421353853e-07,363,192,,,50,1.0,1.0
772,BNL,"12 (ch1 in csv), 16 (ch2 in csv)",Electrons 85V,3.0,,,125.0,/Users/rkfuentes/Documents/md_anderson_analysis/yepes_code/2025-10-14/scope-results-2025-10-14-1361.csv,1.5747715492591663e-09,8.380649780662557e-12,11,19,,,50,0.0,0.0
773,BNL,"12 (ch1 in csv), 16 (ch2 in csv)",Electrons 85V,3.0,,,125.0,/Users/rkfuentes/Documents/md_anderson_analysis/yepes_code/2025-10-14/scope-results-2025-10-14-1362.csv,5.679088160462764e-10,1.1594336701779619e-11,7,14,,,50,0.0,0.0
774,BNL,"12 (ch1 in csv), 16 (ch2 in csv)",Electrons 85V,3.0,,,125.0,/Users/rkfuentes/Documents/md_anderson_analysis/yepes_code/2025-10-14/scope-results-2025-10-14-1363.csv,1.5458775583287663e-06,7.775172199305945e-11,381,22,,,50,1.0,0.0
775,BNL,"12 (ch1 in csv), 16 (ch2 in csv)",Electrons 85V,3.0,,,125.0,/Users/rkfuentes/Documents/md_anderson_analysis/yepes_code/2025-10-14/scope-results-2025-10-14-1364.csv,1.4431517428251552e-06,4.894738990255957e-11,390,19,,,50,0.0,0.0
776,BNL,"12 (ch1 in csv), 16 (ch2 in csv)",Electrons 85V,3.0,,,125.0,/Users/rkfuentes/Documents/md_anderson_analysis/yepes_code/2025-10-14/scope-results-2025-10-14-1365.csv,1.4383308619427395e-06,7.0149564009585684e-12,400,34,,,50,0.0,0.0
777,BNL,"12 (ch1 in csv), 16 (ch2 in csv)",Electrons 85V,3.0,,,125.0,/Users/rkfuentes/Documents/md_anderson_analysis/yepes_code/2025-10-14/scope-results-2025-10-14-1366.csv,1.299473477544212e-06,2.8142810726244495e-11,374,18,,,50,1.0,0.0
778,BNL,"12 (ch1 in csv), 16 (ch2 in csv)",Electrons 85V,3.0,,,125.0,/Users/rkfuentes/Documents/md_anderson_analysis/yepes_code/2025-10-14/scope-results-2025-10-14-1367.csv,1.373617181796406e-06,2.8504564765711454e-11,371,18,,,50,1.0,0.0
779,BNL,"12 (ch1 in csv), 16 (ch2 in csv)",Electrons 85V,3.0,,,125.0,/Users/rkfuentes/Documents/md_anderson_analysis/yepes_code/2025-10-14/scope-results-2025-10-14-1368.csv,1.199146936144057e-06,3.166838370805763e-12,363,13,,,50,1.0,0.0
780,BNL,"12 (ch1 in csv), 16 (ch2 in csv)",Electrons 85V,3.0,,,125.0,/Users/rkfuentes/Documents/md_anderson_analysis/yepes_code/2025-10-14/scope-results-2025-10-14-1369.csv,6.971875747773066e-07,2.2157217619815815e-10,379,14,,,50,0.0,0.0
781,BNL,"12 (ch1 in csv), 16 (ch2 in csv)",Electrons 85V,3.0,,,125.0,/Users/rkfuentes/Documents/md_anderson_analysis/yepes_code/2025-10-14/scope-results-2025-10-14-1370.csv,4.6202183925576046e-11,3.4521729669029e-11,15,22,,,50,0.0,0.0
782,BNL,"12 (ch1 in csv), 16 (ch2 in csv)",Electrons 85V,3.0,,,125.0,/Users/rkfuentes/Documents/md_anderson_analysis/yepes_code/2025-10-14/scope-results-2025-10-14-1371.csv,6.228722974817293e-07,1.6825213989226068e-11,382,26,,,50,0.0,0.0
783,BNL,"12 (ch1 in csv), 16 (ch2 in csv)",Electrons 85V,3.0,,,125.0,/Users/rkfuentes/Documents/md_anderson_analysis/yepes_code/2025-10-14/scope-results-2025-10-14-1372.csv,1.8133869445194646e-10,3.338701640845421e-11,8,17,,,50,0.0,0.0
784,BNL,"12 (ch1 in csv), 16 (ch2 in csv)",Electrons 85V,3.0,,,125.0,/Users/rkfuentes/Documents/md_anderson_analysis/yepes_code/2025-10-14/scope-results-2025-10-14-1373.csv,5.639826316925268e-07,9.335857985343242e-12,371,23,,,50,0.0,0.0
785,BNL,"12 (ch1 in csv), 16 (ch2 in csv)",Electrons 85V,3.0,,,125.0,/Users/rkfuentes/Documents/md_anderson_analysis/yepes_code/2025-10-14/scope-results-2025-10-14-1374.csv,6.921053408153681e-07,1.855859180721262e-12,381,24,,,50,0.0,0.0
786,BNL,"12 (ch1 in csv), 16 (ch2 in csv)",Electrons 85V,3.0,,,125.0,/Users/rkfuentes/Documents/md_anderson_analysis/yepes_code/2025-10-14/scope-results-2025-10-14-1375.csv,6.518214870335095e-07,2.7818582480428238e-11,389,6,,,50,0.0,0.0
787,BNL,"12 (ch1 in csv), 16 (ch2 in csv)",Electrons 85V,3.0,,,125.0,/Users/rkfuentes/Documents/md_anderson_analysis/yepes_code/2025-10-14/scope-results-2025-10-14-1376.csv,6.332749265181712e-07,5.945301768904633e-12,390,22,,,50,0.0,0.0
788,BNL,"12 (ch1 in csv), 16 (ch2 in csv)",Electrons 85V,3.0,,,125.0,/Users/rkfuentes/Documents/md_anderson_analysis/yepes_code/2025-10-14/scope-results-2025-10-14-1377.csv,7.000275249205922e-07,3.4206940813589875e-11,392,26,,,50,0.0,0.0
789,BNL,"12 (ch1 in csv), 16 (ch2 in csv)",Electrons 85V,3.0,,,125.0,/Users/rkfuentes/Documents/md_anderson_analysis/yepes_code/2025-10-14/scope-results-2025-10-14-1378.csv,6.757884366231394e-07,3.350086300447941e-11,391,27,,,50,0.0,0.0
790,BNL,"12 (ch1 in csv), 16 (ch2 in csv)",Electrons 85V,3.0,,,125.0,/Users/rkfuentes/Documents/md_anderson_analysis/yepes_code/2025-10-14/scope-results-2025-10-14-1388.csv,3.7637071018348405e-11,3.617209772099947e-11,7,18,,,20,0.0,0.0
791,BNL,"12 (ch1 in csv), 16 (ch2 in csv)",Electrons 85V,3.0,,,125.0,/Users/rkfuentes/Documents/md_anderson_analysis/yepes_code/2025-10-14/scope-results-2025-10-14-1458.csv,1.854887648101567e-06,1.2397282226433125e-06,366,228,,,100,3.0,1.0
792,BNL,"12 (ch1 in csv), 16 (ch2 in csv)",Electrons 85V,3.0,,,125.0,/Users/rkfuentes/Documents/md_anderson_analysis/yepes_code/2025-10-14/scope-results-2025-10-14-1459.csv,1.9093576125136915e-06,1.987933762598401e-09,352,7,,,100,1.0,0.0
793,BNL,"12 (ch1 in csv), 16 (ch2 in csv)",Electrons 85V,3.0,,,125.0,/Users/rkfuentes/Documents/md_anderson_analysis/yepes_code/2025-10-14/scope-results-2025-10-14-1460.csv,1.8647292309474568e-06,7.317257815940691e-10,371,7,,,100,2.0,0.0
794,BNL,"12 (ch1 in csv), 16 (ch2 in csv)",Electrons 85V,3.0,,,125.0,/Users/rkfuentes/Documents/md_anderson_analysis/yepes_code/2025-10-14/scope-results-2025-10-14-1461.csv,1.8078888179310748e-06,1.1915992958327018e-06,380,202,,,100,1.0,1.0
795,BNL,"12 (ch1 in csv), 16 (ch2 in csv)",Electrons 85V,3.0,,,125.0,/Users/rkfuentes/Documents/md_anderson_analysis/yepes_code/2025-10-14/scope-results-2025-10-14-1462.csv,1.8402642717422724e-06,1.0627382718962386e-06,374,198,,,100,0.0,1.0
796,BNL,"12 (ch1 in csv), 16 (ch2 in csv)",Electrons 85V,3.0,,,125.0,/Users/rkfuentes/Documents/md_anderson_analysis/yepes_code/2025-10-14/scope-results-2025-10-14-1463.csv,1.767093175220134e-06,1.1035082217404493e-06,359,202,,,100,4.0,1.0
797,BNL,"12 (ch1 in csv), 16 (ch2 in csv)",Electrons 85V,3.0,,,125.0,/Users/rkfuentes/Documents/md_anderson_analysis/yepes_code/2025-10-14/scope-results-2025-10-14-1464.csv,1.6577096368671945e-06,1.558901655805417e-09,371,9,,,100,3.0,0.0
798,BNL,"12 (ch1 in csv), 16 (ch2 in csv)",Electrons 85V,3.0,,,125.0,/Users/rkfuentes/Documents/md_anderson_analysis/yepes_code/2025-10-14/scope-results-2025-10-14-1465.csv,1.7165107290787703e-06,4.387898597439372e-11,371,11,,,100,2.0,0.0
799,BNL,"12 (ch1 in csv), 16 (ch2 in csv)",Electrons 85V,3.0,,,125.0,/Users/rkfuentes/Documents/md_anderson_analysis/yepes_code/2025-10-14/scope-results-2025-10-14-1466.csv,5.943984814458928e-10,7.817888767930395e-11,8,6,,,100,0.0,0.0
800,BNL,"12 (ch1 in csv), 16 (ch2 in csv)",Electrons 85V,3.0,,,125.0,/Users/rkfuentes/Documents/md_anderson_analysis/yepes_code/2025-10-14/scope-results-2025-10-14-1467.csv,1.7357995973012173e-06,1.0914330916094962e-06,391,228,,,100,0.0,1.0
801,BNL,"12 (ch1 in csv), 16 (ch2 in csv)",Electrons 85V,3.0,,,125.0,/Users/rkfuentes/Documents/md_anderson_analysis/yepes_code/2025-10-14/scope-results-2025-10-14-1468.csv,3.949168582483829e-11,1.0139345723784922e-06,7,203,,,100,0.0,1.0
802,BNL,"12 (ch1 in csv), 16 (ch2 in csv)",Electrons 85V,3.0,,,125.0,/Users/rkfuentes/Documents/md_anderson_analysis/yepes_code/2025-10-14/scope-results-2025-10-14-1469.csv,7.6951826246593e-10,1.057045573743374e-06,11,214,,,100,0.0,1.0
803,BNL,"12 (ch1 in csv), 16 (ch2 in csv)",Electrons 85V,3.0,,,125.0,/Users/rkfuentes/Documents/md_anderson_analysis/yepes_code/2025-10-14/scope-results-2025-10-14-1470.csv,1.7653923391123902e-06,1.0937899335178332e-06,382,213,,,100,4.0,1.0
804,BNL,"12 (ch1 in csv), 16 (ch2 in csv)",Electrons 85V,3.0,,,125.0,/Users/rkfuentes/Documents/md_anderson_analysis/yepes_code/2025-10-14/scope-results-2025-10-14-1471.csv,1.7572384599467164e-06,7.204869632679141e-07,362,168,,,100,2.0,0.0
805,BNL,"12 (ch1 in csv), 16 (ch2 in csv)",Electrons 85V,3.0,,,125.0,/Users/rkfuentes/Documents/md_anderson_analysis/yepes_code/2025-10-14/scope-results-2025-10-14-1472.csv,1.7611331843549308e-06,1.6492453100645043e-10,360,6,,,100,1.0,0.0
806,BNL,"12 (ch1 in csv), 16 (ch2 in csv)",Electrons 85V,3.0,,,125.0,/Users/rkfuentes/Documents/md_anderson_analysis/yepes_code/2025-10-14/scope-results-2025-10-14-1473.csv,1.7147438770964155e-06,2.371762159420076e-09,393,6,,,100,0.0,0.0
807,BNL,"12 (ch1 in csv), 16 (ch2 in csv)",Electrons 85V,3.0,,,125.0,/Users/rkfuentes/Documents/md_anderson_analysis/yepes_code/2025-10-14/scope-results-2025-10-14-1474.csv,1.6818291693080415e-06,8.865960039115759e-07,389,184,,,100,3.0,1.0
808,BNL,"12 (ch1 in csv), 16 (ch2 in csv)",Electrons 85V,3.0,,,125.0,/Users/rkfuentes/Documents/md_anderson_analysis/yepes_code/2025-10-14/scope-results-2025-10-14-1475.csv,1.744913974944638e-09,1.1325268574559515e-09,13,6,,,100,0.0,0.0
809,BNL,"12 (ch1 in csv), 16 (ch2 in csv)",Electrons 85V,3.0,,,125.0,/Users/rkfuentes/Documents/md_anderson_analysis/yepes_code/2025-10-14/scope-results-2025-10-14-1476.csv,1.680550667442199e-06,1.123888298374514e-06,354,209,,,100,3.0,1.0
810,BNL,"12 (ch1 in csv), 16 (ch2 in csv)",Electrons 85V,3.0,,,125.0,/Users/rkfuentes/Documents/md_anderson_analysis/yepes_code/2025-10-14/scope-results-2025-10-14-1477.csv,1.7497316005062585e-06,1.0937075756826908e-06,371,201,,,100,2.0,1.0
811,BNL,"12 (ch1 in csv), 16 (ch2 in csv)",Electrons 85V,3.0,,,125.0,/Users/rkfuentes/Documents/md_anderson_analysis/yepes_code/2025-10-14/scope-results-2025-10-14-1478.csv,1.622431402780706e-06,1.1074103862063785e-06,382,215,,,100,1.0,1.0
812,BNL,"12 (ch1 in csv), 16 (ch2 in csv)",Electrons 85V,3.0,,,125.0,/Users/rkfuentes/Documents/md_anderson_analysis/yepes_code/2025-10-14/scope-results-2025-10-14-1479.csv,1.5810959168877623e-06,6.94503343446593e-10,362,7,,,100,1.0,0.0
813,BNL,"12 (ch1 in csv), 16 (ch2 in csv)",Electrons 85V,3.0,,,125.0,/Users/rkfuentes/Documents/md_anderson_analysis/yepes_code/2025-10-14/scope-results-2025-10-14-1480.csv,1.6823199894197363e-06,1.2992785562860878e-09,376,7,,,100,0.0,0.0
814,BNL,"12 (ch1 in csv), 16 (ch2 in csv)",Electrons 85V,3.0,,,150.0,/Users/rkfuentes/Documents/md_anderson_analysis/yepes_code/2025-10-14/scope-results-2025-10-14-1552.csv,1.0014960615430865e-06,4.8791787110511787e-11,380,13,,,100,1.0,0.0
815,BNL,"12 (ch1 in csv), 16 (ch2 in csv)",Electrons 85V,3.0,,,150.0,/Users/rkfuentes/Documents/md_anderson_analysis/yepes_code/2025-10-14/scope-results-2025-10-14-1553.csv,2.3078595555719006e-10,1.1959690295780395e-10,10,21,,,100,0.0,0.0
816,BNL,"12 (ch1 in csv), 16 (ch2 in csv)",Electrons 85V,3.0,,,150.0,/Users/rkfuentes/Documents/md_anderson_analysis/yepes_code/2025-10-14/scope-results-2025-10-14-1554.csv,1.231686756431131e-12,2.0672338235768454e-10,5,5,,,100,0.0,0.0
817,BNL,"12 (ch1 in csv), 16 (ch2 in csv)",Electrons 85V,3.0,,,150.0,/Users/rkfuentes/Documents/md_anderson_analysis/yepes_code/2025-10-14/scope-results-2025-10-14-1555.csv,1.9638712878285606e-09,1.7580601979442927e-09,11,8,,,100,0.0,0.0
818,BNL,"12 (ch1 in csv), 16 (ch2 in csv)",Electrons 85V,3.0,,,150.0,/Users/rkfuentes/Documents/md_anderson_analysis/yepes_code/2025-10-14/scope-results-2025-10-14-1556.csv,7.926152927735303e-11,1.8803783315238467e-10,10,14,,,100,0.0,0.0
819,BNL,"12 (ch1 in csv), 16 (ch2 in csv)",Electrons 85V,3.0,,,150.0,/Users/rkfuentes/Documents/md_anderson_analysis/yepes_code/2025-10-14/scope-results-2025-10-14-1557.csv,9.203501928553808e-07,2.4358970890461275e-09,345,9,,,100,0.0,0.0
820,BNL,"12 (ch1 in csv), 16 (ch2 in csv)",Electrons 85V,3.0,,,150.0,/Users/rkfuentes/Documents/md_anderson_analysis/yepes_code/2025-10-14/scope-results-2025-10-14-1558.csv,9.496108163937516e-07,7.118764910368026e-11,356,22,,,100,0.0,0.0
821,BNL,"12 (ch1 in csv), 16 (ch2 in csv)",Electrons 85V,3.0,,,150.0,/Users/rkfuentes/Documents/md_anderson_analysis/yepes_code/2025-10-14/scope-results-2025-10-14-1559.csv,9.18707452927615e-07,2.1810731071816792e-11,376,13,,,100,0.0,0.0
822,BNL,"12 (ch1 in csv), 16 (ch2 in csv)",Electrons 85V,3.0,,,150.0,/Users/rkfuentes/Documents/md_anderson_analysis/yepes_code/2025-10-14/scope-results-2025-10-14-1560.csv,2.8287816409659148e-12,7.888341117492628e-07,17,265,,,100,0.0,0.0
823,BNL,"12 (ch1 in csv), 16 (ch2 in csv)",Electrons 85V,3.0,,,150.0,/Users/rkfuentes/Documents/md_anderson_analysis/yepes_code/2025-10-14/scope-results-2025-10-14-1561.csv,1.0352180434448572e-06,4.5660567176554747e-11,364,18,,,100,0.0,0.0
824,BNL,"12 (ch1 in csv), 16 (ch2 in csv)",Electrons 85V,3.0,,,150.0,/Users/rkfuentes/Documents/md_anderson_analysis/yepes_code/2025-10-14/scope-results-2025-10-14-1562.csv,9.78387142625669e-10,6.854020430037097e-12,11,12,,,100,0.0,0.0
825,BNL,"12 (ch1 in csv), 16 (ch2 in csv)",Electrons 85V,3.0,,,150.0,/Users/rkfuentes/Documents/md_anderson_analysis/yepes_code/2025-10-14/scope-results-2025-10-14-1563.csv,9.359990234365448e-07,8.069156460594552e-07,398,246,,,100,1.0,0.0
826,BNL,"12 (ch1 in csv), 16 (ch2 in csv)",Electrons 85V,3.0,,,150.0,/Users/rkfuentes/Documents/md_anderson_analysis/yepes_code/2025-10-14/scope-results-2025-10-14-1564.csv,9.306545657852767e-10,3.7409134547747674e-11,14,17,,,100,0.0,0.0
827,BNL,"12 (ch1 in csv), 16 (ch2 in csv)",Electrons 85V,3.0,,,150.0,/Users/rkfuentes/Documents/md_anderson_analysis/yepes_code/2025-10-14/scope-results-2025-10-14-1565.csv,9.91111893025604e-10,3.141641227134771e-11,15,22,,,100,0.0,0.0
828,BNL,"12 (ch1 in csv), 16 (ch2 in csv)",Electrons 85V,3.0,,,150.0,/Users/rkfuentes/Documents/md_anderson_analysis/yepes_code/2025-10-14/scope-results-2025-10-14-1566.csv,3.6154781494954865e-10,7.841627268110788e-12,10,11,,,100,0.0,0.0
829,BNL,"12 (ch1 in csv), 16 (ch2 in csv)",Electrons 85V,3.0,,,150.0,/Users/rkfuentes/Documents/md_anderson_analysis/yepes_code/2025-10-14/scope-results-2025-10-14-1567.csv,1.0124468875770548e-09,2.4425728581554024e-11,7,24,,,100,0.0,0.0
830,BNL,"12 (ch1 in csv), 16 (ch2 in csv)",Electrons 85V,3.0,,,150.0,/Users/rkfuentes/Documents/md_anderson_analysis/yepes_code/2025-10-14/scope-results-2025-10-14-1568.csv,9.348496468931944e-07,7.252141526419848e-07,365,239,,,100,0.0,0.0
831,BNL,"12 (ch1 in csv), 16 (ch2 in csv)",Electrons 85V,3.0,,,150.0,/Users/rkfuentes/Documents/md_anderson_analysis/yepes_code/2025-10-14/scope-results-2025-10-14-1569.csv,4.100583176316821e-07,6.085959775601758e-12,301,14,,,100,0.0,0.0
832,BNL,"12 (ch1 in csv), 16 (ch2 in csv)",Electrons 85V,3.0,,,150.0,/Users/rkfuentes/Documents/md_anderson_analysis/yepes_code/2025-10-14/scope-results-2025-10-14-1570.csv,8.744433762147789e-07,1.2854509399909475e-09,354,7,,,100,1.0,0.0
833,BNL,"12 (ch1 in csv), 16 (ch2 in csv)",Electrons 85V,3.0,,,150.0,/Users/rkfuentes/Documents/md_anderson_analysis/yepes_code/2025-10-14/scope-results-2025-10-14-1571.csv,9.039433370424956e-07,4.478230492728237e-12,380,11,,,100,0.0,0.0
834,BNL,"12 (ch1 in csv), 16 (ch2 in csv)",Electrons 85V,3.0,,,150.0,/Users/rkfuentes/Documents/md_anderson_analysis/yepes_code/2025-10-14/scope-results-2025-10-14-1572.csv,8.69824238888594e-07,9.71825580254105e-12,384,11,,,100,0.0,0.0
835,BNL,"12 (ch1 in csv), 16 (ch2 in csv)",Electrons 85V,3.0,,,150.0,/Users/rkfuentes/Documents/md_anderson_analysis/yepes_code/2025-10-14/scope-results-2025-10-14-1573.csv,6.557941614057812e-12,7.225038678847511e-10,17,7,,,100,0.0,0.0
836,BNL,"12 (ch1 in csv), 16 (ch2 in csv)",Electrons 85V,3.0,,,150.0,/Users/rkfuentes/Documents/md_anderson_analysis/yepes_code/2025-10-14/scope-results-2025-10-14-1574.csv,8.193272243513747e-07,4.140853030120574e-07,348,178,,,100,1.0,0.0
837,BNL,"12 (ch1 in csv), 16 (ch2 in csv)",Electrons 85V,3.0,,,150.0,/Users/rkfuentes/Documents/md_anderson_analysis/yepes_code/2025-10-14/scope-results-2025-10-14-1575.csv,9.926833651296538e-07,3.808501956217282e-11,349,29,,,100,0.0,0.0
838,BNL,"12 (ch1 in csv), 16 (ch2 in csv)",Electrons 85V,3.0,,,150.0,/Users/rkfuentes/Documents/md_anderson_analysis/yepes_code/2025-10-14/scope-results-2025-10-14-1641.csv,3.083432192502009e-07,1.5229051668352618e-10,367,23,,,50,0.0,0.0
839,BNL,"12 (ch1 in csv), 16 (ch2 in csv)",Electrons 85V,3.0,,,150.0,/Users/rkfuentes/Documents/md_anderson_analysis/yepes_code/2025-10-14/scope-results-2025-10-14-1642.csv,3.1559110306331e-07,6.756093805977116e-11,364,15,,,50,0.0,0.0
840,BNL,"12 (ch1 in csv), 16 (ch2 in csv)",Electrons 85V,3.0,,,150.0,/Users/rkfuentes/Documents/md_anderson_analysis/yepes_code/2025-10-14/scope-results-2025-10-14-1643.csv,3.119286828250671e-07,5.4098918912894375e-11,378,22,,,50,0.0,0.0
841,BNL,"12 (ch1 in csv), 16 (ch2 in csv)",Electrons 85V,3.0,,,150.0,/Users/rkfuentes/Documents/md_anderson_analysis/yepes_code/2025-10-14/scope-results-2025-10-14-1644.csv,3.187721972455865e-07,1.6708179350677087e-11,380,16,,,50,0.0,0.0
842,BNL,"12 (ch1 in csv), 16 (ch2 in csv)",Electrons 85V,3.0,,,150.0,/Users/rkfuentes/Documents/md_anderson_analysis/yepes_code/2025-10-14/scope-results-2025-10-14-1645.csv,2.7007717588626838e-11,2.5628956838819478e-11,5,23,,,50,0.0,0.0
843,BNL,"12 (ch1 in csv), 16 (ch2 in csv)",Electrons 85V,3.0,,,150.0,/Users/rkfuentes/Documents/md_anderson_analysis/yepes_code/2025-10-14/scope-results-2025-10-14-1646.csv,2.5386408886588488e-11,2.0183929029733414e-10,11,19,,,50,0.0,0.0
844,BNL,"12 (ch1 in csv), 16 (ch2 in csv)",Electrons 85V,3.0,,,150.0,/Users/rkfuentes/Documents/md_anderson_analysis/yepes_code/2025-10-14/scope-results-2025-10-14-1647.csv,2.52027747000399e-07,3.1307423790492075e-11,364,15,,,50,0.0,0.0
845,BNL,"12 (ch1 in csv), 16 (ch2 in csv)",Electrons 85V,3.0,,,150.0,/Users/rkfuentes/Documents/md_anderson_analysis/yepes_code/2025-10-14/scope-results-2025-10-14-1648.csv,6.161445988338132e-11,9.431092409827271e-12,13,22,,,50,0.0,0.0
846,BNL,"12 (ch1 in csv), 16 (ch2 in csv)",Electrons 85V,3.0,,,150.0,/Users/rkfuentes/Documents/md_anderson_analysis/yepes_code/2025-10-14/scope-results-2025-10-14-1649.csv,3.225897397753776e-07,7.794672174259002e-11,346,28,,,50,0.0,0.0
847,BNL,"12 (ch1 in csv), 16 (ch2 in csv)",Electrons 85V,3.0,,,150.0,/Users/rkfuentes/Documents/md_anderson_analysis/yepes_code/2025-10-14/scope-results-2025-10-14-1650.csv,3.0109784895136655e-10,1.7754157884060434e-10,17,24,,,50,0.0,0.0
848,BNL,"12 (ch1 in csv), 16 (ch2 in csv)",Electrons 85V,3.0,,,150.0,/Users/rkfuentes/Documents/md_anderson_analysis/yepes_code/2025-10-14/scope-results-2025-10-14-1651.csv,2.988144725024656e-07,1.1609918835334439e-11,361,19,,,50,0.0,0.0
849,BNL,"12 (ch1 in csv), 16 (ch2 in csv)",Electrons 85V,3.0,,,150.0,/Users/rkfuentes/Documents/md_anderson_analysis/yepes_code/2025-10-14/scope-results-2025-10-14-1652.csv,1.6872117356608435e-11,6.991675429907673e-11,5,26,,,50,0.0,0.0
850,BNL,"12 (ch1 in csv), 16 (ch2 in csv)",Electrons 85V,3.0,,,150.0,/Users/rkfuentes/Documents/md_anderson_analysis/yepes_code/2025-10-14/scope-results-2025-10-14-1653.csv,5.7149949085785054e-11,3.251666477882239e-11,9,26,,,50,0.0,0.0
851,BNL,"12 (ch1 in csv), 16 (ch2 in csv)",Electrons 85V,3.0,,,150.0,/Users/rkfuentes/Documents/md_anderson_analysis/yepes_code/2025-10-14/scope-results-2025-10-14-1654.csv,2.976694863930423e-07,3.9929182026810505e-11,396,23,,,50,0.0,0.0
852,BNL,"12 (ch1 in csv), 16 (ch2 in csv)",Electrons 85V,3.0,,,150.0,/Users/rkfuentes/Documents/md_anderson_analysis/yepes_code/2025-10-14/scope-results-2025-10-14-1655.csv,8.35195830426409e-10,6.372822308821262e-11,17,25,,,50,0.0,0.0
853,BNL,"12 (ch1 in csv), 16 (ch2 in csv)",Electrons 85V,3.0,,,150.0,/Users/rkfuentes/Documents/md_anderson_analysis/yepes_code/2025-10-14/scope-results-2025-10-14-1656.csv,2.828854726682361e-07,4.5149217768567946e-11,382,25,,,50,0.0,0.0
854,BNL,"12 (ch1 in csv), 16 (ch2 in csv)",Electrons 85V,3.0,,,150.0,/Users/rkfuentes/Documents/md_anderson_analysis/yepes_code/2025-10-14/scope-results-2025-10-14-1657.csv,2.426504915417092e-11,1.6489412292103646e-11,14,25,,,50,0.0,0.0
855,BNL,"12 (ch1 in csv), 16 (ch2 in csv)",Electrons 85V,3.0,,,150.0,/Users/rkfuentes/Documents/md_anderson_analysis/yepes_code/2025-10-14/scope-results-2025-10-14-1658.csv,6.946991450689377e-11,5.400517250604685e-11,16,16,,,50,0.0,0.0
856,BNL,"12 (ch1 in csv), 16 (ch2 in csv)",Electrons 85V,3.0,,,150.0,/Users/rkfuentes/Documents/md_anderson_analysis/yepes_code/2025-10-14/scope-results-2025-10-14-1659.csv,1.5361189991597668e-07,7.0826971993742e-11,243,16,,,50,0.0,0.0
857,BNL,"12 (ch1 in csv), 16 (ch2 in csv)",Electrons 85V,3.0,,,150.0,/Users/rkfuentes/Documents/md_anderson_analysis/yepes_code/2025-10-14/scope-results-2025-10-14-1660.csv,3.0868584289776053e-07,2.7858087206450948e-11,377,19,,,50,0.0,0.0
858,BNL,"12 (ch1 in csv), 16 (ch2 in csv)",Electrons 85V,3.0,,,150.0,/Users/rkfuentes/Documents/md_anderson_analysis/yepes_code/2025-10-14/scope-results-2025-10-14-1661.csv,3.752486684814466e-11,2.035495223681061e-11,10,26,,,50,0.0,0.0
859,BNL,"12 (ch1 in csv), 16 (ch2 in csv)",Electrons 85V,3.0,,,150.0,/Users/rkfuentes/Documents/md_anderson_analysis/yepes_code/2025-10-14/scope-results-2025-10-14-1662.csv,2.8745542958590184e-07,9.854345980793516e-11,363,26,,,50,0.0,0.0
860,BNL,"12 (ch1 in csv), 16 (ch2 in csv)",Electrons 85V,3.0,,,150.0,/Users/rkfuentes/Documents/md_anderson_analysis/yepes_code/2025-10-14/scope-results-2025-10-14-1663.csv,4.971752603088434e-10,3.845132880684055e-11,9,21,,,50,0.0,0.0
861,BNL,"12 (ch1 in csv), 16 (ch2 in csv)",Electrons 85V,3.0,,,150.0,/Users/rkfuentes/Documents/md_anderson_analysis/yepes_code/2025-10-14/scope-results-2025-10-14-1664.csv,2.190386601396595e-11,3.974528293391758e-11,6,33,,,50,0.0,0.0
862,BNL,"12 (ch1 in csv), 16 (ch2 in csv)",Electrons 85V,3.0,,,175.0,/Users/rkfuentes/Documents/md_anderson_analysis/yepes_code/2025-10-14/scope-results-2025-10-14-1714.csv,2.78638407465792e-09,7.340151736127078e-07,16,303,,,100,0.0,0.0
863,BNL,"12 (ch1 in csv), 16 (ch2 in csv)",Electrons 85V,3.0,,,175.0,/Users/rkfuentes/Documents/md_anderson_analysis/yepes_code/2025-10-14/scope-results-2025-10-14-1715.csv,6.021209826293474e-07,1.87336822505387e-09,375,7,,,100,0.0,0.0
864,BNL,"12 (ch1 in csv), 16 (ch2 in csv)",Electrons 85V,3.0,,,175.0,/Users/rkfuentes/Documents/md_anderson_analysis/yepes_code/2025-10-14/scope-results-2025-10-14-1716.csv,8.6408877299217e-10,8.332333542834539e-07,10,318,,,100,0.0,0.0
865,BNL,"12 (ch1 in csv), 16 (ch2 in csv)",Electrons 85V,3.0,,,175.0,/Users/rkfuentes/Documents/md_anderson_analysis/yepes_code/2025-10-14/scope-results-2025-10-14-1717.csv,2.730377624468324e-10,6.103249913769564e-07,16,296,,,100,0.0,1.0
866,BNL,"12 (ch1 in csv), 16 (ch2 in csv)",Electrons 85V,3.0,,,175.0,/Users/rkfuentes/Documents/md_anderson_analysis/yepes_code/2025-10-14/scope-results-2025-10-14-1718.csv,9.712657641518892e-10,2.0444311303809167e-09,11,11,,,100,0.0,0.0
867,BNL,"12 (ch1 in csv), 16 (ch2 in csv)",Electrons 85V,3.0,,,175.0,/Users/rkfuentes/Documents/md_anderson_analysis/yepes_code/2025-10-14/scope-results-2025-10-14-1719.csv,6.929794844792558e-07,7.409822262843183e-07,361,323,,,100,0.0,0.0
868,BNL,"12 (ch1 in csv), 16 (ch2 in csv)",Electrons 85V,3.0,,,175.0,/Users/rkfuentes/Documents/md_anderson_analysis/yepes_code/2025-10-14/scope-results-2025-10-14-1720.csv,1.1576430107448732e-10,6.694085930705323e-11,13,21,,,100,0.0,0.0
869,BNL,"12 (ch1 in csv), 16 (ch2 in csv)",Electrons 85V,3.0,,,175.0,/Users/rkfuentes/Documents/md_anderson_analysis/yepes_code/2025-10-14/scope-results-2025-10-14-1721.csv,7.772663252373621e-07,3.688220598220972e-07,355,276,,,100,0.0,0.0
870,BNL,"12 (ch1 in csv), 16 (ch2 in csv)",Electrons 85V,3.0,,,175.0,/Users/rkfuentes/Documents/md_anderson_analysis/yepes_code/2025-10-14/scope-results-2025-10-14-1722.csv,6.962849391023089e-07,1.8679107391065072e-09,367,9,,,100,1.0,0.0
871,BNL,"12 (ch1 in csv), 16 (ch2 in csv)",Electrons 85V,3.0,,,175.0,/Users/rkfuentes/Documents/md_anderson_analysis/yepes_code/2025-10-14/scope-results-2025-10-14-1723.csv,6.469506366429833e-10,2.110496564305846e-09,15,7,,,100,0.0,0.0
872,BNL,"12 (ch1 in csv), 16 (ch2 in csv)",Electrons 85V,3.0,,,175.0,/Users/rkfuentes/Documents/md_anderson_analysis/yepes_code/2025-10-14/scope-results-2025-10-14-1724.csv,6.764789058374001e-07,8.619777727238475e-07,383,327,,,100,0.0,0.0
873,BNL,"12 (ch1 in csv), 16 (ch2 in csv)",Electrons 85V,3.0,,,175.0,/Users/rkfuentes/Documents/md_anderson_analysis/yepes_code/2025-10-14/scope-results-2025-10-14-1725.csv,6.853526754011385e-10,8.320993162827924e-10,10,8,,,100,0.0,0.0
874,BNL,"12 (ch1 in csv), 16 (ch2 in csv)",Electrons 85V,3.0,,,175.0,/Users/rkfuentes/Documents/md_anderson_analysis/yepes_code/2025-10-14/scope-results-2025-10-14-1726.csv,7.463753160487664e-07,7.009814171675721e-11,387,15,,,100,0.0,0.0
875,BNL,"12 (ch1 in csv), 16 (ch2 in csv)",Electrons 85V,3.0,,,175.0,/Users/rkfuentes/Documents/md_anderson_analysis/yepes_code/2025-10-14/scope-results-2025-10-14-1767.csv,9.21416963823307e-12,5.5634746489426385e-11,5,15,,,50,0.0,0.0
876,BNL,"12 (ch1 in csv), 16 (ch2 in csv)",Electrons 85V,3.0,,,175.0,/Users/rkfuentes/Documents/md_anderson_analysis/yepes_code/2025-10-14/scope-results-2025-10-14-1768.csv,2.546629947239233e-07,9.331979490008746e-10,352,6,,,50,0.0,0.0
877,BNL,"12 (ch1 in csv), 16 (ch2 in csv)",Electrons 85V,3.0,,,175.0,/Users/rkfuentes/Documents/md_anderson_analysis/yepes_code/2025-10-14/scope-results-2025-10-14-1769.csv,7.060105031714782e-10,2.458502924472927e-11,10,18,,,50,0.0,0.0
878,BNL,"12 (ch1 in csv), 16 (ch2 in csv)",Electrons 85V,3.0,,,175.0,/Users/rkfuentes/Documents/md_anderson_analysis/yepes_code/2025-10-14/scope-results-2025-10-14-1770.csv,3.3914139964047436e-11,3.390557345065218e-11,14,20,,,50,0.0,0.0
879,BNL,"12 (ch1 in csv), 16 (ch2 in csv)",Electrons 85V,3.0,,,175.0,/Users/rkfuentes/Documents/md_anderson_analysis/yepes_code/2025-10-14/scope-results-2025-10-14-1771.csv,2.438489944945776e-07,5.845651394132362e-09,353,12,,,50,0.0,0.0
880,BNL,"12 (ch1 in csv), 16 (ch2 in csv)",Electrons 85V,3.0,,,175.0,/Users/rkfuentes/Documents/md_anderson_analysis/yepes_code/2025-10-14/scope-results-2025-10-14-1772.csv,6.41628953938759e-10,1.6911016637036926e-07,11,194,,,50,0.0,0.0
881,BNL,"12 (ch1 in csv), 16 (ch2 in csv)",Electrons 85V,3.0,,,175.0,/Users/rkfuentes/Documents/md_anderson_analysis/yepes_code/2025-10-14/scope-results-2025-10-14-1773.csv,2.0202387089444677e-07,1.5121000426505128e-10,355,28,,,50,0.0,0.0
882,BNL,"12 (ch1 in csv), 16 (ch2 in csv)",Electrons 85V,3.0,,,175.0,/Users/rkfuentes/Documents/md_anderson_analysis/yepes_code/2025-10-14/scope-results-2025-10-14-1774.csv,3.5036045410825487e-10,3.5042526597522193e-13,8,13,,,50,0.0,0.0
883,BNL,"12 (ch1 in csv), 16 (ch2 in csv)",Electrons 85V,3.0,,,175.0,/Users/rkfuentes/Documents/md_anderson_analysis/yepes_code/2025-10-14/scope-results-2025-10-14-1775.csv,9.67266817543009e-10,3.826866967832969e-07,13,286,,,50,0.0,0.0
884,BNL,"12 (ch1 in csv), 16 (ch2 in csv)",Electrons 85V,3.0,,,175.0,/Users/rkfuentes/Documents/md_anderson_analysis/yepes_code/2025-10-14/scope-results-2025-10-14-1776.csv,3.3258244898373454e-11,3.39346635101853e-12,11,18,,,50,0.0,0.0
885,BNL,"12 (ch1 in csv), 16 (ch2 in csv)",Electrons 85V,3.0,,,175.0,/Users/rkfuentes/Documents/md_anderson_analysis/yepes_code/2025-10-14/scope-results-2025-10-14-1777.csv,5.602701715475975e-12,8.144702911170756e-11,1,19,,,50,0.0,0.0
886,BNL,"12 (ch1 in csv), 16 (ch2 in csv)",Electrons 85V,3.0,,,175.0,/Users/rkfuentes/Documents/md_anderson_analysis/yepes_code/2025-10-14/scope-results-2025-10-14-1778.csv,1.7002212308130442e-07,2.741283285046796e-09,321,8,,,50,0.0,0.0
887,BNL,"12 (ch1 in csv), 16 (ch2 in csv)",Electrons 85V,3.0,,,175.0,/Users/rkfuentes/Documents/md_anderson_analysis/yepes_code/2025-10-14/scope-results-2025-10-14-1779.csv,1.906871250111506e-07,5.159389215499924e-11,331,18,,,50,0.0,0.0
888,BNL,"12 (ch1 in csv), 16 (ch2 in csv)",Electrons 85V,3.0,,,175.0,/Users/rkfuentes/Documents/md_anderson_analysis/yepes_code/2025-10-14/scope-results-2025-10-14-1780.csv,4.428179048903153e-12,7.270156748007605e-12,10,6,,,50,0.0,0.0
889,BNL,"12 (ch1 in csv), 16 (ch2 in csv)",Electrons 85V,3.0,,,200.0,/Users/rkfuentes/Documents/md_anderson_analysis/yepes_code/2025-10-14/scope-results-2025-10-14-1821.csv,5.215238979424738e-07,2.9755743820248245e-11,380,19,,,100,0.0,0.0
890,BNL,"12 (ch1 in csv), 16 (ch2 in csv)",Electrons 85V,3.0,,,200.0,/Users/rkfuentes/Documents/md_anderson_analysis/yepes_code/2025-10-14/scope-results-2025-10-14-1822.csv,2.0749346613754175e-10,7.453197048284281e-11,12,26,,,100,0.0,0.0
891,BNL,"12 (ch1 in csv), 16 (ch2 in csv)",Electrons 85V,3.0,,,200.0,/Users/rkfuentes/Documents/md_anderson_analysis/yepes_code/2025-10-14/scope-results-2025-10-14-1823.csv,7.200721386826374e-10,6.74070578069892e-12,13,22,,,100,0.0,0.0
892,BNL,"12 (ch1 in csv), 16 (ch2 in csv)",Electrons 85V,3.0,,,200.0,/Users/rkfuentes/Documents/md_anderson_analysis/yepes_code/2025-10-14/scope-results-2025-10-14-1824.csv,8.2242771374737e-09,1.4217641073778429e-11,25,14,,,100,0.0,0.0
893,BNL,"12 (ch1 in csv), 16 (ch2 in csv)",Electrons 85V,3.0,,,200.0,/Users/rkfuentes/Documents/md_anderson_analysis/yepes_code/2025-10-14/scope-results-2025-10-14-1825.csv,6.962439681213565e-10,9.090648960010348e-11,18,20,,,100,0.0,0.0
894,BNL,"12 (ch1 in csv), 16 (ch2 in csv)",Electrons 85V,3.0,,,200.0,/Users/rkfuentes/Documents/md_anderson_analysis/yepes_code/2025-10-14/scope-results-2025-10-14-1826.csv,5.471800152721408e-10,6.171673473088178e-11,18,26,,,100,0.0,0.0
895,BNL,"12 (ch1 in csv), 16 (ch2 in csv)",Electrons 85V,3.0,,,200.0,/Users/rkfuentes/Documents/md_anderson_analysis/yepes_code/2025-10-14/scope-results-2025-10-14-1827.csv,4.947796604231567e-07,5.462033981765308e-11,406,21,,,100,0.0,0.0
896,BNL,"12 (ch1 in csv), 16 (ch2 in csv)",Electrons 85V,3.0,,,200.0,/Users/rkfuentes/Documents/md_anderson_analysis/yepes_code/2025-10-14/scope-results-2025-10-14-1828.csv,4.573622015283157e-11,1.6591713373585848e-10,13,20,,,100,0.0,0.0
897,BNL,"12 (ch1 in csv), 16 (ch2 in csv)",Electrons 85V,3.0,,,200.0,/Users/rkfuentes/Documents/md_anderson_analysis/yepes_code/2025-10-14/scope-results-2025-10-14-1829.csv,8.095989718293802e-10,3.1242995050006813e-11,15,19,,,100,0.0,0.0
898,BNL,"12 (ch1 in csv), 16 (ch2 in csv)",Electrons 85V,3.0,,,200.0,/Users/rkfuentes/Documents/md_anderson_analysis/yepes_code/2025-10-14/scope-results-2025-10-14-1830.csv,4.953856248090853e-07,3.6554447015998746e-11,382,20,,,100,0.0,0.0
899,BNL,"12 (ch1 in csv), 16 (ch2 in csv)",Electrons 85V,3.0,,,200.0,/Users/rkfuentes/Documents/md_anderson_analysis/yepes_code/2025-10-14/scope-results-2025-10-14-1831.csv,4.973819934730052e-07,7.071993243780866e-11,396,18,,,100,0.0,0.0
900,BNL,"12 (ch1 in csv), 16 (ch2 in csv)",Electrons 85V,3.0,,,200.0,/Users/rkfuentes/Documents/md_anderson_analysis/yepes_code/2025-10-14/scope-results-2025-10-14-1832.csv,1.0706540332359485e-07,1.8315312435116855e-10,212,18,,,100,0.0,0.0
901,BNL,"12 (ch1 in csv), 16 (ch2 in csv)",Electrons 85V,3.0,,,200.0,/Users/rkfuentes/Documents/md_anderson_analysis/yepes_code/2025-10-14/scope-results-2025-10-14-1833.csv,4.768637586419765e-07,1.2680072605401032e-11,394,22,,,100,0.0,0.0
902,BNL,"12 (ch1 in csv), 16 (ch2 in csv)",Electrons 85V,3.0,,,200.0,/Users/rkfuentes/Documents/md_anderson_analysis/yepes_code/2025-10-14/scope-results-2025-10-14-1874.csv,1.5886027735079887e-11,3.7193230863869814e-10,7,21,,,50,0.0,0.0
903,BNL,"12 (ch1 in csv), 16 (ch2 in csv)",Electrons 85V,3.0,,,200.0,/Users/rkfuentes/Documents/md_anderson_analysis/yepes_code/2025-10-14/scope-results-2025-10-14-1875.csv,2.742253355485481e-13,3.878429637233869e-10,12,20,,,50,0.0,0.0
904,BNL,"12 (ch1 in csv), 16 (ch2 in csv)",Electrons 85V,3.0,,,200.0,/Users/rkfuentes/Documents/md_anderson_analysis/yepes_code/2025-10-14/scope-results-2025-10-14-1876.csv,1.1631128507955718e-11,2.6076987580839303e-11,4,20,,,50,0.0,0.0
905,BNL,"12 (ch1 in csv), 16 (ch2 in csv)",Electrons 85V,3.0,,,200.0,/Users/rkfuentes/Documents/md_anderson_analysis/yepes_code/2025-10-14/scope-results-2025-10-14-1877.csv,5.629827723869516e-10,5.921560952086597e-11,11,18,,,50,0.0,0.0
906,BNL,"12 (ch1 in csv), 16 (ch2 in csv)",Electrons 85V,3.0,,,200.0,/Users/rkfuentes/Documents/md_anderson_analysis/yepes_code/2025-10-14/scope-results-2025-10-14-1878.csv,2.6931884226571605e-10,1.8679967340716503e-10,9,29,,,50,0.0,0.0
907,BNL,"12 (ch1 in csv), 16 (ch2 in csv)",Electrons 85V,3.0,,,200.0,/Users/rkfuentes/Documents/md_anderson_analysis/yepes_code/2025-10-14/scope-results-2025-10-14-1879.csv,2.9950744447223684e-11,5.5102391368877116e-11,7,25,,,50,0.0,0.0
908,BNL,"12 (ch1 in csv), 16 (ch2 in csv)",Electrons 85V,3.0,,,200.0,/Users/rkfuentes/Documents/md_anderson_analysis/yepes_code/2025-10-14/scope-results-2025-10-14-1880.csv,1.1654065386336463e-11,5.716300744571727e-11,6,16,,,50,0.0,0.0
909,BNL,"12 (ch1 in csv), 16 (ch2 in csv)",Electrons 85V,3.0,,,200.0,/Users/rkfuentes/Documents/md_anderson_analysis/yepes_code/2025-10-14/scope-results-2025-10-14-1881.csv,3.1032027573777393e-12,2.9198634727173946e-11,19,13,,,50,0.0,0.0
910,BNL,"12 (ch1 in csv), 16 (ch2 in csv)",Electrons 85V,3.0,,,200.0,/Users/rkfuentes/Documents/md_anderson_analysis/yepes_code/2025-10-14/scope-results-2025-10-14-1882.csv,6.945954272728902e-10,1.6488464180298718e-11,12,24,,,50,0.0,0.0
911,BNL,"12 (ch1 in csv), 16 (ch2 in csv)",Electrons 85V,3.0,,,200.0,/Users/rkfuentes/Documents/md_anderson_analysis/yepes_code/2025-10-14/scope-results-2025-10-14-1883.csv,1.233189602455994e-09,1.8014557611537675e-10,13,19,,,50,0.0,0.0
912,BNL,"12 (ch1 in csv), 16 (ch2 in csv)",Electrons 85V,3.0,,,200.0,/Users/rkfuentes/Documents/md_anderson_analysis/yepes_code/2025-10-14/scope-results-2025-10-14-1884.csv,1.3354136423423064e-07,1.760793434097831e-11,305,10,,,50,0.0,0.0
913,BNL,"12 (ch1 in csv), 16 (ch2 in csv)",Electrons 85V,3.0,,,200.0,/Users/rkfuentes/Documents/md_anderson_analysis/yepes_code/2025-10-14/scope-results-2025-10-14-1885.csv,1.3453031298595018e-07,5.8162407274014567e-11,355,21,,,50,0.0,0.0
914,BNL,"12 (ch1 in csv), 16 (ch2 in csv)",Electrons 85V,3.0,,,200.0,/Users/rkfuentes/Documents/md_anderson_analysis/yepes_code/2025-10-14/scope-results-2025-10-14-1886.csv,2.2607237069884275e-12,1.5163287173652062e-10,7,21,,,50,0.0,0.0
915,BNL,"12 (ch1 in csv), 16 (ch2 in csv)",Electrons 85V,3.0,,,200.0,/Users/rkfuentes/Documents/md_anderson_analysis/yepes_code/2025-10-14/scope-results-2025-10-14-1887.csv,1.5231111629618576e-11,1.5000157222518028e-10,9,21,,,50,0.0,0.0
916,BNL,"12 (ch1 in csv), 16 (ch2 in csv)",Electrons 85V,3.0,,,227.5,/Users/rkfuentes/Documents/md_anderson_analysis/yepes_code/2025-10-14/scope-results-2025-10-14-1930.csv,1.6307269820731163e-11,4.007732603296481e-09,4,7,,,50,0.0,0.0
917,BNL,"12 (ch1 in csv), 16 (ch2 in csv)",Electrons 85V,3.0,,,227.5,/Users/rkfuentes/Documents/md_anderson_analysis/yepes_code/2025-10-14/scope-results-2025-10-14-1931.csv,2.0910917897980476e-11,4.662903586690195e-10,5,17,,,50,0.0,0.0
918,BNL,"12 (ch1 in csv), 16 (ch2 in csv)",Electrons 85V,3.0,,,227.5,/Users/rkfuentes/Documents/md_anderson_analysis/yepes_code/2025-10-14/scope-results-2025-10-14-1932.csv,6.445292066601195e-10,2.649098633897536e-09,14,6,,,50,0.0,0.0
919,BNL,"12 (ch1 in csv), 16 (ch2 in csv)",Electrons 85V,3.0,,,227.5,/Users/rkfuentes/Documents/md_anderson_analysis/yepes_code/2025-10-14/scope-results-2025-10-14-1933.csv,5.784180622757259e-07,1.518944108492477e-07,722,181,,,50,0.0,0.0
920,BNL,"12 (ch1 in csv), 16 (ch2 in csv)",Electrons 85V,3.0,,,227.5,/Users/rkfuentes/Documents/md_anderson_analysis/yepes_code/2025-10-14/scope-results-2025-10-14-1934.csv,9.870468138922648e-11,1.634772251818957e-07,17,225,,,50,0.0,0.0
921,BNL,"12 (ch1 in csv), 16 (ch2 in csv)",Electrons 85V,3.0,,,227.5,/Users/rkfuentes/Documents/md_anderson_analysis/yepes_code/2025-10-14/scope-results-2025-10-14-1935.csv,4.3724764676510894e-11,1.4340424167220024e-07,10,236,,,50,0.0,0.0
922,BNL,"12 (ch1 in csv), 16 (ch2 in csv)",Electrons 85V,3.0,,,227.5,/Users/rkfuentes/Documents/md_anderson_analysis/yepes_code/2025-10-14/scope-results-2025-10-14-1936.csv,2.7358360396135845e-10,3.9029958791035563e-07,12,325,,,50,0.0,0.0
923,BNL,"12 (ch1 in csv), 16 (ch2 in csv)",Electrons 85V,3.0,,,227.5,/Users/rkfuentes/Documents/md_anderson_analysis/yepes_code/2025-10-14/scope-results-2025-10-14-1937.csv,5.029526531740574e-07,1.9918560900594358e-09,703,6,,,50,0.0,0.0
924,BNL,"12 (ch1 in csv), 16 (ch2 in csv)",Electrons 85V,3.0,,,227.5,/Users/rkfuentes/Documents/md_anderson_analysis/yepes_code/2025-10-14/scope-results-2025-10-14-1938.csv,5.291412049693683e-07,1.614538905406099e-09,676,7,,,50,0.0,0.0
925,BNL,"12 (ch1 in csv), 16 (ch2 in csv)",Electrons 85V,3.0,,,227.5,/Users/rkfuentes/Documents/md_anderson_analysis/yepes_code/2025-10-14/scope-results-2025-10-14-1939.csv,5.613500413832091e-07,2.853575663344871e-07,613,303,,,50,0.0,0.0
926,BNL,"12 (ch1 in csv), 16 (ch2 in csv)",Electrons 85V,3.0,,,227.5,/Users/rkfuentes/Documents/md_anderson_analysis/yepes_code/2025-10-14/scope-results-2025-10-14-1940.csv,2.314789036409248e-11,1.5553444450251708e-07,5,182,,,50,0.0,0.0
927,BNL,"12 (ch1 in csv), 16 (ch2 in csv)",Electrons 85V,3.0,,,227.5,/Users/rkfuentes/Documents/md_anderson_analysis/yepes_code/2025-10-14/scope-results-2025-10-14-1941.csv,8.065434536551379e-11,1.0577114623752157e-07,14,135,,,50,0.0,0.0
928,BNL,"12 (ch1 in csv), 16 (ch2 in csv)",Electrons 85V,3.0,,,227.5,/Users/rkfuentes/Documents/md_anderson_analysis/yepes_code/2025-10-14/scope-results-2025-10-14-1942.csv,1.6455952309525024e-11,1.6606315545998694e-12,12,19,,,50,0.0,0.0
929,BNL,"12 (ch1 in csv), 16 (ch2 in csv)",Electrons 85V,3.0,,,227.5,/Users/rkfuentes/Documents/md_anderson_analysis/yepes_code/2025-10-14/scope-results-2025-10-14-1982.csv,1.471611557523413e-09,5.1931692031879565e-09,15,6,,,100,0.0,0.0
930,BNL,"12 (ch1 in csv), 16 (ch2 in csv)",Electrons 85V,3.0,,,227.5,/Users/rkfuentes/Documents/md_anderson_analysis/yepes_code/2025-10-14/scope-results-2025-10-14-1983.csv,7.867804159398309e-10,2.9958375826642886e-09,17,9,,,100,0.0,0.0
931,BNL,"12 (ch1 in csv), 16 (ch2 in csv)",Electrons 85V,3.0,,,227.5,/Users/rkfuentes/Documents/md_anderson_analysis/yepes_code/2025-10-14/scope-results-2025-10-14-1984.csv,3.1599961116444174e-09,2.238314911868864e-09,14,9,,,100,0.0,0.0
932,BNL,"12 (ch1 in csv), 16 (ch2 in csv)",Electrons 85V,3.0,,,227.5,/Users/rkfuentes/Documents/md_anderson_analysis/yepes_code/2025-10-14/scope-results-2025-10-14-1985.csv,2.3575384804516084e-10,3.959637127114783e-09,8,8,,,100,0.0,0.0
933,BNL,"12 (ch1 in csv), 16 (ch2 in csv)",Electrons 85V,3.0,,,227.5,/Users/rkfuentes/Documents/md_anderson_analysis/yepes_code/2025-10-14/scope-results-2025-10-14-1986.csv,6.68841235332504e-10,4.541874715577645e-07,15,276,,,100,0.0,0.0
934,BNL,"12 (ch1 in csv), 16 (ch2 in csv)",Electrons 85V,3.0,,,227.5,/Users/rkfuentes/Documents/md_anderson_analysis/yepes_code/2025-10-14/scope-results-2025-10-14-1987.csv,2.620645253775354e-07,5.342959379603071e-09,342,11,,,100,0.0,0.0
935,BNL,"12 (ch1 in csv), 16 (ch2 in csv)",Electrons 85V,3.0,,,227.5,/Users/rkfuentes/Documents/md_anderson_analysis/yepes_code/2025-10-14/scope-results-2025-10-14-1988.csv,4.884449719496712e-09,2.3814636917828987e-09,15,13,,,100,0.0,0.0
936,BNL,"12 (ch1 in csv), 16 (ch2 in csv)",Electrons 85V,3.0,,,227.5,/Users/rkfuentes/Documents/md_anderson_analysis/yepes_code/2025-10-14/scope-results-2025-10-14-1989.csv,1.3255411509119742e-09,5.027142270794441e-09,8,14,,,100,0.0,0.0
937,BNL,"12 (ch1 in csv), 16 (ch2 in csv)",Electrons 85V,3.0,,,227.5,/Users/rkfuentes/Documents/md_anderson_analysis/yepes_code/2025-10-14/scope-results-2025-10-14-1990.csv,5.6580173721895615e-08,2.0405094784256014e-10,144,11,,,100,0.0,0.0
938,BNL,"12 (ch1 in csv), 16 (ch2 in csv)",Electrons 85V,3.0,,,227.5,/Users/rkfuentes/Documents/md_anderson_analysis/yepes_code/2025-10-14/scope-results-2025-10-14-1991.csv,2.599456087256967e-07,3.45738952831226e-07,329,251,,,100,0.0,0.0
940,BNL,"12, 16",Electrons 85V,0.5,,,50.0,/Users/rkfuentes/Documents/md_anderson_analysis/yepes_code/2025-10-15/scope-results-2025-10-15-0074.csv,1.8003545076585503e-11,7.677331464774658e-12,7,15,,,20,0.0,0.0
941,BNL,"12, 16",Electrons 85V,0.5,,,50.0,/Users/rkfuentes/Documents/md_anderson_analysis/yepes_code/2025-10-15/scope-results-2025-10-15-0075.csv,3.656842876957602e-11,4.383592567316272e-12,4,7,,,20,0.0,0.0
942,BNL,"12, 16",Electrons 85V,0.5,,,50.0,/Users/rkfuentes/Documents/md_anderson_analysis/yepes_code/2025-10-15/scope-results-2025-10-15-0076.csv,9.68875138980406e-07,5.331990048495327e-11,677,9,,,20,0.0,0.0
943,BNL,"12, 16",Electrons 85V,0.5,,,50.0,/Users/rkfuentes/Documents/md_anderson_analysis/yepes_code/2025-10-15/scope-results-2025-10-15-0077.csv,9.741204272614922e-07,1.9326811158293214e-10,678,15,,,20,0.0,0.0
944,BNL,"12, 16",Electrons 85V,0.5,,,50.0,/Users/rkfuentes/Documents/md_anderson_analysis/yepes_code/2025-10-15/scope-results-2025-10-15-0078.csv,9.659853579026289e-07,1.6045043685810693e-11,642,11,,,20,0.0,0.0
945,BNL,"12, 16",Electrons 85V,0.5,,,50.0,/Users/rkfuentes/Documents/md_anderson_analysis/yepes_code/2025-10-15/scope-results-2025-10-15-0079.csv,6.650038697477846e-11,2.7848115168335068e-11,6,22,,,20,0.0,0.0
946,BNL,"12, 16",Electrons 85V,0.5,,,50.0,/Users/rkfuentes/Documents/md_anderson_analysis/yepes_code/2025-10-15/scope-results-2025-10-15-0080.csv,9.277101009238372e-07,2.64729956044175e-12,662,11,,,20,0.0,0.0
947,BNL,"12, 16",Electrons 85V,0.5,,,50.0,/Users/rkfuentes/Documents/md_anderson_analysis/yepes_code/2025-10-15/scope-results-2025-10-15-0081.csv,9.326080389600976e-07,1.983066424615886e-06,697,604,,,20,0.0,0.0
948,BNL,"12, 16",Electrons 85V,0.5,,,50.0,/Users/rkfuentes/Documents/md_anderson_analysis/yepes_code/2025-10-15/scope-results-2025-10-15-0082.csv,6.002248447499392e-12,1.2170230310267987e-11,5,5,,,20,0.0,0.0
949,BNL,"12, 16",Electrons 85V,0.5,,,50.0,/Users/rkfuentes/Documents/md_anderson_analysis/yepes_code/2025-10-15/scope-results-2025-10-15-0083.csv,9.296249420782538e-07,2.7019652964537217e-11,651,19,,,20,0.0,0.0
950,BNL,"12, 16",Electrons 85V,0.5,,,50.0,/Users/rkfuentes/Documents/md_anderson_analysis/yepes_code/2025-10-15/scope-results-2025-10-15-0084.csv,9.22089273623992e-07,1.0514409729973875e-11,681,11,,,20,0.0,0.0
951,BNL,"12, 16",Electrons 85V,0.5,,,50.0,/Users/rkfuentes/Documents/md_anderson_analysis/yepes_code/2025-10-15/scope-results-2025-10-15-0092.csv,6.57331853553321e-07,3.029480244455274e-07,92,155,,,50,0.0,0.0
952,BNL,"12, 16",Electrons 85V,0.5,,,50.0,/Users/rkfuentes/Documents/md_anderson_analysis/yepes_code/2025-10-15/scope-results-2025-10-15-0093.csv,6.604874743517414e-07,1.945714362333871e-11,94,3,,,50,0.0,0.0
953,BNL,"12, 16",Electrons 85V,0.5,,,50.0,/Users/rkfuentes/Documents/md_anderson_analysis/yepes_code/2025-10-15/scope-results-2025-10-15-0094.csv,6.60395054946438e-07,3.115600295033411e-07,95,153,,,50,0.0,0.0
954,BNL,"12, 16",Electrons 85V,0.5,,,50.0,/Users/rkfuentes/Documents/md_anderson_analysis/yepes_code/2025-10-15/scope-results-2025-10-15-0095.csv,6.62998138819947e-07,2.9946712665286274e-07,133,157,,,50,0.0,0.0
955,BNL,"12, 16",Electrons 85V,0.5,,,50.0,/Users/rkfuentes/Documents/md_anderson_analysis/yepes_code/2025-10-15/scope-results-2025-10-15-0096.csv,6.761140823148496e-07,3.245531728471196e-07,109,180,,,50,0.0,0.0
956,BNL,"12, 16",Electrons 85V,0.5,,,50.0,/Users/rkfuentes/Documents/md_anderson_analysis/yepes_code/2025-10-15/scope-results-2025-10-15-0097.csv,6.513940291025755e-07,3.022253515702358e-07,95,179,,,50,0.0,0.0
957,BNL,"12, 16",Electrons 85V,0.5,,,50.0,/Users/rkfuentes/Documents/md_anderson_analysis/yepes_code/2025-10-15/scope-results-2025-10-15-0098.csv,6.678160146226254e-07,2.3316557046105373e-11,136,5,,,50,0.0,0.0
958,BNL,"12, 16",Electrons 85V,0.5,,,50.0,/Users/rkfuentes/Documents/md_anderson_analysis/yepes_code/2025-10-15/scope-results-2025-10-15-0099.csv,6.704313000337541e-07,2.6650665891854376e-10,104,7,,,50,0.0,0.0
959,BNL,"12, 16",Electrons 85V,0.5,,,50.0,/Users/rkfuentes/Documents/md_anderson_analysis/yepes_code/2025-10-15/scope-results-2025-10-15-0100.csv,6.53942451434329e-07,3.344142575897941e-07,47,221,,,50,0.0,0.0
960,BNL,"12, 16",Electrons 85V,0.5,,,50.0,/Users/rkfuentes/Documents/md_anderson_analysis/yepes_code/2025-10-15/scope-results-2025-10-15-0130.csv,8.860057401797607e-07,7.748616369044221e-07,85,178,,,100,2.0,0.0
961,BNL,"12, 16",Electrons 85V,0.5,,,50.0,/Users/rkfuentes/Documents/md_anderson_analysis/yepes_code/2025-10-15/scope-results-2025-10-15-0131.csv,8.873773284832687e-07,7.167455596231753e-07,86,120,,,100,2.0,0.0
962,BNL,"12, 16",Electrons 85V,0.5,,,50.0,/Users/rkfuentes/Documents/md_anderson_analysis/yepes_code/2025-10-15/scope-results-2025-10-15-0132.csv,8.829785467081138e-07,7.566955678065656e-07,95,177,,,100,2.0,0.0
963,BNL,"12, 16",Electrons 85V,0.5,,,50.0,/Users/rkfuentes/Documents/md_anderson_analysis/yepes_code/2025-10-15/scope-results-2025-10-15-0133.csv,8.678952892566037e-07,7.129935021593637e-07,85,120,,,100,2.0,1.0
964,BNL,"12, 16",Electrons 85V,0.5,,,50.0,/Users/rkfuentes/Documents/md_anderson_analysis/yepes_code/2025-10-15/scope-results-2025-10-15-0134.csv,8.874381756647956e-07,7.27554430503597e-07,79,118,,,100,2.0,0.0
965,BNL,"12, 16",Electrons 85V,0.5,,,50.0,/Users/rkfuentes/Documents/md_anderson_analysis/yepes_code/2025-10-15/scope-results-2025-10-15-0135.csv,8.817006042895699e-07,6.999367109353628e-07,90,133,,,100,2.0,0.0
966,BNL,"12, 16",Electrons 85V,0.5,,,50.0,/Users/rkfuentes/Documents/md_anderson_analysis/yepes_code/2025-10-15/scope-results-2025-10-15-0136.csv,8.672896319554527e-07,7.073484236304627e-07,76,136,,,100,2.0,0.0
967,BNL,"12, 16",Electrons 85V,0.5,,,50.0,/Users/rkfuentes/Documents/md_anderson_analysis/yepes_code/2025-10-15/scope-results-2025-10-15-0137.csv,8.548082722670076e-07,7.703688840033198e-07,86,157,,,100,2.0,0.0
968,BNL,"12, 16",Electrons 85V,0.5,,,50.0,/Users/rkfuentes/Documents/md_anderson_analysis/yepes_code/2025-10-15/scope-results-2025-10-15-0138.csv,8.773122197693651e-07,7.313324087088949e-07,79,133,,,100,2.0,1.0
969,BNL,"12, 16",Electrons 85V,0.5,,,50.0,/Users/rkfuentes/Documents/md_anderson_analysis/yepes_code/2025-10-15/scope-results-2025-10-15-0139.csv,8.715351116212006e-07,7.611087105522416e-07,83,163,,,100,2.0,0.0
970,BNL,"12, 16",Electrons 85V,0.5,,,40.0,/Users/rkfuentes/Documents/md_anderson_analysis/yepes_code/2025-10-15/scope-results-2025-10-15-0170.csv,1.3340125450208297e-07,1.0704594134617068e-10,152,24,,,20,0.0,0.0
971,BNL,"12, 16",Electrons 85V,0.5,,,40.0,/Users/rkfuentes/Documents/md_anderson_analysis/yepes_code/2025-10-15/scope-results-2025-10-15-0171.csv,9.9790880792307e-08,9.132464575624975e-10,153,15,,,20,0.0,0.0
972,BNL,"12, 16",Electrons 85V,0.5,,,40.0,/Users/rkfuentes/Documents/md_anderson_analysis/yepes_code/2025-10-15/scope-results-2025-10-15-0172.csv,1.0806960982694789e-07,2.1604299026540447e-09,148,14,,,20,0.0,0.0
973,BNL,"12, 16",Electrons 85V,0.5,,,40.0,/Users/rkfuentes/Documents/md_anderson_analysis/yepes_code/2025-10-15/scope-results-2025-10-15-0211.csv,8.373680654605147e-07,3.775581350154321e-07,85,113,,,50,1.0,0.0
974,BNL,"12, 16",Electrons 85V,0.5,,,40.0,/Users/rkfuentes/Documents/md_anderson_analysis/yepes_code/2025-10-15/scope-results-2025-10-15-0212.csv,8.09976594087308e-07,3.779730092926883e-07,81,116,,,50,1.0,0.0
975,BNL,"12, 16",Electrons 85V,0.5,,,40.0,/Users/rkfuentes/Documents/md_anderson_analysis/yepes_code/2025-10-15/scope-results-2025-10-15-0213.csv,8.162381475698123e-07,3.039396580983204e-09,88,6,,,50,1.0,0.0
976,BNL,"12, 16",Electrons 85V,0.5,,,40.0,/Users/rkfuentes/Documents/md_anderson_analysis/yepes_code/2025-10-15/scope-results-2025-10-15-0214.csv,8.204155872203786e-07,6.878399620537142e-10,89,8,,,50,1.0,0.0
977,BNL,"12, 16",Electrons 85V,0.5,,,40.0,/Users/rkfuentes/Documents/md_anderson_analysis/yepes_code/2025-10-15/scope-results-2025-10-15-0215.csv,8.204138176063626e-07,3.83903227726494e-07,84,115,,,50,1.0,0.0
978,BNL,"12, 16",Electrons 85V,0.5,,,40.0,/Users/rkfuentes/Documents/md_anderson_analysis/yepes_code/2025-10-15/scope-results-2025-10-15-0216.csv,8.1529526019515e-07,3.9742125251953995e-07,82,119,,,50,1.0,0.0
979,BNL,"12, 16",Electrons 85V,0.5,,,40.0,/Users/rkfuentes/Documents/md_anderson_analysis/yepes_code/2025-10-15/scope-results-2025-10-15-0217.csv,8.176795712159228e-07,3.9804192775057256e-10,84,8,,,50,1.0,0.0
980,BNL,"12, 16",Electrons 85V,0.5,,,40.0,/Users/rkfuentes/Documents/md_anderson_analysis/yepes_code/2025-10-15/scope-results-2025-10-15-0218.csv,8.280525818223704e-07,6.82916335828868e-10,93,8,,,50,1.0,0.0
981,BNL,"12, 16",Electrons 85V,0.5,,,40.0,/Users/rkfuentes/Documents/md_anderson_analysis/yepes_code/2025-10-15/scope-results-2025-10-15-0219.csv,8.181294374699474e-07,2.166991619497001e-09,84,6,,,50,1.0,0.0
982,BNL,"12, 16",Electrons 85V,0.5,,,40.0,/Users/rkfuentes/Documents/md_anderson_analysis/yepes_code/2025-10-15/scope-results-2025-10-15-0220.csv,8.055441924710657e-07,3.690146490617502e-07,83,111,,,50,1.0,0.0
983,BNL,"12, 16",Electrons 85V,0.5,,,40.0,/Users/rkfuentes/Documents/md_anderson_analysis/yepes_code/2025-10-15/scope-results-2025-10-15-0221.csv,8.06679936685986e-07,3.960364962761885e-07,82,119,,,50,1.0,0.0
984,BNL,"12, 16",Electrons 85V,0.5,,,40.0,/Users/rkfuentes/Documents/md_anderson_analysis/yepes_code/2025-10-15/scope-results-2025-10-15-0222.csv,8.124069426922792e-07,4.962446634568288e-09,88,7,,,50,1.0,0.0
985,BNL,"12, 16",Electrons 85V,0.5,,,40.0,/Users/rkfuentes/Documents/md_anderson_analysis/yepes_code/2025-10-15/scope-results-2025-10-15-0223.csv,8.051737139411877e-07,4.131837891056976e-07,83,105,,,50,1.0,0.0
986,BNL,"12, 16",Electrons 85V,0.5,,,40.0,/Users/rkfuentes/Documents/md_anderson_analysis/yepes_code/2025-10-15/scope-results-2025-10-15-0224.csv,5.576778198654593e-10,3.286965062188299e-07,27,128,,,50,0.0,0.0
987,BNL,"12, 16",Electrons 85V,0.5,,,40.0,/Users/rkfuentes/Documents/md_anderson_analysis/yepes_code/2025-10-15/scope-results-2025-10-15-0225.csv,7.841925217516284e-07,4.611106269801118e-07,90,124,,,50,2.0,0.0
988,BNL,"12, 16",Electrons 85V,0.5,,,40.0,/Users/rkfuentes/Documents/md_anderson_analysis/yepes_code/2025-10-15/scope-results-2025-10-15-0226.csv,7.410533790455391e-07,9.170624443938027e-10,61,5,,,50,1.0,0.0
989,BNL,"12, 16",Electrons 85V,0.5,,,40.0,/Users/rkfuentes/Documents/md_anderson_analysis/yepes_code/2025-10-15/scope-results-2025-10-15-0227.csv,8.03565325667785e-07,8.577113724636764e-10,80,6,,,50,1.0,0.0
990,BNL,"12, 16",Electrons 85V,0.5,,,40.0,/Users/rkfuentes/Documents/md_anderson_analysis/yepes_code/2025-10-15/scope-results-2025-10-15-0282.csv,8.252477845805179e-07,8.472014631930078e-10,114,7,,,100,0.0,0.0
991,BNL,"12, 16",Electrons 85V,0.5,,,40.0,/Users/rkfuentes/Documents/md_anderson_analysis/yepes_code/2025-10-15/scope-results-2025-10-15-0283.csv,8.407845810232254e-07,3.426566734577689e-09,98,8,,,100,2.0,0.0
992,BNL,"12, 16",Electrons 85V,0.5,,,40.0,/Users/rkfuentes/Documents/md_anderson_analysis/yepes_code/2025-10-15/scope-results-2025-10-15-0284.csv,8.290576325185858e-07,7.477001909004695e-07,107,128,,,100,2.0,1.0
993,BNL,"12, 16",Electrons 85V,0.5,,,40.0,/Users/rkfuentes/Documents/md_anderson_analysis/yepes_code/2025-10-15/scope-results-2025-10-15-0285.csv,7.734618419273012e-07,7.922861012671471e-07,112,164,,,100,0.0,1.0
994,BNL,"12, 16",Electrons 85V,0.5,,,40.0,/Users/rkfuentes/Documents/md_anderson_analysis/yepes_code/2025-10-15/scope-results-2025-10-15-0286.csv,7.674285381252082e-07,7.328987503448763e-07,89,136,,,100,2.0,1.0
995,BNL,"12, 16",Electrons 85V,0.5,,,40.0,/Users/rkfuentes/Documents/md_anderson_analysis/yepes_code/2025-10-15/scope-results-2025-10-15-0287.csv,8.247522603065143e-07,7.683927196657418e-07,114,176,,,100,0.0,1.0
996,BNL,"12, 16",Electrons 85V,0.5,,,40.0,/Users/rkfuentes/Documents/md_anderson_analysis/yepes_code/2025-10-15/scope-results-2025-10-15-0288.csv,8.255117612627077e-07,7.262738510970692e-07,101,125,,,100,0.0,1.0
997,BNL,"12, 16",Electrons 85V,0.5,,,40.0,/Users/rkfuentes/Documents/md_anderson_analysis/yepes_code/2025-10-15/scope-results-2025-10-15-0289.csv,7.806289761892978e-07,7.24023152875528e-07,74,125,,,100,1.0,1.0
998,BNL,"12, 16",Electrons 85V,0.5,,,40.0,/Users/rkfuentes/Documents/md_anderson_analysis/yepes_code/2025-10-15/scope-results-2025-10-15-0290.csv,8.248362058516805e-07,7.500639276918977e-07,121,141,,,100,2.0,1.0
999,BNL,"12, 16",Electrons 85V,0.5,,,40.0,/Users/rkfuentes/Documents/md_anderson_analysis/yepes_code/2025-10-15/scope-results-2025-10-15-0291.csv,7.904303998393214e-07,7.597236082794245e-07,99,139,,,100,2.0,1.0
1000,BNL,"12, 16",Electrons 85V,0.5,,,40.0,/Users/rkfuentes/Documents/md_anderson_analysis/yepes_code/2025-10-15/scope-results-2025-10-15-0292.csv,8.291628373065963e-07,7.43367665770294e-07,113,133,,,100,0.0,1.0
1001,BNL,"12, 16",Electrons 85V,0.5,,,40.0,/Users/rkfuentes/Documents/md_anderson_analysis/yepes_code/2025-10-15/scope-results-2025-10-15-0293.csv,7.796014539683705e-07,7.605339250718655e-07,105,154,,,100,2.0,1.0
1002,BNL,"12, 16",Electrons 85V,0.5,,,40.0,/Users/rkfuentes/Documents/md_anderson_analysis/yepes_code/2025-10-15/scope-results-2025-10-15-0294.csv,7.953578297782389e-07,7.376725976864716e-07,101,153,,,100,2.0,1.0
1003,BNL,"12, 16",Electrons 85V,0.5,,,40.0,/Users/rkfuentes/Documents/md_anderson_analysis/yepes_code/2025-10-15/scope-results-2025-10-15-0295.csv,8.200499821733915e-07,2.796117673245215e-10,110,7,,,100,0.0,0.0
1004,BNL,"12, 16",Electrons 85V,0.5,,,40.0,/Users/rkfuentes/Documents/md_anderson_analysis/yepes_code/2025-10-15/scope-results-2025-10-15-0296.csv,7.983215529586284e-07,7.222193706653183e-07,110,116,,,100,2.0,1.0
1005,BNL,"12, 16",Electrons 85V,0.5,,,40.0,/Users/rkfuentes/Documents/md_anderson_analysis/yepes_code/2025-10-15/scope-results-2025-10-15-0297.csv,1.599922853723923e-06,7.379933143059108e-07,85,117,,,100,2.0,1.0
1006,BNL,"12, 16",Electrons 85V,0.5,,,40.0,/Users/rkfuentes/Documents/md_anderson_analysis/yepes_code/2025-10-15/scope-results-2025-10-15-0298.csv,1.6310492504571512e-06,3.4458233805519182e-09,87,5,,,100,0.0,0.0
1007,BNL,"12, 16",Electrons 85V,0.5,,,40.0,/Users/rkfuentes/Documents/md_anderson_analysis/yepes_code/2025-10-15/scope-results-2025-10-15-0299.csv,1.6435980543028252e-06,7.795036143241403e-07,80,202,,,100,2.0,1.0
1008,BNL,"12, 16",Electrons 85V,0.5,,,40.0,/Users/rkfuentes/Documents/md_anderson_analysis/yepes_code/2025-10-15/scope-results-2025-10-15-0441.csv,2.1350472868487926e-10,1.1614597028272799e-10,24,18,,,9,0.0,0.0
1009,BNL,"12, 16",Electrons 85V,0.5,,,40.0,/Users/rkfuentes/Documents/md_anderson_analysis/yepes_code/2025-10-15/scope-results-2025-10-15-0442.csv,3.4514997185105826e-11,3.8115248041464286e-11,13,12,,,9,0.0,0.0
1010,BNL,"12, 16",Electrons 85V,0.5,,,40.0,/Users/rkfuentes/Documents/md_anderson_analysis/yepes_code/2025-10-15/scope-results-2025-10-15-0443.csv,1.125155252366738e-10,4.678800691698115e-11,21,17,,,9,0.0,0.0
1011,BNL,"12, 16",Electrons 85V,0.5,,,40.0,/Users/rkfuentes/Documents/md_anderson_analysis/yepes_code/2025-10-15/scope-results-2025-10-15-0444.csv,5.4001935513453624e-11,1.6839341682052608e-10,22,24,,,9,0.0,0.0
1012,BNL,"12, 16",Electrons 85V,0.5,,,40.0,/Users/rkfuentes/Documents/md_anderson_analysis/yepes_code/2025-10-15/scope-results-2025-10-15-0480.csv,2.128679286198348e-06,9.124895877093352e-11,597,12,,,10,0.0,0.0
1013,BNL,"12, 16",Electrons 85V,0.5,,,40.0,/Users/rkfuentes/Documents/md_anderson_analysis/yepes_code/2025-10-15/scope-results-2025-10-15-0481.csv,1.1726804181059903e-10,1.3872697775979215e-10,19,9,,,10,0.0,0.0
1014,BNL,"12, 16",Electrons 85V,0.5,,,40.0,/Users/rkfuentes/Documents/md_anderson_analysis/yepes_code/2025-10-15/scope-results-2025-10-15-0482.csv,1.0550593500762799e-10,1.8468220883572632e-11,14,9,,,10,0.0,0.0
1015,BNL,"12, 16",Electrons 85V,0.5,,,40.0,/Users/rkfuentes/Documents/md_anderson_analysis/yepes_code/2025-10-15/scope-results-2025-10-15-0483.csv,1.2362026055544995e-10,3.4585346871464317e-10,14,11,,,10,0.0,0.0
1016,BNL,"12, 16",Electrons 85V,0.5,,,40.0,/Users/rkfuentes/Documents/md_anderson_analysis/yepes_code/2025-10-15/scope-results-2025-10-15-0484.csv,2.266832043398937e-11,1.0668907615995815e-10,7,11,,,10,0.0,0.0
1017,BNL,"12, 16",Electrons 85V,0.5,,,40.0,/Users/rkfuentes/Documents/md_anderson_analysis/yepes_code/2025-10-15/scope-results-2025-10-15-0485.csv,2.334826089479266e-06,2.885972143013628e-11,603,16,,,10,0.0,0.0
1018,BNL,"12, 16",Electrons 85V,0.5,,,40.0,/Users/rkfuentes/Documents/md_anderson_analysis/yepes_code/2025-10-15/scope-results-2025-10-15-0486.csv,7.152267812949158e-11,6.998275249116811e-10,9,23,,,10,0.0,0.0
1019,BNL,"12, 16",Electrons 85V,0.5,,,40.0,/Users/rkfuentes/Documents/md_anderson_analysis/yepes_code/2025-10-15/scope-results-2025-10-15-0487.csv,5.5113280186220515e-06,3.034798029145309e-10,539,29,,,10,0.0,0.0
1020,BNL,"12, 16",Electrons 85V,0.5,,,40.0,/Users/rkfuentes/Documents/md_anderson_analysis/yepes_code/2025-10-15/scope-results-2025-10-15-0488.csv,1.0949871959092715e-10,7.132944183671751e-10,11,27,,,10,0.0,0.0
1021,BNL,"12, 16",Electrons 85V,0.5,,,40.0,/Users/rkfuentes/Documents/md_anderson_analysis/yepes_code/2025-10-15/scope-results-2025-10-15-0489.csv,6.430363727120347e-06,5.69234765619931e-10,571,13,,,10,0.0,0.0
1022,BNL,"12, 16",Electrons 85V,0.5,,,40.0,/Users/rkfuentes/Documents/md_anderson_analysis/yepes_code/2025-10-15/scope-results-2025-10-15-0490.csv,5.729071504866264e-06,1.4951644320735744e-10,609,28,,,10,0.0,0.0
1023,BNL,"12, 16",Electrons 85V,0.5,,,40.0,/Users/rkfuentes/Documents/md_anderson_analysis/yepes_code/2025-10-15/scope-results-2025-10-15-0491.csv,1.383432965282818e-10,2.598938192405473e-11,16,31,,,10,0.0,0.0
1024,BNL,"12, 16",Electrons 85V,0.5,,,40.0,/Users/rkfuentes/Documents/md_anderson_analysis/yepes_code/2025-10-15/scope-results-2025-10-15-0492.csv,1.7763663119902242e-10,3.9836429732141757e-10,15,4,,,10,0.0,0.0
1025,BNL,"12, 16",Electrons 85V,0.5,,,40.0,/Users/rkfuentes/Documents/md_anderson_analysis/yepes_code/2025-10-15/scope-results-2025-10-15-0493.csv,5.507134534438571e-10,4.5143208185651887e-10,29,31,,,10,0.0,0.0
1026,BNL,"12, 16",Electrons 85V,0.5,,,40.0,/Users/rkfuentes/Documents/md_anderson_analysis/yepes_code/2025-10-15/scope-results-2025-10-15-0494.csv,2.62957031303333e-10,7.585503660538453e-10,22,22,,,10,0.0,0.0
1027,BNL,"12, 16",Electrons 85V,0.5,,,40.0,/Users/rkfuentes/Documents/md_anderson_analysis/yepes_code/2025-10-15/scope-results-2025-10-15-0495.csv,2.6757305564382517e-10,2.8459105149322915e-10,22,29,,,10,0.0,0.0
1028,BNL,"12, 16",Electrons 85V,0.5,,,40.0,/Users/rkfuentes/Documents/md_anderson_analysis/yepes_code/2025-10-15/scope-results-2025-10-15-0496.csv,5.895439100575087e-06,3.5187688392099367e-10,588,20,,,10,0.0,0.0
1029,BNL,"12, 16",Electrons 85V,0.5,,,40.0,/Users/rkfuentes/Documents/md_anderson_analysis/yepes_code/2025-10-15/scope-results-2025-10-15-0497.csv,1.8901600086821526e-10,1.2016069448305807e-09,13,14,,,10,0.0,0.0
1030,BNL,"12, 16",Electrons 85V,0.5,,,40.0,/Users/rkfuentes/Documents/md_anderson_analysis/yepes_code/2025-10-15/scope-results-2025-10-15-0498.csv,6.084312967115e-06,1.5474630196554189e-10,608,26,,,9,0.0,0.0
1031,BNL,"12, 16",Electrons 85V,0.5,,,40.0,/Users/rkfuentes/Documents/md_anderson_analysis/yepes_code/2025-10-15/scope-results-2025-10-15-0499.csv,3.170168520598588e-10,8.62558753910597e-10,15,25,,,9,0.0,0.0
1032,BNL,"12, 16",Electrons 85V,0.5,,,40.0,/Users/rkfuentes/Documents/md_anderson_analysis/yepes_code/2025-10-15/scope-results-2025-10-15-0500.csv,5.631051152938144e-10,3.2048100531601127e-10,22,29,,,9,0.0,0.0
1033,BNL,"12, 16",Electrons 85V,0.5,,,40.0,/Users/rkfuentes/Documents/md_anderson_analysis/yepes_code/2025-10-15/scope-results-2025-10-15-0501.csv,6.199312793967817e-06,4.25633749141179e-10,583,28,,,9,0.0,0.0
1034,BNL,"12, 16",Electrons 85V,0.5,,,40.0,/Users/rkfuentes/Documents/md_anderson_analysis/yepes_code/2025-10-15/scope-results-2025-10-15-0502.csv,5.421682892995095e-06,1.0829812265335019e-10,576,11,,,9,0.0,0.0
1035,BNL,"12, 16",Electrons 85V,0.5,,,40.0,/Users/rkfuentes/Documents/md_anderson_analysis/yepes_code/2025-10-15/scope-results-2025-10-15-0503.csv,4.3884175137262014e-10,6.311143543745609e-11,10,29,,,9,0.0,0.0
1036,BNL,"12, 16",Electrons 85V,0.5,,,40.0,/Users/rkfuentes/Documents/md_anderson_analysis/yepes_code/2025-10-15/scope-results-2025-10-15-0504.csv,6.322615718242407e-06,4.3334053561943527e-10,560,14,,,9,0.0,0.0
1037,BNL,"12, 16",Electrons 85V,0.5,,,40.0,/Users/rkfuentes/Documents/md_anderson_analysis/yepes_code/2025-10-15/scope-results-2025-10-15-0516.csv,8.157292679474136e-11,1.9900097523052416e-10,14,35,,,7,0.0,0.0
1038,BNL,"12, 16",Electrons 85V,0.5,,,40.0,/Users/rkfuentes/Documents/md_anderson_analysis/yepes_code/2025-10-15/scope-results-2025-10-15-0517.csv,4.919666143577527e-10,3.5742149387009655e-10,8,17,,,7,0.0,0.0
1039,BNL,"12, 16",Electrons 85V,0.5,,,40.0,/Users/rkfuentes/Documents/md_anderson_analysis/yepes_code/2025-10-15/scope-results-2025-10-15-0518.csv,2.0812860900206395e-10,5.378252090127591e-10,24,6,,,7,0.0,0.0
1040,BNL,"12, 16",Electrons 85V,0.5,,,40.0,/Users/rkfuentes/Documents/md_anderson_analysis/yepes_code/2025-10-15/scope-results-2025-10-15-0519.csv,2.1781453878230383e-10,5.211472739671581e-10,11,12,,,7,0.0,0.0
1041,BNL,"12, 16",Electrons 85V,0.5,,,40.0,/Users/rkfuentes/Documents/md_anderson_analysis/yepes_code/2025-10-15/scope-results-2025-10-15-0520.csv,7.51227248451569e-10,5.4240732275884445e-11,13,18,,,7,0.0,0.0
1042,BNL,"12, 16",Electrons 85V,0.5,,,40.0,/Users/rkfuentes/Documents/md_anderson_analysis/yepes_code/2025-10-15/scope-results-2025-10-15-0521.csv,6.144177850262147e-06,4.749488277079381e-10,562,27,,,7,0.0,0.0
1043,BNL,"12, 16",Electrons 85V,0.5,,,40.0,/Users/rkfuentes/Documents/md_anderson_analysis/yepes_code/2025-10-15/scope-results-2025-10-15-0522.csv,5.9333155104391994e-06,7.05639597105361e-10,574,32,,,7,0.0,0.0
1044,BNL,"12, 16",Electrons 85V,0.5,,,30.0,/Users/rkfuentes/Documents/md_anderson_analysis/yepes_code/2025-10-15/scope-results-2025-10-15-0584.csv,2.0674906150729935e-10,1.1011597016367467e-09,21,22,,,7,0.0,0.0
1045,BNL,"12, 16",Electrons 85V,0.5,,,30.0,/Users/rkfuentes/Documents/md_anderson_analysis/yepes_code/2025-10-15/scope-results-2025-10-15-0585.csv,2.6071356045240737e-10,1.5218340832143691e-09,13,12,,,7,0.0,0.0
1046,BNL,"12, 16",Electrons 85V,0.5,,,30.0,/Users/rkfuentes/Documents/md_anderson_analysis/yepes_code/2025-10-15/scope-results-2025-10-15-0586.csv,2.647388133205523e-07,3.3710323862777267e-10,40,29,,,7,0.0,0.0
1047,BNL,"12, 16",Electrons 85V,0.5,,,30.0,/Users/rkfuentes/Documents/md_anderson_analysis/yepes_code/2025-10-15/scope-results-2025-10-15-0587.csv,7.197331405850801e-10,8.067483717824916e-11,22,31,,,7,0.0,0.0
1048,BNL,"12, 16",Electrons 85V,0.5,,,30.0,/Users/rkfuentes/Documents/md_anderson_analysis/yepes_code/2025-10-15/scope-results-2025-10-15-0588.csv,2.789639336515787e-07,5.320672427289763e-10,52,34,,,7,0.0,0.0
1049,BNL,"12, 16",Electrons 85V,0.5,,,30.0,/Users/rkfuentes/Documents/md_anderson_analysis/yepes_code/2025-10-15/scope-results-2025-10-15-0589.csv,2.8941354842736983e-10,1.63307111651995e-10,24,5,,,7,0.0,0.0
1050,BNL,"12, 16",Electrons 85V,0.5,,,30.0,/Users/rkfuentes/Documents/md_anderson_analysis/yepes_code/2025-10-15/scope-results-2025-10-15-0590.csv,2.851325904386385e-07,7.141670931434765e-11,46,27,,,7,0.0,0.0
1051,BNL,"12, 16",Electrons 85V,0.5,,,30.0,/Users/rkfuentes/Documents/md_anderson_analysis/yepes_code/2025-10-15/scope-results-2025-10-15-0591.csv,3.458046336697004e-07,1.5572470385457084e-11,64,7,,,7,0.0,0.0
1052,BNL,"12, 16",Electrons 85V,0.5,,,30.0,/Users/rkfuentes/Documents/md_anderson_analysis/yepes_code/2025-10-15/scope-results-2025-10-15-0592.csv,3.581555791334091e-07,1.145885294973371e-10,71,30,,,7,0.0,0.0
1053,BNL,"12, 16",Electrons 85V,0.5,,,30.0,/Users/rkfuentes/Documents/md_anderson_analysis/yepes_code/2025-10-15/scope-results-2025-10-15-0593.csv,4.1681705193166567e-10,5.452144134458106e-10,29,26,,,7,0.0,0.0
1054,BNL,"12, 16",Electrons 85V,0.5,,,30.0,/Users/rkfuentes/Documents/md_anderson_analysis/yepes_code/2025-10-15/scope-results-2025-10-15-0594.csv,2.1776673827053206e-10,2.5290586798691036e-10,26,32,,,7,0.0,0.0
1055,BNL,"12, 16",Electrons 85V,0.5,,,30.0,/Users/rkfuentes/Documents/md_anderson_analysis/yepes_code/2025-10-15/scope-results-2025-10-15-0595.csv,3.272411321046708e-11,3.277399018809739e-10,13,30,,,7,0.0,0.0
1056,BNL,"12, 16",Electrons 85V,0.5,,,30.0,/Users/rkfuentes/Documents/md_anderson_analysis/yepes_code/2025-10-15/scope-results-2025-10-15-0596.csv,3.676077512508336e-07,3.1957290928494817e-10,65,28,,,7,0.0,0.0
1057,BNL,"12, 16",Electrons 85V,0.5,,,30.0,/Users/rkfuentes/Documents/md_anderson_analysis/yepes_code/2025-10-15/scope-results-2025-10-15-0597.csv,3.54345183136822e-07,2.0201209897914268e-10,63,4,,,7,0.0,0.0
1058,BNL,"12, 16",Electrons 85V,0.5,,,30.0,/Users/rkfuentes/Documents/md_anderson_analysis/yepes_code/2025-10-15/scope-results-2025-10-15-0598.csv,3.667750429468108e-07,1.5674409041432726e-10,73,32,,,7,0.0,0.0
1059,BNL,"12, 16",Electrons 85V,0.5,,,30.0,/Users/rkfuentes/Documents/md_anderson_analysis/yepes_code/2025-10-15/scope-results-2025-10-15-0599.csv,4.269215095970789e-07,3.3042510208428205e-10,80,32,,,7,0.0,0.0
1060,BNL,"12, 16",Electrons 85V,0.5,,,30.0,/Users/rkfuentes/Documents/md_anderson_analysis/yepes_code/2025-10-15/scope-results-2025-10-15-0600.csv,3.709337618758983e-07,1.7251930183153778e-10,66,25,,,7,0.0,0.0
1061,BNL,"12, 16",Electrons 85V,0.5,,,30.0,/Users/rkfuentes/Documents/md_anderson_analysis/yepes_code/2025-10-15/scope-results-2025-10-15-0652.csv,5.23136406911467e-07,6.539025544512453e-10,55,21,,,20,0.0,0.0
1062,BNL,"12, 16",Electrons 85V,0.5,,,30.0,/Users/rkfuentes/Documents/md_anderson_analysis/yepes_code/2025-10-15/scope-results-2025-10-15-0653.csv,5.181391289856144e-07,2.386766085689795e-06,47,307,,,20,0.0,1.0
1063,BNL,"12, 16",Electrons 85V,0.5,,,30.0,/Users/rkfuentes/Documents/md_anderson_analysis/yepes_code/2025-10-15/scope-results-2025-10-15-0654.csv,5.377064855599926e-07,2.3799729491384112e-06,52,341,,,20,0.0,1.0
1064,BNL,"12, 16",Electrons 85V,0.5,,,30.0,/Users/rkfuentes/Documents/md_anderson_analysis/yepes_code/2025-10-15/scope-results-2025-10-15-0655.csv,5.57657596807952e-07,2.3802353436970066e-06,56,313,,,20,0.0,1.0
1065,BNL,"12, 16",Electrons 85V,0.5,,,30.0,/Users/rkfuentes/Documents/md_anderson_analysis/yepes_code/2025-10-15/scope-results-2025-10-15-0656.csv,5.631525529785518e-07,2.5836413311685712e-06,56,329,,,20,0.0,1.0
1066,BNL,"12, 16",Electrons 85V,0.5,,,30.0,/Users/rkfuentes/Documents/md_anderson_analysis/yepes_code/2025-10-15/scope-results-2025-10-15-0657.csv,5.772548336182639e-07,2.4221434563022677e-06,53,334,,,20,0.0,1.0
1067,BNL,"12, 16",Electrons 85V,0.5,,,30.0,/Users/rkfuentes/Documents/md_anderson_analysis/yepes_code/2025-10-15/scope-results-2025-10-15-0658.csv,6.022084754743326e-07,2.389814505296121e-06,49,324,,,20,0.0,1.0
1068,BNL,"12, 16",Electrons 85V,0.5,,,30.0,/Users/rkfuentes/Documents/md_anderson_analysis/yepes_code/2025-10-15/scope-results-2025-10-15-0659.csv,5.67196691431632e-07,2.4658090298142123e-06,51,341,,,20,0.0,1.0
1069,BNL,"12, 16",Electrons 85V,0.5,,,30.0,/Users/rkfuentes/Documents/md_anderson_analysis/yepes_code/2025-10-15/scope-results-2025-10-15-0660.csv,6.048277413890999e-07,2.623650341588991e-06,54,318,,,20,0.0,1.0
1070,BNL,"12, 16",Electrons 85V,0.5,,,30.0,/Users/rkfuentes/Documents/md_anderson_analysis/yepes_code/2025-10-15/scope-results-2025-10-15-0661.csv,6.278095542259392e-07,2.553734729423888e-06,58,324,,,20,0.0,1.0
1071,BNL,"12, 16",Electrons 85V,0.5,,,30.0,/Users/rkfuentes/Documents/md_anderson_analysis/yepes_code/2025-10-15/scope-results-2025-10-15-0662.csv,6.416491053739767e-07,2.4437802714597037e-06,59,328,,,20,0.0,1.0
1072,BNL,"12, 16",Electrons 85V,0.5,,,30.0,/Users/rkfuentes/Documents/md_anderson_analysis/yepes_code/2025-10-15/scope-results-2025-10-15-0663.csv,6.450399562212457e-07,2.3598083530091153e-06,64,329,,,20,0.0,0.0
1073,BNL,"12, 16",Electrons 85V,0.5,,,30.0,/Users/rkfuentes/Documents/md_anderson_analysis/yepes_code/2025-10-15/scope-results-2025-10-15-0664.csv,6.434784467084956e-07,2.4236251106268186e-06,68,320,,,20,0.0,0.0
1074,BNL,"12, 16",Electrons 85V,0.5,,,30.0,/Users/rkfuentes/Documents/md_anderson_analysis/yepes_code/2025-10-15/scope-results-2025-10-15-0665.csv,6.154119578683151e-07,2.468539675073272e-06,54,339,,,20,0.0,1.0
1075,BNL,"12, 16",Electrons 85V,0.5,,,30.0,/Users/rkfuentes/Documents/md_anderson_analysis/yepes_code/2025-10-15/scope-results-2025-10-15-0666.csv,6.492338630084449e-07,2.413465649491478e-06,52,327,,,20,0.0,0.0
1076,BNL,"12, 16",Electrons 85V,0.5,,,30.0,/Users/rkfuentes/Documents/md_anderson_analysis/yepes_code/2025-10-15/scope-results-2025-10-15-0667.csv,6.510611123836218e-07,2.399078570824495e-06,65,332,,,20,0.0,1.0
1077,BNL,"12, 16",Electrons 85V,0.5,,,30.0,/Users/rkfuentes/Documents/md_anderson_analysis/yepes_code/2025-10-15/scope-results-2025-10-15-0668.csv,6.50475986472654e-07,2.3945709670970413e-06,52,325,,,20,0.0,1.0
1078,BNL,"12, 16",Electrons 85V,0.5,,,30.0,/Users/rkfuentes/Documents/md_anderson_analysis/yepes_code/2025-10-15/scope-results-2025-10-15-0669.csv,6.73507709100545e-07,2.4165016196474285e-06,56,325,,,20,0.0,1.0
1079,BNL,"12, 16",Electrons 85V,0.5,,,20.0,/Users/rkfuentes/Documents/md_anderson_analysis/yepes_code/2025-10-15/scope-results-2025-10-15-0722.csv,3.54407926146211e-07,2.575554508634897e-07,38,87,,,7,0.0,0.0
1080,BNL,"12, 16",Electrons 85V,0.5,,,20.0,/Users/rkfuentes/Documents/md_anderson_analysis/yepes_code/2025-10-15/scope-results-2025-10-15-0723.csv,3.788547374444868e-07,2.06528874407428e-07,37,49,,,7,0.0,0.0
1081,BNL,"12, 16",Electrons 85V,0.5,,,20.0,/Users/rkfuentes/Documents/md_anderson_analysis/yepes_code/2025-10-15/scope-results-2025-10-15-0724.csv,3.520127018682169e-07,2.0570852486231617e-07,46,50,,,7,0.0,0.0
1082,BNL,"12, 16",Electrons 85V,0.5,,,20.0,/Users/rkfuentes/Documents/md_anderson_analysis/yepes_code/2025-10-15/scope-results-2025-10-15-0725.csv,3.565076683249665e-07,2.0100797829533841e-07,45,51,,,7,0.0,0.0
1083,BNL,"12, 16",Electrons 85V,0.5,,,20.0,/Users/rkfuentes/Documents/md_anderson_analysis/yepes_code/2025-10-15/scope-results-2025-10-15-0726.csv,4.679334573862994e-07,1.85654117381502e-07,50,49,,,7,0.0,0.0
1084,BNL,"12, 16",Electrons 85V,0.5,,,20.0,/Users/rkfuentes/Documents/md_anderson_analysis/yepes_code/2025-10-15/scope-results-2025-10-15-0727.csv,3.938658316161074e-07,2.414386456714773e-07,43,62,,,7,0.0,0.0
1085,BNL,"12, 16",Electrons 85V,0.5,,,20.0,/Users/rkfuentes/Documents/md_anderson_analysis/yepes_code/2025-10-15/scope-results-2025-10-15-0728.csv,4.900290590170483e-07,2.3486773439313218e-07,49,64,,,7,0.0,0.0
1086,BNL,"12, 16",Electrons 85V,0.5,,,20.0,/Users/rkfuentes/Documents/md_anderson_analysis/yepes_code/2025-10-15/scope-results-2025-10-15-0729.csv,3.659131920591392e-07,2.4165315841614916e-07,41,62,,,7,0.0,0.0
1087,BNL,"12, 16",Electrons 85V,0.5,,,20.0,/Users/rkfuentes/Documents/md_anderson_analysis/yepes_code/2025-10-15/scope-results-2025-10-15-0730.csv,4.740360257196181e-07,2.0423845923466725e-07,49,51,,,7,0.0,0.0
1088,BNL,"12, 16",Electrons 85V,0.5,,,20.0,/Users/rkfuentes/Documents/md_anderson_analysis/yepes_code/2025-10-15/scope-results-2025-10-15-0731.csv,3.9130867714539034e-07,1.6730719014213377e-07,43,46,,,7,0.0,0.0
1089,BNL,"12, 16",Electrons 85V,0.5,,,20.0,/Users/rkfuentes/Documents/md_anderson_analysis/yepes_code/2025-10-15/scope-results-2025-10-15-0732.csv,4.295923481099057e-07,2.413803320622431e-07,40,71,,,7,0.0,0.0
1090,BNL,"12, 16",Electrons 85V,0.5,,,20.0,/Users/rkfuentes/Documents/md_anderson_analysis/yepes_code/2025-10-15/scope-results-2025-10-15-0733.csv,4.313250864632101e-07,2.0535351722763234e-07,40,53,,,7,0.0,0.0
1091,BNL,"12, 16",Electrons 85V,0.5,,,20.0,/Users/rkfuentes/Documents/md_anderson_analysis/yepes_code/2025-10-15/scope-results-2025-10-15-0734.csv,3.8825815177535636e-07,2.6410872184610864e-07,44,66,,,7,0.0,0.0
1092,BNL,"12, 16",Electrons 85V,0.5,,,20.0,/Users/rkfuentes/Documents/md_anderson_analysis/yepes_code/2025-10-15/scope-results-2025-10-15-0735.csv,3.757204207327339e-07,2.540791745914165e-07,39,63,,,7,0.0,0.0
1093,BNL,"12, 16",Electrons 85V,0.5,,,20.0,/Users/rkfuentes/Documents/md_anderson_analysis/yepes_code/2025-10-15/scope-results-2025-10-15-0736.csv,4.7648295505693715e-07,4.2195001938430487e-10,62,25,,,7,0.0,0.0
1094,BNL,"12, 16",Electrons 85V,0.5,,,20.0,/Users/rkfuentes/Documents/md_anderson_analysis/yepes_code/2025-10-15/scope-results-2025-10-15-0737.csv,4.0319172107296347e-07,1.7902057489435608e-07,44,50,,,7,0.0,0.0
1095,BNL,"12, 16",Electrons 85V,0.5,,,20.0,/Users/rkfuentes/Documents/md_anderson_analysis/yepes_code/2025-10-15/scope-results-2025-10-15-0738.csv,3.773821440028178e-07,2.0455857251059449e-07,37,48,,,7,0.0,0.0
1096,BNL,"12, 16",Electrons 85V,0.5,,,20.0,/Users/rkfuentes/Documents/md_anderson_analysis/yepes_code/2025-10-15/scope-results-2025-10-15-0739.csv,1.2124802428241745e-12,5.558458816443985e-11,7,22,,,7,0.0,0.0
1097,BNL,"12, 16",Electrons 85V,0.5,,,20.0,/Users/rkfuentes/Documents/md_anderson_analysis/yepes_code/2025-10-15/scope-results-2025-10-15-0794.csv,1.103839704791036e-06,3.15179660109597e-07,94,72,,,20,0.0,0.0
1098,BNL,"12, 16",Electrons 85V,0.5,,,20.0,/Users/rkfuentes/Documents/md_anderson_analysis/yepes_code/2025-10-15/scope-results-2025-10-15-0795.csv,1.049607826762329e-06,4.368972124759912e-07,95,88,,,20,0.0,0.0
1099,BNL,"12, 16",Electrons 85V,0.5,,,20.0,/Users/rkfuentes/Documents/md_anderson_analysis/yepes_code/2025-10-15/scope-results-2025-10-15-0796.csv,1.1494692440673035e-06,4.528879767870449e-07,98,88,,,20,0.0,0.0
1100,BNL,"12, 16",Electrons 85V,0.5,,,20.0,/Users/rkfuentes/Documents/md_anderson_analysis/yepes_code/2025-10-15/scope-results-2025-10-15-0797.csv,1.028394323304333e-06,3.6293028059563954e-07,92,73,,,20,0.0,0.0
1101,BNL,"12, 16",Electrons 85V,0.5,,,20.0,/Users/rkfuentes/Documents/md_anderson_analysis/yepes_code/2025-10-15/scope-results-2025-10-15-0798.csv,1.1168396051724009e-06,3.897815644428384e-07,104,81,,,20,0.0,0.0
1102,BNL,"12, 16",Electrons 85V,0.5,,,20.0,/Users/rkfuentes/Documents/md_anderson_analysis/yepes_code/2025-10-15/scope-results-2025-10-15-0799.csv,1.263297570604242e-06,3.8757327395849786e-07,108,87,,,20,0.0,0.0
1103,BNL,"12, 16",Electrons 85V,0.5,,,20.0,/Users/rkfuentes/Documents/md_anderson_analysis/yepes_code/2025-10-15/scope-results-2025-10-15-0800.csv,1.3420046642062917e-06,3.818980695221373e-07,111,80,,,20,0.0,0.0
1104,BNL,"12, 16",Electrons 85V,0.5,,,20.0,/Users/rkfuentes/Documents/md_anderson_analysis/yepes_code/2025-10-15/scope-results-2025-10-15-0801.csv,1.321441509503805e-06,4.586248905448723e-07,117,99,,,20,0.0,0.0
1105,BNL,"12, 16",Electrons 85V,0.5,,,20.0,/Users/rkfuentes/Documents/md_anderson_analysis/yepes_code/2025-10-15/scope-results-2025-10-15-0802.csv,1.3450009920464907e-06,4.5825444089977745e-07,120,99,,,20,0.0,0.0
1106,BNL,"12, 16",Electrons 85V,0.5,,,20.0,/Users/rkfuentes/Documents/md_anderson_analysis/yepes_code/2025-10-15/scope-results-2025-10-15-0803.csv,1.116370331900984e-06,4.572243514987823e-07,99,96,,,20,0.0,0.0
1107,BNL,"12, 16",Electrons 85V,0.5,,,20.0,/Users/rkfuentes/Documents/md_anderson_analysis/yepes_code/2025-10-15/scope-results-2025-10-15-0804.csv,1.3268365706270342e-06,4.031102962242829e-07,125,82,,,20,0.0,0.0
1108,BNL,"12, 16",Electrons 85V,0.5,,,20.0,/Users/rkfuentes/Documents/md_anderson_analysis/yepes_code/2025-10-15/scope-results-2025-10-15-0805.csv,1.076479889588801e-06,3.550284913000087e-07,97,80,,,20,0.0,0.0
1109,BNL,"12, 16",Electrons 85V,0.5,,,20.0,/Users/rkfuentes/Documents/md_anderson_analysis/yepes_code/2025-10-15/scope-results-2025-10-15-0806.csv,1.3077758903239295e-06,3.5476591345835e-07,118,74,,,20,0.0,0.0
1110,BNL,"12, 16",Electrons 85V,0.5,,,20.0,/Users/rkfuentes/Documents/md_anderson_analysis/yepes_code/2025-10-15/scope-results-2025-10-15-0807.csv,1.066756496544398e-06,3.373586481166154e-07,94,65,,,20,0.0,0.0
1111,BNL,"12, 16",Electrons 85V,0.5,,,20.0,/Users/rkfuentes/Documents/md_anderson_analysis/yepes_code/2025-10-15/scope-results-2025-10-15-0808.csv,1.312024205102122e-06,3.1469225924994265e-07,111,64,,,20,0.0,0.0
1112,BNL,"12, 16",Electrons 85V,0.5,,,20.0,/Users/rkfuentes/Documents/md_anderson_analysis/yepes_code/2025-10-15/scope-results-2025-10-15-0809.csv,1.0814836354010455e-06,3.672543749794216e-07,89,72,,,20,0.0,0.0
1113,BNL,"12, 16",Electrons 85V,0.5,,,20.0,/Users/rkfuentes/Documents/md_anderson_analysis/yepes_code/2025-10-15/scope-results-2025-10-15-0810.csv,1.3072796915980987e-06,3.129714909056074e-07,108,65,,,20,0.0,0.0
1114,BNL,"12, 16",Electrons 85V,0.5,,,20.0,/Users/rkfuentes/Documents/md_anderson_analysis/yepes_code/2025-10-15/scope-results-2025-10-15-0811.csv,1.0781472544285777e-06,4.598152883177657e-07,97,100,,,20,0.0,0.0
1115,BNL,"12, 16",Electrons 85V,0.5,,,20.0,/Users/rkfuentes/Documents/md_anderson_analysis/yepes_code/2025-10-15/scope-results-2025-10-15-0865.csv,4.219408503726644e-07,2.341342568522572e-06,151,427,,,0,0.0,0.0
1116,BNL,"12, 16",Electrons 85V,0.5,,,20.0,/Users/rkfuentes/Documents/md_anderson_analysis/yepes_code/2025-10-15/scope-results-2025-10-15-0866.csv,8.92817331599545e-10,2.3367634214024956e-06,16,439,,,0,0.0,0.0
1117,BNL,"12, 16",Electrons 85V,0.5,,,20.0,/Users/rkfuentes/Documents/md_anderson_analysis/yepes_code/2025-10-15/scope-results-2025-10-15-0867.csv,4.959997893418559e-10,2.3365122995931656e-06,25,416,,,0,0.0,0.0
1118,BNL,"12, 16",Electrons 85V,0.5,,,20.0,/Users/rkfuentes/Documents/md_anderson_analysis/yepes_code/2025-10-15/scope-results-2025-10-15-0868.csv,4.054481386882766e-07,2.3219549371912705e-06,153,432,,,0,0.0,0.0
1119,BNL,"12, 16",Electrons 85V,0.5,,,20.0,/Users/rkfuentes/Documents/md_anderson_analysis/yepes_code/2025-10-15/scope-results-2025-10-15-0869.csv,3.609455671964363e-07,2.297942110291495e-06,187,407,,,0,0.0,0.0
1120,BNL,"12, 16",Electrons 85V,0.5,,,20.0,/Users/rkfuentes/Documents/md_anderson_analysis/yepes_code/2025-10-15/scope-results-2025-10-15-0870.csv,3.635931990094618e-07,9.294405347775809e-09,130,8,,,0,0.0,0.0
1121,BNL,"12, 16",Electrons 85V,0.5,,,20.0,/Users/rkfuentes/Documents/md_anderson_analysis/yepes_code/2025-10-15/scope-results-2025-10-15-0871.csv,4.373111961498124e-07,2.3420208498925727e-06,176,439,,,0,0.0,0.0
1122,BNL,"12, 16",Electrons 85V,0.5,,,20.0,/Users/rkfuentes/Documents/md_anderson_analysis/yepes_code/2025-10-15/scope-results-2025-10-15-0872.csv,3.7575657716141906e-07,1.256290567232443e-09,156,2,,,0,0.0,0.0
1123,BNL,"12, 16",Electrons 85V,0.5,,,20.0,/Users/rkfuentes/Documents/md_anderson_analysis/yepes_code/2025-10-15/scope-results-2025-10-15-0873.csv,3.721643020707857e-07,2.356515242165423e-06,153,427,,,0,0.0,0.0
1124,BNL,"12, 16",Electrons 85V,0.5,,,20.0,/Users/rkfuentes/Documents/md_anderson_analysis/yepes_code/2025-10-15/scope-results-2025-10-15-0874.csv,2.8066271716251257e-07,6.200141630066562e-10,113,15,,,0,0.0,0.0
1125,BNL,"12, 16",Electrons 85V,0.5,,,20.0,/Users/rkfuentes/Documents/md_anderson_analysis/yepes_code/2025-10-15/scope-results-2025-10-15-0875.csv,4.239388105371906e-07,2.3271178546523965e-06,143,440,,,0,0.0,0.0
1126,BNL,"12, 16",Electrons 85V,0.5,,,20.0,/Users/rkfuentes/Documents/md_anderson_analysis/yepes_code/2025-10-15/scope-results-2025-10-15-0876.csv,2.6824691528281516e-07,2.301817519381994e-06,112,375,,,0,0.0,0.0
1127,BNL,"12, 16",Electrons 85V,0.5,,,20.0,/Users/rkfuentes/Documents/md_anderson_analysis/yepes_code/2025-10-15/scope-results-2025-10-15-0877.csv,3.348731860520562e-07,2.315460425184062e-06,123,445,,,0,0.0,0.0
1128,BNL,"12, 16",Electrons 85V,0.5,,,20.0,/Users/rkfuentes/Documents/md_anderson_analysis/yepes_code/2025-10-15/scope-results-2025-10-15-0878.csv,3.74870929966204e-07,1.1405488683453386e-09,159,4,,,0,0.0,0.0
1129,BNL,"12, 16",Electrons 85V,0.5,,,20.0,/Users/rkfuentes/Documents/md_anderson_analysis/yepes_code/2025-10-15/scope-results-2025-10-15-0879.csv,3.4831943595563956e-07,2.2924783497588467e-10,149,6,,,0,0.0,0.0
1130,BNL,"12, 16",Electrons 85V,0.5,,,20.0,/Users/rkfuentes/Documents/md_anderson_analysis/yepes_code/2025-10-15/scope-results-2025-10-15-0880.csv,3.5398448465245e-07,2.294368208331057e-06,142,380,,,0,0.0,0.0
1131,BNL,"12, 16",Electrons 85V,0.5,,,20.0,/Users/rkfuentes/Documents/md_anderson_analysis/yepes_code/2025-10-15/scope-results-2025-10-15-0881.csv,3.6816981594927513e-07,2.35806739298496e-06,129,401,,,0,0.0,0.0
1132,BNL,"12, 16",Electrons 110V,0.5,,,20.0,/Users/rkfuentes/Documents/md_anderson_analysis/yepes_code/2025-10-15/scope-results-2025-10-15-0937.csv,8.970602038971224e-23,8.970602038971224e-23,0,0,,,7,0.0,0.0
1133,BNL,"12, 16",Electrons 110V,0.5,,,20.0,/Users/rkfuentes/Documents/md_anderson_analysis/yepes_code/2025-10-15/scope-results-2025-10-15-0938.csv,4.135565361705077e-06,2.101415863324563e-06,241,213,,,0,3.0,0.0
1134,BNL,"12, 16",Electrons 85V,0.5,,,10.0,/Users/rkfuentes/Documents/md_anderson_analysis/yepes_code/2025-10-15/scope-results-2025-10-15-0940.csv,5.807714933211161e-07,2.737530520302336e-06,171,335,,,0,0.0,0.0
1135,BNL,"12, 16",Electrons 85V,0.5,,,10.0,/Users/rkfuentes/Documents/md_anderson_analysis/yepes_code/2025-10-15/scope-results-2025-10-15-0941.csv,5.727291853308075e-07,2.8483231453080205e-06,133,337,,,0,0.0,0.0
1136,BNL,"12, 16",Electrons 85V,0.5,,,10.0,/Users/rkfuentes/Documents/md_anderson_analysis/yepes_code/2025-10-15/scope-results-2025-10-15-0942.csv,5.641202021320098e-07,2.739677585548617e-06,148,332,,,0,0.0,0.0
1137,BNL,"12, 16",Electrons 85V,0.5,,,10.0,/Users/rkfuentes/Documents/md_anderson_analysis/yepes_code/2025-10-15/scope-results-2025-10-15-0943.csv,5.762968297340232e-07,2.736178018319793e-06,169,325,,,0,0.0,0.0
1138,BNL,"12, 16",Electrons 85V,0.5,,,10.0,/Users/rkfuentes/Documents/md_anderson_analysis/yepes_code/2025-10-15/scope-results-2025-10-15-0944.csv,5.687591366879107e-07,2.7518548253345753e-06,156,333,,,0,0.0,0.0
1139,BNL,"12, 16",Electrons 85V,0.5,,,10.0,/Users/rkfuentes/Documents/md_anderson_analysis/yepes_code/2025-10-15/scope-results-2025-10-15-0945.csv,6.121616798760296e-07,2.8835722138410416e-06,175,344,,,0,0.0,0.0
1140,BNL,"12, 16",Electrons 85V,0.5,,,10.0,/Users/rkfuentes/Documents/md_anderson_analysis/yepes_code/2025-10-15/scope-results-2025-10-15-0946.csv,5.71736981684582e-07,2.5406915924693487e-06,163,342,,,0,0.0,0.0
1141,BNL,"12, 16",Electrons 85V,0.5,,,10.0,/Users/rkfuentes/Documents/md_anderson_analysis/yepes_code/2025-10-15/scope-results-2025-10-15-0947.csv,5.976039628162324e-07,2.8373263441202742e-06,179,338,,,0,0.0,0.0
1142,BNL,"12, 16",Electrons 85V,0.5,,,10.0,/Users/rkfuentes/Documents/md_anderson_analysis/yepes_code/2025-10-15/scope-results-2025-10-15-0948.csv,5.958746717670628e-07,2.874441308912641e-06,154,348,,,0,0.0,0.0
1143,BNL,"12, 16",Electrons 85V,0.5,,,10.0,/Users/rkfuentes/Documents/md_anderson_analysis/yepes_code/2025-10-15/scope-results-2025-10-15-0949.csv,3.604809816400782e-07,2.6909679889545384e-06,104,335,,,0,0.0,0.0
1144,BNL,"12, 16",Electrons 85V,0.5,,,10.0,/Users/rkfuentes/Documents/md_anderson_analysis/yepes_code/2025-10-15/scope-results-2025-10-15-0950.csv,3.346975463158693e-07,2.6697649382103974e-06,107,329,,,0,0.0,0.0
1145,BNL,"12, 16",Electrons 85V,0.5,,,10.0,/Users/rkfuentes/Documents/md_anderson_analysis/yepes_code/2025-10-15/scope-results-2025-10-15-0951.csv,4.5253375757424436e-07,2.8751278830121353e-06,120,341,,,0,0.0,0.0
1146,BNL,"12, 16",Electrons 85V,0.5,,,10.0,/Users/rkfuentes/Documents/md_anderson_analysis/yepes_code/2025-10-15/scope-results-2025-10-15-0952.csv,5.684964022468632e-07,2.7275141125270214e-06,169,339,,,0,0.0,0.0
1147,BNL,"12, 16",Electrons 85V,0.5,,,10.0,/Users/rkfuentes/Documents/md_anderson_analysis/yepes_code/2025-10-15/scope-results-2025-10-15-0953.csv,4.5623662964075406e-10,2.7996679858720173e-06,22,340,,,0,0.0,0.0
1148,BNL,"12, 16",Electrons 85V,0.5,,,10.0,/Users/rkfuentes/Documents/md_anderson_analysis/yepes_code/2025-10-15/scope-results-2025-10-15-0954.csv,3.046453993667126e-07,2.3730998874773573e-08,88,11,,,0,0.0,0.0
1149,BNL,"12, 16",Electrons 85V,0.5,,,10.0,/Users/rkfuentes/Documents/md_anderson_analysis/yepes_code/2025-10-15/scope-results-2025-10-15-0955.csv,3.638619737950764e-07,1.1646872181429353e-08,113,7,,,0,0.0,0.0
1150,BNL,"12, 16",Electrons 85V,0.5,,,10.0,/Users/rkfuentes/Documents/md_anderson_analysis/yepes_code/2025-10-15/scope-results-2025-10-15-0956.csv,5.66273878712839e-07,2.7301035353914895e-06,179,333,,,0,0.0,0.0
1151,BNL,"12, 16",Electrons 85V,0.5,,,10.0,/Users/rkfuentes/Documents/md_anderson_analysis/yepes_code/2025-10-15/scope-results-2025-10-15-1007.csv,7.759238194983219e-07,2.659940702876569e-06,78,305,,,7,0.0,1.0
1152,BNL,"12, 16",Electrons 85V,0.5,,,10.0,/Users/rkfuentes/Documents/md_anderson_analysis/yepes_code/2025-10-15/scope-results-2025-10-15-1008.csv,7.901976444638703e-07,2.7554410750932947e-06,83,307,,,7,0.0,1.0
1153,BNL,"12, 16",Electrons 85V,0.5,,,10.0,/Users/rkfuentes/Documents/md_anderson_analysis/yepes_code/2025-10-15/scope-results-2025-10-15-1009.csv,7.583581236845032e-07,2.692442475840974e-06,80,303,,,7,0.0,1.0
1154,BNL,"12, 16",Electrons 85V,0.5,,,10.0,/Users/rkfuentes/Documents/md_anderson_analysis/yepes_code/2025-10-15/scope-results-2025-10-15-1010.csv,7.971411111517867e-07,2.8167915512819707e-06,75,304,,,7,0.0,1.0
1155,BNL,"12, 16",Electrons 85V,0.5,,,10.0,/Users/rkfuentes/Documents/md_anderson_analysis/yepes_code/2025-10-15/scope-results-2025-10-15-1011.csv,7.822511233428845e-07,1.657283851523874e-08,88,15,,,7,0.0,0.0
1156,BNL,"12, 16",Electrons 85V,0.5,,,10.0,/Users/rkfuentes/Documents/md_anderson_analysis/yepes_code/2025-10-15/scope-results-2025-10-15-1012.csv,7.778781230678126e-07,2.659234192344228e-06,87,296,,,7,0.0,1.0
1157,BNL,"12, 16",Electrons 85V,0.5,,,10.0,/Users/rkfuentes/Documents/md_anderson_analysis/yepes_code/2025-10-15/scope-results-2025-10-15-1013.csv,8.045189756377708e-07,2.804478700855404e-06,92,316,,,7,0.0,1.0
1158,BNL,"12, 16",Electrons 85V,0.5,,,10.0,/Users/rkfuentes/Documents/md_anderson_analysis/yepes_code/2025-10-15/scope-results-2025-10-15-1014.csv,7.723108509036993e-07,2.733808737842063e-06,82,305,,,7,0.0,1.0
1159,BNL,"12, 16",Electrons 85V,0.5,,,10.0,/Users/rkfuentes/Documents/md_anderson_analysis/yepes_code/2025-10-15/scope-results-2025-10-15-1015.csv,7.931719554663406e-07,2.712195140565019e-06,87,298,,,7,0.0,1.0
1160,BNL,"12, 16",Electrons 85V,0.5,,,10.0,/Users/rkfuentes/Documents/md_anderson_analysis/yepes_code/2025-10-15/scope-results-2025-10-15-1016.csv,8.266101326885065e-07,1.019613240248556e-08,97,5,,,7,0.0,0.0
1161,BNL,"12, 16",Electrons 85V,0.5,,,10.0,/Users/rkfuentes/Documents/md_anderson_analysis/yepes_code/2025-10-15/scope-results-2025-10-15-1017.csv,8.053971789202134e-07,2.7806886984405564e-06,95,295,,,7,0.0,1.0
1162,BNL,"12, 16",Electrons 85V,0.5,,,10.0,/Users/rkfuentes/Documents/md_anderson_analysis/yepes_code/2025-10-15/scope-results-2025-10-15-1018.csv,7.860921142087108e-07,2.7316001941585073e-06,90,308,,,7,0.0,1.0
1163,BNL,"12, 16",Electrons 85V,0.5,,,10.0,/Users/rkfuentes/Documents/md_anderson_analysis/yepes_code/2025-10-15/scope-results-2025-10-15-1019.csv,7.848764974030681e-07,2.687027336046149e-06,99,299,,,7,0.0,1.0
1164,BNL,"12, 16",Electrons 85V,0.5,,,10.0,/Users/rkfuentes/Documents/md_anderson_analysis/yepes_code/2025-10-15/scope-results-2025-10-15-1020.csv,8.075323851977061e-07,1.6570249070025592e-08,94,18,,,7,0.0,0.0
1165,BNL,"12, 16",Electrons 85V,0.5,,,10.0,/Users/rkfuentes/Documents/md_anderson_analysis/yepes_code/2025-10-15/scope-results-2025-10-15-1021.csv,7.764089995310698e-07,2.664186554384417e-06,75,298,,,7,0.0,1.0
1166,BNL,"12, 16",Electrons 85V,0.5,,,10.0,/Users/rkfuentes/Documents/md_anderson_analysis/yepes_code/2025-10-15/scope-results-2025-10-15-1022.csv,7.833324422417565e-07,2.6805480581277364e-06,87,295,,,7,0.0,1.0
1167,BNL,"12, 16",Electrons 85V,0.5,,,10.0,/Users/rkfuentes/Documents/md_anderson_analysis/yepes_code/2025-10-15/scope-results-2025-10-15-1023.csv,7.928959624336819e-07,2.7450135910324416e-06,90,319,,,7,0.0,1.0
1168,BNL,"12, 16",Electrons 85V,0.5,,,10.0,/Users/rkfuentes/Documents/md_anderson_analysis/yepes_code/2025-10-15/scope-results-2025-10-15-1024.csv,7.987640559675457e-07,2.84232135095123e-06,89,304,,,7,0.0,1.0
1169,BNL,"12, 16",Electrons 85V,0.5,,,10.0,/Users/rkfuentes/Documents/md_anderson_analysis/yepes_code/2025-10-15/scope-results-2025-10-15-1079.csv,1.5558541707476967e-06,2.8120923926490645e-06,154,308,,,20,1.0,1.0
1170,BNL,"12, 16",Electrons 85V,0.5,,,10.0,/Users/rkfuentes/Documents/md_anderson_analysis/yepes_code/2025-10-15/scope-results-2025-10-15-1080.csv,1.5611592228475444e-06,2.819561615312005e-06,152,312,,,20,1.0,1.0
1171,BNL,"12, 16",Electrons 85V,0.5,,,10.0,/Users/rkfuentes/Documents/md_anderson_analysis/yepes_code/2025-10-15/scope-results-2025-10-15-1081.csv,1.585049184748037e-06,2.8943409880747058e-06,147,303,,,20,1.0,1.0
1172,BNL,"12, 16",Electrons 85V,0.5,,,10.0,/Users/rkfuentes/Documents/md_anderson_analysis/yepes_code/2025-10-15/scope-results-2025-10-15-1082.csv,1.5716898246102685e-06,2.8115884044602186e-06,134,303,,,20,1.0,1.0
1173,BNL,"12, 16",Electrons 85V,0.5,,,10.0,/Users/rkfuentes/Documents/md_anderson_analysis/yepes_code/2025-10-15/scope-results-2025-10-15-1083.csv,1.5524799442860244e-06,8.100826816747158e-09,145,12,,,20,1.0,0.0
1174,BNL,"12, 16",Electrons 85V,0.5,,,10.0,/Users/rkfuentes/Documents/md_anderson_analysis/yepes_code/2025-10-15/scope-results-2025-10-15-1084.csv,1.5387678562603928e-06,6.295924766247633e-09,137,12,,,20,1.0,0.0
1175,BNL,"12, 16",Electrons 85V,0.5,,,10.0,/Users/rkfuentes/Documents/md_anderson_analysis/yepes_code/2025-10-15/scope-results-2025-10-15-1085.csv,1.5848678946606676e-06,2.868988426022639e-06,147,305,,,20,1.0,1.0
1176,BNL,"12, 16",Electrons 85V,0.5,,,10.0,/Users/rkfuentes/Documents/md_anderson_analysis/yepes_code/2025-10-15/scope-results-2025-10-15-1086.csv,1.5726585704708248e-06,2.9311982559539676e-06,136,307,,,20,1.0,1.0
1177,BNL,"12, 16",Electrons 85V,0.5,,,10.0,/Users/rkfuentes/Documents/md_anderson_analysis/yepes_code/2025-10-15/scope-results-2025-10-15-1087.csv,1.5493767533986097e-06,2.896685397139187e-06,128,304,,,20,1.0,1.0
1178,BNL,"12, 16",Electrons 85V,0.5,,,10.0,/Users/rkfuentes/Documents/md_anderson_analysis/yepes_code/2025-10-15/scope-results-2025-10-15-1088.csv,1.5601936604935726e-06,2.9238189245121092e-06,138,300,,,20,1.0,1.0
1179,BNL,"12, 16",Electrons 85V,0.5,,,10.0,/Users/rkfuentes/Documents/md_anderson_analysis/yepes_code/2025-10-15/scope-results-2025-10-15-1089.csv,1.5538415865377473e-06,2.8428288234513175e-06,134,311,,,20,1.0,1.0
1180,BNL,"12, 16",Electrons 85V,0.5,,,10.0,/Users/rkfuentes/Documents/md_anderson_analysis/yepes_code/2025-10-15/scope-results-2025-10-15-1090.csv,1.5400937078609705e-06,2.8837876627921005e-06,137,299,,,20,1.0,1.0
1181,BNL,"12, 16",Electrons 85V,0.5,,,10.0,/Users/rkfuentes/Documents/md_anderson_analysis/yepes_code/2025-10-15/scope-results-2025-10-15-1091.csv,1.5250691996656787e-06,2.847560738210101e-06,135,304,,,20,1.0,1.0
1182,BNL,"12, 16",Electrons 85V,0.5,,,10.0,/Users/rkfuentes/Documents/md_anderson_analysis/yepes_code/2025-10-15/scope-results-2025-10-15-1092.csv,1.538457469103988e-06,2.8953394525311684e-06,145,309,,,20,1.0,1.0
1183,BNL,"12, 16",Electrons 85V,0.5,,,10.0,/Users/rkfuentes/Documents/md_anderson_analysis/yepes_code/2025-10-15/scope-results-2025-10-15-1093.csv,1.5572597956491538e-06,2.9018427572464094e-06,139,306,,,20,1.0,1.0
1184,BNL,"12, 16",Electrons 85V,0.5,,,10.0,/Users/rkfuentes/Documents/md_anderson_analysis/yepes_code/2025-10-15/scope-results-2025-10-15-1094.csv,1.5261850636163817e-06,2.851087735351611e-06,138,299,,,20,1.0,1.0
1185,BNL,"12, 16",Electrons 85V,0.5,,,10.0,/Users/rkfuentes/Documents/md_anderson_analysis/yepes_code/2025-10-15/scope-results-2025-10-15-1095.csv,1.5058416547534876e-06,2.8133701299420463e-06,124,309,,,20,1.0,1.0
1186,BNL,"12, 16",Electrons 110V,0.5,,,100.0,/Users/rkfuentes/Documents/md_anderson_analysis/yepes_code/2025-10-15/scope-results-2025-10-15-1150.csv,8.073062629265417e-07,4.1564486689792433e-07,75,51,,,20,0.0,0.0
1187,BNL,"12, 16",Electrons 110V,0.5,,,100.0,/Users/rkfuentes/Documents/md_anderson_analysis/yepes_code/2025-10-15/scope-results-2025-10-15-1154.csv,2.7373127608292037e-07,8.324058467188801e-07,117,411,,,0,0.0,1.0
1188,BNL,"12, 16",Electrons 110V,0.5,,,100.0,/Users/rkfuentes/Documents/md_anderson_analysis/yepes_code/2025-10-15/scope-results-2025-10-15-1158.csv,6.390180217132835e-10,1.3310866916612202e-11,31,2,,,0,0.0,0.0
1189,BNL,"12, 16",Electrons 110V,0.5,,,100.0,/Users/rkfuentes/Documents/md_anderson_analysis/yepes_code/2025-10-15/scope-results-2025-10-15-1162.csv,1.4245043384326205e-07,9.72603233020865e-08,33,39,,,7,0.0,0.0
1190,BNL,"12, 16",Electrons 110V,0.5,,,75.0,/Users/rkfuentes/Documents/md_anderson_analysis/yepes_code/2025-10-15/scope-results-2025-10-15-1167.csv,3.7964421431013684e-07,3.0610096081268466e-07,45,55,,,7,0.0,0.0
1191,BNL,"12, 16",Electrons 110V,0.5,,,75.0,/Users/rkfuentes/Documents/md_anderson_analysis/yepes_code/2025-10-15/scope-results-2025-10-15-1171.csv,1.7031734433097603e-06,2.6187599253839912e-11,393,3,,,0,0.0,0.0
1192,BNL,"12, 16",Electrons 110V,0.5,,,50.0,/Users/rkfuentes/Documents/md_anderson_analysis/yepes_code/2025-10-15/scope-results-2025-10-15-1175.csv,9.454426631131052e-07,5.89463051892712e-07,166,241,,,0,0.0,0.0
1193,BNL,"12, 16",Electrons 110V,0.5,,,50.0,/Users/rkfuentes/Documents/md_anderson_analysis/yepes_code/2025-10-15/scope-results-2025-10-15-1179.csv,1.1898347062325012e-06,8.789950440821782e-07,89,120,,,7,1.0,0.0
1194,BNL,"12, 16",Electrons 110V,0.5,,,40.0,/Users/rkfuentes/Documents/md_anderson_analysis/yepes_code/2025-10-15/scope-results-2025-10-15-1183.csv,1.0176442988597003e-06,3.2464595488210405e-07,192,101,,,0,0.0,0.0
1195,BNL,"12, 16",Electrons 110V,0.5,,,30.0,/Users/rkfuentes/Documents/md_anderson_analysis/yepes_code/2025-10-15/scope-results-2025-10-15-1187.csv,1.3379508013563344e-06,2.9178878799757017e-06,207,488,,,0,0.0,0.0
1196,BNL,"12, 16",Electrons 110V,0.5,,,20.0,/Users/rkfuentes/Documents/md_anderson_analysis/yepes_code/2025-10-15/scope-results-2025-10-15-1191.csv,3.2564275965005325e-06,2.4080538395534376e-06,223,313,,,0,2.0,1.0
1197,BNL,"12, 16",Electrons 191V,0.5,,,100.0,/Users/rkfuentes/Documents/md_anderson_analysis/yepes_code/2025-10-15/scope-results-2025-10-15-1193.csv,3.704544627807977e-07,3.046943864736315e-07,86,126,,,0,0.0,0.0
1198,BNL,"12, 16",Electrons 191V,0.5,,,100.0,/Users/rkfuentes/Documents/md_anderson_analysis/yepes_code/2025-10-15/scope-results-2025-10-15-1197.csv,1.0451012392225423e-06,4.837277415769176e-07,76,48,,,7,0.0,0.0
1199,BNL,"12, 16",Electrons 191V,0.5,,,75.0,/Users/rkfuentes/Documents/md_anderson_analysis/yepes_code/2025-10-15/scope-results-2025-10-15-1199.csv,1.1319789679881645e-06,4.244623422916507e-07,158,103,,,0,0.0,0.0
1200,BNL,"12, 16",Electrons 191V,0.5,,,50.0,/Users/rkfuentes/Documents/md_anderson_analysis/yepes_code/2025-10-15/scope-results-2025-10-15-1203.csv,3.4582366437167345e-06,1.9091603112687127e-06,248,345,,,0,2.0,0.0
1201,BNL,"12, 16",Electrons 110V,0.5,,,125.0,/Users/rkfuentes/Documents/md_anderson_analysis/yepes_code/2025-10-15/scope-results-2025-10-15-1208.csv,9.531641651563767e-10,6.677393485738411e-09,23,4,,,0,0.0,0.0
1202,BNL,"12, 16",Electrons 110V,0.5,,,125.0,/Users/rkfuentes/Documents/md_anderson_analysis/yepes_code/2025-10-15/scope-results-2025-10-15-1212.csv,8.817268238496357e-08,1.3094169900132043e-06,87,360,,,7,0.0,0.0
1203,BNL,"12, 16",Electrons 110V,0.5,,,125.0,/Users/rkfuentes/Documents/md_anderson_analysis/yepes_code/2025-10-15/scope-results-2025-10-15-1216.csv,1.908999809221962e-07,1.3643148893437585e-06,63,348,,,20,0.0,0.0
1204,BNL,"12, 16",Electrons 191V,0.5,,,125.0,/Users/rkfuentes/Documents/md_anderson_analysis/yepes_code/2025-10-15/scope-results-2025-10-15-1220.csv,1.1310829320834615e-06,4.3842859316308515e-07,84,61,,,20,1.0,0.0
1205,BNL,"12, 16",Electrons 191V,0.5,,,125.0,/Users/rkfuentes/Documents/md_anderson_analysis/yepes_code/2025-10-15/scope-results-2025-10-15-1224.csv,5.4765001785715e-07,1.815192324373364e-10,53,8,,,7,0.0,0.0
1206,BNL,"12, 16",Electrons 191V,0.5,,,125.0,/Users/rkfuentes/Documents/md_anderson_analysis/yepes_code/2025-10-15/scope-results-2025-10-15-1228.csv,2.7244428993937027e-10,1.5175944716414392e-06,29,478,,,0,0.0,1.0
1207,BNL,"12, 16",Electrons 110V,0.5,,,150.0,/Users/rkfuentes/Documents/md_anderson_analysis/yepes_code/2025-10-15/scope-results-2025-10-15-1232.csv,1.3701372119540958e-07,1.5246394470444985e-06,144,414,,,0,0.0,0.0
1208,BNL,"12, 16",Electrons 110V,0.5,,,150.0,/Users/rkfuentes/Documents/md_anderson_analysis/yepes_code/2025-10-15/scope-results-2025-10-15-1233.csv,1.259687568286813e-07,1.5691063836964863e-06,130,397,,,0,0.0,0.0
1209,BNL,"12, 16",Electrons 110V,0.5,,,150.0,/Users/rkfuentes/Documents/md_anderson_analysis/yepes_code/2025-10-15/scope-results-2025-10-15-1234.csv,2.1503127921966782e-09,1.5618990028787556e-06,18,408,,,0,0.0,0.0
1210,BNL,"12, 16",Electrons 110V,0.5,,,150.0,/Users/rkfuentes/Documents/md_anderson_analysis/yepes_code/2025-10-15/scope-results-2025-10-15-1235.csv,2.8129282037003616e-10,6.499827529232249e-09,32,7,,,0,0.0,0.0
1211,BNL,"12, 16",Electrons 110V,0.5,,,150.0,/Users/rkfuentes/Documents/md_anderson_analysis/yepes_code/2025-10-15/scope-results-2025-10-15-1236.csv,7.440701028721504e-10,1.0683086553075781e-08,30,11,,,0,0.0,0.0
1212,BNL,"12, 16",Electrons 110V,0.5,,,150.0,/Users/rkfuentes/Documents/md_anderson_analysis/yepes_code/2025-10-15/scope-results-2025-10-15-1237.csv,6.612809510091604e-10,1.5345236446779358e-06,24,392,,,0,0.0,0.0
1213,BNL,"12, 16",Electrons 110V,0.5,,,150.0,/Users/rkfuentes/Documents/md_anderson_analysis/yepes_code/2025-10-15/scope-results-2025-10-15-1238.csv,2.931512744944095e-10,1.5646421113963466e-06,29,397,,,0,0.0,1.0
1214,BNL,"12, 16",Electrons 110V,0.5,,,150.0,/Users/rkfuentes/Documents/md_anderson_analysis/yepes_code/2025-10-15/scope-results-2025-10-15-1239.csv,1.303025882709957e-07,2.5621989599093576e-09,118,6,,,0,0.0,0.0
1215,BNL,"12, 16",Electrons 110V,0.5,,,150.0,/Users/rkfuentes/Documents/md_anderson_analysis/yepes_code/2025-10-15/scope-results-2025-10-15-1240.csv,4.82693261002576e-10,5.527176896239249e-09,28,9,,,0,0.0,0.0
1216,BNL,"12, 16",Electrons 110V,0.5,,,150.0,/Users/rkfuentes/Documents/md_anderson_analysis/yepes_code/2025-10-15/scope-results-2025-10-15-1241.csv,1.385901149006609e-07,1.550171817492906e-06,112,415,,,0,0.0,0.0
1217,BNL,"12, 16",Electrons 110V,0.5,,,150.0,/Users/rkfuentes/Documents/md_anderson_analysis/yepes_code/2025-10-15/scope-results-2025-10-15-1242.csv,1.3942043900607676e-07,1.5588468003783173e-06,114,404,,,0,0.0,0.0
1218,BNL,"12, 16",Electrons 110V,0.5,,,150.0,/Users/rkfuentes/Documents/md_anderson_analysis/yepes_code/2025-10-15/scope-results-2025-10-15-1243.csv,9.594941860024367e-10,1.5521314527934495e-06,33,405,,,0,0.0,0.0
1219,BNL,"12, 16",Electrons 110V,0.5,,,150.0,/Users/rkfuentes/Documents/md_anderson_analysis/yepes_code/2025-10-15/scope-results-2025-10-15-1244.csv,1.346297823764264e-07,1.541517067327254e-06,129,402,,,0,0.0,0.0
1220,BNL,"12, 16",Electrons 110V,0.5,,,150.0,/Users/rkfuentes/Documents/md_anderson_analysis/yepes_code/2025-10-15/scope-results-2025-10-15-1245.csv,1.4525381750933378e-07,1.530020454096924e-06,108,405,,,0,0.0,0.0
1221,BNL,"12, 16",Electrons 110V,0.5,,,150.0,/Users/rkfuentes/Documents/md_anderson_analysis/yepes_code/2025-10-15/scope-results-2025-10-15-1246.csv,1.6657569836516327e-09,1.525531891374961e-06,28,417,,,0,0.0,0.0
1222,BNL,"12, 16",Electrons 110V,0.5,,,150.0,/Users/rkfuentes/Documents/md_anderson_analysis/yepes_code/2025-10-15/scope-results-2025-10-15-1247.csv,7.478266506994121e-10,1.4907753207176152e-06,24,384,,,0,0.0,0.0
1223,BNL,"12, 16",Electrons 110V,0.5,,,150.0,/Users/rkfuentes/Documents/md_anderson_analysis/yepes_code/2025-10-15/scope-results-2025-10-15-1248.csv,3.6665566350916424e-10,1.5106296991562245e-06,19,381,,,0,0.0,0.0
1224,BNL,"12, 16",Electrons 110V,0.5,,,150.0,/Users/rkfuentes/Documents/md_anderson_analysis/yepes_code/2025-10-15/scope-results-2025-10-15-1253.csv,1.723359229903089e-09,1.246964776022746e-08,25,8,,,7,0.0,0.0
1225,BNL,"12, 16",Electrons 110V,0.5,,,150.0,/Users/rkfuentes/Documents/md_anderson_analysis/yepes_code/2025-10-15/scope-results-2025-10-15-1257.csv,1.819391144894544e-07,1.7003900846464722e-06,71,345,,,20,0.0,0.0
1226,BNL,"12, 16",Electrons 191V,0.5,,,150.0,/Users/rkfuentes/Documents/md_anderson_analysis/yepes_code/2025-10-15/scope-results-2025-10-15-1261.csv,1.034362375641414e-06,3.472150496648527e-07,82,47,,,20,0.0,0.0
1227,BNL,"12, 16",Electrons 191V,0.5,,,150.0,/Users/rkfuentes/Documents/md_anderson_analysis/yepes_code/2025-10-15/scope-results-2025-10-15-1265.csv,5.771774376687605e-07,1.1160125245581577e-07,58,27,,,7,0.0,0.0
1228,BNL,"12, 16",Electrons 191V,0.5,,,150.0,/Users/rkfuentes/Documents/md_anderson_analysis/yepes_code/2025-10-15/scope-results-2025-10-15-1269.csv,1.4997774003193574e-07,2.133289160053438e-06,59,375,,,0,0.0,1.0
1229,BNL,"12, 16",Electrons 110V,0.5,,,175.0,/Users/rkfuentes/Documents/md_anderson_analysis/yepes_code/2025-10-15/scope-results-2025-10-15-1273.csv,2.586756059631702e-10,2.6294538366746014e-11,23,2,,,0,0.0,0.0
1230,BNL,"12, 16",Electrons 110V,0.5,,,175.0,/Users/rkfuentes/Documents/md_anderson_analysis/yepes_code/2025-10-15/scope-results-2025-10-15-1277.csv,3.711084788609462e-08,6.008008754615012e-09,90,11,,,7,0.0,0.0
1231,BNL,"12, 16",Electrons 110V,0.5,,,175.0,/Users/rkfuentes/Documents/md_anderson_analysis/yepes_code/2025-10-15/scope-results-2025-10-15-1281.csv,6.465432779303681e-10,7.134474436109411e-11,21,6,,,20,0.0,0.0
1232,BNL,"12, 16",Electrons 191V,0.5,,,175.0,/Users/rkfuentes/Documents/md_anderson_analysis/yepes_code/2025-10-15/scope-results-2025-10-15-1285.csv,4.179664795744023e-07,1.892246276458649e-07,69,73,,,20,0.0,0.0
1233,BNL,"12, 16",Electrons 191V,0.5,,,175.0,/Users/rkfuentes/Documents/md_anderson_analysis/yepes_code/2025-10-15/scope-results-2025-10-15-1289.csv,6.555120540739564e-08,4.7416830806587983e-08,20,53,,,7,0.0,0.0
1234,BNL,"12, 16",Electrons 191V,0.5,,,175.0,/Users/rkfuentes/Documents/md_anderson_analysis/yepes_code/2025-10-15/scope-results-2025-10-15-1293.csv,4.4992168382692686e-08,1.7664579984619123e-10,41,4,,,0,0.0,0.0
1235,BNL,"12, 16",Electrons 110V,0.5,,,200.0,/Users/rkfuentes/Documents/md_anderson_analysis/yepes_code/2025-10-15/scope-results-2025-10-15-1297.csv,3.7887503305750054e-08,7.978698273737509e-07,85,399,,,0,0.0,0.0
1236,BNL,"12, 16",Electrons 110V,0.5,,,200.0,/Users/rkfuentes/Documents/md_anderson_analysis/yepes_code/2025-10-15/scope-results-2025-10-15-1301.csv,3.95583862123383e-10,1.5051282045826858e-10,27,5,,,7,0.0,0.0
1237,BNL,"12, 16",Electrons 110V,0.5,,,200.0,/Users/rkfuentes/Documents/md_anderson_analysis/yepes_code/2025-10-15/scope-results-2025-10-15-1305.csv,1.8231758677550756e-08,9.093508301748512e-07,59,515,,,20,0.0,0.0
1238,BNL,"12, 16",Electrons 191V,0.5,,,200.0,/Users/rkfuentes/Documents/md_anderson_analysis/yepes_code/2025-10-15/scope-results-2025-10-15-1309.csv,2.956192595236144e-07,1.515985918467191e-07,76,66,,,20,0.0,0.0
1239,BNL,"12, 16",Electrons 191V,0.5,,,200.0,/Users/rkfuentes/Documents/md_anderson_analysis/yepes_code/2025-10-15/scope-results-2025-10-15-1313.csv,9.035826010703039e-10,9.674823727275955e-10,28,5,,,7,0.0,0.0
1240,BNL,"12, 16",Electrons 191V,0.5,,,200.0,/Users/rkfuentes/Documents/md_anderson_analysis/yepes_code/2025-10-15/scope-results-2025-10-15-1316.csv,1.2944937319498697e-07,1.9287419513697591e-10,88,7,,,0,0.0,0.0
1241,BNL,"12, 16",Electrons 85V,1.0,,,50.0,/Users/rkfuentes/Documents/md_anderson_analysis/yepes_code/2025-10-15/scope-results-2025-10-15-0020.csv,7.968623679024558e-08,1.983874814424733e-06,107,617,,,20,0.0,0.0
1242,BNL,"12, 16",Electrons 85V,1.0,,,50.0,/Users/rkfuentes/Documents/md_anderson_analysis/yepes_code/2025-10-15/scope-results-2025-10-15-0021.csv,8.431885886155677e-08,3.872178830839898e-09,108,14,,,20,0.0,0.0
1243,BNL,"12, 16",Electrons 85V,1.0,,,50.0,/Users/rkfuentes/Documents/md_anderson_analysis/yepes_code/2025-10-15/scope-results-2025-10-15-0022.csv,9.30688350720294e-08,1.3787685804149432e-11,111,11,,,20,0.0,0.0
1244,BNL,"12, 16",Electrons 85V,1.0,,,50.0,/Users/rkfuentes/Documents/md_anderson_analysis/yepes_code/2025-10-15/scope-results-2025-10-15-0023.csv,2.4347762691733283e-11,4.6980134185223564e-11,7,7,,,20,0.0,0.0
1245,BNL,"12, 16",Electrons 85V,1.0,,,50.0,/Users/rkfuentes/Documents/md_anderson_analysis/yepes_code/2025-10-15/scope-results-2025-10-15-0101.csv,1.2774548523495332e-06,5.588847069438454e-07,202,272,,,50,1.0,0.0
1246,BNL,"12, 16",Electrons 85V,1.0,,,50.0,/Users/rkfuentes/Documents/md_anderson_analysis/yepes_code/2025-10-15/scope-results-2025-10-15-0102.csv,1.268936910841883e-06,2.977611661910545e-11,180,18,,,50,0.0,0.0
1247,BNL,"12, 16",Electrons 85V,1.0,,,50.0,/Users/rkfuentes/Documents/md_anderson_analysis/yepes_code/2025-10-15/scope-results-2025-10-15-0103.csv,1.2370098407664143e-06,5.60459058429495e-07,280,283,,,50,0.0,0.0
1248,BNL,"12, 16",Electrons 85V,1.0,,,50.0,/Users/rkfuentes/Documents/md_anderson_analysis/yepes_code/2025-10-15/scope-results-2025-10-15-0104.csv,1.2567143405962592e-06,1.4022658473877187e-11,171,15,,,50,0.0,0.0
1249,BNL,"12, 16",Electrons 85V,1.0,,,50.0,/Users/rkfuentes/Documents/md_anderson_analysis/yepes_code/2025-10-15/scope-results-2025-10-15-0105.csv,6.01015818033131e-07,5.416541912134466e-07,142,274,,,50,1.0,0.0
1250,BNL,"12, 16",Electrons 85V,1.0,,,50.0,/Users/rkfuentes/Documents/md_anderson_analysis/yepes_code/2025-10-15/scope-results-2025-10-15-0106.csv,6.080545877862411e-07,5.572539908561004e-07,147,63,,,50,1.0,0.0
1251,BNL,"12, 16",Electrons 85V,1.0,,,50.0,/Users/rkfuentes/Documents/md_anderson_analysis/yepes_code/2025-10-15/scope-results-2025-10-15-0107.csv,3.005935846205338e-07,1.925313812204859e-06,153,721,,,50,1.0,0.0
1252,BNL,"12, 16",Electrons 85V,1.0,,,50.0,/Users/rkfuentes/Documents/md_anderson_analysis/yepes_code/2025-10-15/scope-results-2025-10-15-0108.csv,1.5050691115187578e-06,7.969210663934517e-07,150,160,,,50,2.0,1.0
1253,BNL,"12, 16",Electrons 85V,1.0,,,50.0,/Users/rkfuentes/Documents/md_anderson_analysis/yepes_code/2025-10-15/scope-results-2025-10-15-0109.csv,1.500274555053035e-06,7.394830695433656e-07,154,173,,,50,2.0,1.0
1254,BNL,"12, 16",Electrons 85V,1.0,,,50.0,/Users/rkfuentes/Documents/md_anderson_analysis/yepes_code/2025-10-15/scope-results-2025-10-15-0110.csv,1.5121177575808317e-06,7.401527029148107e-07,141,159,,,50,2.0,1.0
1255,BNL,"12, 16",Electrons 85V,1.0,,,50.0,/Users/rkfuentes/Documents/md_anderson_analysis/yepes_code/2025-10-15/scope-results-2025-10-15-0140.csv,1.671994165589488e-06,1.3678319453044298e-06,168,249,,,100,3.0,3.0
1256,BNL,"12, 16",Electrons 85V,1.0,,,50.0,/Users/rkfuentes/Documents/md_anderson_analysis/yepes_code/2025-10-15/scope-results-2025-10-15-0141.csv,1.628128014631748e-06,1.351216632627363e-06,162,228,,,100,3.0,2.0
1257,BNL,"12, 16",Electrons 85V,1.0,,,50.0,/Users/rkfuentes/Documents/md_anderson_analysis/yepes_code/2025-10-15/scope-results-2025-10-15-0142.csv,1.650930481150813e-06,1.2925743594688037e-06,163,217,,,100,3.0,2.0
1258,BNL,"12, 16",Electrons 85V,1.0,,,50.0,/Users/rkfuentes/Documents/md_anderson_analysis/yepes_code/2025-10-15/scope-results-2025-10-15-0143.csv,1.6929301543502335e-06,1.3957445643735287e-06,153,220,,,100,3.0,3.0
1259,BNL,"12, 16",Electrons 85V,1.0,,,50.0,/Users/rkfuentes/Documents/md_anderson_analysis/yepes_code/2025-10-15/scope-results-2025-10-15-0144.csv,1.654199531815662e-06,1.310236176027138e-06,177,191,,,100,3.0,2.0
1260,BNL,"12, 16",Electrons 85V,1.0,,,50.0,/Users/rkfuentes/Documents/md_anderson_analysis/yepes_code/2025-10-15/scope-results-2025-10-15-0145.csv,1.690560754194275e-06,1.3464799568415023e-06,160,230,,,100,3.0,2.0
1261,BNL,"12, 16",Electrons 85V,1.0,,,50.0,/Users/rkfuentes/Documents/md_anderson_analysis/yepes_code/2025-10-15/scope-results-2025-10-15-0146.csv,1.691324109228654e-06,1.3126988984762508e-06,153,238,,,100,0.0,2.0
1262,BNL,"12, 16",Electrons 85V,1.0,,,50.0,/Users/rkfuentes/Documents/md_anderson_analysis/yepes_code/2025-10-15/scope-results-2025-10-15-0147.csv,1.6485530545903582e-06,1.3389586403580132e-06,151,233,,,100,3.0,2.0
1263,BNL,"12, 16",Electrons 85V,1.0,,,50.0,/Users/rkfuentes/Documents/md_anderson_analysis/yepes_code/2025-10-15/scope-results-2025-10-15-0148.csv,1.6754824753814303e-06,4.689177391011912e-09,159,16,,,100,3.0,0.0
1264,BNL,"12, 16",Electrons 85V,1.0,,,50.0,/Users/rkfuentes/Documents/md_anderson_analysis/yepes_code/2025-10-15/scope-results-2025-10-15-0149.csv,1.6212653094092045e-06,1.4087312869627795e-06,162,244,,,100,3.0,2.0
1265,BNL,"12, 16",Electrons 85V,1.0,,,40.0,/Users/rkfuentes/Documents/md_anderson_analysis/yepes_code/2025-10-15/scope-results-2025-10-15-0180.csv,6.6889168538216e-11,1.6947705670695335e-10,22,31,,,20,0.0,0.0
1266,BNL,"12, 16",Electrons 85V,1.0,,,40.0,/Users/rkfuentes/Documents/md_anderson_analysis/yepes_code/2025-10-15/scope-results-2025-10-15-0229.csv,1.5737370673095098e-06,1.462876564064622e-09,167,8,,,50,3.0,0.0
1267,BNL,"12, 16",Electrons 85V,1.0,,,40.0,/Users/rkfuentes/Documents/md_anderson_analysis/yepes_code/2025-10-15/scope-results-2025-10-15-0230.csv,1.5410380339346862e-06,8.500795728062414e-07,156,169,,,50,3.0,1.0
1268,BNL,"12, 16",Electrons 85V,1.0,,,40.0,/Users/rkfuentes/Documents/md_anderson_analysis/yepes_code/2025-10-15/scope-results-2025-10-15-0231.csv,1.5587451572094782e-06,8.497184887831782e-07,155,172,,,50,3.0,1.0
1269,BNL,"12, 16",Electrons 85V,1.0,,,40.0,/Users/rkfuentes/Documents/md_anderson_analysis/yepes_code/2025-10-15/scope-results-2025-10-15-0232.csv,1.557455165377836e-06,8.369995900189415e-07,165,161,,,50,3.0,2.0
1270,BNL,"12, 16",Electrons 85V,1.0,,,40.0,/Users/rkfuentes/Documents/md_anderson_analysis/yepes_code/2025-10-15/scope-results-2025-10-15-0233.csv,1.585959676947673e-06,4.6054492276117944e-10,159,5,,,50,3.0,0.0
1271,BNL,"12, 16",Electrons 85V,1.0,,,40.0,/Users/rkfuentes/Documents/md_anderson_analysis/yepes_code/2025-10-15/scope-results-2025-10-15-0234.csv,1.5291744983685154e-06,7.42224680301886e-10,151,5,,,50,3.0,0.0
1272,BNL,"12, 16",Electrons 85V,1.0,,,40.0,/Users/rkfuentes/Documents/md_anderson_analysis/yepes_code/2025-10-15/scope-results-2025-10-15-0235.csv,1.5680388778089348e-06,1.911822503024717e-09,150,8,,,50,3.0,0.0
1273,BNL,"12, 16",Electrons 85V,1.0,,,40.0,/Users/rkfuentes/Documents/md_anderson_analysis/yepes_code/2025-10-15/scope-results-2025-10-15-0236.csv,1.5520324604294683e-06,4.135755918606019e-09,168,6,,,50,3.0,0.0
1274,BNL,"12, 16",Electrons 85V,1.0,,,40.0,/Users/rkfuentes/Documents/md_anderson_analysis/yepes_code/2025-10-15/scope-results-2025-10-15-0237.csv,1.5584227262298554e-06,8.3874394431163e-07,162,179,,,50,3.0,1.0
1275,BNL,"12, 16",Electrons 85V,1.0,,,40.0,/Users/rkfuentes/Documents/md_anderson_analysis/yepes_code/2025-10-15/scope-results-2025-10-15-0238.csv,1.5055396679551434e-06,9.402232985866702e-10,145,5,,,50,3.0,0.0
1276,BNL,"12, 16",Electrons 85V,1.0,,,40.0,/Users/rkfuentes/Documents/md_anderson_analysis/yepes_code/2025-10-15/scope-results-2025-10-15-0239.csv,1.54782592952917e-06,8.140574415470821e-07,162,157,,,50,3.0,3.0
1277,BNL,"12, 16",Electrons 85V,1.0,,,40.0,/Users/rkfuentes/Documents/md_anderson_analysis/yepes_code/2025-10-15/scope-results-2025-10-15-0240.csv,1.562258389265654e-06,8.282100187990811e-07,154,161,,,50,3.0,2.0
1278,BNL,"12, 16",Electrons 85V,1.0,,,40.0,/Users/rkfuentes/Documents/md_anderson_analysis/yepes_code/2025-10-15/scope-results-2025-10-15-0241.csv,1.5541301455382516e-06,1.847304834798451e-09,160,11,,,50,3.0,0.0
1279,BNL,"12, 16",Electrons 85V,1.0,,,40.0,/Users/rkfuentes/Documents/md_anderson_analysis/yepes_code/2025-10-15/scope-results-2025-10-15-0242.csv,1.5091317004968766e-06,3.1332101304857375e-10,158,6,,,50,3.0,0.0
1280,BNL,"12, 16",Electrons 85V,1.0,,,40.0,/Users/rkfuentes/Documents/md_anderson_analysis/yepes_code/2025-10-15/scope-results-2025-10-15-0243.csv,1.525743933968693e-06,2.497047244714928e-09,168,9,,,50,3.0,0.0
1281,BNL,"12, 16",Electrons 85V,1.0,,,40.0,/Users/rkfuentes/Documents/md_anderson_analysis/yepes_code/2025-10-15/scope-results-2025-10-15-0244.csv,1.5563095315819724e-06,5.6653593288608355e-09,150,10,,,50,3.0,0.0
1282,BNL,"12, 16",Electrons 85V,1.0,,,40.0,/Users/rkfuentes/Documents/md_anderson_analysis/yepes_code/2025-10-15/scope-results-2025-10-15-0245.csv,1.5284532377470377e-06,2.906404887024192e-09,151,8,,,50,3.0,0.0
1283,BNL,"12, 16",Electrons 85V,1.0,,,40.0,/Users/rkfuentes/Documents/md_anderson_analysis/yepes_code/2025-10-15/scope-results-2025-10-15-0246.csv,1.5654422421219524e-06,3.556069098371926e-09,159,7,,,50,3.0,0.0
1284,BNL,"12, 16",Electrons 85V,1.0,,,40.0,/Users/rkfuentes/Documents/md_anderson_analysis/yepes_code/2025-10-15/scope-results-2025-10-15-0300.csv,1.5601508169156754e-06,1.4434512033126671e-06,192,265,,,100,3.0,3.0
1285,BNL,"12, 16",Electrons 85V,1.0,,,40.0,/Users/rkfuentes/Documents/md_anderson_analysis/yepes_code/2025-10-15/scope-results-2025-10-15-0301.csv,1.5470690079241124e-06,1.42326259966034e-06,191,210,,,100,3.0,2.0
1286,BNL,"12, 16",Electrons 85V,1.0,,,40.0,/Users/rkfuentes/Documents/md_anderson_analysis/yepes_code/2025-10-15/scope-results-2025-10-15-0302.csv,1.5799641979658947e-06,1.393344019706617e-06,192,196,,,100,3.0,3.0
1287,BNL,"12, 16",Electrons 85V,1.0,,,40.0,/Users/rkfuentes/Documents/md_anderson_analysis/yepes_code/2025-10-15/scope-results-2025-10-15-0303.csv,1.5784953100283834e-06,8.871590266762e-09,200,9,,,100,3.0,0.0
1288,BNL,"12, 16",Electrons 85V,1.0,,,40.0,/Users/rkfuentes/Documents/md_anderson_analysis/yepes_code/2025-10-15/scope-results-2025-10-15-0304.csv,1.5676071953881092e-06,1.428065674699779e-06,178,207,,,100,3.0,3.0
1289,BNL,"12, 16",Electrons 85V,1.0,,,40.0,/Users/rkfuentes/Documents/md_anderson_analysis/yepes_code/2025-10-15/scope-results-2025-10-15-0305.csv,1.564153637931475e-06,1.4339359208051734e-06,200,206,,,100,0.0,3.0
1290,BNL,"12, 16",Electrons 85V,1.0,,,40.0,/Users/rkfuentes/Documents/md_anderson_analysis/yepes_code/2025-10-15/scope-results-2025-10-15-0306.csv,1.505827987359846e-06,2.820081387229606e-09,179,9,,,100,3.0,0.0
1291,BNL,"12, 16",Electrons 85V,1.0,,,40.0,/Users/rkfuentes/Documents/md_anderson_analysis/yepes_code/2025-10-15/scope-results-2025-10-15-0307.csv,1.5500024127995646e-06,1.6138818962003171e-09,174,7,,,100,3.0,0.0
1292,BNL,"12, 16",Electrons 85V,1.0,,,40.0,/Users/rkfuentes/Documents/md_anderson_analysis/yepes_code/2025-10-15/scope-results-2025-10-15-0308.csv,2.5973585525066633e-08,1.4056917156602478e-06,16,198,,,100,0.0,3.0
1293,BNL,"12, 16",Electrons 85V,1.0,,,40.0,/Users/rkfuentes/Documents/md_anderson_analysis/yepes_code/2025-10-15/scope-results-2025-10-15-0309.csv,1.572080099622404e-06,1.458515864143237e-06,190,224,,,100,0.0,3.0
1294,BNL,"12, 16",Electrons 85V,1.0,,,40.0,/Users/rkfuentes/Documents/md_anderson_analysis/yepes_code/2025-10-15/scope-results-2025-10-15-0310.csv,1.5325506952235525e-06,1.7266051404519863e-09,189,12,,,100,0.0,0.0
1295,BNL,"12, 16",Electrons 85V,1.0,,,40.0,/Users/rkfuentes/Documents/md_anderson_analysis/yepes_code/2025-10-15/scope-results-2025-10-15-0311.csv,1.5336507555019776e-06,1.332344727732632e-06,192,209,,,100,3.0,3.0
1296,BNL,"12, 16",Electrons 85V,1.0,,,40.0,/Users/rkfuentes/Documents/md_anderson_analysis/yepes_code/2025-10-15/scope-results-2025-10-15-0312.csv,1.5705971455822085e-06,1.4285687994103542e-06,198,195,,,100,0.0,3.0
1297,BNL,"12, 16",Electrons 85V,1.0,,,40.0,/Users/rkfuentes/Documents/md_anderson_analysis/yepes_code/2025-10-15/scope-results-2025-10-15-0313.csv,1.5550792488896229e-06,1.3802143104508557e-06,205,206,,,100,3.0,3.0
1298,BNL,"12, 16",Electrons 85V,1.0,,,40.0,/Users/rkfuentes/Documents/md_anderson_analysis/yepes_code/2025-10-15/scope-results-2025-10-15-0314.csv,1.5153337579023026e-06,1.418575080765549e-06,193,203,,,100,3.0,3.0
1299,BNL,"12, 16",Electrons 85V,1.0,,,40.0,/Users/rkfuentes/Documents/md_anderson_analysis/yepes_code/2025-10-15/scope-results-2025-10-15-0315.csv,1.549556459293748e-06,1.4171247967698114e-06,194,232,,,100,0.0,3.0
1300,BNL,"12, 16",Electrons 85V,1.0,,,40.0,/Users/rkfuentes/Documents/md_anderson_analysis/yepes_code/2025-10-15/scope-results-2025-10-15-0316.csv,1.520906260711849e-06,1.3936955590576814e-06,176,210,,,100,3.0,3.0
1301,BNL,"12, 16",Electrons 85V,1.0,,,40.0,/Users/rkfuentes/Documents/md_anderson_analysis/yepes_code/2025-10-15/scope-results-2025-10-15-0533.csv,1.3972142663637774e-11,6.45366209099003e-10,10,27,,,7,0.0,0.0
1302,BNL,"12, 16",Electrons 85V,1.0,,,40.0,/Users/rkfuentes/Documents/md_anderson_analysis/yepes_code/2025-10-15/scope-results-2025-10-15-0534.csv,1.0585510423310388e-10,2.621379150291631e-10,23,30,,,7,0.0,0.0
1303,BNL,"12, 16",Electrons 85V,1.0,,,30.0,/Users/rkfuentes/Documents/md_anderson_analysis/yepes_code/2025-10-15/scope-results-2025-10-15-0601.csv,1.1186028669181011e-06,6.284918012349355e-10,195,27,,,7,0.0,0.0
1304,BNL,"12, 16",Electrons 85V,1.0,,,30.0,/Users/rkfuentes/Documents/md_anderson_analysis/yepes_code/2025-10-15/scope-results-2025-10-15-0602.csv,6.546264642623516e-11,3.62044014287974e-10,12,26,,,7,0.0,0.0
1305,BNL,"12, 16",Electrons 85V,1.0,,,30.0,/Users/rkfuentes/Documents/md_anderson_analysis/yepes_code/2025-10-15/scope-results-2025-10-15-0670.csv,1.2665381388957337e-06,2.705442319904362e-06,42,319,,,20,0.0,1.0
1306,BNL,"12, 16",Electrons 85V,1.0,,,30.0,/Users/rkfuentes/Documents/md_anderson_analysis/yepes_code/2025-10-15/scope-results-2025-10-15-0671.csv,1.27274712416565e-06,2.9202845484209297e-06,84,316,,,20,0.0,1.0
1307,BNL,"12, 16",Electrons 85V,1.0,,,30.0,/Users/rkfuentes/Documents/md_anderson_analysis/yepes_code/2025-10-15/scope-results-2025-10-15-0672.csv,1.3083566810804096e-06,2.7316399586643624e-06,73,323,,,20,0.0,1.0
1308,BNL,"12, 16",Electrons 85V,1.0,,,30.0,/Users/rkfuentes/Documents/md_anderson_analysis/yepes_code/2025-10-15/scope-results-2025-10-15-0673.csv,1.2957270626871388e-06,2.6541633154458696e-06,69,334,,,20,0.0,0.0
1309,BNL,"12, 16",Electrons 85V,1.0,,,30.0,/Users/rkfuentes/Documents/md_anderson_analysis/yepes_code/2025-10-15/scope-results-2025-10-15-0674.csv,1.3244233658077244e-06,2.788038707136662e-06,44,311,,,20,0.0,1.0
1310,BNL,"12, 16",Electrons 85V,1.0,,,30.0,/Users/rkfuentes/Documents/md_anderson_analysis/yepes_code/2025-10-15/scope-results-2025-10-15-0675.csv,1.3662602625565074e-06,2.945840157877574e-06,93,313,,,20,0.0,1.0
1311,BNL,"12, 16",Electrons 85V,1.0,,,30.0,/Users/rkfuentes/Documents/md_anderson_analysis/yepes_code/2025-10-15/scope-results-2025-10-15-0676.csv,1.3783386603339553e-06,3.576367975932862e-10,52,31,,,20,0.0,0.0
1312,BNL,"12, 16",Electrons 85V,1.0,,,30.0,/Users/rkfuentes/Documents/md_anderson_analysis/yepes_code/2025-10-15/scope-results-2025-10-15-0677.csv,1.38540191714238e-06,2.954541798688868e-06,50,318,,,20,0.0,1.0
1313,BNL,"12, 16",Electrons 85V,1.0,,,30.0,/Users/rkfuentes/Documents/md_anderson_analysis/yepes_code/2025-10-15/scope-results-2025-10-15-0678.csv,1.3861353611711564e-06,2.898892415642633e-06,40,311,,,20,0.0,1.0
1314,BNL,"12, 16",Electrons 85V,1.0,,,30.0,/Users/rkfuentes/Documents/md_anderson_analysis/yepes_code/2025-10-15/scope-results-2025-10-15-0679.csv,1.3897612065865918e-06,2.712021320665154e-06,51,317,,,20,0.0,0.0
1315,BNL,"12, 16",Electrons 85V,1.0,,,30.0,/Users/rkfuentes/Documents/md_anderson_analysis/yepes_code/2025-10-15/scope-results-2025-10-15-0680.csv,1.38246878477479e-06,2.8198684628837265e-06,55,325,,,20,0.0,1.0
1316,BNL,"12, 16",Electrons 85V,1.0,,,30.0,/Users/rkfuentes/Documents/md_anderson_analysis/yepes_code/2025-10-15/scope-results-2025-10-15-0681.csv,1.3990959240530254e-06,2.665981798839326e-06,51,321,,,20,0.0,1.0
1317,BNL,"12, 16",Electrons 85V,1.0,,,30.0,/Users/rkfuentes/Documents/md_anderson_analysis/yepes_code/2025-10-15/scope-results-2025-10-15-0682.csv,1.3596668984035924e-06,2.6995399951501977e-06,50,330,,,20,0.0,1.0
1318,BNL,"12, 16",Electrons 85V,1.0,,,30.0,/Users/rkfuentes/Documents/md_anderson_analysis/yepes_code/2025-10-15/scope-results-2025-10-15-0683.csv,1.3499704910532644e-06,2.7623387488674348e-06,46,325,,,20,0.0,1.0
1319,BNL,"12, 16",Electrons 85V,1.0,,,30.0,/Users/rkfuentes/Documents/md_anderson_analysis/yepes_code/2025-10-15/scope-results-2025-10-15-0684.csv,1.3585009268325603e-06,1.3575924781040388e-10,55,27,,,20,0.0,0.0
1320,BNL,"12, 16",Electrons 85V,1.0,,,30.0,/Users/rkfuentes/Documents/md_anderson_analysis/yepes_code/2025-10-15/scope-results-2025-10-15-0685.csv,1.3717853837412855e-06,2.7086157594849245e-06,52,326,,,20,0.0,1.0
1321,BNL,"12, 16",Electrons 85V,1.0,,,30.0,/Users/rkfuentes/Documents/md_anderson_analysis/yepes_code/2025-10-15/scope-results-2025-10-15-0686.csv,1.3333518111827658e-06,3.35727807657797e-12,87,26,,,20,0.0,0.0
1322,BNL,"12, 16",Electrons 85V,1.0,,,20.0,/Users/rkfuentes/Documents/md_anderson_analysis/yepes_code/2025-10-15/scope-results-2025-10-15-0740.csv,9.44283388404886e-07,3.5775649801763125e-10,77,23,,,7,0.0,0.0
1323,BNL,"12, 16",Electrons 85V,1.0,,,20.0,/Users/rkfuentes/Documents/md_anderson_analysis/yepes_code/2025-10-15/scope-results-2025-10-15-0741.csv,1.0274747282155704e-06,2.5266474805511955e-10,83,22,,,7,0.0,0.0
1324,BNL,"12, 16",Electrons 85V,1.0,,,20.0,/Users/rkfuentes/Documents/md_anderson_analysis/yepes_code/2025-10-15/scope-results-2025-10-15-0742.csv,1.0631803679661955e-06,4.406159285655581e-07,72,94,,,7,0.0,0.0
1325,BNL,"12, 16",Electrons 85V,1.0,,,20.0,/Users/rkfuentes/Documents/md_anderson_analysis/yepes_code/2025-10-15/scope-results-2025-10-15-0743.csv,9.656342149511292e-07,4.4495756817735107e-07,79,85,,,7,0.0,0.0
1326,BNL,"12, 16",Electrons 85V,1.0,,,20.0,/Users/rkfuentes/Documents/md_anderson_analysis/yepes_code/2025-10-15/scope-results-2025-10-15-0744.csv,1.094557055870773e-06,4.59255947928895e-07,80,97,,,7,1.0,0.0
1327,BNL,"12, 16",Electrons 85V,1.0,,,20.0,/Users/rkfuentes/Documents/md_anderson_analysis/yepes_code/2025-10-15/scope-results-2025-10-15-0745.csv,1.1456199535685505e-06,4.857050233333177e-07,89,78,,,7,0.0,0.0
1328,BNL,"12, 16",Electrons 85V,1.0,,,20.0,/Users/rkfuentes/Documents/md_anderson_analysis/yepes_code/2025-10-15/scope-results-2025-10-15-0746.csv,1.038676657923475e-06,4.426059943343525e-07,80,79,,,7,0.0,0.0
1329,BNL,"12, 16",Electrons 85V,1.0,,,20.0,/Users/rkfuentes/Documents/md_anderson_analysis/yepes_code/2025-10-15/scope-results-2025-10-15-0747.csv,1.020543110147809e-06,5.712316408472496e-07,82,107,,,7,0.0,0.0
1330,BNL,"12, 16",Electrons 85V,1.0,,,20.0,/Users/rkfuentes/Documents/md_anderson_analysis/yepes_code/2025-10-15/scope-results-2025-10-15-0748.csv,4.459800817295154e-07,4.2968451719543786e-07,94,78,,,7,0.0,0.0
1331,BNL,"12, 16",Electrons 85V,1.0,,,20.0,/Users/rkfuentes/Documents/md_anderson_analysis/yepes_code/2025-10-15/scope-results-2025-10-15-0749.csv,4.260505160170611e-07,4.554414985541726e-07,78,99,,,7,0.0,0.0
1332,BNL,"12, 16",Electrons 85V,1.0,,,20.0,/Users/rkfuentes/Documents/md_anderson_analysis/yepes_code/2025-10-15/scope-results-2025-10-15-0750.csv,4.18412476130227e-07,9.898567829578913e-09,78,13,,,7,0.0,0.0
1333,BNL,"12, 16",Electrons 85V,1.0,,,20.0,/Users/rkfuentes/Documents/md_anderson_analysis/yepes_code/2025-10-15/scope-results-2025-10-15-0751.csv,4.4488097615956993e-07,5.9153070789724e-07,97,108,,,7,0.0,0.0
1334,BNL,"12, 16",Electrons 85V,1.0,,,20.0,/Users/rkfuentes/Documents/md_anderson_analysis/yepes_code/2025-10-15/scope-results-2025-10-15-0752.csv,1.0600748453851962e-06,5.657084045385618e-07,86,108,,,7,0.0,0.0
1335,BNL,"12, 16",Electrons 85V,1.0,,,20.0,/Users/rkfuentes/Documents/md_anderson_analysis/yepes_code/2025-10-15/scope-results-2025-10-15-0753.csv,1.2004799889232505e-06,5.349832841634302e-07,95,95,,,7,1.0,0.0
1336,BNL,"12, 16",Electrons 85V,1.0,,,20.0,/Users/rkfuentes/Documents/md_anderson_analysis/yepes_code/2025-10-15/scope-results-2025-10-15-0754.csv,1.206867528815679e-06,4.89814266278312e-07,89,100,,,7,1.0,0.0
1337,BNL,"12, 16",Electrons 85V,1.0,,,20.0,/Users/rkfuentes/Documents/md_anderson_analysis/yepes_code/2025-10-15/scope-results-2025-10-15-0755.csv,1.0346986309094255e-06,4.049764583475272e-07,80,72,,,7,0.0,0.0
1338,BNL,"12, 16",Electrons 85V,1.0,,,20.0,/Users/rkfuentes/Documents/md_anderson_analysis/yepes_code/2025-10-15/scope-results-2025-10-15-0756.csv,9.98982606874909e-07,6.842286522071902e-11,77,3,,,7,0.0,0.0
1339,BNL,"12, 16",Electrons 85V,1.0,,,20.0,/Users/rkfuentes/Documents/md_anderson_analysis/yepes_code/2025-10-15/scope-results-2025-10-15-0757.csv,1.0039441746731184e-06,2.058879238776194e-09,89,9,,,7,0.0,0.0
1340,BNL,"12, 16",Electrons 85V,1.0,,,20.0,/Users/rkfuentes/Documents/md_anderson_analysis/yepes_code/2025-10-15/scope-results-2025-10-15-0812.csv,2.020535678005745e-06,7.618791385451942e-07,139,127,,,20,1.0,0.0
1341,BNL,"12, 16",Electrons 85V,1.0,,,20.0,/Users/rkfuentes/Documents/md_anderson_analysis/yepes_code/2025-10-15/scope-results-2025-10-15-0813.csv,1.7567043069692717e-06,8.11929346448378e-07,123,110,,,20,1.0,0.0
1342,BNL,"12, 16",Electrons 85V,1.0,,,20.0,/Users/rkfuentes/Documents/md_anderson_analysis/yepes_code/2025-10-15/scope-results-2025-10-15-0814.csv,1.7227146102583875e-06,8.399837110931549e-07,124,125,,,20,1.0,0.0
1343,BNL,"12, 16",Electrons 85V,1.0,,,20.0,/Users/rkfuentes/Documents/md_anderson_analysis/yepes_code/2025-10-15/scope-results-2025-10-15-0815.csv,1.7286057807996256e-06,7.883630777945084e-07,128,121,,,20,1.0,0.0
1344,BNL,"12, 16",Electrons 85V,1.0,,,20.0,/Users/rkfuentes/Documents/md_anderson_analysis/yepes_code/2025-10-15/scope-results-2025-10-15-0816.csv,2.0109795613548485e-06,7.604202354297086e-07,132,126,,,20,1.0,0.0
1345,BNL,"12, 16",Electrons 85V,1.0,,,20.0,/Users/rkfuentes/Documents/md_anderson_analysis/yepes_code/2025-10-15/scope-results-2025-10-15-0817.csv,2.025210166479587e-06,7.849449704550532e-07,146,115,,,20,1.0,0.0
1346,BNL,"12, 16",Electrons 85V,1.0,,,20.0,/Users/rkfuentes/Documents/md_anderson_analysis/yepes_code/2025-10-15/scope-results-2025-10-15-0818.csv,1.7306185685986126e-06,7.808193073479548e-07,127,116,,,20,1.0,0.0
1347,BNL,"12, 16",Electrons 85V,1.0,,,20.0,/Users/rkfuentes/Documents/md_anderson_analysis/yepes_code/2025-10-15/scope-results-2025-10-15-0819.csv,2.076926938928089e-06,8.252228051657478e-07,146,130,,,20,1.0,0.0
1348,BNL,"12, 16",Electrons 85V,1.0,,,20.0,/Users/rkfuentes/Documents/md_anderson_analysis/yepes_code/2025-10-15/scope-results-2025-10-15-0820.csv,1.731891998962724e-06,9.66478999685634e-07,118,143,,,20,1.0,0.0
1349,BNL,"12, 16",Electrons 85V,1.0,,,20.0,/Users/rkfuentes/Documents/md_anderson_analysis/yepes_code/2025-10-15/scope-results-2025-10-15-0821.csv,1.99689976909501e-06,9.211788248802116e-07,138,136,,,20,1.0,0.0
1350,BNL,"12, 16",Electrons 85V,1.0,,,20.0,/Users/rkfuentes/Documents/md_anderson_analysis/yepes_code/2025-10-15/scope-results-2025-10-15-0822.csv,2.0486891287270168e-06,7.073985870246768e-07,147,103,,,20,1.0,0.0
1351,BNL,"12, 16",Electrons 85V,1.0,,,20.0,/Users/rkfuentes/Documents/md_anderson_analysis/yepes_code/2025-10-15/scope-results-2025-10-15-0823.csv,1.9418556153329297e-06,8.024169685126166e-07,135,128,,,20,1.0,0.0
1352,BNL,"12, 16",Electrons 85V,1.0,,,20.0,/Users/rkfuentes/Documents/md_anderson_analysis/yepes_code/2025-10-15/scope-results-2025-10-15-0824.csv,1.697372274396722e-06,7.706164792366479e-07,123,113,,,20,1.0,0.0
1353,BNL,"12, 16",Electrons 85V,1.0,,,20.0,/Users/rkfuentes/Documents/md_anderson_analysis/yepes_code/2025-10-15/scope-results-2025-10-15-0825.csv,1.7385389409365791e-06,9.020264846942306e-07,136,133,,,20,1.0,0.0
1354,BNL,"12, 16",Electrons 85V,1.0,,,20.0,/Users/rkfuentes/Documents/md_anderson_analysis/yepes_code/2025-10-15/scope-results-2025-10-15-0826.csv,2.059857204635639e-06,7.870425971026632e-07,149,129,,,20,1.0,0.0
1355,BNL,"12, 16",Electrons 85V,1.0,,,20.0,/Users/rkfuentes/Documents/md_anderson_analysis/yepes_code/2025-10-15/scope-results-2025-10-15-0827.csv,2.0191772656695936e-06,9.54388247654666e-07,144,133,,,20,1.0,0.0
1356,BNL,"12, 16",Electrons 85V,1.0,,,20.0,/Users/rkfuentes/Documents/md_anderson_analysis/yepes_code/2025-10-15/scope-results-2025-10-15-0828.csv,2.028884638244242e-06,8.749591310881779e-07,149,138,,,20,1.0,0.0
1357,BNL,"12, 16",Electrons 85V,1.0,,,20.0,/Users/rkfuentes/Documents/md_anderson_analysis/yepes_code/2025-10-15/scope-results-2025-10-15-0829.csv,1.9824239147494408e-06,8.208463439243068e-07,131,119,,,20,1.0,0.0
1358,BNL,"12, 16",Electrons 85V,1.0,,,20.0,/Users/rkfuentes/Documents/md_anderson_analysis/yepes_code/2025-10-15/scope-results-2025-10-15-0883.csv,7.890494252280943e-07,1.0871566396591908e-10,165,7,,,0,0.0,0.0
1359,BNL,"12, 16",Electrons 85V,1.0,,,20.0,/Users/rkfuentes/Documents/md_anderson_analysis/yepes_code/2025-10-15/scope-results-2025-10-15-0884.csv,1.5914487530089438e-10,2.541096438463652e-06,32,402,,,0,0.0,0.0
1360,BNL,"12, 16",Electrons 85V,1.0,,,20.0,/Users/rkfuentes/Documents/md_anderson_analysis/yepes_code/2025-10-15/scope-results-2025-10-15-0885.csv,8.031210538414143e-07,2.6050789455112996e-06,167,416,,,0,0.0,0.0
1361,BNL,"12, 16",Electrons 85V,1.0,,,20.0,/Users/rkfuentes/Documents/md_anderson_analysis/yepes_code/2025-10-15/scope-results-2025-10-15-0886.csv,1.0578440087837401e-09,2.8621607910163335e-12,27,3,,,0,0.0,0.0
1362,BNL,"12, 16",Electrons 85V,1.0,,,20.0,/Users/rkfuentes/Documents/md_anderson_analysis/yepes_code/2025-10-15/scope-results-2025-10-15-0887.csv,8.839724777456446e-07,2.5978232335270208e-06,189,424,,,0,0.0,0.0
1363,BNL,"12, 16",Electrons 85V,1.0,,,20.0,/Users/rkfuentes/Documents/md_anderson_analysis/yepes_code/2025-10-15/scope-results-2025-10-15-0888.csv,7.541379360998871e-07,2.590719933872265e-06,160,413,,,0,0.0,0.0
1364,BNL,"12, 16",Electrons 85V,1.0,,,20.0,/Users/rkfuentes/Documents/md_anderson_analysis/yepes_code/2025-10-15/scope-results-2025-10-15-0889.csv,8.895777282643745e-07,2.5836622533556485e-06,173,411,,,0,0.0,0.0
1365,BNL,"12, 16",Electrons 85V,1.0,,,20.0,/Users/rkfuentes/Documents/md_anderson_analysis/yepes_code/2025-10-15/scope-results-2025-10-15-0890.csv,7.807300100379819e-07,2.610551245326442e-06,160,447,,,0,0.0,0.0
1366,BNL,"12, 16",Electrons 85V,1.0,,,20.0,/Users/rkfuentes/Documents/md_anderson_analysis/yepes_code/2025-10-15/scope-results-2025-10-15-0891.csv,8.013317471588942e-07,2.6477430184899595e-06,160,408,,,0,0.0,0.0
1367,BNL,"12, 16",Electrons 85V,1.0,,,20.0,/Users/rkfuentes/Documents/md_anderson_analysis/yepes_code/2025-10-15/scope-results-2025-10-15-0892.csv,8.480881489278367e-07,2.579689984188564e-06,188,372,,,0,0.0,0.0
1368,BNL,"12, 16",Electrons 85V,1.0,,,20.0,/Users/rkfuentes/Documents/md_anderson_analysis/yepes_code/2025-10-15/scope-results-2025-10-15-0893.csv,9.209179705321105e-07,2.602974636092213e-06,191,404,,,0,0.0,0.0
1369,BNL,"12, 16",Electrons 85V,1.0,,,20.0,/Users/rkfuentes/Documents/md_anderson_analysis/yepes_code/2025-10-15/scope-results-2025-10-15-0894.csv,9.618801461446106e-07,5.738599356085773e-09,192,7,,,0,0.0,0.0
1370,BNL,"12, 16",Electrons 85V,1.0,,,20.0,/Users/rkfuentes/Documents/md_anderson_analysis/yepes_code/2025-10-15/scope-results-2025-10-15-0895.csv,1.0236281554264849e-06,2.5604220566199735e-06,181,412,,,0,0.0,0.0
1371,BNL,"12, 16",Electrons 85V,1.0,,,20.0,/Users/rkfuentes/Documents/md_anderson_analysis/yepes_code/2025-10-15/scope-results-2025-10-15-0896.csv,2.5563061659435054e-10,2.5910423829551182e-06,25,399,,,0,0.0,0.0
1372,BNL,"12, 16",Electrons 85V,1.0,,,20.0,/Users/rkfuentes/Documents/md_anderson_analysis/yepes_code/2025-10-15/scope-results-2025-10-15-0897.csv,9.941293985367803e-07,2.592266108988999e-06,190,421,,,0,0.0,0.0
1373,BNL,"12, 16",Electrons 85V,1.0,,,20.0,/Users/rkfuentes/Documents/md_anderson_analysis/yepes_code/2025-10-15/scope-results-2025-10-15-0898.csv,1.0153371456254252e-06,1.0153347860117356e-11,182,7,,,0,0.0,0.0
1374,BNL,"12, 16",Electrons 85V,1.0,,,20.0,/Users/rkfuentes/Documents/md_anderson_analysis/yepes_code/2025-10-15/scope-results-2025-10-15-0899.csv,9.900593680310197e-07,2.6070635689550144e-06,178,426,,,0,0.0,0.0
1375,BNL,"12, 16",Electrons 85V,1.0,,,20.0,/Users/rkfuentes/Documents/md_anderson_analysis/yepes_code/2025-10-15/scope-results-2025-10-15-0900.csv,2.7805933328220907e-10,1.0522500317826974e-08,25,7,,,0,0.0,0.0
1376,BNL,"12, 16",Electrons 110V,1.0,,,20.0,/Users/rkfuentes/Documents/md_anderson_analysis/yepes_code/2025-10-15/scope-results-2025-10-15-0939.csv,5.345211229018555e-06,3.164644610634362e-06,304,290,,,0,3.0,2.0
1377,BNL,"12, 16",Electrons 85V,1.0,,,10.0,/Users/rkfuentes/Documents/md_anderson_analysis/yepes_code/2025-10-15/scope-results-2025-10-15-0957.csv,1.1669174254479451e-06,2.9889146670899543e-06,185,347,,,0,0.0,1.0
1378,BNL,"12, 16",Electrons 85V,1.0,,,10.0,/Users/rkfuentes/Documents/md_anderson_analysis/yepes_code/2025-10-15/scope-results-2025-10-15-0958.csv,1.3673544915067974e-06,3.016349740386522e-06,189,349,,,0,0.0,1.0
1379,BNL,"12, 16",Electrons 85V,1.0,,,10.0,/Users/rkfuentes/Documents/md_anderson_analysis/yepes_code/2025-10-15/scope-results-2025-10-15-0959.csv,1.1909847968458075e-06,2.9900153782726746e-06,190,350,,,0,0.0,1.0
1380,BNL,"12, 16",Electrons 85V,1.0,,,10.0,/Users/rkfuentes/Documents/md_anderson_analysis/yepes_code/2025-10-15/scope-results-2025-10-15-0960.csv,1.018809241663684e-09,2.9310442971527527e-06,26,342,,,0,0.0,1.0
1381,BNL,"12, 16",Electrons 85V,1.0,,,10.0,/Users/rkfuentes/Documents/md_anderson_analysis/yepes_code/2025-10-15/scope-results-2025-10-15-0961.csv,1.388092517224913e-06,2.891462891722099e-06,231,340,,,0,0.0,1.0
1382,BNL,"12, 16",Electrons 85V,1.0,,,10.0,/Users/rkfuentes/Documents/md_anderson_analysis/yepes_code/2025-10-15/scope-results-2025-10-15-0962.csv,1.1738107997191178e-06,9.748760200649064e-09,179,9,,,0,0.0,0.0
1383,BNL,"12, 16",Electrons 85V,1.0,,,10.0,/Users/rkfuentes/Documents/md_anderson_analysis/yepes_code/2025-10-15/scope-results-2025-10-15-0963.csv,1.436605899626806e-06,2.97555053032471e-06,215,352,,,0,0.0,1.0
1384,BNL,"12, 16",Electrons 85V,1.0,,,10.0,/Users/rkfuentes/Documents/md_anderson_analysis/yepes_code/2025-10-15/scope-results-2025-10-15-0964.csv,1.3469904804905013e-06,2.8018017093566425e-06,220,339,,,0,0.0,1.0
1385,BNL,"12, 16",Electrons 85V,1.0,,,10.0,/Users/rkfuentes/Documents/md_anderson_analysis/yepes_code/2025-10-15/scope-results-2025-10-15-0965.csv,1.807466824251235e-09,2.839085649861409e-06,23,342,,,0,0.0,1.0
1386,BNL,"12, 16",Electrons 85V,1.0,,,10.0,/Users/rkfuentes/Documents/md_anderson_analysis/yepes_code/2025-10-15/scope-results-2025-10-15-0966.csv,1.3176113452203686e-06,3.0033353085642026e-06,195,351,,,0,0.0,1.0
1387,BNL,"12, 16",Electrons 85V,1.0,,,10.0,/Users/rkfuentes/Documents/md_anderson_analysis/yepes_code/2025-10-15/scope-results-2025-10-15-0967.csv,3.529163652125357e-10,2.8831309056513465e-06,33,346,,,0,0.0,1.0
1388,BNL,"12, 16",Electrons 85V,1.0,,,10.0,/Users/rkfuentes/Documents/md_anderson_analysis/yepes_code/2025-10-15/scope-results-2025-10-15-0968.csv,1.0401000334351232e-06,5.904261764334786e-09,169,8,,,0,0.0,0.0
1389,BNL,"12, 16",Electrons 85V,1.0,,,10.0,/Users/rkfuentes/Documents/md_anderson_analysis/yepes_code/2025-10-15/scope-results-2025-10-15-0969.csv,1.3170814306388577e-06,9.453058870247944e-09,201,16,,,0,0.0,0.0
1390,BNL,"12, 16",Electrons 85V,1.0,,,10.0,/Users/rkfuentes/Documents/md_anderson_analysis/yepes_code/2025-10-15/scope-results-2025-10-15-0970.csv,1.1628823194551564e-06,2.9107195581276694e-06,181,356,,,0,0.0,1.0
1391,BNL,"12, 16",Electrons 85V,1.0,,,10.0,/Users/rkfuentes/Documents/md_anderson_analysis/yepes_code/2025-10-15/scope-results-2025-10-15-0971.csv,1.415683822493684e-06,9.182209372245432e-09,226,9,,,0,0.0,0.0
1392,BNL,"12, 16",Electrons 85V,1.0,,,10.0,/Users/rkfuentes/Documents/md_anderson_analysis/yepes_code/2025-10-15/scope-results-2025-10-15-0972.csv,1.4094378236464048e-06,3.0238254177632893e-06,199,352,,,0,0.0,1.0
1393,BNL,"12, 16",Electrons 85V,1.0,,,10.0,/Users/rkfuentes/Documents/md_anderson_analysis/yepes_code/2025-10-15/scope-results-2025-10-15-0973.csv,1.490311269380592e-06,2.993725492569423e-06,233,349,,,0,0.0,1.0
1394,BNL,"12, 16",Electrons 85V,1.0,,,10.0,/Users/rkfuentes/Documents/md_anderson_analysis/yepes_code/2025-10-15/scope-results-2025-10-15-1025.csv,1.5812536018919722e-06,2.9716120462054588e-06,130,299,,,7,1.0,1.0
1395,BNL,"12, 16",Electrons 85V,1.0,,,10.0,/Users/rkfuentes/Documents/md_anderson_analysis/yepes_code/2025-10-15/scope-results-2025-10-15-1026.csv,1.6503707516757737e-06,2.6108905257134225e-06,121,303,,,7,1.0,1.0
1396,BNL,"12, 16",Electrons 85V,1.0,,,10.0,/Users/rkfuentes/Documents/md_anderson_analysis/yepes_code/2025-10-15/scope-results-2025-10-15-1027.csv,1.572770711444309e-06,2.8306017798835712e-06,119,296,,,7,1.0,1.0
1397,BNL,"12, 16",Electrons 85V,1.0,,,10.0,/Users/rkfuentes/Documents/md_anderson_analysis/yepes_code/2025-10-15/scope-results-2025-10-15-1028.csv,1.6106312314767715e-06,2.9729733669457893e-06,121,302,,,7,1.0,1.0
1398,BNL,"12, 16",Electrons 85V,1.0,,,10.0,/Users/rkfuentes/Documents/md_anderson_analysis/yepes_code/2025-10-15/scope-results-2025-10-15-1029.csv,1.5896484708089254e-06,3.021928282299382e-06,130,307,,,7,1.0,1.0
1399,BNL,"12, 16",Electrons 85V,1.0,,,10.0,/Users/rkfuentes/Documents/md_anderson_analysis/yepes_code/2025-10-15/scope-results-2025-10-15-1030.csv,1.5511131909787729e-06,2.8786051131547073e-06,118,302,,,7,1.0,1.0
1400,BNL,"12, 16",Electrons 85V,1.0,,,10.0,/Users/rkfuentes/Documents/md_anderson_analysis/yepes_code/2025-10-15/scope-results-2025-10-15-1031.csv,1.5944157470461476e-06,2.928828669990448e-06,121,291,,,7,1.0,1.0
1401,BNL,"12, 16",Electrons 85V,1.0,,,10.0,/Users/rkfuentes/Documents/md_anderson_analysis/yepes_code/2025-10-15/scope-results-2025-10-15-1032.csv,1.5900722718347846e-06,2.9471010616289783e-06,128,309,,,7,1.0,1.0
1402,BNL,"12, 16",Electrons 85V,1.0,,,10.0,/Users/rkfuentes/Documents/md_anderson_analysis/yepes_code/2025-10-15/scope-results-2025-10-15-1033.csv,1.5996182306404638e-06,2.991191598365469e-06,130,301,,,7,1.0,1.0
1403,BNL,"12, 16",Electrons 85V,1.0,,,10.0,/Users/rkfuentes/Documents/md_anderson_analysis/yepes_code/2025-10-15/scope-results-2025-10-15-1034.csv,1.6427851506695824e-06,2.8152913843227704e-06,121,303,,,7,1.0,1.0
1404,BNL,"12, 16",Electrons 85V,1.0,,,10.0,/Users/rkfuentes/Documents/md_anderson_analysis/yepes_code/2025-10-15/scope-results-2025-10-15-1035.csv,1.5765990469793831e-06,6.5201984963011215e-09,122,9,,,7,1.0,0.0
1405,BNL,"12, 16",Electrons 85V,1.0,,,10.0,/Users/rkfuentes/Documents/md_anderson_analysis/yepes_code/2025-10-15/scope-results-2025-10-15-1036.csv,1.5933589614235594e-06,2.9557322123099453e-06,122,302,,,7,1.0,1.0
1406,BNL,"12, 16",Electrons 85V,1.0,,,10.0,/Users/rkfuentes/Documents/md_anderson_analysis/yepes_code/2025-10-15/scope-results-2025-10-15-1037.csv,1.5889405967864172e-06,2.9887790391188353e-06,128,311,,,7,1.0,1.0
1407,BNL,"12, 16",Electrons 85V,1.0,,,10.0,/Users/rkfuentes/Documents/md_anderson_analysis/yepes_code/2025-10-15/scope-results-2025-10-15-1038.csv,1.6064525267980138e-06,2.994669489783837e-06,121,309,,,7,1.0,1.0
1408,BNL,"12, 16",Electrons 85V,1.0,,,10.0,/Users/rkfuentes/Documents/md_anderson_analysis/yepes_code/2025-10-15/scope-results-2025-10-15-1039.csv,1.618580842527591e-06,2.9737860318455854e-06,114,304,,,7,1.0,1.0
1409,BNL,"12, 16",Electrons 85V,1.0,,,10.0,/Users/rkfuentes/Documents/md_anderson_analysis/yepes_code/2025-10-15/scope-results-2025-10-15-1040.csv,1.5799154176935584e-06,2.9242333853661056e-06,120,304,,,7,1.0,1.0
1410,BNL,"12, 16",Electrons 85V,1.0,,,10.0,/Users/rkfuentes/Documents/md_anderson_analysis/yepes_code/2025-10-15/scope-results-2025-10-15-1041.csv,1.5843923130625042e-06,3.044781279979292e-06,119,307,,,7,1.0,1.0
1411,BNL,"12, 16",Electrons 85V,1.0,,,10.0,/Users/rkfuentes/Documents/md_anderson_analysis/yepes_code/2025-10-15/scope-results-2025-10-15-1042.csv,1.5964254071823268e-06,2.9534882735381356e-11,129,26,,,7,1.0,0.0
1412,BNL,"12, 16",Electrons 85V,1.0,,,10.0,/Users/rkfuentes/Documents/md_anderson_analysis/yepes_code/2025-10-15/scope-results-2025-10-15-1097.csv,2.2150087280726537e-06,2.8907640947700498e-08,151,11,,,20,2.0,0.0
1413,BNL,"12, 16",Electrons 85V,1.0,,,10.0,/Users/rkfuentes/Documents/md_anderson_analysis/yepes_code/2025-10-15/scope-results-2025-10-15-1098.csv,2.210282203054273e-06,1.1491319389314252e-08,161,13,,,20,2.0,0.0
1414,BNL,"12, 16",Electrons 85V,1.0,,,10.0,/Users/rkfuentes/Documents/md_anderson_analysis/yepes_code/2025-10-15/scope-results-2025-10-15-1099.csv,2.181380789602821e-06,3.0897566465234673e-06,156,308,,,20,2.0,1.0
1415,BNL,"12, 16",Electrons 85V,1.0,,,10.0,/Users/rkfuentes/Documents/md_anderson_analysis/yepes_code/2025-10-15/scope-results-2025-10-15-1100.csv,2.2036538607975947e-06,3.0752010717294597e-06,166,307,,,20,2.0,1.0
1416,BNL,"12, 16",Electrons 85V,1.0,,,10.0,/Users/rkfuentes/Documents/md_anderson_analysis/yepes_code/2025-10-15/scope-results-2025-10-15-1101.csv,2.2116339028336563e-06,3.1210874661199243e-06,161,309,,,20,2.0,1.0
1417,BNL,"12, 16",Electrons 85V,1.0,,,10.0,/Users/rkfuentes/Documents/md_anderson_analysis/yepes_code/2025-10-15/scope-results-2025-10-15-1102.csv,2.1448292486225332e-06,3.0388507792678734e-06,148,303,,,20,2.0,1.0
1418,BNL,"12, 16",Electrons 85V,1.0,,,10.0,/Users/rkfuentes/Documents/md_anderson_analysis/yepes_code/2025-10-15/scope-results-2025-10-15-1103.csv,2.160803950859142e-06,3.066048805700708e-06,154,296,,,20,2.0,1.0
1419,BNL,"12, 16",Electrons 85V,1.0,,,10.0,/Users/rkfuentes/Documents/md_anderson_analysis/yepes_code/2025-10-15/scope-results-2025-10-15-1104.csv,2.154697781003684e-06,3.088586286035892e-06,152,293,,,20,2.0,1.0
1420,BNL,"12, 16",Electrons 85V,1.0,,,10.0,/Users/rkfuentes/Documents/md_anderson_analysis/yepes_code/2025-10-15/scope-results-2025-10-15-1105.csv,2.141654398132376e-06,3.0378380217199464e-06,153,301,,,20,2.0,1.0
1421,BNL,"12, 16",Electrons 85V,1.0,,,10.0,/Users/rkfuentes/Documents/md_anderson_analysis/yepes_code/2025-10-15/scope-results-2025-10-15-1106.csv,2.148418750742405e-06,3.1103909524465965e-06,154,306,,,20,2.0,1.0
1422,BNL,"12, 16",Electrons 85V,1.0,,,10.0,/Users/rkfuentes/Documents/md_anderson_analysis/yepes_code/2025-10-15/scope-results-2025-10-15-1107.csv,2.111811382314151e-06,3.076681981044892e-06,140,308,,,20,2.0,1.0
1423,BNL,"12, 16",Electrons 85V,1.0,,,10.0,/Users/rkfuentes/Documents/md_anderson_analysis/yepes_code/2025-10-15/scope-results-2025-10-15-1108.csv,2.1256089609955304e-06,1.5711159475877835e-08,142,7,,,20,2.0,0.0
1424,BNL,"12, 16",Electrons 85V,1.0,,,10.0,/Users/rkfuentes/Documents/md_anderson_analysis/yepes_code/2025-10-15/scope-results-2025-10-15-1109.csv,2.135726915078668e-06,3.1125400486345796e-06,150,292,,,20,2.0,1.0
1425,BNL,"12, 16",Electrons 85V,1.0,,,10.0,/Users/rkfuentes/Documents/md_anderson_analysis/yepes_code/2025-10-15/scope-results-2025-10-15-1110.csv,2.1285970910507923e-06,3.158129969797394e-06,157,300,,,20,2.0,1.0
1426,BNL,"12, 16",Electrons 85V,1.0,,,10.0,/Users/rkfuentes/Documents/md_anderson_analysis/yepes_code/2025-10-15/scope-results-2025-10-15-1111.csv,2.1461868815665245e-06,3.1318301162236377e-06,151,310,,,20,2.0,1.0
1427,BNL,"12, 16",Electrons 85V,1.0,,,10.0,/Users/rkfuentes/Documents/md_anderson_analysis/yepes_code/2025-10-15/scope-results-2025-10-15-1112.csv,2.097292884847307e-06,3.105709708204515e-06,140,305,,,20,2.0,1.0
1428,BNL,"12, 16",Electrons 85V,1.0,,,10.0,/Users/rkfuentes/Documents/md_anderson_analysis/yepes_code/2025-10-15/scope-results-2025-10-15-1113.csv,2.1433505532880736e-06,3.162573563875353e-06,148,296,,,20,2.0,1.0
1429,BNL,"12, 16",Electrons 110V,1.0,,,100.0,/Users/rkfuentes/Documents/md_anderson_analysis/yepes_code/2025-10-15/scope-results-2025-10-15-1151.csv,1.3065443734818589e-06,8.479625467495679e-07,118,77,,,20,1.0,0.0
1430,BNL,"12, 16",Electrons 110V,1.0,,,100.0,/Users/rkfuentes/Documents/md_anderson_analysis/yepes_code/2025-10-15/scope-results-2025-10-15-1152.csv,6.224077388546218e-07,3.821993472979995e-07,76,73,,,7,0.0,0.0
1431,BNL,"12, 16",Electrons 110V,1.0,,,100.0,/Users/rkfuentes/Documents/md_anderson_analysis/yepes_code/2025-10-15/scope-results-2025-10-15-1153.csv,6.710839486362984e-07,7.3579759827892e-08,184,60,,,0,0.0,0.0
1432,BNL,"12, 16",Electrons 110V,1.0,,,100.0,/Users/rkfuentes/Documents/md_anderson_analysis/yepes_code/2025-10-15/scope-results-2025-10-15-1155.csv,7.4656383802124e-10,7.804891837309355e-11,20,17,,,0,0.0,0.0
1433,BNL,"12, 16",Electrons 110V,1.0,,,100.0,/Users/rkfuentes/Documents/md_anderson_analysis/yepes_code/2025-10-15/scope-results-2025-10-15-1159.csv,6.647108162667027e-07,5.3795850852093856e-08,190,57,,,0,0.0,0.0
1434,BNL,"12, 16",Electrons 110V,1.0,,,100.0,/Users/rkfuentes/Documents/md_anderson_analysis/yepes_code/2025-10-15/scope-results-2025-10-15-1163.csv,6.090701047257634e-07,3.625548913691761e-07,67,71,,,7,0.0,0.0
1435,BNL,"12, 16",Electrons 110V,1.0,,,100.0,/Users/rkfuentes/Documents/md_anderson_analysis/yepes_code/2025-10-15/scope-results-2025-10-15-1166.csv,1.324098480740408e-06,9.126575267107468e-07,113,86,,,20,1.0,0.0
1436,BNL,"12, 16",Electrons 110V,1.0,,,75.0,/Users/rkfuentes/Documents/md_anderson_analysis/yepes_code/2025-10-15/scope-results-2025-10-15-1168.csv,9.556695649133325e-07,5.95296297771458e-07,85,83,,,7,0.0,0.0
1437,BNL,"12, 16",Electrons 110V,1.0,,,75.0,/Users/rkfuentes/Documents/md_anderson_analysis/yepes_code/2025-10-15/scope-results-2025-10-15-1172.csv,2.2707578123118536e-06,2.8851291037910125e-12,411,3,,,0,0.0,0.0
1438,BNL,"12, 16",Electrons 110V,1.0,,,50.0,/Users/rkfuentes/Documents/md_anderson_analysis/yepes_code/2025-10-15/scope-results-2025-10-15-1176.csv,1.942673401907768e-06,1.204839528890007e-06,210,240,,,0,0.0,0.0
1439,BNL,"12, 16",Electrons 110V,1.0,,,50.0,/Users/rkfuentes/Documents/md_anderson_analysis/yepes_code/2025-10-15/scope-results-2025-10-15-1180.csv,2.1043641495143353e-06,1.632019302840564e-06,115,146,,,7,2.0,1.0
1440,BNL,"12, 16",Electrons 110V,1.0,,,40.0,/Users/rkfuentes/Documents/md_anderson_analysis/yepes_code/2025-10-15/scope-results-2025-10-15-1184.csv,1.9932598053126757e-06,8.662892792482752e-08,214,33,,,0,0.0,0.0
1441,BNL,"12, 16",Electrons 110V,1.0,,,30.0,/Users/rkfuentes/Documents/md_anderson_analysis/yepes_code/2025-10-15/scope-results-2025-10-15-1188.csv,2.449806840513789e-06,3.301609150856784e-06,224,507,,,0,0.0,1.0
1442,BNL,"12, 16",Electrons 110V,1.0,,,20.0,/Users/rkfuentes/Documents/md_anderson_analysis/yepes_code/2025-10-15/scope-results-2025-10-15-1192.csv,4.163499006908623e-06,3.5786793976933836e-06,276,336,,,0,2.0,2.0
1443,BNL,"12, 16",Electrons 191V,1.0,,,100.0,/Users/rkfuentes/Documents/md_anderson_analysis/yepes_code/2025-10-15/scope-results-2025-10-15-1194.csv,1.1561817088016053e-06,7.964615636497343e-07,161,159,,,0,0.0,0.0
1444,BNL,"12, 16",Electrons 191V,1.0,,,100.0,/Users/rkfuentes/Documents/md_anderson_analysis/yepes_code/2025-10-15/scope-results-2025-10-15-1198.csv,2.061548150838494e-06,1.3291264432077831e-06,125,113,,,7,2.0,0.0
1445,BNL,"12, 16",Electrons 191V,1.0,,,75.0,/Users/rkfuentes/Documents/md_anderson_analysis/yepes_code/2025-10-15/scope-results-2025-10-15-1200.csv,3.220416732958141e-06,5.6277366319977666e-11,255,5,,,0,1.0,0.0
1446,BNL,"12, 16",Electrons 191V,1.0,,,50.0,/Users/rkfuentes/Documents/md_anderson_analysis/yepes_code/2025-10-15/scope-results-2025-10-15-1204.csv,5.290732779665968e-06,3.4791664723134196e-06,318,419,,,0,3.0,2.0
1447,BNL,"12, 16",Electrons 110V,1.0,,,125.0,/Users/rkfuentes/Documents/md_anderson_analysis/yepes_code/2025-10-15/scope-results-2025-10-15-1209.csv,3.27199512880493e-07,1.4361233559679886e-06,172,394,,,0,0.0,0.0
1448,BNL,"12, 16",Electrons 110V,1.0,,,125.0,/Users/rkfuentes/Documents/md_anderson_analysis/yepes_code/2025-10-15/scope-results-2025-10-15-1213.csv,1.689283827032368e-10,1.4245022422296143e-10,33,5,,,7,0.0,0.0
1449,BNL,"12, 16",Electrons 110V,1.0,,,125.0,/Users/rkfuentes/Documents/md_anderson_analysis/yepes_code/2025-10-15/scope-results-2025-10-15-1217.csv,5.086507446892556e-07,1.5431259287288118e-06,68,341,,,20,0.0,0.0
1450,BNL,"12, 16",Electrons 191V,1.0,,,125.0,/Users/rkfuentes/Documents/md_anderson_analysis/yepes_code/2025-10-15/scope-results-2025-10-15-1221.csv,1.8543178547541892e-06,1.0240285216985736e-06,113,97,,,20,1.0,0.0
1451,BNL,"12, 16",Electrons 191V,1.0,,,125.0,/Users/rkfuentes/Documents/md_anderson_analysis/yepes_code/2025-10-15/scope-results-2025-10-15-1225.csv,1.4257375417362394e-06,5.227549551691462e-07,101,69,,,7,1.0,0.0
1452,BNL,"12, 16",Electrons 191V,1.0,,,125.0,/Users/rkfuentes/Documents/md_anderson_analysis/yepes_code/2025-10-15/scope-results-2025-10-15-1229.csv,6.574789556498246e-07,1.9955006961290177e-06,111,392,,,0,0.0,1.0
1453,BNL,"12, 16",Electrons 110V,1.0,,,150.0,/Users/rkfuentes/Documents/md_anderson_analysis/yepes_code/2025-10-15/scope-results-2025-10-15-1250.csv,3.177754715954049e-07,1.689155861426366e-06,176,385,,,0,0.0,0.0
1454,BNL,"12, 16",Electrons 110V,1.0,,,150.0,/Users/rkfuentes/Documents/md_anderson_analysis/yepes_code/2025-10-15/scope-results-2025-10-15-1254.csv,5.19183244165951e-10,1.3665725358801603e-10,30,8,,,7,0.0,0.0
1455,BNL,"12, 16",Electrons 110V,1.0,,,150.0,/Users/rkfuentes/Documents/md_anderson_analysis/yepes_code/2025-10-15/scope-results-2025-10-15-1258.csv,5.49078136749549e-07,1.5215794083445243e-10,84,6,,,20,0.0,0.0
1456,BNL,"12, 16",Electrons 191V,1.0,,,150.0,/Users/rkfuentes/Documents/md_anderson_analysis/yepes_code/2025-10-15/scope-results-2025-10-15-1262.csv,1.884968151518803e-06,8.834334938418122e-07,111,80,,,20,1.0,0.0
1457,BNL,"12, 16",Electrons 191V,1.0,,,150.0,/Users/rkfuentes/Documents/md_anderson_analysis/yepes_code/2025-10-15/scope-results-2025-10-15-1266.csv,1.3927070163012564e-06,5.020322547396565e-07,104,63,,,7,1.0,0.0
1458,BNL,"12, 16",Electrons 191V,1.0,,,150.0,/Users/rkfuentes/Documents/md_anderson_analysis/yepes_code/2025-10-15/scope-results-2025-10-15-1270.csv,6.773305456761782e-07,2.4178844254806216e-06,112,354,,,0,0.0,2.0
1459,BNL,"12, 16",Electrons 110V,1.0,,,175.0,/Users/rkfuentes/Documents/md_anderson_analysis/yepes_code/2025-10-15/scope-results-2025-10-15-1274.csv,1.3174443954877258e-07,6.580220513927074e-07,126,415,,,0,0.0,0.0
1460,BNL,"12, 16",Electrons 110V,1.0,,,175.0,/Users/rkfuentes/Documents/md_anderson_analysis/yepes_code/2025-10-15/scope-results-2025-10-15-1278.csv,6.814614339286811e-10,5.945908098193735e-07,29,377,,,7,0.0,0.0
1461,BNL,"12, 16",Electrons 110V,1.0,,,175.0,/Users/rkfuentes/Documents/md_anderson_analysis/yepes_code/2025-10-15/scope-results-2025-10-15-1282.csv,5.3848585249547664e-08,9.702545187006586e-09,39,3,,,20,0.0,0.0
1462,BNL,"12, 16",Electrons 191V,1.0,,,175.0,/Users/rkfuentes/Documents/md_anderson_analysis/yepes_code/2025-10-15/scope-results-2025-10-15-1286.csv,1.1531908142409294e-06,5.355487088747015e-07,100,67,,,20,0.0,0.0
1463,BNL,"12, 16",Electrons 191V,1.0,,,175.0,/Users/rkfuentes/Documents/md_anderson_analysis/yepes_code/2025-10-15/scope-results-2025-10-15-1290.csv,5.545807280840413e-07,2.383286312254061e-07,71,62,,,7,0.0,0.0
1464,BNL,"12, 16",Electrons 191V,1.0,,,175.0,/Users/rkfuentes/Documents/md_anderson_analysis/yepes_code/2025-10-15/scope-results-2025-10-15-1294.csv,7.862177583245448e-08,1.7800801793801836e-07,39,111,,,0,0.0,0.0
1465,BNL,"12, 16",Electrons 110V,1.0,,,200.0,/Users/rkfuentes/Documents/md_anderson_analysis/yepes_code/2025-10-15/scope-results-2025-10-15-1298.csv,5.3594548440815206e-11,1.2034143515452378e-10,29,6,,,0,0.0,0.0
1466,BNL,"12, 16",Electrons 110V,1.0,,,200.0,/Users/rkfuentes/Documents/md_anderson_analysis/yepes_code/2025-10-15/scope-results-2025-10-15-1302.csv,2.66402161603983e-07,8.498073423289129e-07,445,472,,,7,0.0,0.0
1467,BNL,"12, 16",Electrons 110V,1.0,,,200.0,/Users/rkfuentes/Documents/md_anderson_analysis/yepes_code/2025-10-15/scope-results-2025-10-15-1306.csv,7.26066927671695e-08,9.009046635750588e-07,65,457,,,20,0.0,0.0
1468,BNL,"12, 16",Electrons 191V,1.0,,,200.0,/Users/rkfuentes/Documents/md_anderson_analysis/yepes_code/2025-10-15/scope-results-2025-10-15-1310.csv,8.292114223384297e-07,3.233746356674057e-07,99,59,,,20,0.0,0.0
1469,BNL,"12, 16",Electrons 191V,1.0,,,200.0,/Users/rkfuentes/Documents/md_anderson_analysis/yepes_code/2025-10-15/scope-results-2025-10-15-1314.csv,1.7343161730989373e-07,9.91949284205204e-10,35,4,,,7,0.0,0.0
1470,BNL,"12, 16",Electrons 191V,1.0,,,200.0,/Users/rkfuentes/Documents/md_anderson_analysis/yepes_code/2025-10-15/scope-results-2025-10-15-1317.csv,1.705037439348137e-07,1.1064418755270168e-06,74,412,,,0,0.0,0.0
1471,BNL,"12, 16",Electrons 85V,2.0,,,50.0,/Users/rkfuentes/Documents/md_anderson_analysis/yepes_code/2025-10-15/scope-results-2025-10-15-0035.csv,4.087675377462056e-07,2.0802155578438985e-06,263,743,,,20,0.0,0.0
1472,BNL,"12, 16",Electrons 85V,2.0,,,50.0,/Users/rkfuentes/Documents/md_anderson_analysis/yepes_code/2025-10-15/scope-results-2025-10-15-0036.csv,4.525369687511307e-07,3.293274622926177e-11,268,17,,,20,0.0,0.0
1473,BNL,"12, 16",Electrons 85V,2.0,,,50.0,/Users/rkfuentes/Documents/md_anderson_analysis/yepes_code/2025-10-15/scope-results-2025-10-15-0037.csv,4.572071964565002e-07,6.486373899073186e-11,265,13,,,20,0.0,0.0
1474,BNL,"12, 16",Electrons 85V,2.0,,,50.0,/Users/rkfuentes/Documents/md_anderson_analysis/yepes_code/2025-10-15/scope-results-2025-10-15-0038.csv,3.835726245582384e-07,3.720368950670218e-12,239,12,,,20,0.0,0.0
1475,BNL,"12, 16",Electrons 85V,2.0,,,50.0,/Users/rkfuentes/Documents/md_anderson_analysis/yepes_code/2025-10-15/scope-results-2025-10-15-0039.csv,4.061230319449729e-07,2.211322444517158e-06,270,616,,,20,0.0,0.0
1476,BNL,"12, 16",Electrons 85V,2.0,,,50.0,/Users/rkfuentes/Documents/md_anderson_analysis/yepes_code/2025-10-15/scope-results-2025-10-15-0040.csv,3.894206967127409e-07,2.283024491427214e-06,247,576,,,20,0.0,0.0
1477,BNL,"12, 16",Electrons 85V,2.0,,,50.0,/Users/rkfuentes/Documents/md_anderson_analysis/yepes_code/2025-10-15/scope-results-2025-10-15-0041.csv,4.7467990647974985e-11,2.303240526293879e-06,9,544,,,20,0.0,0.0
1478,BNL,"12, 16",Electrons 85V,2.0,,,50.0,/Users/rkfuentes/Documents/md_anderson_analysis/yepes_code/2025-10-15/scope-results-2025-10-15-0042.csv,3.593231551827434e-07,3.661572706237348e-11,270,18,,,20,0.0,0.0
1479,BNL,"12, 16",Electrons 85V,2.0,,,50.0,/Users/rkfuentes/Documents/md_anderson_analysis/yepes_code/2025-10-15/scope-results-2025-10-15-0043.csv,5.059166496791877e-11,2.4293739042931495e-11,6,3,,,20,0.0,0.0
1480,BNL,"12, 16",Electrons 85V,2.0,,,50.0,/Users/rkfuentes/Documents/md_anderson_analysis/yepes_code/2025-10-15/scope-results-2025-10-15-0044.csv,4.000459660253101e-07,2.6116953483243937e-11,254,12,,,20,0.0,0.0
1481,BNL,"12, 16",Electrons 85V,2.0,,,50.0,/Users/rkfuentes/Documents/md_anderson_analysis/yepes_code/2025-10-15/scope-results-2025-10-15-0111.csv,2.8076919409905015e-06,1.4022575718857771e-06,274,270,,,50,1.0,1.0
1482,BNL,"12, 16",Electrons 85V,2.0,,,50.0,/Users/rkfuentes/Documents/md_anderson_analysis/yepes_code/2025-10-15/scope-results-2025-10-15-0112.csv,2.7605501366920584e-06,1.3631204223462182e-06,305,292,,,50,1.0,1.0
1483,BNL,"12, 16",Electrons 85V,2.0,,,50.0,/Users/rkfuentes/Documents/md_anderson_analysis/yepes_code/2025-10-15/scope-results-2025-10-15-0113.csv,2.7690839306956235e-06,1.2339503735126805e-06,289,301,,,50,1.0,1.0
1484,BNL,"12, 16",Electrons 85V,2.0,,,50.0,/Users/rkfuentes/Documents/md_anderson_analysis/yepes_code/2025-10-15/scope-results-2025-10-15-0114.csv,2.8171322113791495e-06,1.3838990165764009e-06,285,261,,,50,1.0,1.0
1485,BNL,"12, 16",Electrons 85V,2.0,,,50.0,/Users/rkfuentes/Documents/md_anderson_analysis/yepes_code/2025-10-15/scope-results-2025-10-15-0115.csv,2.833198836342259e-06,1.32976565303459e-06,289,276,,,50,2.0,1.0
1486,BNL,"12, 16",Electrons 85V,2.0,,,50.0,/Users/rkfuentes/Documents/md_anderson_analysis/yepes_code/2025-10-15/scope-results-2025-10-15-0116.csv,2.802388204635626e-06,1.4852711676262728e-06,281,299,,,50,2.0,1.0
1487,BNL,"12, 16",Electrons 85V,2.0,,,50.0,/Users/rkfuentes/Documents/md_anderson_analysis/yepes_code/2025-10-15/scope-results-2025-10-15-0117.csv,2.8428175626906458e-06,1.390299479890437e-06,291,344,,,50,1.0,1.0
1488,BNL,"12, 16",Electrons 85V,2.0,,,50.0,/Users/rkfuentes/Documents/md_anderson_analysis/yepes_code/2025-10-15/scope-results-2025-10-15-0118.csv,2.8097516850500166e-06,1.3898051784746467e-06,275,327,,,50,2.0,1.0
1489,BNL,"12, 16",Electrons 85V,2.0,,,50.0,/Users/rkfuentes/Documents/md_anderson_analysis/yepes_code/2025-10-15/scope-results-2025-10-15-0119.csv,2.835360259931526e-06,1.3117455345223642e-06,282,276,,,50,2.0,1.0
1490,BNL,"12, 16",Electrons 85V,2.0,,,50.0,/Users/rkfuentes/Documents/md_anderson_analysis/yepes_code/2025-10-15/scope-results-2025-10-15-0150.csv,3.1541706617258916e-06,2.3360085709806127e-06,309,266,,,100,0.0,1.0
1491,BNL,"12, 16",Electrons 85V,2.0,,,50.0,/Users/rkfuentes/Documents/md_anderson_analysis/yepes_code/2025-10-15/scope-results-2025-10-15-0151.csv,3.11983917984183e-06,2.359344935463009e-06,321,301,,,100,4.0,2.0
1492,BNL,"12, 16",Electrons 85V,2.0,,,50.0,/Users/rkfuentes/Documents/md_anderson_analysis/yepes_code/2025-10-15/scope-results-2025-10-15-0152.csv,3.161227285390924e-06,2.349578893912847e-06,317,275,,,100,4.0,2.0
1493,BNL,"12, 16",Electrons 85V,2.0,,,50.0,/Users/rkfuentes/Documents/md_anderson_analysis/yepes_code/2025-10-15/scope-results-2025-10-15-0153.csv,3.0837189862361747e-06,2.423231962418244e-06,308,283,,,100,4.0,3.0
1494,BNL,"12, 16",Electrons 85V,2.0,,,50.0,/Users/rkfuentes/Documents/md_anderson_analysis/yepes_code/2025-10-15/scope-results-2025-10-15-0154.csv,3.2180888772046084e-06,2.4491683106729607e-06,329,305,,,100,0.0,3.0
1495,BNL,"12, 16",Electrons 85V,2.0,,,50.0,/Users/rkfuentes/Documents/md_anderson_analysis/yepes_code/2025-10-15/scope-results-2025-10-15-0155.csv,3.1771318731493246e-06,2.4378607120949725e-06,328,271,,,100,5.0,3.0
1496,BNL,"12, 16",Electrons 85V,2.0,,,50.0,/Users/rkfuentes/Documents/md_anderson_analysis/yepes_code/2025-10-15/scope-results-2025-10-15-0156.csv,3.166434172990599e-06,4.055221869802835e-09,322,11,,,100,4.0,0.0
1497,BNL,"12, 16",Electrons 85V,2.0,,,50.0,/Users/rkfuentes/Documents/md_anderson_analysis/yepes_code/2025-10-15/scope-results-2025-10-15-0157.csv,3.1561443585661445e-06,2.4079462953132465e-06,319,277,,,100,4.0,3.0
1498,BNL,"12, 16",Electrons 85V,2.0,,,50.0,/Users/rkfuentes/Documents/md_anderson_analysis/yepes_code/2025-10-15/scope-results-2025-10-15-0158.csv,3.1141981105173435e-06,2.4650576800804886e-06,320,299,,,100,4.0,3.0
1499,BNL,"12, 16",Electrons 85V,2.0,,,50.0,/Users/rkfuentes/Documents/md_anderson_analysis/yepes_code/2025-10-15/scope-results-2025-10-15-0159.csv,3.1202631256878733e-06,2.378262519629844e-06,323,301,,,100,4.0,3.0
1500,BNL,"12, 16",Electrons 85V,2.0,,,40.0,/Users/rkfuentes/Documents/md_anderson_analysis/yepes_code/2025-10-15/scope-results-2025-10-15-0189.csv,8.850469775740343e-07,9.073050156734691e-11,310,19,,,20,0.0,0.0
1501,BNL,"12, 16",Electrons 85V,2.0,,,40.0,/Users/rkfuentes/Documents/md_anderson_analysis/yepes_code/2025-10-15/scope-results-2025-10-15-0247.csv,2.8511016499047058e-06,1.1537450070300562e-09,323,4,,,50,4.0,0.0
1502,BNL,"12, 16",Electrons 85V,2.0,,,40.0,/Users/rkfuentes/Documents/md_anderson_analysis/yepes_code/2025-10-15/scope-results-2025-10-15-0248.csv,2.8193959420631018e-06,4.714095512687194e-09,308,8,,,50,4.0,0.0
1503,BNL,"12, 16",Electrons 85V,2.0,,,40.0,/Users/rkfuentes/Documents/md_anderson_analysis/yepes_code/2025-10-15/scope-results-2025-10-15-0249.csv,2.84982718122229e-06,1.523928028781462e-06,306,298,,,50,4.0,1.0
1504,BNL,"12, 16",Electrons 85V,2.0,,,40.0,/Users/rkfuentes/Documents/md_anderson_analysis/yepes_code/2025-10-15/scope-results-2025-10-15-0250.csv,2.8279771130890703e-06,1.6071295585329566e-06,318,251,,,50,4.0,1.0
1505,BNL,"12, 16",Electrons 85V,2.0,,,40.0,/Users/rkfuentes/Documents/md_anderson_analysis/yepes_code/2025-10-15/scope-results-2025-10-15-0251.csv,2.7847478529819964e-06,1.6477112022790386e-06,315,254,,,50,4.0,2.0
1506,BNL,"12, 16",Electrons 85V,2.0,,,40.0,/Users/rkfuentes/Documents/md_anderson_analysis/yepes_code/2025-10-15/scope-results-2025-10-15-0252.csv,2.902946121136708e-06,1.355032104484194e-09,317,7,,,50,4.0,0.0
1507,BNL,"12, 16",Electrons 85V,2.0,,,40.0,/Users/rkfuentes/Documents/md_anderson_analysis/yepes_code/2025-10-15/scope-results-2025-10-15-0253.csv,2.951604568960879e-06,1.4745948565519358e-06,340,225,,,50,4.0,1.0
1508,BNL,"12, 16",Electrons 85V,2.0,,,40.0,/Users/rkfuentes/Documents/md_anderson_analysis/yepes_code/2025-10-15/scope-results-2025-10-15-0254.csv,2.9668526853911485e-06,4.839214061564125e-09,324,8,,,50,4.0,0.0
1509,BNL,"12, 16",Electrons 85V,2.0,,,40.0,/Users/rkfuentes/Documents/md_anderson_analysis/yepes_code/2025-10-15/scope-results-2025-10-15-0255.csv,2.9857008086603698e-06,6.012145695078743e-10,305,6,,,50,4.0,0.0
1510,BNL,"12, 16",Electrons 85V,2.0,,,40.0,/Users/rkfuentes/Documents/md_anderson_analysis/yepes_code/2025-10-15/scope-results-2025-10-15-0256.csv,2.849627437778334e-06,2.881049629147975e-09,307,8,,,50,4.0,0.0
1511,BNL,"12, 16",Electrons 85V,2.0,,,40.0,/Users/rkfuentes/Documents/md_anderson_analysis/yepes_code/2025-10-15/scope-results-2025-10-15-0257.csv,2.834986328243896e-06,1.6082119042838864e-06,321,277,,,50,4.0,1.0
1512,BNL,"12, 16",Electrons 85V,2.0,,,40.0,/Users/rkfuentes/Documents/md_anderson_analysis/yepes_code/2025-10-15/scope-results-2025-10-15-0258.csv,2.8290022374499218e-06,1.638634311599581e-06,313,257,,,50,4.0,2.0
1513,BNL,"12, 16",Electrons 85V,2.0,,,40.0,/Users/rkfuentes/Documents/md_anderson_analysis/yepes_code/2025-10-15/scope-results-2025-10-15-0259.csv,2.978172460676187e-06,1.604219439616483e-06,311,236,,,50,4.0,1.0
1514,BNL,"12, 16",Electrons 85V,2.0,,,40.0,/Users/rkfuentes/Documents/md_anderson_analysis/yepes_code/2025-10-15/scope-results-2025-10-15-0260.csv,2.9503851312814836e-06,1.6575424030277892e-06,320,288,,,50,4.0,1.0
1515,BNL,"12, 16",Electrons 85V,2.0,,,40.0,/Users/rkfuentes/Documents/md_anderson_analysis/yepes_code/2025-10-15/scope-results-2025-10-15-0261.csv,2.8858301247276436e-06,2.1214810598735708e-10,328,9,,,50,4.0,0.0
1516,BNL,"12, 16",Electrons 85V,2.0,,,40.0,/Users/rkfuentes/Documents/md_anderson_analysis/yepes_code/2025-10-15/scope-results-2025-10-15-0262.csv,2.838860901244227e-06,2.711413420258417e-09,312,6,,,50,4.0,0.0
1517,BNL,"12, 16",Electrons 85V,2.0,,,40.0,/Users/rkfuentes/Documents/md_anderson_analysis/yepes_code/2025-10-15/scope-results-2025-10-15-0263.csv,2.92421615738172e-06,1.1555279975091423e-09,330,4,,,50,4.0,0.0
1518,BNL,"12, 16",Electrons 85V,2.0,,,40.0,/Users/rkfuentes/Documents/md_anderson_analysis/yepes_code/2025-10-15/scope-results-2025-10-15-0318.csv,2.8055805802686553e-06,2.9728805446924712e-09,330,13,,,100,4.0,0.0
1519,BNL,"12, 16",Electrons 85V,2.0,,,40.0,/Users/rkfuentes/Documents/md_anderson_analysis/yepes_code/2025-10-15/scope-results-2025-10-15-0319.csv,2.8874052154956994e-06,2.681272244287382e-06,326,335,,,100,4.0,4.0
1520,BNL,"12, 16",Electrons 85V,2.0,,,40.0,/Users/rkfuentes/Documents/md_anderson_analysis/yepes_code/2025-10-15/scope-results-2025-10-15-0320.csv,2.8871012419519244e-06,2.6301121223796247e-06,359,333,,,100,0.0,4.0
1521,BNL,"12, 16",Electrons 85V,2.0,,,40.0,/Users/rkfuentes/Documents/md_anderson_analysis/yepes_code/2025-10-15/scope-results-2025-10-15-0321.csv,2.8989626988385987e-06,2.6534044966474577e-06,343,364,,,100,0.0,4.0
1522,BNL,"12, 16",Electrons 85V,2.0,,,40.0,/Users/rkfuentes/Documents/md_anderson_analysis/yepes_code/2025-10-15/scope-results-2025-10-15-0322.csv,2.835372262833026e-06,1.172223430958296e-09,327,8,,,100,4.0,0.0
1523,BNL,"12, 16",Electrons 85V,2.0,,,40.0,/Users/rkfuentes/Documents/md_anderson_analysis/yepes_code/2025-10-15/scope-results-2025-10-15-0323.csv,1.5413459255113542e-09,2.6441476581634508e-06,16,352,,,100,0.0,4.0
1524,BNL,"12, 16",Electrons 85V,2.0,,,40.0,/Users/rkfuentes/Documents/md_anderson_analysis/yepes_code/2025-10-15/scope-results-2025-10-15-0324.csv,2.8912129727584274e-06,2.6508298110404525e-06,339,348,,,100,0.0,4.0
1525,BNL,"12, 16",Electrons 85V,2.0,,,40.0,/Users/rkfuentes/Documents/md_anderson_analysis/yepes_code/2025-10-15/scope-results-2025-10-15-0325.csv,2.863645702532539e-06,2.6359318724333586e-06,336,362,,,100,4.0,4.0
1526,BNL,"12, 16",Electrons 85V,2.0,,,40.0,/Users/rkfuentes/Documents/md_anderson_analysis/yepes_code/2025-10-15/scope-results-2025-10-15-0326.csv,2.868333416358324e-06,2.71315717415166e-06,333,338,,,100,0.0,4.0
1527,BNL,"12, 16",Electrons 85V,2.0,,,40.0,/Users/rkfuentes/Documents/md_anderson_analysis/yepes_code/2025-10-15/scope-results-2025-10-15-0327.csv,2.8643666372293647e-06,2.166018898640655e-09,326,7,,,100,0.0,0.0
1528,BNL,"12, 16",Electrons 85V,2.0,,,40.0,/Users/rkfuentes/Documents/md_anderson_analysis/yepes_code/2025-10-15/scope-results-2025-10-15-0328.csv,2.8963093398457173e-06,2.659318032416407e-06,328,334,,,100,4.0,5.0
1529,BNL,"12, 16",Electrons 85V,2.0,,,40.0,/Users/rkfuentes/Documents/md_anderson_analysis/yepes_code/2025-10-15/scope-results-2025-10-15-0329.csv,2.862316822778309e-06,2.716934709566816e-06,348,352,,,100,0.0,4.0
1530,BNL,"12, 16",Electrons 85V,2.0,,,40.0,/Users/rkfuentes/Documents/md_anderson_analysis/yepes_code/2025-10-15/scope-results-2025-10-15-0330.csv,1.977422167977123e-08,2.624376563284721e-06,16,352,,,100,0.0,4.0
1531,BNL,"12, 16",Electrons 85V,2.0,,,40.0,/Users/rkfuentes/Documents/md_anderson_analysis/yepes_code/2025-10-15/scope-results-2025-10-15-0331.csv,2.813006488819836e-06,2.693305399365602e-06,362,339,,,100,4.0,4.0
1532,BNL,"12, 16",Electrons 85V,2.0,,,40.0,/Users/rkfuentes/Documents/md_anderson_analysis/yepes_code/2025-10-15/scope-results-2025-10-15-0332.csv,2.8035005067330963e-06,5.424293895440379e-09,341,10,,,100,4.0,0.0
1533,BNL,"12, 16",Electrons 85V,2.0,,,40.0,/Users/rkfuentes/Documents/md_anderson_analysis/yepes_code/2025-10-15/scope-results-2025-10-15-0333.csv,2.8474126261079216e-06,2.670500404219291e-06,341,337,,,100,0.0,5.0
1534,BNL,"12, 16",Electrons 85V,2.0,,,40.0,/Users/rkfuentes/Documents/md_anderson_analysis/yepes_code/2025-10-15/scope-results-2025-10-15-0334.csv,7.712220734071671e-09,2.7259705074527057e-06,19,354,,,100,0.0,4.0
1535,BNL,"12, 16",Electrons 85V,2.0,,,40.0,/Users/rkfuentes/Documents/md_anderson_analysis/yepes_code/2025-10-15/scope-results-2025-10-15-0335.csv,2.7784818403100394e-06,2.5949774873304003e-06,350,358,,,100,4.0,4.0
1536,BNL,"12, 16",Electrons 85V,2.0,,,30.0,/Users/rkfuentes/Documents/md_anderson_analysis/yepes_code/2025-10-15/scope-results-2025-10-15-0618.csv,2.7708448430059787e-06,2.3618961582187056e-10,204,26,,,7,0.0,0.0
1537,BNL,"12, 16",Electrons 85V,2.0,,,30.0,/Users/rkfuentes/Documents/md_anderson_analysis/yepes_code/2025-10-15/scope-results-2025-10-15-0619.csv,1.0549782273099276e-06,3.717625308640943e-11,363,19,,,7,0.0,0.0
1538,BNL,"12, 16",Electrons 85V,2.0,,,30.0,/Users/rkfuentes/Documents/md_anderson_analysis/yepes_code/2025-10-15/scope-results-2025-10-15-0620.csv,3.3476881053145824e-11,1.173575228969184e-11,14,14,,,7,0.0,0.0
1539,BNL,"12, 16",Electrons 85V,2.0,,,30.0,/Users/rkfuentes/Documents/md_anderson_analysis/yepes_code/2025-10-15/scope-results-2025-10-15-0621.csv,1.0965524743952588e-06,8.805782288716598e-11,161,24,,,7,0.0,0.0
1540,BNL,"12, 16",Electrons 85V,2.0,,,30.0,/Users/rkfuentes/Documents/md_anderson_analysis/yepes_code/2025-10-15/scope-results-2025-10-15-0622.csv,1.1395485673767278e-06,2.5353660824694825e-10,373,29,,,7,0.0,0.0
1541,BNL,"12, 16",Electrons 85V,2.0,,,30.0,/Users/rkfuentes/Documents/md_anderson_analysis/yepes_code/2025-10-15/scope-results-2025-10-15-0623.csv,1.146593131004806e-06,2.5250977885871147e-11,537,6,,,7,0.0,0.0
1542,BNL,"12, 16",Electrons 85V,2.0,,,30.0,/Users/rkfuentes/Documents/md_anderson_analysis/yepes_code/2025-10-15/scope-results-2025-10-15-0624.csv,1.10889284129433e-06,6.040688044982456e-11,434,26,,,7,0.0,0.0
1543,BNL,"12, 16",Electrons 85V,2.0,,,30.0,/Users/rkfuentes/Documents/md_anderson_analysis/yepes_code/2025-10-15/scope-results-2025-10-15-0625.csv,1.1406748140125895e-06,3.5510928179372237e-11,453,29,,,7,0.0,0.0
1544,BNL,"12, 16",Electrons 85V,2.0,,,30.0,/Users/rkfuentes/Documents/md_anderson_analysis/yepes_code/2025-10-15/scope-results-2025-10-15-0626.csv,1.1301398858761943e-06,5.308309798158047e-11,498,26,,,7,0.0,0.0
1545,BNL,"12, 16",Electrons 85V,2.0,,,30.0,/Users/rkfuentes/Documents/md_anderson_analysis/yepes_code/2025-10-15/scope-results-2025-10-15-0627.csv,3.966700887016401e-11,9.765667266440732e-11,12,28,,,7,0.0,0.0
1546,BNL,"12, 16",Electrons 85V,2.0,,,30.0,/Users/rkfuentes/Documents/md_anderson_analysis/yepes_code/2025-10-15/scope-results-2025-10-15-0628.csv,1.562729164737192e-06,1.2272653231247859e-09,308,24,,,7,0.0,0.0
1547,BNL,"12, 16",Electrons 85V,2.0,,,30.0,/Users/rkfuentes/Documents/md_anderson_analysis/yepes_code/2025-10-15/scope-results-2025-10-15-0629.csv,9.48473058187331e-11,4.50989827549922e-10,25,23,,,7,0.0,0.0
1548,BNL,"12, 16",Electrons 85V,2.0,,,30.0,/Users/rkfuentes/Documents/md_anderson_analysis/yepes_code/2025-10-15/scope-results-2025-10-15-0630.csv,1.0583339767351275e-06,1.5455670237915083e-10,308,31,,,7,0.0,0.0
1549,BNL,"12, 16",Electrons 85V,2.0,,,30.0,/Users/rkfuentes/Documents/md_anderson_analysis/yepes_code/2025-10-15/scope-results-2025-10-15-0631.csv,9.82403540508714e-07,1.6472598096709244e-10,296,29,,,7,0.0,0.0
1550,BNL,"12, 16",Electrons 85V,2.0,,,30.0,/Users/rkfuentes/Documents/md_anderson_analysis/yepes_code/2025-10-15/scope-results-2025-10-15-0632.csv,1.0008559092870085e-06,1.8117620701777288e-10,324,29,,,7,0.0,0.0
1551,BNL,"12, 16",Electrons 85V,2.0,,,30.0,/Users/rkfuentes/Documents/md_anderson_analysis/yepes_code/2025-10-15/scope-results-2025-10-15-0633.csv,9.93393915492668e-07,1.3255353298049636e-10,287,28,,,7,0.0,0.0
1552,BNL,"12, 16",Electrons 85V,2.0,,,30.0,/Users/rkfuentes/Documents/md_anderson_analysis/yepes_code/2025-10-15/scope-results-2025-10-15-0687.csv,2.3577566084243447e-06,3.2238432175333215e-06,77,318,,,20,0.0,1.0
1553,BNL,"12, 16",Electrons 85V,2.0,,,30.0,/Users/rkfuentes/Documents/md_anderson_analysis/yepes_code/2025-10-15/scope-results-2025-10-15-0688.csv,2.4025761073903673e-06,3.1931924239308256e-06,65,318,,,20,0.0,1.0
1554,BNL,"12, 16",Electrons 85V,2.0,,,30.0,/Users/rkfuentes/Documents/md_anderson_analysis/yepes_code/2025-10-15/scope-results-2025-10-15-0689.csv,2.4136375149370793e-06,3.3667307346656504e-06,56,327,,,20,0.0,1.0
1555,BNL,"12, 16",Electrons 85V,2.0,,,30.0,/Users/rkfuentes/Documents/md_anderson_analysis/yepes_code/2025-10-15/scope-results-2025-10-15-0690.csv,2.509087409387092e-06,3.3945122223005984e-06,65,324,,,20,0.0,1.0
1556,BNL,"12, 16",Electrons 85V,2.0,,,30.0,/Users/rkfuentes/Documents/md_anderson_analysis/yepes_code/2025-10-15/scope-results-2025-10-15-0691.csv,2.566159663122461e-06,3.403907305359578e-06,66,330,,,20,0.0,1.0
1557,BNL,"12, 16",Electrons 85V,2.0,,,30.0,/Users/rkfuentes/Documents/md_anderson_analysis/yepes_code/2025-10-15/scope-results-2025-10-15-0692.csv,2.609678816167574e-06,3.314344632996146e-06,65,327,,,20,0.0,1.0
1558,BNL,"12, 16",Electrons 85V,2.0,,,30.0,/Users/rkfuentes/Documents/md_anderson_analysis/yepes_code/2025-10-15/scope-results-2025-10-15-0693.csv,2.5925696920693497e-06,3.387632780160016e-06,192,321,,,20,0.0,1.0
1559,BNL,"12, 16",Electrons 85V,2.0,,,30.0,/Users/rkfuentes/Documents/md_anderson_analysis/yepes_code/2025-10-15/scope-results-2025-10-15-0694.csv,2.61583538186648e-06,3.4749244696203704e-06,149,320,,,20,0.0,1.0
1560,BNL,"12, 16",Electrons 85V,2.0,,,30.0,/Users/rkfuentes/Documents/md_anderson_analysis/yepes_code/2025-10-15/scope-results-2025-10-15-0695.csv,2.6346105639914407e-06,3.3993546810423807e-06,173,324,,,20,0.0,1.0
1561,BNL,"12, 16",Electrons 85V,2.0,,,30.0,/Users/rkfuentes/Documents/md_anderson_analysis/yepes_code/2025-10-15/scope-results-2025-10-15-0696.csv,2.669272968307693e-06,3.313764532795837e-06,189,328,,,20,0.0,1.0
1562,BNL,"12, 16",Electrons 85V,2.0,,,30.0,/Users/rkfuentes/Documents/md_anderson_analysis/yepes_code/2025-10-15/scope-results-2025-10-15-0697.csv,2.6761030562124208e-06,3.3242006368605517e-06,69,337,,,20,0.0,1.0
1563,BNL,"12, 16",Electrons 85V,2.0,,,30.0,/Users/rkfuentes/Documents/md_anderson_analysis/yepes_code/2025-10-15/scope-results-2025-10-15-0698.csv,2.641037921498398e-06,3.4780778287756906e-06,123,331,,,20,0.0,1.0
1564,BNL,"12, 16",Electrons 85V,2.0,,,30.0,/Users/rkfuentes/Documents/md_anderson_analysis/yepes_code/2025-10-15/scope-results-2025-10-15-0699.csv,2.570884259724696e-06,3.344181377106721e-06,153,341,,,20,0.0,1.0
1565,BNL,"12, 16",Electrons 85V,2.0,,,30.0,/Users/rkfuentes/Documents/md_anderson_analysis/yepes_code/2025-10-15/scope-results-2025-10-15-0700.csv,2.6011706285705537e-06,3.4515164208555445e-06,64,308,,,20,0.0,1.0
1566,BNL,"12, 16",Electrons 85V,2.0,,,30.0,/Users/rkfuentes/Documents/md_anderson_analysis/yepes_code/2025-10-15/scope-results-2025-10-15-0701.csv,2.518130026594856e-06,3.3698869873611863e-06,55,327,,,20,0.0,1.0
1567,BNL,"12, 16",Electrons 85V,2.0,,,30.0,/Users/rkfuentes/Documents/md_anderson_analysis/yepes_code/2025-10-15/scope-results-2025-10-15-0702.csv,2.4649943400262368e-06,3.2808382791652617e-06,152,339,,,20,0.0,1.0
1568,BNL,"12, 16",Electrons 85V,2.0,,,30.0,/Users/rkfuentes/Documents/md_anderson_analysis/yepes_code/2025-10-15/scope-results-2025-10-15-0703.csv,2.4974106685851487e-06,3.265102597784284e-06,65,330,,,20,0.0,1.0
1569,BNL,"12, 16",Electrons 85V,2.0,,,20.0,/Users/rkfuentes/Documents/md_anderson_analysis/yepes_code/2025-10-15/scope-results-2025-10-15-0758.csv,2.3402864244284248e-06,9.900382458774994e-07,154,134,,,7,0.0,0.0
1570,BNL,"12, 16",Electrons 85V,2.0,,,20.0,/Users/rkfuentes/Documents/md_anderson_analysis/yepes_code/2025-10-15/scope-results-2025-10-15-0759.csv,2.2536039761441493e-06,1.0113893620216888e-06,156,129,,,7,0.0,0.0
1571,BNL,"12, 16",Electrons 85V,2.0,,,20.0,/Users/rkfuentes/Documents/md_anderson_analysis/yepes_code/2025-10-15/scope-results-2025-10-15-0760.csv,2.4486509325365444e-06,1.1286612503529408e-10,150,4,,,7,0.0,0.0
1572,BNL,"12, 16",Electrons 85V,2.0,,,20.0,/Users/rkfuentes/Documents/md_anderson_analysis/yepes_code/2025-10-15/scope-results-2025-10-15-0761.csv,2.059588530792308e-06,1.06062592285274e-06,138,171,,,7,0.0,0.0
1573,BNL,"12, 16",Electrons 85V,2.0,,,20.0,/Users/rkfuentes/Documents/md_anderson_analysis/yepes_code/2025-10-15/scope-results-2025-10-15-0762.csv,2.176228578305164e-06,1.229510284825323e-06,135,174,,,7,0.0,0.0
1574,BNL,"12, 16",Electrons 85V,2.0,,,20.0,/Users/rkfuentes/Documents/md_anderson_analysis/yepes_code/2025-10-15/scope-results-2025-10-15-0763.csv,2.1921002506765625e-06,1.273311788737126e-06,170,187,,,7,0.0,0.0
1575,BNL,"12, 16",Electrons 85V,2.0,,,20.0,/Users/rkfuentes/Documents/md_anderson_analysis/yepes_code/2025-10-15/scope-results-2025-10-15-0764.csv,2.4628409385697156e-06,1.012071304243297e-06,166,131,,,7,0.0,0.0
1576,BNL,"12, 16",Electrons 85V,2.0,,,20.0,/Users/rkfuentes/Documents/md_anderson_analysis/yepes_code/2025-10-15/scope-results-2025-10-15-0765.csv,2.2110756131966385e-06,9.63115341886231e-07,139,126,,,7,0.0,0.0
1577,BNL,"12, 16",Electrons 85V,2.0,,,20.0,/Users/rkfuentes/Documents/md_anderson_analysis/yepes_code/2025-10-15/scope-results-2025-10-15-0766.csv,2.434158711675191e-06,1.0774498589936265e-06,175,140,,,7,0.0,0.0
1578,BNL,"12, 16",Electrons 85V,2.0,,,20.0,/Users/rkfuentes/Documents/md_anderson_analysis/yepes_code/2025-10-15/scope-results-2025-10-15-0767.csv,2.370007884918253e-06,1.111249414626409e-06,136,164,,,7,1.0,0.0
1579,BNL,"12, 16",Electrons 85V,2.0,,,20.0,/Users/rkfuentes/Documents/md_anderson_analysis/yepes_code/2025-10-15/scope-results-2025-10-15-0768.csv,2.5508907890801005e-06,1.222628046101847e-06,168,148,,,7,1.0,0.0
1580,BNL,"12, 16",Electrons 85V,2.0,,,20.0,/Users/rkfuentes/Documents/md_anderson_analysis/yepes_code/2025-10-15/scope-results-2025-10-15-0769.csv,2.565242112898237e-06,1.0005128722085743e-06,162,144,,,7,1.0,0.0
1581,BNL,"12, 16",Electrons 85V,2.0,,,20.0,/Users/rkfuentes/Documents/md_anderson_analysis/yepes_code/2025-10-15/scope-results-2025-10-15-0770.csv,2.3039083121083137e-06,1.1419637261867747e-06,163,170,,,7,0.0,0.0
1582,BNL,"12, 16",Electrons 85V,2.0,,,20.0,/Users/rkfuentes/Documents/md_anderson_analysis/yepes_code/2025-10-15/scope-results-2025-10-15-0771.csv,2.488321715239132e-06,1.2578224212478357e-06,150,171,,,7,0.0,0.0
1583,BNL,"12, 16",Electrons 85V,2.0,,,20.0,/Users/rkfuentes/Documents/md_anderson_analysis/yepes_code/2025-10-15/scope-results-2025-10-15-0772.csv,2.5647299090609327e-06,1.056941879261829e-06,177,172,,,7,1.0,0.0
1584,BNL,"12, 16",Electrons 85V,2.0,,,20.0,/Users/rkfuentes/Documents/md_anderson_analysis/yepes_code/2025-10-15/scope-results-2025-10-15-0773.csv,2.44616578792872e-06,1.209154877204396e-06,162,156,,,7,1.0,0.0
1585,BNL,"12, 16",Electrons 85V,2.0,,,20.0,/Users/rkfuentes/Documents/md_anderson_analysis/yepes_code/2025-10-15/scope-results-2025-10-15-0774.csv,2.384901923478616e-06,1.0144251652030805e-06,182,160,,,7,0.0,0.0
1586,BNL,"12, 16",Electrons 85V,2.0,,,20.0,/Users/rkfuentes/Documents/md_anderson_analysis/yepes_code/2025-10-15/scope-results-2025-10-15-0775.csv,2.425722066119328e-06,1.1079796482507365e-06,144,138,,,7,1.0,0.0
1587,BNL,"12, 16",Electrons 85V,2.0,,,20.0,/Users/rkfuentes/Documents/md_anderson_analysis/yepes_code/2025-10-15/scope-results-2025-10-15-0830.csv,3.0705238317019864e-06,1.4309889892813057e-06,189,203,,,20,2.0,0.0
1588,BNL,"12, 16",Electrons 85V,2.0,,,20.0,/Users/rkfuentes/Documents/md_anderson_analysis/yepes_code/2025-10-15/scope-results-2025-10-15-0831.csv,2.9800709402909123e-06,1.362109300305374e-06,193,212,,,20,2.0,0.0
1589,BNL,"12, 16",Electrons 85V,2.0,,,20.0,/Users/rkfuentes/Documents/md_anderson_analysis/yepes_code/2025-10-15/scope-results-2025-10-15-0832.csv,3.0663681774888613e-06,1.578607088887508e-06,178,207,,,20,2.0,0.0
1590,BNL,"12, 16",Electrons 85V,2.0,,,20.0,/Users/rkfuentes/Documents/md_anderson_analysis/yepes_code/2025-10-15/scope-results-2025-10-15-0833.csv,3.0841004432568495e-06,1.3910985148852746e-06,189,225,,,20,2.0,0.0
1591,BNL,"12, 16",Electrons 85V,2.0,,,20.0,/Users/rkfuentes/Documents/md_anderson_analysis/yepes_code/2025-10-15/scope-results-2025-10-15-0834.csv,3.098934020341556e-06,1.5232907117640684e-06,191,206,,,20,2.0,0.0
1592,BNL,"12, 16",Electrons 85V,2.0,,,20.0,/Users/rkfuentes/Documents/md_anderson_analysis/yepes_code/2025-10-15/scope-results-2025-10-15-0835.csv,3.0060765745070914e-06,1.492511788921982e-06,185,228,,,20,2.0,0.0
1593,BNL,"12, 16",Electrons 85V,2.0,,,20.0,/Users/rkfuentes/Documents/md_anderson_analysis/yepes_code/2025-10-15/scope-results-2025-10-15-0836.csv,3.1099028109406846e-06,1.6407829335619285e-06,174,211,,,20,2.0,0.0
1594,BNL,"12, 16",Electrons 85V,2.0,,,20.0,/Users/rkfuentes/Documents/md_anderson_analysis/yepes_code/2025-10-15/scope-results-2025-10-15-0837.csv,3.0549087358831773e-06,1.400591924140523e-06,182,223,,,20,2.0,0.0
1595,BNL,"12, 16",Electrons 85V,2.0,,,20.0,/Users/rkfuentes/Documents/md_anderson_analysis/yepes_code/2025-10-15/scope-results-2025-10-15-0838.csv,3.0888750126260914e-06,1.590554866560417e-06,183,228,,,20,2.0,0.0
1596,BNL,"12, 16",Electrons 85V,2.0,,,20.0,/Users/rkfuentes/Documents/md_anderson_analysis/yepes_code/2025-10-15/scope-results-2025-10-15-0839.csv,3.0098915628704825e-06,1.558510093168773e-06,191,217,,,20,2.0,0.0
1597,BNL,"12, 16",Electrons 85V,2.0,,,20.0,/Users/rkfuentes/Documents/md_anderson_analysis/yepes_code/2025-10-15/scope-results-2025-10-15-0840.csv,3.0714177916438435e-06,1.400505571168744e-06,186,221,,,20,2.0,0.0
1598,BNL,"12, 16",Electrons 85V,2.0,,,20.0,/Users/rkfuentes/Documents/md_anderson_analysis/yepes_code/2025-10-15/scope-results-2025-10-15-0841.csv,3.0911373250866927e-06,1.5065410390174588e-06,194,233,,,20,2.0,0.0
1599,BNL,"12, 16",Electrons 85V,2.0,,,20.0,/Users/rkfuentes/Documents/md_anderson_analysis/yepes_code/2025-10-15/scope-results-2025-10-15-0842.csv,2.9525752634711325e-06,1.5802302953594846e-06,176,213,,,20,2.0,0.0
1600,BNL,"12, 16",Electrons 85V,2.0,,,20.0,/Users/rkfuentes/Documents/md_anderson_analysis/yepes_code/2025-10-15/scope-results-2025-10-15-0843.csv,3.0298339083050745e-06,1.721889936433784e-06,188,210,,,20,2.0,0.0
1601,BNL,"12, 16",Electrons 85V,2.0,,,20.0,/Users/rkfuentes/Documents/md_anderson_analysis/yepes_code/2025-10-15/scope-results-2025-10-15-0844.csv,3.1196014056338696e-06,1.5195218828899193e-06,194,228,,,20,3.0,0.0
1602,BNL,"12, 16",Electrons 85V,2.0,,,20.0,/Users/rkfuentes/Documents/md_anderson_analysis/yepes_code/2025-10-15/scope-results-2025-10-15-0845.csv,3.056130555993169e-06,1.644753318240391e-06,203,210,,,20,2.0,0.0
1603,BNL,"12, 16",Electrons 85V,2.0,,,20.0,/Users/rkfuentes/Documents/md_anderson_analysis/yepes_code/2025-10-15/scope-results-2025-10-15-0846.csv,2.964200005598815e-06,1.5222738117194187e-06,180,190,,,20,2.0,0.0
1604,BNL,"12, 16",Electrons 85V,2.0,,,20.0,/Users/rkfuentes/Documents/md_anderson_analysis/yepes_code/2025-10-15/scope-results-2025-10-15-0847.csv,3.0422825324232313e-06,1.592042443998833e-06,182,226,,,20,3.0,0.0
1605,BNL,"12, 16",Electrons 85V,2.0,,,20.0,/Users/rkfuentes/Documents/md_anderson_analysis/yepes_code/2025-10-15/scope-results-2025-10-15-0901.csv,1.6784077543298129e-06,3.0088957027462254e-06,244,406,,,0,0.0,1.0
1606,BNL,"12, 16",Electrons 85V,2.0,,,20.0,/Users/rkfuentes/Documents/md_anderson_analysis/yepes_code/2025-10-15/scope-results-2025-10-15-0902.csv,1.812295696445182e-06,3.0958252985299505e-06,230,424,,,0,0.0,0.0
1607,BNL,"12, 16",Electrons 85V,2.0,,,20.0,/Users/rkfuentes/Documents/md_anderson_analysis/yepes_code/2025-10-15/scope-results-2025-10-15-0903.csv,1.918574828795688e-06,3.069528119911454e-06,225,390,,,0,0.0,1.0
1608,BNL,"12, 16",Electrons 85V,2.0,,,20.0,/Users/rkfuentes/Documents/md_anderson_analysis/yepes_code/2025-10-15/scope-results-2025-10-15-0904.csv,1.8511879676189871e-06,3.10002268236234e-06,210,430,,,0,0.0,0.0
1609,BNL,"12, 16",Electrons 85V,2.0,,,20.0,/Users/rkfuentes/Documents/md_anderson_analysis/yepes_code/2025-10-15/scope-results-2025-10-15-0905.csv,1.7974254207997152e-06,3.1231198344391755e-06,217,427,,,0,0.0,1.0
1610,BNL,"12, 16",Electrons 85V,2.0,,,20.0,/Users/rkfuentes/Documents/md_anderson_analysis/yepes_code/2025-10-15/scope-results-2025-10-15-0906.csv,2.009153926638501e-06,2.160610337259941e-09,208,8,,,0,0.0,0.0
1611,BNL,"12, 16",Electrons 85V,2.0,,,20.0,/Users/rkfuentes/Documents/md_anderson_analysis/yepes_code/2025-10-15/scope-results-2025-10-15-0907.csv,1.795672834862596e-10,3.1614843037616334e-06,22,438,,,0,0.0,1.0
1612,BNL,"12, 16",Electrons 85V,2.0,,,20.0,/Users/rkfuentes/Documents/md_anderson_analysis/yepes_code/2025-10-15/scope-results-2025-10-15-0908.csv,2.1248538624439853e-06,3.110020479513294e-06,220,436,,,0,0.0,1.0
1613,BNL,"12, 16",Electrons 85V,2.0,,,20.0,/Users/rkfuentes/Documents/md_anderson_analysis/yepes_code/2025-10-15/scope-results-2025-10-15-0909.csv,2.1346551692426694e-06,1.213534346054495e-09,241,2,,,0,0.0,0.0
1614,BNL,"12, 16",Electrons 85V,2.0,,,20.0,/Users/rkfuentes/Documents/md_anderson_analysis/yepes_code/2025-10-15/scope-results-2025-10-15-0910.csv,1.8403343229465769e-06,3.1591428671009127e-06,246,440,,,0,0.0,1.0
1615,BNL,"12, 16",Electrons 85V,2.0,,,20.0,/Users/rkfuentes/Documents/md_anderson_analysis/yepes_code/2025-10-15/scope-results-2025-10-15-0911.csv,2.0790518033503204e-06,3.1467139281098377e-06,245,405,,,0,0.0,1.0
1616,BNL,"12, 16",Electrons 85V,2.0,,,20.0,/Users/rkfuentes/Documents/md_anderson_analysis/yepes_code/2025-10-15/scope-results-2025-10-15-0912.csv,2.0141767729538944e-06,3.116458050028882e-06,239,415,,,0,0.0,1.0
1617,BNL,"12, 16",Electrons 85V,2.0,,,20.0,/Users/rkfuentes/Documents/md_anderson_analysis/yepes_code/2025-10-15/scope-results-2025-10-15-0913.csv,2.1302442781541526e-06,3.1509840135758557e-06,250,432,,,0,0.0,1.0
1618,BNL,"12, 16",Electrons 85V,2.0,,,20.0,/Users/rkfuentes/Documents/md_anderson_analysis/yepes_code/2025-10-15/scope-results-2025-10-15-0914.csv,5.877559500205351e-10,3.1550578282064825e-06,29,404,,,0,0.0,1.0
1619,BNL,"12, 16",Electrons 85V,2.0,,,20.0,/Users/rkfuentes/Documents/md_anderson_analysis/yepes_code/2025-10-15/scope-results-2025-10-15-0915.csv,1.7326004831339912e-06,3.1426553382853484e-06,234,451,,,0,0.0,1.0
1620,BNL,"12, 16",Electrons 85V,2.0,,,20.0,/Users/rkfuentes/Documents/md_anderson_analysis/yepes_code/2025-10-15/scope-results-2025-10-15-0916.csv,1.7251205992383865e-06,3.114244533096475e-06,237,448,,,0,0.0,1.0
1621,BNL,"12, 16",Electrons 85V,2.0,,,20.0,/Users/rkfuentes/Documents/md_anderson_analysis/yepes_code/2025-10-15/scope-results-2025-10-15-0917.csv,2.0727893685596396e-06,3.1417537519268135e-06,240,479,,,0,0.0,1.0
1622,BNL,"12, 16",Electrons 85V,2.0,,,20.0,/Users/rkfuentes/Documents/md_anderson_analysis/yepes_code/2025-10-15/scope-results-2025-10-15-0918.csv,1.8518467220397628e-06,3.1090159037007436e-06,219,462,,,0,0.0,1.0
1623,BNL,"12, 16",Electrons 85V,2.0,,,10.0,/Users/rkfuentes/Documents/md_anderson_analysis/yepes_code/2025-10-15/scope-results-2025-10-15-0974.csv,2.7322277803797535e-06,3.263702858522257e-06,215,359,,,0,0.0,2.0
1624,BNL,"12, 16",Electrons 85V,2.0,,,10.0,/Users/rkfuentes/Documents/md_anderson_analysis/yepes_code/2025-10-15/scope-results-2025-10-15-0975.csv,2.7369825382854948e-06,3.223956386574743e-06,248,355,,,0,0.0,2.0
1625,BNL,"12, 16",Electrons 85V,2.0,,,10.0,/Users/rkfuentes/Documents/md_anderson_analysis/yepes_code/2025-10-15/scope-results-2025-10-15-0976.csv,2.8288259653024297e-06,3.2218661383282204e-06,256,364,,,0,0.0,2.0
1626,BNL,"12, 16",Electrons 85V,2.0,,,10.0,/Users/rkfuentes/Documents/md_anderson_analysis/yepes_code/2025-10-15/scope-results-2025-10-15-0977.csv,2.760388686769736e-06,3.011608325075814e-06,261,364,,,0,0.0,2.0
1627,BNL,"12, 16",Electrons 85V,2.0,,,10.0,/Users/rkfuentes/Documents/md_anderson_analysis/yepes_code/2025-10-15/scope-results-2025-10-15-0978.csv,2.777950714513709e-06,1.1440559251455436e-08,255,9,,,0,0.0,0.0
1628,BNL,"12, 16",Electrons 85V,2.0,,,10.0,/Users/rkfuentes/Documents/md_anderson_analysis/yepes_code/2025-10-15/scope-results-2025-10-15-0979.csv,2.75396256433294e-06,3.187095888590583e-06,247,360,,,0,0.0,2.0
1629,BNL,"12, 16",Electrons 85V,2.0,,,10.0,/Users/rkfuentes/Documents/md_anderson_analysis/yepes_code/2025-10-15/scope-results-2025-10-15-0980.csv,2.7769982499546126e-06,3.1358798162262336e-06,278,373,,,0,0.0,2.0
1630,BNL,"12, 16",Electrons 85V,2.0,,,10.0,/Users/rkfuentes/Documents/md_anderson_analysis/yepes_code/2025-10-15/scope-results-2025-10-15-0981.csv,2.550694943678308e-06,3.208885346238492e-06,257,356,,,0,0.0,2.0
1631,BNL,"12, 16",Electrons 85V,2.0,,,10.0,/Users/rkfuentes/Documents/md_anderson_analysis/yepes_code/2025-10-15/scope-results-2025-10-15-0982.csv,2.8353359681010957e-06,3.2416598025894345e-06,252,367,,,0,0.0,2.0
1632,BNL,"12, 16",Electrons 85V,2.0,,,10.0,/Users/rkfuentes/Documents/md_anderson_analysis/yepes_code/2025-10-15/scope-results-2025-10-15-0983.csv,2.5399087567026164e-06,3.1426554550061794e-06,244,344,,,0,0.0,2.0
1633,BNL,"12, 16",Electrons 85V,2.0,,,10.0,/Users/rkfuentes/Documents/md_anderson_analysis/yepes_code/2025-10-15/scope-results-2025-10-15-0984.csv,2.766118731089511e-06,2.758620782308255e-06,263,360,,,0,0.0,2.0
1634,BNL,"12, 16",Electrons 85V,2.0,,,10.0,/Users/rkfuentes/Documents/md_anderson_analysis/yepes_code/2025-10-15/scope-results-2025-10-15-0985.csv,2.74132179292282e-06,3.2264797634923776e-06,241,362,,,0,0.0,2.0
1635,BNL,"12, 16",Electrons 85V,2.0,,,10.0,/Users/rkfuentes/Documents/md_anderson_analysis/yepes_code/2025-10-15/scope-results-2025-10-15-0986.csv,2.712243785418442e-06,3.20637431729335e-06,257,365,,,0,0.0,2.0
1636,BNL,"12, 16",Electrons 85V,2.0,,,10.0,/Users/rkfuentes/Documents/md_anderson_analysis/yepes_code/2025-10-15/scope-results-2025-10-15-0987.csv,2.7917539955193555e-06,6.169591842868537e-09,278,14,,,0,0.0,0.0
1637,BNL,"12, 16",Electrons 85V,2.0,,,10.0,/Users/rkfuentes/Documents/md_anderson_analysis/yepes_code/2025-10-15/scope-results-2025-10-15-0988.csv,2.784629457170032e-06,9.013174401763794e-09,270,13,,,0,0.0,0.0
1638,BNL,"12, 16",Electrons 85V,2.0,,,10.0,/Users/rkfuentes/Documents/md_anderson_analysis/yepes_code/2025-10-15/scope-results-2025-10-15-0989.csv,2.7281683081717535e-06,1.9912002094784483e-08,271,8,,,0,0.0,0.0
1639,BNL,"12, 16",Electrons 85V,2.0,,,10.0,/Users/rkfuentes/Documents/md_anderson_analysis/yepes_code/2025-10-15/scope-results-2025-10-15-1043.csv,3.008451624595807e-06,3.357140609620032e-06,190,297,,,7,2.0,1.0
1640,BNL,"12, 16",Electrons 85V,2.0,,,10.0,/Users/rkfuentes/Documents/md_anderson_analysis/yepes_code/2025-10-15/scope-results-2025-10-15-1044.csv,2.9909904618191976e-06,3.3891043037318965e-06,171,307,,,7,2.0,1.0
1641,BNL,"12, 16",Electrons 85V,2.0,,,10.0,/Users/rkfuentes/Documents/md_anderson_analysis/yepes_code/2025-10-15/scope-results-2025-10-15-1045.csv,3.0502813234580817e-06,3.072644439956207e-06,183,302,,,7,2.0,1.0
1642,BNL,"12, 16",Electrons 85V,2.0,,,10.0,/Users/rkfuentes/Documents/md_anderson_analysis/yepes_code/2025-10-15/scope-results-2025-10-15-1046.csv,3.0080730310723097e-06,3.3992962812010185e-06,176,298,,,7,2.0,1.0
1643,BNL,"12, 16",Electrons 85V,2.0,,,10.0,/Users/rkfuentes/Documents/md_anderson_analysis/yepes_code/2025-10-15/scope-results-2025-10-15-1047.csv,3.0513854219105342e-06,3.441799920884043e-06,180,304,,,7,2.0,1.0
1644,BNL,"12, 16",Electrons 85V,2.0,,,10.0,/Users/rkfuentes/Documents/md_anderson_analysis/yepes_code/2025-10-15/scope-results-2025-10-15-1048.csv,2.9725905705480934e-06,7.858441381016546e-09,187,8,,,7,2.0,0.0
1645,BNL,"12, 16",Electrons 85V,2.0,,,10.0,/Users/rkfuentes/Documents/md_anderson_analysis/yepes_code/2025-10-15/scope-results-2025-10-15-1049.csv,2.9847075316007546e-06,3.3219051766331284e-06,169,297,,,7,2.0,1.0
1646,BNL,"12, 16",Electrons 85V,2.0,,,10.0,/Users/rkfuentes/Documents/md_anderson_analysis/yepes_code/2025-10-15/scope-results-2025-10-15-1050.csv,3.007698458910832e-06,1.9063309494962173e-08,177,12,,,7,2.0,0.0
1647,BNL,"12, 16",Electrons 85V,2.0,,,10.0,/Users/rkfuentes/Documents/md_anderson_analysis/yepes_code/2025-10-15/scope-results-2025-10-15-1051.csv,3.0026272653473483e-06,3.3925890916425917e-06,179,294,,,7,2.0,1.0
1648,BNL,"12, 16",Electrons 85V,2.0,,,10.0,/Users/rkfuentes/Documents/md_anderson_analysis/yepes_code/2025-10-15/scope-results-2025-10-15-1052.csv,3.019721377788141e-06,3.4822102967312206e-06,171,312,,,7,2.0,1.0
1649,BNL,"12, 16",Electrons 85V,2.0,,,10.0,/Users/rkfuentes/Documents/md_anderson_analysis/yepes_code/2025-10-15/scope-results-2025-10-15-1053.csv,3.0047835316061593e-06,1.3248369585168016e-08,179,7,,,7,2.0,0.0
1650,BNL,"12, 16",Electrons 85V,2.0,,,10.0,/Users/rkfuentes/Documents/md_anderson_analysis/yepes_code/2025-10-15/scope-results-2025-10-15-1054.csv,3.0089489058597884e-06,3.5295811124516453e-06,162,316,,,7,2.0,1.0
1651,BNL,"12, 16",Electrons 85V,2.0,,,10.0,/Users/rkfuentes/Documents/md_anderson_analysis/yepes_code/2025-10-15/scope-results-2025-10-15-1055.csv,2.9858865448666663e-06,3.3836681289077088e-06,179,294,,,7,2.0,1.0
1652,BNL,"12, 16",Electrons 85V,2.0,,,10.0,/Users/rkfuentes/Documents/md_anderson_analysis/yepes_code/2025-10-15/scope-results-2025-10-15-1056.csv,3.022415837241867e-06,1.1009499092592144e-08,179,12,,,7,2.0,0.0
1653,BNL,"12, 16",Electrons 85V,2.0,,,10.0,/Users/rkfuentes/Documents/md_anderson_analysis/yepes_code/2025-10-15/scope-results-2025-10-15-1057.csv,3.052564488912337e-06,3.4847277919010486e-06,177,306,,,7,2.0,1.0
1654,BNL,"12, 16",Electrons 85V,2.0,,,10.0,/Users/rkfuentes/Documents/md_anderson_analysis/yepes_code/2025-10-15/scope-results-2025-10-15-1058.csv,3.0083407429268538e-06,3.498430356713222e-06,172,312,,,7,2.0,1.0
1655,BNL,"12, 16",Electrons 85V,2.0,,,10.0,/Users/rkfuentes/Documents/md_anderson_analysis/yepes_code/2025-10-15/scope-results-2025-10-15-1059.csv,2.9435183676314064e-06,3.3544075994740375e-06,170,305,,,7,2.0,1.0
1656,BNL,"12, 16",Electrons 85V,2.0,,,10.0,/Users/rkfuentes/Documents/md_anderson_analysis/yepes_code/2025-10-15/scope-results-2025-10-15-1060.csv,3.003956000707179e-06,3.471501580996088e-06,173,305,,,7,2.0,1.0
1657,BNL,"12, 16",Electrons 85V,2.0,,,10.0,/Users/rkfuentes/Documents/md_anderson_analysis/yepes_code/2025-10-15/scope-results-2025-10-15-1114.csv,3.5050369955581493e-06,3.735678103823112e-06,199,301,,,20,3.0,1.0
1658,BNL,"12, 16",Electrons 85V,2.0,,,10.0,/Users/rkfuentes/Documents/md_anderson_analysis/yepes_code/2025-10-15/scope-results-2025-10-15-1115.csv,3.4886174281251513e-06,3.755451793944776e-06,206,305,,,20,3.0,1.0
1659,BNL,"12, 16",Electrons 85V,2.0,,,10.0,/Users/rkfuentes/Documents/md_anderson_analysis/yepes_code/2025-10-15/scope-results-2025-10-15-1116.csv,3.5071206612158542e-06,3.7901832691350818e-06,207,304,,,20,3.0,1.0
1660,BNL,"12, 16",Electrons 85V,2.0,,,10.0,/Users/rkfuentes/Documents/md_anderson_analysis/yepes_code/2025-10-15/scope-results-2025-10-15-1117.csv,3.47781493416516e-06,3.775079846893626e-06,199,304,,,20,3.0,1.0
1661,BNL,"12, 16",Electrons 85V,2.0,,,10.0,/Users/rkfuentes/Documents/md_anderson_analysis/yepes_code/2025-10-15/scope-results-2025-10-15-1118.csv,3.433668843157126e-06,6.554515239208892e-09,202,9,,,20,3.0,0.0
1662,BNL,"12, 16",Electrons 85V,2.0,,,10.0,/Users/rkfuentes/Documents/md_anderson_analysis/yepes_code/2025-10-15/scope-results-2025-10-15-1119.csv,3.469948440664841e-06,3.753441947619849e-06,192,312,,,20,3.0,1.0
1663,BNL,"12, 16",Electrons 85V,2.0,,,10.0,/Users/rkfuentes/Documents/md_anderson_analysis/yepes_code/2025-10-15/scope-results-2025-10-15-1120.csv,3.4341122573085218e-06,3.749660830692035e-06,189,295,,,20,3.0,1.0
1664,BNL,"12, 16",Electrons 85V,2.0,,,10.0,/Users/rkfuentes/Documents/md_anderson_analysis/yepes_code/2025-10-15/scope-results-2025-10-15-1121.csv,3.3879186821268364e-06,3.770370809773434e-06,200,308,,,20,3.0,1.0
1665,BNL,"12, 16",Electrons 85V,2.0,,,10.0,/Users/rkfuentes/Documents/md_anderson_analysis/yepes_code/2025-10-15/scope-results-2025-10-15-1122.csv,3.4435857475786256e-06,3.773362742096962e-06,207,306,,,20,3.0,1.0
1666,BNL,"12, 16",Electrons 85V,2.0,,,10.0,/Users/rkfuentes/Documents/md_anderson_analysis/yepes_code/2025-10-15/scope-results-2025-10-15-1123.csv,3.4555698963491254e-06,1.088059363409284e-08,204,12,,,20,3.0,0.0
1667,BNL,"12, 16",Electrons 85V,2.0,,,10.0,/Users/rkfuentes/Documents/md_anderson_analysis/yepes_code/2025-10-15/scope-results-2025-10-15-1124.csv,3.3947565729318172e-06,1.1094292042886506e-08,199,13,,,20,3.0,0.0
1668,BNL,"12, 16",Electrons 85V,2.0,,,10.0,/Users/rkfuentes/Documents/md_anderson_analysis/yepes_code/2025-10-15/scope-results-2025-10-15-1125.csv,3.402186313350631e-06,3.09108315384674e-09,191,9,,,20,3.0,0.0
1669,BNL,"12, 16",Electrons 85V,2.0,,,10.0,/Users/rkfuentes/Documents/md_anderson_analysis/yepes_code/2025-10-15/scope-results-2025-10-15-1126.csv,3.3972356531685967e-06,3.803054954091904e-06,197,301,,,20,3.0,1.0
1670,BNL,"12, 16",Electrons 85V,2.0,,,10.0,/Users/rkfuentes/Documents/md_anderson_analysis/yepes_code/2025-10-15/scope-results-2025-10-15-1127.csv,3.388318031533558e-06,6.344138173744872e-09,193,10,,,20,3.0,0.0
1671,BNL,"12, 16",Electrons 85V,2.0,,,10.0,/Users/rkfuentes/Documents/md_anderson_analysis/yepes_code/2025-10-15/scope-results-2025-10-15-1128.csv,3.362555570913864e-06,1.1808863749280276e-08,191,6,,,20,3.0,0.0
1672,BNL,"12, 16",Electrons 85V,2.0,,,10.0,/Users/rkfuentes/Documents/md_anderson_analysis/yepes_code/2025-10-15/scope-results-2025-10-15-1129.csv,3.4381894023912744e-06,3.7679493359274184e-06,199,303,,,20,3.0,1.0
1673,BNL,"12, 16",Electrons 85V,2.0,,,10.0,/Users/rkfuentes/Documents/md_anderson_analysis/yepes_code/2025-10-15/scope-results-2025-10-15-1130.csv,3.4151652649815415e-06,3.694372169450231e-06,190,302,,,20,3.0,1.0
1674,BNL,"12, 16",Electrons 85V,2.0,,,10.0,/Users/rkfuentes/Documents/md_anderson_analysis/yepes_code/2025-10-15/scope-results-2025-10-15-1131.csv,3.3834329126792235e-06,2.0512807957191893e-08,196,11,,,20,3.0,0.0
1675,BNL,"12, 16",Electrons 110V,2.0,,,100.0,/Users/rkfuentes/Documents/md_anderson_analysis/yepes_code/2025-10-15/scope-results-2025-10-15-1156.csv,1.4101183125859655e-06,9.62777143433354e-08,221,60,,,0,0.0,0.0
1676,BNL,"12, 16",Electrons 110V,2.0,,,100.0,/Users/rkfuentes/Documents/md_anderson_analysis/yepes_code/2025-10-15/scope-results-2025-10-15-1160.csv,1.319899085558158e-09,8.940436734374196e-08,32,56,,,0,0.0,0.0
1677,BNL,"12, 16",Electrons 110V,2.0,,,100.0,/Users/rkfuentes/Documents/md_anderson_analysis/yepes_code/2025-10-15/scope-results-2025-10-15-1164.csv,1.5561973979822592e-06,9.397058825009432e-07,162,133,,,7,0.0,0.0
1678,BNL,"12, 16",Electrons 110V,2.0,,,75.0,/Users/rkfuentes/Documents/md_anderson_analysis/yepes_code/2025-10-15/scope-results-2025-10-15-1169.csv,2.0506929703250017e-06,1.2944703219886237e-06,148,140,,,7,0.0,0.0
1679,BNL,"12, 16",Electrons 110V,2.0,,,75.0,/Users/rkfuentes/Documents/md_anderson_analysis/yepes_code/2025-10-15/scope-results-2025-10-15-1173.csv,3.21260122101756e-06,9.734965873042071e-10,417,6,,,0,0.0,0.0
1680,BNL,"12, 16",Electrons 110V,2.0,,,50.0,/Users/rkfuentes/Documents/md_anderson_analysis/yepes_code/2025-10-15/scope-results-2025-10-15-1177.csv,3.5776421719513498e-06,1.152174402617008e-07,279,45,,,0,0.0,0.0
1681,BNL,"12, 16",Electrons 110V,2.0,,,50.0,/Users/rkfuentes/Documents/md_anderson_analysis/yepes_code/2025-10-15/scope-results-2025-10-15-1181.csv,3.7176892965336046e-06,3.2058391095894623e-06,195,230,,,7,3.0,2.0
1682,BNL,"12, 16",Electrons 110V,2.0,,,40.0,/Users/rkfuentes/Documents/md_anderson_analysis/yepes_code/2025-10-15/scope-results-2025-10-15-1185.csv,3.2811167152662525e-06,3.030799660116662e-07,256,65,,,0,0.0,0.0
1683,BNL,"12, 16",Electrons 110V,2.0,,,30.0,/Users/rkfuentes/Documents/md_anderson_analysis/yepes_code/2025-10-15/scope-results-2025-10-15-1189.csv,3.830662328454615e-06,4.43700610980685e-06,322,545,,,0,0.0,1.0
1684,BNL,"12, 16",Electrons 191V,2.0,,,100.0,/Users/rkfuentes/Documents/md_anderson_analysis/yepes_code/2025-10-15/scope-results-2025-10-15-1195.csv,2.5673801176528087e-06,2.0351658970515765e-07,234,57,,,0,0.0,0.0
1685,BNL,"12, 16",Electrons 191V,2.0,,,75.0,/Users/rkfuentes/Documents/md_anderson_analysis/yepes_code/2025-10-15/scope-results-2025-10-15-1201.csv,4.332872704397849e-06,1.8319204560870608e-10,315,5,,,0,1.0,0.0
1686,BNL,"12, 16",Electrons 191V,2.0,,,50.0,/Users/rkfuentes/Documents/md_anderson_analysis/yepes_code/2025-10-15/scope-results-2025-10-15-1205.csv,6.734303169122927e-06,3.879143034285626e-06,380,462,,,0,3.0,3.0
1687,BNL,"12, 16",Electrons 110V,2.0,,,125.0,/Users/rkfuentes/Documents/md_anderson_analysis/yepes_code/2025-10-15/scope-results-2025-10-15-1210.csv,6.053188701415246e-10,1.5391295681683142e-06,27,410,,,0,0.0,0.0
1688,BNL,"12, 16",Electrons 110V,2.0,,,125.0,/Users/rkfuentes/Documents/md_anderson_analysis/yepes_code/2025-10-15/scope-results-2025-10-15-1214.csv,1.6292671102361458e-10,1.273759305444903e-06,34,383,,,7,0.0,0.0
1689,BNL,"12, 16",Electrons 110V,2.0,,,125.0,/Users/rkfuentes/Documents/md_anderson_analysis/yepes_code/2025-10-15/scope-results-2025-10-15-1218.csv,1.4781987509859798e-06,3.986252779428681e-12,143,1,,,20,0.0,0.0
1690,BNL,"12, 16",Electrons 191V,2.0,,,125.0,/Users/rkfuentes/Documents/md_anderson_analysis/yepes_code/2025-10-15/scope-results-2025-10-15-1222.csv,3.3434840380254357e-06,2.3817927393507003e-06,185,179,,,20,3.0,1.0
1691,BNL,"12, 16",Electrons 191V,2.0,,,125.0,/Users/rkfuentes/Documents/md_anderson_analysis/yepes_code/2025-10-15/scope-results-2025-10-15-1226.csv,3.006813694449631e-06,1.629249071821748e-06,164,165,,,7,2.0,0.0
1692,BNL,"12, 16",Electrons 191V,2.0,,,125.0,/Users/rkfuentes/Documents/md_anderson_analysis/yepes_code/2025-10-15/scope-results-2025-10-15-1230.csv,1.238697162710545e-09,5.3937041441648026e-08,30,37,,,0,0.0,0.0
1693,BNL,"12, 16",Electrons 110V,2.0,,,150.0,/Users/rkfuentes/Documents/md_anderson_analysis/yepes_code/2025-10-15/scope-results-2025-10-15-1251.csv,7.71342176058129e-07,1.8628364708671673e-06,195,402,,,0,0.0,1.0
1694,BNL,"12, 16",Electrons 110V,2.0,,,150.0,/Users/rkfuentes/Documents/md_anderson_analysis/yepes_code/2025-10-15/scope-results-2025-10-15-1255.csv,1.4366661091641218e-10,2.5640383229320725e-10,22,7,,,7,0.0,0.0
1695,BNL,"12, 16",Electrons 110V,2.0,,,150.0,/Users/rkfuentes/Documents/md_anderson_analysis/yepes_code/2025-10-15/scope-results-2025-10-15-1259.csv,1.3828943891695665e-06,2.3597558876946983e-06,136,306,,,20,0.0,0.0
1696,BNL,"12, 16",Electrons 191V,2.0,,,150.0,/Users/rkfuentes/Documents/md_anderson_analysis/yepes_code/2025-10-15/scope-results-2025-10-15-1267.csv,2.9953513584801534e-06,1.2178700464372083e-11,176,14,,,7,1.0,0.0
1697,BNL,"12, 16",Electrons 191V,2.0,,,150.0,/Users/rkfuentes/Documents/md_anderson_analysis/yepes_code/2025-10-15/scope-results-2025-10-15-1271.csv,1.9402430322248753e-06,3.1421150456843465e-06,232,363,,,0,0.0,2.0
1698,BNL,"12, 16",Electrons 110V,2.0,,,175.0,/Users/rkfuentes/Documents/md_anderson_analysis/yepes_code/2025-10-15/scope-results-2025-10-15-1275.csv,1.498690991783234e-10,5.958751802366185e-11,29,4,,,0,0.0,0.0
1699,BNL,"12, 16",Electrons 110V,2.0,,,175.0,/Users/rkfuentes/Documents/md_anderson_analysis/yepes_code/2025-10-15/scope-results-2025-10-15-1279.csv,1.612882937326326e-07,6.417374558992319e-07,202,366,,,7,0.0,0.0
1700,BNL,"12, 16",Electrons 110V,2.0,,,175.0,/Users/rkfuentes/Documents/md_anderson_analysis/yepes_code/2025-10-15/scope-results-2025-10-15-1283.csv,4.607793308591612e-07,2.751945458616436e-10,124,6,,,20,0.0,0.0
1701,BNL,"12, 16",Electrons 191V,2.0,,,175.0,/Users/rkfuentes/Documents/md_anderson_analysis/yepes_code/2025-10-15/scope-results-2025-10-15-1287.csv,2.5011823942256095e-06,1.7312727022207492e-06,170,189,,,20,2.0,0.0
1702,BNL,"12, 16",Electrons 191V,2.0,,,175.0,/Users/rkfuentes/Documents/md_anderson_analysis/yepes_code/2025-10-15/scope-results-2025-10-15-1291.csv,1.7606460726792177e-06,9.35324233382036e-07,155,138,,,7,0.0,0.0
1703,BNL,"12, 16",Electrons 191V,2.0,,,175.0,/Users/rkfuentes/Documents/md_anderson_analysis/yepes_code/2025-10-15/scope-results-2025-10-15-1295.csv,6.511005750118832e-07,9.412613565512184e-11,120,18,,,0,0.0,0.0
1704,BNL,"12, 16",Electrons 110V,2.0,,,200.0,/Users/rkfuentes/Documents/md_anderson_analysis/yepes_code/2025-10-15/scope-results-2025-10-15-1299.csv,1.893240165310343e-07,9.307244429827772e-07,282,537,,,0,0.0,0.0
1705,BNL,"12, 16",Electrons 110V,2.0,,,200.0,/Users/rkfuentes/Documents/md_anderson_analysis/yepes_code/2025-10-15/scope-results-2025-10-15-1303.csv,7.677444643033044e-10,2.848358486987003e-10,24,7,,,7,0.0,0.0
1706,BNL,"12, 16",Electrons 110V,2.0,,,200.0,/Users/rkfuentes/Documents/md_anderson_analysis/yepes_code/2025-10-15/scope-results-2025-10-15-1307.csv,1.502003715600403e-07,1.3964253219173334e-10,112,7,,,20,0.0,0.0
1707,BNL,"12, 16",Electrons 191V,2.0,,,200.0,/Users/rkfuentes/Documents/md_anderson_analysis/yepes_code/2025-10-15/scope-results-2025-10-15-1311.csv,2.0293583183756542e-06,1.2084133916874076e-06,154,123,,,20,1.0,0.0
1708,BNL,"12, 16",Electrons 191V,2.0,,,200.0,/Users/rkfuentes/Documents/md_anderson_analysis/yepes_code/2025-10-15/scope-results-2025-10-15-1315.csv,9.614182548662851e-07,5.059072111453294e-07,116,118,,,7,0.0,0.0
1709,BNL,"12, 16",Electrons 191V,2.0,,,200.0,/Users/rkfuentes/Documents/md_anderson_analysis/yepes_code/2025-10-15/scope-results-2025-10-15-1318.csv,4.6172249130990136e-10,8.522134325329396e-11,27,1,,,0,0.0,0.0
1710,BNL,"12, 16",Electrons 85V,3.0,,,50.0,/Users/rkfuentes/Documents/md_anderson_analysis/yepes_code/2025-10-15/scope-results-2025-10-15-0052.csv,4.47885330590381e-07,1.5833724021572647e-11,397,18,,,20,0.0,0.0
1711,BNL,"12, 16",Electrons 85V,3.0,,,50.0,/Users/rkfuentes/Documents/md_anderson_analysis/yepes_code/2025-10-15/scope-results-2025-10-15-0120.csv,3.5443850578444345e-06,1.9892095521225156e-06,387,405,,,50,1.0,1.0
1712,BNL,"12, 16",Electrons 85V,3.0,,,50.0,/Users/rkfuentes/Documents/md_anderson_analysis/yepes_code/2025-10-15/scope-results-2025-10-15-0121.csv,3.5629123024932186e-06,2.1782634967250558e-10,386,10,,,50,1.0,0.0
1713,BNL,"12, 16",Electrons 85V,3.0,,,50.0,/Users/rkfuentes/Documents/md_anderson_analysis/yepes_code/2025-10-15/scope-results-2025-10-15-0122.csv,3.6024772093661025e-06,1.792006266725462e-06,395,396,,,50,2.0,0.0
1714,BNL,"12, 16",Electrons 85V,3.0,,,50.0,/Users/rkfuentes/Documents/md_anderson_analysis/yepes_code/2025-10-15/scope-results-2025-10-15-0123.csv,3.6590581469421978e-06,3.5655152260098943e-10,386,10,,,50,1.0,0.0
1715,BNL,"12, 16",Electrons 85V,3.0,,,50.0,/Users/rkfuentes/Documents/md_anderson_analysis/yepes_code/2025-10-15/scope-results-2025-10-15-0124.csv,2.940508445216429e-09,1.9119296449114107e-06,11,366,,,50,0.0,1.0
1716,BNL,"12, 16",Electrons 85V,3.0,,,50.0,/Users/rkfuentes/Documents/md_anderson_analysis/yepes_code/2025-10-15/scope-results-2025-10-15-0125.csv,3.666976235431867e-06,1.99239243007118e-06,389,422,,,50,1.0,1.0
1717,BNL,"12, 16",Electrons 85V,3.0,,,50.0,/Users/rkfuentes/Documents/md_anderson_analysis/yepes_code/2025-10-15/scope-results-2025-10-15-0160.csv,4.210877218507926e-06,3.2875143517508625e-06,457,344,,,100,3.0,2.0
1718,BNL,"12, 16",Electrons 85V,3.0,,,50.0,/Users/rkfuentes/Documents/md_anderson_analysis/yepes_code/2025-10-15/scope-results-2025-10-15-0161.csv,4.23854562165208e-06,3.2766741880279075e-06,454,349,,,100,3.0,3.0
1719,BNL,"12, 16",Electrons 85V,3.0,,,40.0,/Users/rkfuentes/Documents/md_anderson_analysis/yepes_code/2025-10-15/scope-results-2025-10-15-0199.csv,1.264195754714621e-06,9.050582222188611e-12,420,27,,,20,0.0,0.0
1720,BNL,"12, 16",Electrons 85V,3.0,,,40.0,/Users/rkfuentes/Documents/md_anderson_analysis/yepes_code/2025-10-15/scope-results-2025-10-15-0264.csv,4.037525295121633e-06,8.374819003626983e-10,434,6,,,50,3.0,0.0
1721,BNL,"12, 16",Electrons 85V,3.0,,,40.0,/Users/rkfuentes/Documents/md_anderson_analysis/yepes_code/2025-10-15/scope-results-2025-10-15-0336.csv,4.255066720670709e-06,3.7837569875922586e-06,526,437,,,100,0.0,3.0
1722,BNL,"12, 16",Electrons 85V,3.0,,,40.0,/Users/rkfuentes/Documents/md_anderson_analysis/yepes_code/2025-10-15/scope-results-2025-10-15-0337.csv,4.13630390585704e-06,3.7877261595614192e-06,523,476,,,100,4.0,3.0
1723,BNL,"12, 16",Electrons 85V,3.0,,,40.0,/Users/rkfuentes/Documents/md_anderson_analysis/yepes_code/2025-10-15/scope-results-2025-10-15-0338.csv,4.266028907606486e-06,3.683235638070375e-06,477,482,,,100,4.0,3.0
1724,BNL,"12, 16",Electrons 85V,3.0,,,40.0,/Users/rkfuentes/Documents/md_anderson_analysis/yepes_code/2025-10-15/scope-results-2025-10-15-0339.csv,4.152357599738736e-06,3.782430584492637e-06,518,464,,,100,5.0,3.0
1725,BNL,"12, 16",Electrons 85V,3.0,,,40.0,/Users/rkfuentes/Documents/md_anderson_analysis/yepes_code/2025-10-15/scope-results-2025-10-15-0340.csv,4.095455651881415e-06,3.7908986808250807e-06,485,450,,,100,0.0,3.0
1726,BNL,"12, 16",Electrons 85V,3.0,,,30.0,/Users/rkfuentes/Documents/md_anderson_analysis/yepes_code/2025-10-15/scope-results-2025-10-15-0634.csv,8.931760345979313e-12,2.2188860652543286e-10,20,31,,,7,0.0,0.0
1727,BNL,"12, 16",Electrons 85V,3.0,,,30.0,/Users/rkfuentes/Documents/md_anderson_analysis/yepes_code/2025-10-15/scope-results-2025-10-15-0704.csv,3.0250602503971103e-06,3.809156717176872e-06,268,388,,,20,0.0,1.0
1728,BNL,"12, 16",Electrons 85V,3.0,,,30.0,/Users/rkfuentes/Documents/md_anderson_analysis/yepes_code/2025-10-15/scope-results-2025-10-15-0705.csv,2.9878274356476394e-06,3.993800717112114e-06,217,357,,,20,0.0,1.0
1729,BNL,"12, 16",Electrons 85V,3.0,,,30.0,/Users/rkfuentes/Documents/md_anderson_analysis/yepes_code/2025-10-15/scope-results-2025-10-15-0706.csv,3.246459672081573e-06,3.8580059503057585e-06,243,384,,,20,0.0,1.0
1730,BNL,"12, 16",Electrons 85V,3.0,,,30.0,/Users/rkfuentes/Documents/md_anderson_analysis/yepes_code/2025-10-15/scope-results-2025-10-15-0707.csv,3.3208326607968936e-06,3.898854924904313e-06,268,358,,,20,0.0,1.0
1731,BNL,"12, 16",Electrons 85V,3.0,,,30.0,/Users/rkfuentes/Documents/md_anderson_analysis/yepes_code/2025-10-15/scope-results-2025-10-15-0708.csv,3.23145441276256e-06,3.950779779915929e-06,235,386,,,20,0.0,1.0
1732,BNL,"12, 16",Electrons 85V,3.0,,,30.0,/Users/rkfuentes/Documents/md_anderson_analysis/yepes_code/2025-10-15/scope-results-2025-10-15-0709.csv,3.2953636566332708e-06,4.015109092299042e-06,275,365,,,20,0.0,1.0
1733,BNL,"12, 16",Electrons 85V,3.0,,,30.0,/Users/rkfuentes/Documents/md_anderson_analysis/yepes_code/2025-10-15/scope-results-2025-10-15-0710.csv,3.440070355855331e-06,1.03787844438948e-10,226,27,,,20,0.0,0.0
1734,BNL,"12, 16",Electrons 85V,3.0,,,30.0,/Users/rkfuentes/Documents/md_anderson_analysis/yepes_code/2025-10-15/scope-results-2025-10-15-0711.csv,3.50240872217227e-06,2.589237573516988e-10,237,23,,,20,0.0,0.0
1735,BNL,"12, 16",Electrons 85V,3.0,,,30.0,/Users/rkfuentes/Documents/md_anderson_analysis/yepes_code/2025-10-15/scope-results-2025-10-15-0712.csv,3.528132113498987e-06,4.010388141343621e-06,223,362,,,20,0.0,1.0
1736,BNL,"12, 16",Electrons 85V,3.0,,,30.0,/Users/rkfuentes/Documents/md_anderson_analysis/yepes_code/2025-10-15/scope-results-2025-10-15-0713.csv,3.5768583739784976e-06,4.11730955074542e-06,247,352,,,20,0.0,1.0
1737,BNL,"12, 16",Electrons 85V,3.0,,,30.0,/Users/rkfuentes/Documents/md_anderson_analysis/yepes_code/2025-10-15/scope-results-2025-10-15-0714.csv,3.549706549814474e-06,4.155728915258164e-06,217,372,,,20,0.0,1.0
1738,BNL,"12, 16",Electrons 85V,3.0,,,30.0,/Users/rkfuentes/Documents/md_anderson_analysis/yepes_code/2025-10-15/scope-results-2025-10-15-0715.csv,3.59905074635768e-06,3.965789964454375e-06,247,360,,,20,0.0,0.0
1739,BNL,"12, 16",Electrons 85V,3.0,,,30.0,/Users/rkfuentes/Documents/md_anderson_analysis/yepes_code/2025-10-15/scope-results-2025-10-15-0716.csv,3.6097780525726817e-06,4.099120184124686e-06,222,373,,,20,0.0,1.0
1740,BNL,"12, 16",Electrons 85V,3.0,,,30.0,/Users/rkfuentes/Documents/md_anderson_analysis/yepes_code/2025-10-15/scope-results-2025-10-15-0717.csv,3.7182074069577793e-06,4.005259351101129e-06,281,368,,,20,0.0,1.0
1741,BNL,"12, 16",Electrons 85V,3.0,,,30.0,/Users/rkfuentes/Documents/md_anderson_analysis/yepes_code/2025-10-15/scope-results-2025-10-15-0718.csv,3.753014359999224e-06,4.0047013650950275e-06,210,364,,,20,0.0,1.0
1742,BNL,"12, 16",Electrons 85V,3.0,,,30.0,/Users/rkfuentes/Documents/md_anderson_analysis/yepes_code/2025-10-15/scope-results-2025-10-15-0719.csv,3.778119564058208e-06,4.088885685990945e-06,222,383,,,20,0.0,1.0
1743,BNL,"12, 16",Electrons 85V,3.0,,,30.0,/Users/rkfuentes/Documents/md_anderson_analysis/yepes_code/2025-10-15/scope-results-2025-10-15-0720.csv,3.760327016024003e-06,4.1471622074857485e-06,186,383,,,20,0.0,1.0
1744,BNL,"12, 16",Electrons 85V,3.0,,,20.0,/Users/rkfuentes/Documents/md_anderson_analysis/yepes_code/2025-10-15/scope-results-2025-10-15-0776.csv,3.153654182015519e-06,7.862688021617362e-10,219,12,,,7,0.0,0.0
1745,BNL,"12, 16",Electrons 85V,3.0,,,20.0,/Users/rkfuentes/Documents/md_anderson_analysis/yepes_code/2025-10-15/scope-results-2025-10-15-0777.csv,2.986957850021765e-06,1.649165419307276e-06,210,199,,,7,0.0,0.0
1746,BNL,"12, 16",Electrons 85V,3.0,,,20.0,/Users/rkfuentes/Documents/md_anderson_analysis/yepes_code/2025-10-15/scope-results-2025-10-15-0778.csv,3.1112240906611125e-06,1.5777029586494395e-06,238,207,,,7,0.0,0.0
1747,BNL,"12, 16",Electrons 85V,3.0,,,20.0,/Users/rkfuentes/Documents/md_anderson_analysis/yepes_code/2025-10-15/scope-results-2025-10-15-0779.csv,3.1826912488783834e-06,1.3730180740916548e-06,214,198,,,7,0.0,0.0
1748,BNL,"12, 16",Electrons 85V,3.0,,,20.0,/Users/rkfuentes/Documents/md_anderson_analysis/yepes_code/2025-10-15/scope-results-2025-10-15-0780.csv,3.0144595549016133e-06,1.6472205121974232e-06,247,209,,,7,0.0,0.0
1749,BNL,"12, 16",Electrons 85V,3.0,,,20.0,/Users/rkfuentes/Documents/md_anderson_analysis/yepes_code/2025-10-15/scope-results-2025-10-15-0781.csv,3.075743876396404e-06,1.744045993747871e-06,213,194,,,7,0.0,0.0
1750,BNL,"12, 16",Electrons 85V,3.0,,,20.0,/Users/rkfuentes/Documents/md_anderson_analysis/yepes_code/2025-10-15/scope-results-2025-10-15-0782.csv,3.422111714762348e-06,1.0156026525518672e-10,213,7,,,7,1.0,0.0
1751,BNL,"12, 16",Electrons 85V,3.0,,,20.0,/Users/rkfuentes/Documents/md_anderson_analysis/yepes_code/2025-10-15/scope-results-2025-10-15-0783.csv,3.27139181419974e-06,1.7245010250019462e-06,234,217,,,7,0.0,0.0
1752,BNL,"12, 16",Electrons 85V,3.0,,,20.0,/Users/rkfuentes/Documents/md_anderson_analysis/yepes_code/2025-10-15/scope-results-2025-10-15-0784.csv,3.10782402474641e-06,1.535622630431282e-06,238,188,,,7,0.0,0.0
1753,BNL,"12, 16",Electrons 85V,3.0,,,20.0,/Users/rkfuentes/Documents/md_anderson_analysis/yepes_code/2025-10-15/scope-results-2025-10-15-0785.csv,3.043183778261002e-06,1.6357303642835965e-06,224,198,,,7,0.0,0.0
1754,BNL,"12, 16",Electrons 85V,3.0,,,20.0,/Users/rkfuentes/Documents/md_anderson_analysis/yepes_code/2025-10-15/scope-results-2025-10-15-0786.csv,3.61936737539244e-06,1.6678777554708955e-06,223,218,,,7,1.0,0.0
1755,BNL,"12, 16",Electrons 85V,3.0,,,20.0,/Users/rkfuentes/Documents/md_anderson_analysis/yepes_code/2025-10-15/scope-results-2025-10-15-0787.csv,3.2021076511395175e-06,1.5324891435315588e-06,222,197,,,7,0.0,0.0
1756,BNL,"12, 16",Electrons 85V,3.0,,,20.0,/Users/rkfuentes/Documents/md_anderson_analysis/yepes_code/2025-10-15/scope-results-2025-10-15-0788.csv,3.229098943373541e-06,1.6351307949039554e-06,221,193,,,7,0.0,0.0
1757,BNL,"12, 16",Electrons 85V,3.0,,,20.0,/Users/rkfuentes/Documents/md_anderson_analysis/yepes_code/2025-10-15/scope-results-2025-10-15-0789.csv,3.2396656980530534e-06,1.808785120085666e-06,236,228,,,7,0.0,0.0
1758,BNL,"12, 16",Electrons 85V,3.0,,,20.0,/Users/rkfuentes/Documents/md_anderson_analysis/yepes_code/2025-10-15/scope-results-2025-10-15-0790.csv,3.6345802926640615e-06,1.6724062887211395e-06,201,201,,,7,1.0,0.0
1759,BNL,"12, 16",Electrons 85V,3.0,,,20.0,/Users/rkfuentes/Documents/md_anderson_analysis/yepes_code/2025-10-15/scope-results-2025-10-15-0791.csv,3.3807953941406146e-06,1.523580873573003e-06,232,200,,,7,0.0,0.0
1760,BNL,"12, 16",Electrons 85V,3.0,,,20.0,/Users/rkfuentes/Documents/md_anderson_analysis/yepes_code/2025-10-15/scope-results-2025-10-15-0792.csv,3.639688220965304e-06,1.4758859833158546e-06,207,215,,,7,1.0,0.0
1761,BNL,"12, 16",Electrons 85V,3.0,,,20.0,/Users/rkfuentes/Documents/md_anderson_analysis/yepes_code/2025-10-15/scope-results-2025-10-15-0793.csv,3.275975521353994e-06,1.734984199435682e-06,240,204,,,7,0.0,0.0
1762,BNL,"12, 16",Electrons 85V,3.0,,,20.0,/Users/rkfuentes/Documents/md_anderson_analysis/yepes_code/2025-10-15/scope-results-2025-10-15-0848.csv,4.229167381387219e-06,2.092429802374038e-06,240,317,,,20,2.0,1.0
1763,BNL,"12, 16",Electrons 85V,3.0,,,20.0,/Users/rkfuentes/Documents/md_anderson_analysis/yepes_code/2025-10-15/scope-results-2025-10-15-0849.csv,4.208649808418427e-06,2.166904644064811e-06,226,294,,,20,2.0,1.0
1764,BNL,"12, 16",Electrons 85V,3.0,,,20.0,/Users/rkfuentes/Documents/md_anderson_analysis/yepes_code/2025-10-15/scope-results-2025-10-15-0850.csv,4.164172924903522e-06,2.2596408087480446e-06,231,317,,,20,2.0,1.0
1765,BNL,"12, 16",Electrons 85V,3.0,,,20.0,/Users/rkfuentes/Documents/md_anderson_analysis/yepes_code/2025-10-15/scope-results-2025-10-15-0851.csv,4.237361822547006e-06,2.2113388480454427e-06,236,310,,,20,2.0,1.0
1766,BNL,"12, 16",Electrons 85V,3.0,,,20.0,/Users/rkfuentes/Documents/md_anderson_analysis/yepes_code/2025-10-15/scope-results-2025-10-15-0852.csv,4.197899857568014e-06,2.113911799954477e-06,239,295,,,20,2.0,1.0
1767,BNL,"12, 16",Electrons 85V,3.0,,,20.0,/Users/rkfuentes/Documents/md_anderson_analysis/yepes_code/2025-10-15/scope-results-2025-10-15-0853.csv,4.2675485529137454e-06,2.024518543566904e-06,248,311,,,20,2.0,1.0
1768,BNL,"12, 16",Electrons 85V,3.0,,,20.0,/Users/rkfuentes/Documents/md_anderson_analysis/yepes_code/2025-10-15/scope-results-2025-10-15-0854.csv,4.272559408227822e-06,2.087514558255841e-06,227,304,,,20,2.0,1.0
1769,BNL,"12, 16",Electrons 85V,3.0,,,20.0,/Users/rkfuentes/Documents/md_anderson_analysis/yepes_code/2025-10-15/scope-results-2025-10-15-0855.csv,4.178129025172059e-06,2.1214099467973896e-06,234,302,,,20,2.0,1.0
1770,BNL,"12, 16",Electrons 85V,3.0,,,20.0,/Users/rkfuentes/Documents/md_anderson_analysis/yepes_code/2025-10-15/scope-results-2025-10-15-0856.csv,4.225964212550445e-06,2.2048076406660697e-06,270,315,,,20,2.0,1.0
1771,BNL,"12, 16",Electrons 85V,3.0,,,20.0,/Users/rkfuentes/Documents/md_anderson_analysis/yepes_code/2025-10-15/scope-results-2025-10-15-0857.csv,4.141320201703397e-06,2.1623732285426687e-06,211,297,,,20,2.0,1.0
1772,BNL,"12, 16",Electrons 85V,3.0,,,20.0,/Users/rkfuentes/Documents/md_anderson_analysis/yepes_code/2025-10-15/scope-results-2025-10-15-0858.csv,4.143927848272408e-06,2.4264695748866287e-06,232,315,,,20,2.0,1.0
1773,BNL,"12, 16",Electrons 85V,3.0,,,20.0,/Users/rkfuentes/Documents/md_anderson_analysis/yepes_code/2025-10-15/scope-results-2025-10-15-0859.csv,4.1495493212350825e-06,2.382057129482703e-06,237,313,,,20,2.0,1.0
1774,BNL,"12, 16",Electrons 85V,3.0,,,20.0,/Users/rkfuentes/Documents/md_anderson_analysis/yepes_code/2025-10-15/scope-results-2025-10-15-0860.csv,4.261661993807628e-06,2.217218822593849e-06,245,310,,,20,2.0,1.0
1775,BNL,"12, 16",Electrons 85V,3.0,,,20.0,/Users/rkfuentes/Documents/md_anderson_analysis/yepes_code/2025-10-15/scope-results-2025-10-15-0861.csv,4.252726743038024e-06,2.4477425788463883e-06,245,310,,,20,2.0,1.0
1776,BNL,"12, 16",Electrons 85V,3.0,,,20.0,/Users/rkfuentes/Documents/md_anderson_analysis/yepes_code/2025-10-15/scope-results-2025-10-15-0862.csv,4.104017032749434e-06,2.569323336929108e-06,245,313,,,20,2.0,1.0
1777,BNL,"12, 16",Electrons 85V,3.0,,,20.0,/Users/rkfuentes/Documents/md_anderson_analysis/yepes_code/2025-10-15/scope-results-2025-10-15-0863.csv,4.178539960691752e-06,2.41187173506179e-06,232,317,,,20,2.0,1.0
1778,BNL,"12, 16",Electrons 85V,3.0,,,20.0,/Users/rkfuentes/Documents/md_anderson_analysis/yepes_code/2025-10-15/scope-results-2025-10-15-0864.csv,4.726783148365891e-06,2.285026825310566e-06,236,312,,,20,3.0,1.0
1779,BNL,"12, 16",Electrons 85V,3.0,,,20.0,/Users/rkfuentes/Documents/md_anderson_analysis/yepes_code/2025-10-15/scope-results-2025-10-15-0919.csv,6.42554295846986e-10,1.158811328793546e-08,34,14,,,0,0.0,0.0
1780,BNL,"12, 16",Electrons 85V,3.0,,,20.0,/Users/rkfuentes/Documents/md_anderson_analysis/yepes_code/2025-10-15/scope-results-2025-10-15-0920.csv,6.603684104551571e-10,1.3785753369780506e-08,24,16,,,0,0.0,0.0
1781,BNL,"12, 16",Electrons 85V,3.0,,,20.0,/Users/rkfuentes/Documents/md_anderson_analysis/yepes_code/2025-10-15/scope-results-2025-10-15-0921.csv,6.373263306523218e-10,9.900961912248961e-08,32,40,,,0,0.0,0.0
1782,BNL,"12, 16",Electrons 85V,3.0,,,20.0,/Users/rkfuentes/Documents/md_anderson_analysis/yepes_code/2025-10-15/scope-results-2025-10-15-0922.csv,2.898326832189673e-06,1.3028909979492712e-08,270,15,,,0,0.0,0.0
1783,BNL,"12, 16",Electrons 85V,3.0,,,20.0,/Users/rkfuentes/Documents/md_anderson_analysis/yepes_code/2025-10-15/scope-results-2025-10-15-0923.csv,5.224425691976323e-10,1.3229504512769152e-08,27,14,,,0,0.0,0.0
1784,BNL,"12, 16",Electrons 85V,3.0,,,20.0,/Users/rkfuentes/Documents/md_anderson_analysis/yepes_code/2025-10-15/scope-results-2025-10-15-0924.csv,2.405958888152075e-06,1.0015658194941356e-08,266,13,,,0,0.0,0.0
1785,BNL,"12, 16",Electrons 85V,3.0,,,20.0,/Users/rkfuentes/Documents/md_anderson_analysis/yepes_code/2025-10-15/scope-results-2025-10-15-0925.csv,2.9077632172227843e-06,1.7506867647254234e-08,295,14,,,0,0.0,0.0
1786,BNL,"12, 16",Electrons 85V,3.0,,,20.0,/Users/rkfuentes/Documents/md_anderson_analysis/yepes_code/2025-10-15/scope-results-2025-10-15-0926.csv,2.6832143691902545e-06,1.2243658891858858e-08,276,19,,,0,0.0,0.0
1787,BNL,"12, 16",Electrons 85V,3.0,,,20.0,/Users/rkfuentes/Documents/md_anderson_analysis/yepes_code/2025-10-15/scope-results-2025-10-15-0927.csv,1.0437004891044167e-09,8.693127297930961e-09,28,13,,,0,0.0,0.0
1788,BNL,"12, 16",Electrons 85V,3.0,,,20.0,/Users/rkfuentes/Documents/md_anderson_analysis/yepes_code/2025-10-15/scope-results-2025-10-15-0928.csv,4.3122134840028967e-10,1.3341345016421212e-08,27,16,,,0,0.0,0.0
1789,BNL,"12, 16",Electrons 85V,3.0,,,20.0,/Users/rkfuentes/Documents/md_anderson_analysis/yepes_code/2025-10-15/scope-results-2025-10-15-0929.csv,2.6656493145313915e-06,1.4086145812066772e-08,267,15,,,0,0.0,0.0
1790,BNL,"12, 16",Electrons 85V,3.0,,,20.0,/Users/rkfuentes/Documents/md_anderson_analysis/yepes_code/2025-10-15/scope-results-2025-10-15-0930.csv,2.7889550163005787e-06,1.2361285854250726e-08,317,12,,,0,0.0,0.0
1791,BNL,"12, 16",Electrons 85V,3.0,,,20.0,/Users/rkfuentes/Documents/md_anderson_analysis/yepes_code/2025-10-15/scope-results-2025-10-15-0931.csv,2.6715527024708132e-06,1.011452195905084e-08,285,14,,,0,0.0,0.0
1792,BNL,"12, 16",Electrons 85V,3.0,,,20.0,/Users/rkfuentes/Documents/md_anderson_analysis/yepes_code/2025-10-15/scope-results-2025-10-15-0932.csv,2.4837267840877223e-06,1.3804204759011816e-08,274,14,,,0,0.0,0.0
1793,BNL,"12, 16",Electrons 85V,3.0,,,20.0,/Users/rkfuentes/Documents/md_anderson_analysis/yepes_code/2025-10-15/scope-results-2025-10-15-0933.csv,2.8687443386603743e-06,1.1440952285115988e-08,280,14,,,0,0.0,0.0
1794,BNL,"12, 16",Electrons 85V,3.0,,,20.0,/Users/rkfuentes/Documents/md_anderson_analysis/yepes_code/2025-10-15/scope-results-2025-10-15-0934.csv,2.675223206637801e-06,1.2432177802260449e-08,276,15,,,0,0.0,0.0
1795,BNL,"12, 16",Electrons 85V,3.0,,,20.0,/Users/rkfuentes/Documents/md_anderson_analysis/yepes_code/2025-10-15/scope-results-2025-10-15-0935.csv,1.0607103615495836e-09,1.3198669160184022e-08,28,15,,,0,0.0,0.0
1796,BNL,"12, 16",Electrons 85V,3.0,,,20.0,/Users/rkfuentes/Documents/md_anderson_analysis/yepes_code/2025-10-15/scope-results-2025-10-15-0936.csv,3.3462823192261495e-10,8.425951866387698e-11,29,2,,,0,0.0,0.0
1797,BNL,"12, 16",Electrons 85V,3.0,,,10.0,/Users/rkfuentes/Documents/md_anderson_analysis/yepes_code/2025-10-15/scope-results-2025-10-15-0990.csv,3.8075164997927714e-06,1.450219095792477e-07,272,54,,,0,0.0,0.0
1798,BNL,"12, 16",Electrons 85V,3.0,,,10.0,/Users/rkfuentes/Documents/md_anderson_analysis/yepes_code/2025-10-15/scope-results-2025-10-15-0991.csv,3.69505011676713e-06,1.3270218125232152e-07,303,52,,,0,0.0,0.0
1799,BNL,"12, 16",Electrons 85V,3.0,,,10.0,/Users/rkfuentes/Documents/md_anderson_analysis/yepes_code/2025-10-15/scope-results-2025-10-15-0992.csv,3.723848599641294e-06,1.347131525180383e-07,302,48,,,0,0.0,0.0
1800,BNL,"12, 16",Electrons 85V,3.0,,,10.0,/Users/rkfuentes/Documents/md_anderson_analysis/yepes_code/2025-10-15/scope-results-2025-10-15-0993.csv,1.231675764262587e-09,1.2779650450837294e-07,29,48,,,0,0.0,0.0
1801,BNL,"12, 16",Electrons 85V,3.0,,,10.0,/Users/rkfuentes/Documents/md_anderson_analysis/yepes_code/2025-10-15/scope-results-2025-10-15-0994.csv,3.865827267113501e-06,1.5418255848574066e-07,314,55,,,0,0.0,0.0
1802,BNL,"12, 16",Electrons 85V,3.0,,,10.0,/Users/rkfuentes/Documents/md_anderson_analysis/yepes_code/2025-10-15/scope-results-2025-10-15-0995.csv,3.839879690154983e-06,1.3507009172310998e-07,313,46,,,0,0.0,0.0
1803,BNL,"12, 16",Electrons 85V,3.0,,,10.0,/Users/rkfuentes/Documents/md_anderson_analysis/yepes_code/2025-10-15/scope-results-2025-10-15-0996.csv,3.939530513414271e-06,1.5662464237597528e-07,289,53,,,0,0.0,0.0
1804,BNL,"12, 16",Electrons 85V,3.0,,,10.0,/Users/rkfuentes/Documents/md_anderson_analysis/yepes_code/2025-10-15/scope-results-2025-10-15-0997.csv,3.8065976501597647e-06,8.087745688123937e-08,321,35,,,0,0.0,0.0
1805,BNL,"12, 16",Electrons 85V,3.0,,,10.0,/Users/rkfuentes/Documents/md_anderson_analysis/yepes_code/2025-10-15/scope-results-2025-10-15-0998.csv,3.7644278799604938e-06,1.56385675918068e-07,322,48,,,0,0.0,0.0
1806,BNL,"12, 16",Electrons 85V,3.0,,,10.0,/Users/rkfuentes/Documents/md_anderson_analysis/yepes_code/2025-10-15/scope-results-2025-10-15-0999.csv,3.852054832143253e-06,1.4499413766937213e-07,345,57,,,0,0.0,0.0
1807,BNL,"12, 16",Electrons 85V,3.0,,,10.0,/Users/rkfuentes/Documents/md_anderson_analysis/yepes_code/2025-10-15/scope-results-2025-10-15-1000.csv,3.769689563110646e-06,9.863985359127117e-08,281,46,,,0,0.0,0.0
1808,BNL,"12, 16",Electrons 85V,3.0,,,10.0,/Users/rkfuentes/Documents/md_anderson_analysis/yepes_code/2025-10-15/scope-results-2025-10-15-1001.csv,3.7438427521023937e-06,8.528572982719813e-08,322,35,,,0,0.0,0.0
1809,BNL,"12, 16",Electrons 85V,3.0,,,10.0,/Users/rkfuentes/Documents/md_anderson_analysis/yepes_code/2025-10-15/scope-results-2025-10-15-1002.csv,3.6623613827753182e-06,1.4455954837422002e-07,310,47,,,0,0.0,0.0
1810,BNL,"12, 16",Electrons 85V,3.0,,,10.0,/Users/rkfuentes/Documents/md_anderson_analysis/yepes_code/2025-10-15/scope-results-2025-10-15-1003.csv,3.711497772432979e-06,1.4352616947967996e-07,307,56,,,0,0.0,0.0
1811,BNL,"12, 16",Electrons 85V,3.0,,,10.0,/Users/rkfuentes/Documents/md_anderson_analysis/yepes_code/2025-10-15/scope-results-2025-10-15-1004.csv,1.2160100080270475e-09,1.446592274531876e-07,30,52,,,0,0.0,0.0
1812,BNL,"12, 16",Electrons 85V,3.0,,,10.0,/Users/rkfuentes/Documents/md_anderson_analysis/yepes_code/2025-10-15/scope-results-2025-10-15-1005.csv,3.295802949529368e-06,1.3835926490050813e-07,300,50,,,0,0.0,0.0
1813,BNL,"12, 16",Electrons 85V,3.0,,,10.0,/Users/rkfuentes/Documents/md_anderson_analysis/yepes_code/2025-10-15/scope-results-2025-10-15-1006.csv,3.251473461075228e-06,1.0932646050149905e-07,296,47,,,0,0.0,0.0
1814,BNL,"12, 16",Electrons 85V,3.0,,,10.0,/Users/rkfuentes/Documents/md_anderson_analysis/yepes_code/2025-10-15/scope-results-2025-10-15-1061.csv,4.257319263293439e-06,4.086768045942969e-06,235,346,,,7,1.0,1.0
1815,BNL,"12, 16",Electrons 85V,3.0,,,10.0,/Users/rkfuentes/Documents/md_anderson_analysis/yepes_code/2025-10-15/scope-results-2025-10-15-1062.csv,4.166283782133998e-06,7.459084968802005e-08,248,35,,,7,1.0,0.0
1816,BNL,"12, 16",Electrons 85V,3.0,,,10.0,/Users/rkfuentes/Documents/md_anderson_analysis/yepes_code/2025-10-15/scope-results-2025-10-15-1063.csv,4.213212140575102e-06,4.044486098009411e-06,220,345,,,7,1.0,1.0
1817,BNL,"12, 16",Electrons 85V,3.0,,,10.0,/Users/rkfuentes/Documents/md_anderson_analysis/yepes_code/2025-10-15/scope-results-2025-10-15-1064.csv,4.1935031720698606e-06,4.019793888960074e-06,217,350,,,7,1.0,1.0
1818,BNL,"12, 16",Electrons 85V,3.0,,,10.0,/Users/rkfuentes/Documents/md_anderson_analysis/yepes_code/2025-10-15/scope-results-2025-10-15-1065.csv,4.185385060997157e-06,8.364813828793165e-08,220,33,,,7,1.0,0.0
1819,BNL,"12, 16",Electrons 85V,3.0,,,10.0,/Users/rkfuentes/Documents/md_anderson_analysis/yepes_code/2025-10-15/scope-results-2025-10-15-1066.csv,4.2029916162418545e-06,4.021751381729213e-06,225,346,,,7,2.0,1.0
1820,BNL,"12, 16",Electrons 85V,3.0,,,10.0,/Users/rkfuentes/Documents/md_anderson_analysis/yepes_code/2025-10-15/scope-results-2025-10-15-1067.csv,4.212561163818788e-06,3.8029655502585534e-06,210,348,,,7,2.0,1.0
1821,BNL,"12, 16",Electrons 85V,3.0,,,10.0,/Users/rkfuentes/Documents/md_anderson_analysis/yepes_code/2025-10-15/scope-results-2025-10-15-1068.csv,4.1956001371448546e-06,4.014335711459942e-06,204,343,,,7,2.0,1.0
1822,BNL,"12, 16",Electrons 85V,3.0,,,10.0,/Users/rkfuentes/Documents/md_anderson_analysis/yepes_code/2025-10-15/scope-results-2025-10-15-1069.csv,4.201590747468815e-06,1.159076136826534e-07,221,42,,,7,1.0,0.0
1823,BNL,"12, 16",Electrons 85V,3.0,,,10.0,/Users/rkfuentes/Documents/md_anderson_analysis/yepes_code/2025-10-15/scope-results-2025-10-15-1070.csv,4.152439781219596e-06,4.0566902215157165e-06,223,340,,,7,2.0,1.0
1824,BNL,"12, 16",Electrons 85V,3.0,,,10.0,/Users/rkfuentes/Documents/md_anderson_analysis/yepes_code/2025-10-15/scope-results-2025-10-15-1071.csv,4.147684747067722e-06,4.0409164598008055e-06,215,352,,,7,1.0,1.0
1825,BNL,"12, 16",Electrons 85V,3.0,,,10.0,/Users/rkfuentes/Documents/md_anderson_analysis/yepes_code/2025-10-15/scope-results-2025-10-15-1072.csv,4.063021579768802e-06,4.03942928738796e-06,234,350,,,7,1.0,1.0
1826,BNL,"12, 16",Electrons 85V,3.0,,,10.0,/Users/rkfuentes/Documents/md_anderson_analysis/yepes_code/2025-10-15/scope-results-2025-10-15-1073.csv,4.153287626110021e-06,1.1398040280686493e-07,215,43,,,7,1.0,0.0
1827,BNL,"12, 16",Electrons 85V,3.0,,,10.0,/Users/rkfuentes/Documents/md_anderson_analysis/yepes_code/2025-10-15/scope-results-2025-10-15-1074.csv,4.175244340409911e-06,8.40804191233823e-08,221,34,,,7,1.0,0.0
1828,BNL,"12, 16",Electrons 85V,3.0,,,10.0,/Users/rkfuentes/Documents/md_anderson_analysis/yepes_code/2025-10-15/scope-results-2025-10-15-1075.csv,4.1398310838766545e-06,8.021659436277921e-08,210,33,,,7,1.0,0.0
1829,BNL,"12, 16",Electrons 85V,3.0,,,10.0,/Users/rkfuentes/Documents/md_anderson_analysis/yepes_code/2025-10-15/scope-results-2025-10-15-1076.csv,4.197416644608565e-06,4.029860660805877e-06,223,342,,,7,2.0,1.0
1830,BNL,"12, 16",Electrons 85V,3.0,,,10.0,/Users/rkfuentes/Documents/md_anderson_analysis/yepes_code/2025-10-15/scope-results-2025-10-15-1077.csv,4.1455419519010395e-06,4.012139161370195e-06,231,341,,,7,1.0,1.0
1831,BNL,"12, 16",Electrons 85V,3.0,,,10.0,/Users/rkfuentes/Documents/md_anderson_analysis/yepes_code/2025-10-15/scope-results-2025-10-15-1078.csv,4.189734060545982e-06,4.033994979507084e-06,207,347,,,7,2.0,1.0
1832,BNL,"12, 16",Electrons 85V,3.0,,,10.0,/Users/rkfuentes/Documents/md_anderson_analysis/yepes_code/2025-10-15/scope-results-2025-10-15-1132.csv,4.756835606920146e-06,4.582897886859827e-06,243,359,,,20,3.0,2.0
1833,BNL,"12, 16",Electrons 85V,3.0,,,10.0,/Users/rkfuentes/Documents/md_anderson_analysis/yepes_code/2025-10-15/scope-results-2025-10-15-1133.csv,4.697667494626394e-06,1.26780410528546e-07,242,37,,,20,3.0,0.0
1834,BNL,"12, 16",Electrons 85V,3.0,,,10.0,/Users/rkfuentes/Documents/md_anderson_analysis/yepes_code/2025-10-15/scope-results-2025-10-15-1134.csv,4.6572519129249984e-06,1.3557856353564876e-07,236,37,,,20,3.0,0.0
1835,BNL,"12, 16",Electrons 85V,3.0,,,10.0,/Users/rkfuentes/Documents/md_anderson_analysis/yepes_code/2025-10-15/scope-results-2025-10-15-1135.csv,4.683453365152694e-06,1.3895338179694396e-07,231,38,,,20,3.0,0.0
1836,BNL,"12, 16",Electrons 85V,3.0,,,10.0,/Users/rkfuentes/Documents/md_anderson_analysis/yepes_code/2025-10-15/scope-results-2025-10-15-1136.csv,4.686396822445887e-06,1.373399106855038e-07,233,37,,,20,3.0,0.0
1837,BNL,"12, 16",Electrons 85V,3.0,,,10.0,/Users/rkfuentes/Documents/md_anderson_analysis/yepes_code/2025-10-15/scope-results-2025-10-15-1137.csv,4.685965549800136e-06,1.4395018297495272e-07,256,42,,,20,3.0,0.0
1838,BNL,"12, 16",Electrons 85V,3.0,,,10.0,/Users/rkfuentes/Documents/md_anderson_analysis/yepes_code/2025-10-15/scope-results-2025-10-15-1138.csv,4.6376180732523846e-06,1.4000441683943801e-07,242,38,,,20,3.0,0.0
1839,BNL,"12, 16",Electrons 85V,3.0,,,10.0,/Users/rkfuentes/Documents/md_anderson_analysis/yepes_code/2025-10-15/scope-results-2025-10-15-1139.csv,4.675094722750167e-06,1.3718251775425736e-07,238,38,,,20,3.0,0.0
1840,BNL,"12, 16",Electrons 85V,3.0,,,10.0,/Users/rkfuentes/Documents/md_anderson_analysis/yepes_code/2025-10-15/scope-results-2025-10-15-1140.csv,4.694916202559017e-06,1.3357759239804056e-07,242,38,,,20,3.0,0.0
1841,BNL,"12, 16",Electrons 85V,3.0,,,10.0,/Users/rkfuentes/Documents/md_anderson_analysis/yepes_code/2025-10-15/scope-results-2025-10-15-1141.csv,4.631230066666882e-06,1.306577288219517e-07,235,37,,,20,3.0,0.0
1842,BNL,"12, 16",Electrons 85V,3.0,,,10.0,/Users/rkfuentes/Documents/md_anderson_analysis/yepes_code/2025-10-15/scope-results-2025-10-15-1142.csv,4.634569924775156e-06,1.2702523363647897e-07,242,38,,,20,3.0,0.0
1843,BNL,"12, 16",Electrons 85V,3.0,,,10.0,/Users/rkfuentes/Documents/md_anderson_analysis/yepes_code/2025-10-15/scope-results-2025-10-15-1143.csv,4.6937941649391e-06,1.4574108473960616e-07,252,38,,,20,3.0,0.0
1844,BNL,"12, 16",Electrons 85V,3.0,,,10.0,/Users/rkfuentes/Documents/md_anderson_analysis/yepes_code/2025-10-15/scope-results-2025-10-15-1144.csv,4.677046332469603e-06,1.586487569620727e-06,246,188,,,20,3.0,1.0
1845,BNL,"12, 16",Electrons 85V,3.0,,,10.0,/Users/rkfuentes/Documents/md_anderson_analysis/yepes_code/2025-10-15/scope-results-2025-10-15-1145.csv,4.737668719562542e-06,1.8263766409928727e-06,246,191,,,20,4.0,1.0
1846,BNL,"12, 16",Electrons 85V,3.0,,,10.0,/Users/rkfuentes/Documents/md_anderson_analysis/yepes_code/2025-10-15/scope-results-2025-10-15-1146.csv,4.681184602059726e-06,1.5833020052500832e-06,247,187,,,20,4.0,1.0
1847,BNL,"12, 16",Electrons 85V,3.0,,,10.0,/Users/rkfuentes/Documents/md_anderson_analysis/yepes_code/2025-10-15/scope-results-2025-10-15-1147.csv,4.7085544060244675e-06,1.6385367169082557e-06,245,188,,,20,4.0,1.0
1848,BNL,"12, 16",Electrons 85V,3.0,,,10.0,/Users/rkfuentes/Documents/md_anderson_analysis/yepes_code/2025-10-15/scope-results-2025-10-15-1148.csv,4.666511227548666e-06,4.745958106012355e-06,244,354,,,20,4.0,2.0
1849,BNL,"12, 16",Electrons 110V,3.0,,,100.0,/Users/rkfuentes/Documents/md_anderson_analysis/yepes_code/2025-10-15/scope-results-2025-10-15-1157.csv,6.164950579282962e-10,2.978876710556385e-07,27,69,,,0,0.0,0.0
1850,BNL,"12, 16",Electrons 110V,3.0,,,100.0,/Users/rkfuentes/Documents/md_anderson_analysis/yepes_code/2025-10-15/scope-results-2025-10-15-1161.csv,2.206053506638714e-06,3.012127058846162e-07,307,69,,,0,0.0,0.0
1851,BNL,"12, 16",Electrons 110V,3.0,,,100.0,/Users/rkfuentes/Documents/md_anderson_analysis/yepes_code/2025-10-15/scope-results-2025-10-15-1165.csv,2.1974283337522585e-06,6.577203035477818e-08,199,38,,,7,0.0,0.0
1852,BNL,"12, 16",Electrons 110V,3.0,,,75.0,/Users/rkfuentes/Documents/md_anderson_analysis/yepes_code/2025-10-15/scope-results-2025-10-15-1170.csv,2.946473639069765e-06,2.5022872963476467e-06,244,211,,,7,0.0,1.0
1853,BNL,"12, 16",Electrons 110V,3.0,,,75.0,/Users/rkfuentes/Documents/md_anderson_analysis/yepes_code/2025-10-15/scope-results-2025-10-15-1174.csv,4.160603768004418e-06,1.8594573237959714e-10,505,19,,,0,0.0,0.0
1854,BNL,"12, 16",Electrons 110V,3.0,,,50.0,/Users/rkfuentes/Documents/md_anderson_analysis/yepes_code/2025-10-15/scope-results-2025-10-15-1178.csv,4.710302226845082e-06,2.4573139509944616e-07,341,77,,,0,0.0,0.0
1855,BNL,"12, 16",Electrons 110V,3.0,,,50.0,/Users/rkfuentes/Documents/md_anderson_analysis/yepes_code/2025-10-15/scope-results-2025-10-15-1182.csv,5.094742495869739e-06,4.346391415422337e-06,253,326,,,7,3.0,2.0
1856,BNL,"12, 16",Electrons 110V,3.0,,,40.0,/Users/rkfuentes/Documents/md_anderson_analysis/yepes_code/2025-10-15/scope-results-2025-10-15-1186.csv,4.289345802251968e-06,2.729312718939996e-07,343,91,,,0,0.0,0.0
1857,BNL,"12, 16",Electrons 110V,3.0,,,30.0,/Users/rkfuentes/Documents/md_anderson_analysis/yepes_code/2025-10-15/scope-results-2025-10-15-1190.csv,4.388349200669136e-06,2.855750924453791e-07,314,78,,,0,0.0,0.0
1858,BNL,"12, 16",Electrons 191V,3.0,,,100.0,/Users/rkfuentes/Documents/md_anderson_analysis/yepes_code/2025-10-15/scope-results-2025-10-15-1196.csv,3.7577215271326944e-06,4.877784124224417e-07,294,88,,,0,0.0,0.0
1859,BNL,"12, 16",Electrons 191V,3.0,,,75.0,/Users/rkfuentes/Documents/md_anderson_analysis/yepes_code/2025-10-15/scope-results-2025-10-15-1202.csv,4.9324159929858e-06,3.222726525476427e-07,362,65,,,0,1.0,0.0
1860,BNL,"12, 16",Electrons 191V,3.0,,,50.0,/Users/rkfuentes/Documents/md_anderson_analysis/yepes_code/2025-10-15/scope-results-2025-10-15-1206.csv,6.770324720640791e-06,1.3365106850537754e-10,366,36,,,0,3.0,0.0
1861,BNL,"12, 16",Electrons 191V,3.0,,,50.0,/Users/rkfuentes/Documents/md_anderson_analysis/yepes_code/2025-10-15/scope-results-2025-10-15-1207.csv,7.411154045702605e-06,5.484082556517637e-06,396,519,,,0,3.0,2.0
1862,BNL,"12, 16",Electrons 110V,3.0,,,125.0,/Users/rkfuentes/Documents/md_anderson_analysis/yepes_code/2025-10-15/scope-results-2025-10-15-1211.csv,5.903828399589177e-10,1.0142442329179121e-07,34,47,,,0,0.0,0.0
1863,BNL,"12, 16",Electrons 110V,3.0,,,125.0,/Users/rkfuentes/Documents/md_anderson_analysis/yepes_code/2025-10-15/scope-results-2025-10-15-1215.csv,7.849065275796043e-10,1.584396525256484e-06,29,385,,,7,0.0,0.0
1864,BNL,"12, 16",Electrons 110V,3.0,,,125.0,/Users/rkfuentes/Documents/md_anderson_analysis/yepes_code/2025-10-15/scope-results-2025-10-15-1219.csv,1.726930064838168e-06,2.6249924705860454e-06,201,368,,,20,0.0,0.0
1865,BNL,"12, 16",Electrons 191V,3.0,,,125.0,/Users/rkfuentes/Documents/md_anderson_analysis/yepes_code/2025-10-15/scope-results-2025-10-15-1223.csv,4.762823383875478e-06,3.5540051909657956e-06,253,281,,,20,4.0,2.0
1866,BNL,"12, 16",Electrons 191V,3.0,,,125.0,/Users/rkfuentes/Documents/md_anderson_analysis/yepes_code/2025-10-15/scope-results-2025-10-15-1227.csv,4.29732576941863e-06,2.749437781968745e-06,248,217,,,7,2.0,0.0
1867,BNL,"12, 16",Electrons 191V,3.0,,,125.0,/Users/rkfuentes/Documents/md_anderson_analysis/yepes_code/2025-10-15/scope-results-2025-10-15-1231.csv,4.891233080003523e-10,9.027128755821448e-11,17,1,,,0,0.0,0.0
1868,BNL,"12, 16",Electrons 110V,3.0,,,150.0,/Users/rkfuentes/Documents/md_anderson_analysis/yepes_code/2025-10-15/scope-results-2025-10-15-1252.csv,1.023358539461138e-06,2.108648405625577e-06,270,417,,,0,0.0,0.0
1869,BNL,"12, 16",Electrons 110V,3.0,,,150.0,/Users/rkfuentes/Documents/md_anderson_analysis/yepes_code/2025-10-15/scope-results-2025-10-15-1256.csv,8.883214728581554e-07,1.9400556415388957e-06,264,364,,,7,0.0,0.0
1870,BNL,"12, 16",Electrons 110V,3.0,,,150.0,/Users/rkfuentes/Documents/md_anderson_analysis/yepes_code/2025-10-15/scope-results-2025-10-15-1260.csv,1.781952898768127e-06,3.0510106214395677e-06,194,366,,,20,0.0,1.0
1871,BNL,"12, 16",Electrons 191V,3.0,,,150.0,/Users/rkfuentes/Documents/md_anderson_analysis/yepes_code/2025-10-15/scope-results-2025-10-15-1268.csv,4.219686679636127e-06,2.258021937004939e-06,260,202,,,7,2.0,0.0
1872,BNL,"12, 16",Electrons 191V,3.0,,,150.0,/Users/rkfuentes/Documents/md_anderson_analysis/yepes_code/2025-10-15/scope-results-2025-10-15-1272.csv,2.9880342370426155e-06,1.216593963294795e-07,297,49,,,0,0.0,0.0
1873,BNL,"12, 16",Electrons 110V,3.0,,,175.0,/Users/rkfuentes/Documents/md_anderson_analysis/yepes_code/2025-10-15/scope-results-2025-10-15-1276.csv,4.424011344840723e-07,5.8141121103067955e-08,264,57,,,0,0.0,0.0
1874,BNL,"12, 16",Electrons 110V,3.0,,,175.0,/Users/rkfuentes/Documents/md_anderson_analysis/yepes_code/2025-10-15/scope-results-2025-10-15-1280.csv,2.577671105248905e-07,7.715383444326148e-07,330,372,,,7,0.0,0.0
1875,BNL,"12, 16",Electrons 110V,3.0,,,175.0,/Users/rkfuentes/Documents/md_anderson_analysis/yepes_code/2025-10-15/scope-results-2025-10-15-1284.csv,5.250049079759629e-07,3.72499854795384e-10,156,8,,,20,0.0,0.0
1876,BNL,"12, 16",Electrons 191V,3.0,,,175.0,/Users/rkfuentes/Documents/md_anderson_analysis/yepes_code/2025-10-15/scope-results-2025-10-15-1288.csv,3.55079109834397e-06,2.7446514110511716e-06,228,317,,,20,2.0,0.0
1877,BNL,"12, 16",Electrons 191V,3.0,,,175.0,/Users/rkfuentes/Documents/md_anderson_analysis/yepes_code/2025-10-15/scope-results-2025-10-15-1292.csv,2.9273300727037244e-06,1.5559763323777823e-06,195,189,,,7,0.0,0.0
1878,BNL,"12, 16",Electrons 191V,3.0,,,175.0,/Users/rkfuentes/Documents/md_anderson_analysis/yepes_code/2025-10-15/scope-results-2025-10-15-1296.csv,1.5208904038818517e-06,3.327502863746177e-08,228,27,,,0,0.0,0.0
1879,BNL,"12, 16",Electrons 110V,3.0,,,200.0,/Users/rkfuentes/Documents/md_anderson_analysis/yepes_code/2025-10-15/scope-results-2025-10-15-1300.csv,5.160791916346527e-07,1.057467836318624e-06,439,464,,,0,0.0,0.0
1880,BNL,"12, 16",Electrons 110V,3.0,,,200.0,/Users/rkfuentes/Documents/md_anderson_analysis/yepes_code/2025-10-15/scope-results-2025-10-15-1304.csv,7.701587975150018e-11,6.106682205016578e-09,26,4,,,7,0.0,0.0
1881,BNL,"12, 16",Electrons 110V,3.0,,,200.0,/Users/rkfuentes/Documents/md_anderson_analysis/yepes_code/2025-10-15/scope-results-2025-10-15-1308.csv,1.359647213265917e-09,6.81807131261978e-11,25,3,,,20,0.0,0.0
1882,BNL,"12, 16",Electrons 191V,3.0,,,200.0,/Users/rkfuentes/Documents/md_anderson_analysis/yepes_code/2025-10-15/scope-results-2025-10-15-1312.csv,3.047230582035273e-06,1.6841608451694662e-06,223,185,,,20,0.0,0.0
1883,BNL,"12, 16",Electrons 191V,3.0,,,200.0,/Users/rkfuentes/Documents/md_anderson_analysis/yepes_code/2025-10-15/scope-results-2025-10-15-1319.csv,5.104946797721043e-10,1.286066688704047e-09,29,6,,,0,0.0,0.0
1884,BNL,"12, 16",Electrons 191V,3.0,,,125.0,/Users/rkfuentes/Documents/md_anderson_analysis/yepes_code/2025-10-15/scope-results-2025-10-15-1231.csv,4.891233080003524e-10,9.027128755821448e-11,17,1,,,0,0.0,0.0
